corte,id_avaluo,numero_finca,provincia,canton,distrito,zona,tipologia,perito_id,perito_activo,nivel_confiabilidad,accion_sugerida,moneda,valor_garantia,saldo,ltv,fecha_valor,dias_antiguedad,saldo_equivalente_crc,reglas_incumplidas,detalle,responsables,prioridad,entra_este_mes
2026-04,AV-2024-000011,1-215558,San José,Tibás,San Juan,GAM_CENTRO,Casa de habitación,PER-007,SI,REVISAR,Verificación documental,CRC,209253000.00,256176360.73,1.2242,2024-09-23,584,256176360.73,R-07,"R-07 El valor por m² de terreno debe estar dentro del rango de la zona: entre 400000.0 y 1350000.0 (GAM_CENTRO, CRC)",Perito Revisor,264,false
2026-04,AV-2024-000026,5-497653,Guanacaste,Nicoya,Nicoya,CIUDAD_INTERMEDIA,Local comercial,PER-002,SI,REVISAR,Verificación documental,USD,1864670.00,848230.19,0.4549,2024-11-05,541,432597396.9,R-06,R-06 La coordenada debe corresponder al distrito declarado: a menos de 10 km del centroide; observado 67.2 km,Perito Revisor,216,false
2026-04,AV-2024-000086,2-716120,Alajuela,Alajuela,Alajuela,GAM_CENTRO,Local comercial,PER-003,SI,REVISAR,Verificación documental,CRC,9717965000.00,,,2024-12-11,505,,R-07,"R-07 El valor por m² de terreno debe estar dentro del rango de la zona: entre 350000.0 y 1400000.0 (GAM_CENTRO, CRC)",Perito Revisor,419,false
2026-04,AV-2024-000111,4-341659-124,Heredia,Heredia,Heredia,GAM_CENTRO,Apartamento,PER-002,SI,NO_CONFIABLE,Re-inspección,CRC,266827000.00,152907834.94,0.5731,2024-08-05,633,152907834.94,R-03,R-03 El valor total debe cuadrar con la suma de sus componentes: 258024034.85,Perito Revisor,49,true
2026-04,AV-2024-000121,1-247630,San José,Montes de Oca,San Pedro,GAM_CENTRO,Terreno baldío urbano,PER-003,SI,REVISAR,Verificación documental,CRC,790749000.00,99076997.76,0.1253,2024-12-01,515,99076997.76,"R-06, R-07","R-06 La coordenada debe corresponder al distrito declarado: a menos de 3 km del centroide; observado 83.9 km | R-07 El valor por m² de terreno debe estar dentro del rango de la zona: entre 100000.0 y 550000.0 (GAM_CENTRO, CRC)",Perito Revisor,367,false
2026-04,AV-2024-000242,4-222358,Heredia,Sarapiquí,Puerto Viejo,RURAL,Casa de habitación,PER-006,SI,REVISAR,Verificación documental,CRC,237954000.00,156655851.92,0.6583,2023-08-06,998,156655851.92,R-08,R-08 El avalúo no debe superar la vigencia de política: no anterior a 2024-04-30 (24 meses),Jefe de Garantías,317,false
2026-04,AV-2024-000258,1-793119-348,San José,Curridabat,Curridabat,GAM_CENTRO,Condominio horizontal,PER-003,SI,REVISAR,Verificación documental,USD,762431.00,528726.93,0.6935,2024-10-02,575,269650734.3,R-06,R-06 La coordenada debe corresponder al distrito declarado: coordenada dentro del territorio nacional,Perito Revisor,258,false
2026-04,AV-2024-000269,2-694960,Alajuela,Alajuela,Alajuela,GAM_CENTRO,Casa de habitación,PER-009,SI,REVISAR,Verificación documental,CRC,984097000.00,434302164.02,0.4413,2021-05-26,1800,434302164.02,R-08,R-08 El avalúo no debe superar la vigencia de política: no anterior a 2024-04-30 (24 meses),Jefe de Garantías,213,false
2026-04,AV-2024-000274,3-390426,Cartago,Turrialba,Turrialba,CIUDAD_INTERMEDIA,Local comercial,PER-007,SI,REVISAR,Verificación documental,CRC,585129000.00,416511206.26,0.7118,2023-02-12,1173,416511206.26,R-08,R-08 El avalúo no debe superar la vigencia de política: no anterior a 2024-04-30 (24 meses),Jefe de Garantías,217,false
2026-04,AV-2024-000345,1-433880-114,San José,Tibás,San Juan,GAM_CENTRO,Condominio horizontal,PER-002,SI,REVISAR,Verificación documental,USD,1077522.00,754932.64,0.7006,2024-04-23,737,385015646.40000004,R-08,R-08 El avalúo no debe superar la vigencia de política: no anterior a 2024-04-30 (24 meses),Jefe de Garantías,222,false
2026-04,AV-2024-000394,1-593321,San José,Santa Ana,Santa Ana,GAM_CENTRO,Bodega o nave industrial,PER-003,SI,REVISAR,Verificación documental,USD,16982878.00,10067124.35,0.5928,2022-10-05,1303,5134233418.5,"R-06, R-08",R-06 La coordenada debe corresponder al distrito declarado: a menos de 4 km del centroide; observado 50.1 km | R-08 El avalúo no debe superar la vigencia de política: no anterior a 2024-04-30 (24 meses),"Jefe de Garantías, Perito Revisor",150,true
2026-04,AV-2024-000428,N/A,Cartago,Turrialba,Turrialba,CIUDAD_INTERMEDIA,Casa de habitación,PER-004,SI,NO_CONFIABLE,Re-inspección,CRC,459353000.00,,,2024-10-27,550,,R-02,R-02 Los campos obligatorios deben venir informados: campo informado,Coordinación de Calidad,100,true
2026-04,AV-2024-000465,1-324123-383,San José,San José,Carmen,GAM_CENTRO,Apartamento,PER-003,SI,REVISAR,Verificación documental,CRC,374726000.00,59642558.21,0.1592,2024-07-06,663,59642558.21,R-07,"R-07 El valor por m² de terreno debe estar dentro del rango de la zona: entre 500000.0 y 1600000.0 (GAM_CENTRO, CRC)",Perito Revisor,392,false
2026-04,AV-2024-000471,1-830975,San José,Pérez Zeledón,San Isidro de El General,CIUDAD_INTERMEDIA,Casa de habitación,PER-001,SI,REVISAR,Verificación documental,CRC,235906000.00,109855250.66,0.4657,2024-04-13,747,109855250.66,R-08,R-08 El avalúo no debe superar la vigencia de política: no anterior a 2024-04-30 (24 meses),Jefe de Garantías,355,false
2026-04,AV-2024-000477,6-883218,Puntarenas,Quepos,Quepos,COSTA,Casa de habitación,PER-003,SI,REVISAR,Verificación documental,CRC,589954000.00,297531080.64,0.5043,2022-03-10,1512,297531080.64,"R-06, R-08",R-06 La coordenada debe corresponder al distrito declarado: coordenada dentro del territorio nacional | R-08 El avalúo no debe superar la vigencia de política: no anterior a 2024-04-30 (24 meses),"Jefe de Garantías, Perito Revisor",252,false
2026-04,AV-2024-000565,2-166752,Alajuela,San Carlos,Quesada,CIUDAD_INTERMEDIA,Local comercial,PER-002,SI,REVISAR,Verificación documental,CRC,11197329000.00,,,2024-11-27,519,,R-07,"R-07 El valor por m² de terreno debe estar dentro del rango de la zona: entre 200000.0 y 800000.0 (CIUDAD_INTERMEDIA, CRC)",Perito Revisor,420,false
2026-04,AV-2024-000682,5-820549,Guanacaste,Liberia,Liberia,CIUDAD_INTERMEDIA,Casa de habitación,PER-003,SI,REVISAR,Verificación documental,USD,189373.00,136559.83,0.7211,2023-05-05,1091,69645513.3,R-08,R-08 El avalúo no debe superar la vigencia de política: no anterior a 2024-04-30 (24 meses),Jefe de Garantías,382,false
2026-04,AV-2024-000693,4-133407-381,Heredia,Santo Domingo,Santo Domingo,GAM_PERIFERIA,Apartamento,PER-009,SI,REVISAR,Verificación documental,USD,246082.00,173822.89,0.7064,2021-09-24,1679,88649673.9,R-08,R-08 El avalúo no debe superar la vigencia de política: no anterior a 2024-04-30 (24 meses),Jefe de Garantías,373,false
2026-04,AV-2024-000820,2-463929,Alajuela,Alajuela,Alajuela,GAM_CENTRO,Casa de habitación,PER-004,SI,REVISAR,Verificación documental,CRC,1451071000.00,,,2022-06-27,1403,,R-08,R-08 El avalúo no debe superar la vigencia de política: no anterior a 2024-04-30 (24 meses),Jefe de Garantías,421,false
2026-04,AV-2024-000824,1-485457-134,San José,Tibás,San Juan,GAM_CENTRO,Condominio horizontal,PER-006,SI,REVISAR,Verificación documental,USD,172770.00,,,2021-10-14,1659,,R-08,R-08 El avalúo no debe superar la vigencia de política: no anterior a 2024-04-30 (24 meses),Jefe de Garantías,422,false
2026-04,AV-2024-000829,1-512586,San José,Goicoechea,Guadalupe,GAM_PERIFERIA,Casa de habitación,PER-007,SI,REVISAR,Verificación documental,CRC,104563000.00,57567560.01,0.5506,2022-03-21,1501,57567560.01,R-08,R-08 El avalúo no debe superar la vigencia de política: no anterior a 2024-04-30 (24 meses),Jefe de Garantías,394,false
2026-04,AV-2024-000851,4-254662-125,Heredia,Heredia,Heredia,GAM_CENTRO,Apartamento,PER-005,SI,NO_CONFIABLE,Re-inspección,CRC,87724000.00,,,2024-06-18,681,,R-03,R-03 El valor total debe cuadrar con la suma de sus componentes: 93371217.29,Perito Revisor,101,true
2026-04,AV-2024-000859,1-972708,San José,Tibás,San Juan,GAM_CENTRO,Edificio de oficinas,PER-001,SI,NO_CONFIABLE,Re-inspección,USD,26603977.00,13887224.22,0.522,2022-08-14,1355,7082484352.200001,"R-02, R-08",R-02 Los campos obligatorios deben venir informados: campo informado | R-08 El avalúo no debe superar la vigencia de política: no anterior a 2024-04-30 (24 meses),"Coordinación de Calidad, Jefe de Garantías",3,true
2026-04,AV-2024-000875,N/A,Puntarenas,Garabito,Jacó,COSTA,Terreno baldío urbano,PER-003,SI,NO_CONFIABLE,Re-inspección,CRC,44548000.00,25912883.04,0.5817,2024-12-28,488,25912883.04,R-02,R-02 Los campos obligatorios deben venir informados: campo informado,Coordinación de Calidad,96,true
2026-04,AV-2024-000903,1-435762,San José,Tibás,San Juan,GAM_CENTRO,Casa de habitación,PER-003,SI,REVISAR,Verificación documental,CRC,561303000.00,381972888.74,0.6805,2024-04-08,752,381972888.74,R-08,R-08 El avalúo no debe superar la vigencia de política: no anterior a 2024-04-30 (24 meses),Jefe de Garantías,224,false
2026-04,AV-2024-000915,4-180961-040,Heredia,Belén,San Antonio,GAM_CENTRO,Apartamento,PER-003,SI,REVISAR,Verificación documental,USD,198306.00,128799.64,0.6495,2022-10-22,1286,65687816.4,R-08,R-08 El avalúo no debe superar la vigencia de política: no anterior a 2024-04-30 (24 meses),Jefe de Garantías,386,false
2026-04,AV-2024-000922,1-642734,San José,Desamparados,Desamparados,GAM_PERIFERIA,Casa de habitación,PER-004,SI,REVISAR,Verificación documental,CRC,314167000.00,,,2022-05-12,1449,,R-08,R-08 El avalúo no debe superar la vigencia de política: no anterior a 2024-04-30 (24 meses),Jefe de Garantías,423,false
2026-04,AV-2024-000942,4-487506,Heredia,Sarapiquí,Puerto Viejo,RURAL,Finca agrícola,PER-003,SI,NO_CONFIABLE,Re-inspección,CRC,21999042000.00,2176359777.37,0.0989,2024-11-03,543,2176359777.37,"R-03, R-07","R-03 El valor total debe cuadrar con la suma de sus componentes: 19487869401.52 | R-07 El valor por m² de terreno debe estar dentro del rango de la zona: entre 1500.0 y 30000.0 (RURAL, CRC)",Perito Revisor,10,true
2026-04,AV-2024-001046,1-857001,San José,Curridabat,Curridabat,GAM_CENTRO,Casa de habitación,PER-003,SI,REVISAR,Verificación documental,CRC,788947000.00,330357246.89,0.4187,2024-04-22,738,330357246.89,R-08,R-08 El avalúo no debe superar la vigencia de política: no anterior a 2024-04-30 (24 meses),Jefe de Garantías,239,false
2026-04,AV-2024-001054,4-206970,Heredia,Heredia,Heredia,GAM_CENTRO,Bodega o nave industrial,PER-001,SI,REVISAR,Verificación documental,USD,15544701.00,8667255.75,0.5576,2023-12-27,855,4420300432.5,R-08,R-08 El avalúo no debe superar la vigencia de política: no anterior a 2024-04-30 (24 meses),Jefe de Garantías,152,false
2026-04,AV-2024-001078,5-552439-014,Guanacaste,Carrillo,Sardinal,COSTA,Apartamento,PER-003,SI,NO_CONFIABLE,Re-inspección,USD,439656.00,223414.58,0.5082,2023-04-28,1098,113941435.8,"R-02, R-08",R-02 Los campos obligatorios deben venir informados: campo informado | R-08 El avalúo no debe superar la vigencia de política: no anterior a 2024-04-30 (24 meses),"Coordinación de Calidad, Jefe de Garantías",55,true
2026-04,AV-2024-001163,7-846928-397,Limón,Talamanca,Cahuita,COSTA,Condominio horizontal,PER-007,SI,NO_CONFIABLE,Re-inspección,CRC,187929000.00,,,2024-09-13,594,,"R-03, R-04",R-03 El valor total debe cuadrar con la suma de sus componentes: 94991707.18 | R-04 La tipología y lo construido deben ser compatibles: ambos mayores a cero: la tipología exige construcción,Perito Revisor,102,true
2026-04,AV-2024-001172,7-235979,Limón,Limón,Limón,CIUDAD_INTERMEDIA,Casa de habitación,PER-007,SI,NO_CONFIABLE,Re-inspección,CRC,331063000.00,190777164.95,0.5763,2022-04-20,1471,190777164.95,"R-02, R-08",R-02 Los campos obligatorios deben venir informados: campo informado | R-08 El avalúo no debe superar la vigencia de política: no anterior a 2024-04-30 (24 meses),"Coordinación de Calidad, Jefe de Garantías",42,true
2026-04,AV-2024-001209,3-659342,Cartago,Cartago,Oriental,GAM_CENTRO,Edificio de oficinas,PER-003,SI,REVISAR,Verificación documental,CRC,3783399000.00,1799961633.95,0.4758,2021-10-21,1652,1799961633.95,R-08,R-08 El avalúo no debe superar la vigencia de política: no anterior a 2024-04-30 (24 meses),Jefe de Garantías,176,false
2026-04,AV-2024-001401,4-663522-391,Heredia,San Rafael,San Rafael,GAM_PERIFERIA,Condominio horizontal,PER-007,SI,NO_CONFIABLE,Re-inspección,USD,401142.00,214392.13,0.5345,2024-05-14,716,109339986.3,R-03,R-03 El valor total debe cuadrar con la suma de sus componentes: 479743.33,Perito Revisor,59,true
2026-04,AV-2024-001456,4-718035,Heredia,Heredia,Heredia,GAM_CENTRO,Local comercial,PER-005,SI,REVISAR,Verificación documental,CRC,519171000.00,215065675.70,0.4142,2024-04-21,739,215065675.7,"R-06, R-08",R-06 La coordenada debe corresponder al distrito declarado: a menos de 3 km del centroide; observado 52.6 km | R-08 El avalúo no debe superar la vigencia de política: no anterior a 2024-04-30 (24 meses),"Jefe de Garantías, Perito Revisor",286,false
2026-04,AV-2024-001538,3-457809-373,Cartago,Cartago,Oriental,GAM_CENTRO,Apartamento,PER-006,SI,REVISAR,Verificación documental,USD,749721.00,513280.16,0.6846,2024-09-11,596,261772881.6,R-06,R-06 La coordenada debe corresponder al distrito declarado: a menos de 3 km del centroide; observado 110.9 km,Perito Revisor,260,false
2026-04,AV-2024-001587,3-567720,Cartago,La Unión,Tres Ríos,GAM_PERIFERIA,Casa de habitación,PER-003,SI,NO_CONFIABLE,Re-inspección,CRC,205826000.00,165161968.79,0.8024,2024-12-29,487,165161968.79,R-03,R-03 El valor total debe cuadrar con la suma de sus componentes: 250718062.51,Perito Revisor,48,true
2026-04,AV-2024-001603,1-634343,San José,Santa Ana,Santa Ana,GAM_CENTRO,Bodega o nave industrial,PER-003,SI,NO_CONFIABLE,Re-inspección,USD,8453252.00,5293150.32,0.6262,2024-07-03,666,2699506663.2000003,"R-03, R-04",R-03 El valor total debe cuadrar con la suma de sus componentes: 5970776.2 | R-04 La tipología y lo construido deben ser compatibles: ambos mayores a cero: la tipología exige construcción,Perito Revisor,8,true
2026-04,AV-2024-001645,4-927315-009,Heredia,Santo Domingo,Santo Domingo,GAM_PERIFERIA,Condominio horizontal,PER-008,SI,REVISAR,Verificación documental,USD,486092.00,307348.03,0.6323,2024-05-28,702,156747495.3,R-06,R-06 La coordenada debe corresponder al distrito declarado: a menos de 3 km del centroide; observado 97.9 km,Perito Revisor,316,false
2026-04,AV-2024-001722,1-405848,San José,Curridabat,Curridabat,GAM_CENTRO,Casa de habitación,PER-006,SI,REVISAR,Verificación documental,CRC,2493435000.00,356496267.36,0.143,2024-07-06,663,356496267.36,R-07,"R-07 El valor por m² de terreno debe estar dentro del rango de la zona: entre 400000.0 y 1350000.0 (GAM_CENTRO, CRC)",Perito Revisor,230,false
2026-04,AV-2024-001788, ,Heredia,Heredia,Heredia,GAM_CENTRO,Casa de habitación,PER-001,SI,NO_CONFIABLE,Re-inspección,CRC,218655000.00,,,2024-08-10,628,,R-02,R-02 Los campos obligatorios deben venir informados: campo informado,Coordinación de Calidad,103,true
2026-04,AV-2024-001842,1-251481,San José,Goicoechea,Guadalupe,GAM_PERIFERIA,Local comercial,PER-003,SI,REVISAR,Verificación documental,CRC,8328497000.00,1304982417.97,0.1567,2024-05-09,721,1304982417.97,R-07,"R-07 El valor por m² de terreno debe estar dentro del rango de la zona: entre 250000.0 y 900000.0 (GAM_PERIFERIA, CRC)",Perito Revisor,181,false
2026-04,AV-2024-001858,4-929619,Heredia,Santo Domingo,Santo Domingo,GAM_PERIFERIA,Casa de habitación,PER-004,SI,REVISAR,Verificación documental,CRC,383321000.00,297469302.73,0.776,2023-06-18,1047,297469302.73,R-08,R-08 El avalúo no debe superar la vigencia de política: no anterior a 2024-04-30 (24 meses),Jefe de Garantías,253,false
2026-04,AV-2024-001867,6-751177-347,Puntarenas,Garabito,Jacó,COSTA,Apartamento,PER-002,SI,REVISAR,Verificación documental,USD,620714.00,401446.08,0.6467,2024-04-20,740,204737500.8,R-08,R-08 El avalúo no debe superar la vigencia de política: no anterior a 2024-04-30 (24 meses),Jefe de Garantías,293,false
2026-04,AV-2024-001892,5-296339,Guanacaste,Santa Cruz,Tamarindo,COSTA,Casa de habitación,PER-001,SI,NO_CONFIABLE,Re-inspección,CRC,363160000.00,284212468.57,0.7826,2024-11-20,526,284212468.57,R-03,R-03 El valor total debe cuadrar con la suma de sus componentes: 405669332.18,Perito Revisor,35,true
2026-04,AV-2024-001901,1-752201-388,San José,Montes de Oca,San Pedro,GAM_CENTRO,Apartamento,PER-001,SI,REVISAR,Verificación documental,USD,420243.00,183737.97,0.4372,2022-05-25,1436,93706364.7,R-08,R-08 El avalúo no debe superar la vigencia de política: no anterior a 2024-04-30 (24 meses),Jefe de Garantías,370,false
2026-04,AV-2024-001931,3-447521,Cartago,La Unión,Tres Ríos,GAM_PERIFERIA,Local comercial,PER-005,SI,NO_CONFIABLE,Re-inspección,CRC,667312000.00,291539835.11,0.4369,2024-05-13,717,291539835.11,R-02,R-02 Los campos obligatorios deben venir informados: campo informado,Coordinación de Calidad,32,true
2026-04,AV-2024-001987,1-106760,San José,San José,Carmen,GAM_CENTRO,Local comercial,PER-001,SI,REVISAR,Verificación documental,CRC,2317249000.00,,,2024-11-26,520,,R-07,"R-07 El valor por m² de terreno debe estar dentro del rango de la zona: entre 350000.0 y 1400000.0 (GAM_CENTRO, CRC)",Perito Revisor,424,false
2026-04,AV-2024-002041,1-796626-027,San José,Escazú,Escazú,GAM_CENTRO,Condominio horizontal,PER-007,SI,NO_CONFIABLE,Re-inspección,USD,495176.00,269083.32,0.5434,2024-08-09,629,137232493.20000002,"R-03, R-04",R-03 El valor total debe cuadrar con la suma de sus componentes: 353638.5 | R-04 La tipología y lo construido deben ser compatibles: ambos mayores a cero: la tipología exige construcción,Perito Revisor,51,true
2026-04,AV-2024-002074,5-937861,Guanacaste,Carrillo,Sardinal,COSTA,Terreno baldío rural,PER-009,SI,NO_CONFIABLE,Re-inspección,USD,15997680.00,5778416.80,0.3612,2024-08-07,631,2946992568.0,R-03,R-03 El valor total debe cuadrar con la suma de sus componentes: 13540599.68,Perito Revisor,5,true
2026-04,AV-2024-002207,5-899894,Guanacaste,Nicoya,Nicoya,CIUDAD_INTERMEDIA,Local comercial,PER-003,SI,NO_CONFIABLE,Re-inspección,CRC,246883000.00,171836218.44,0.696,2024-11-10,536,171836218.44,R-05,R-05 Las fechas deben tener orden lógico: inspección <= valor <= informe,Coordinación de Calidad,47,true
2026-04,AV-2024-002233,2-511911,Alajuela,Atenas,Atenas,RURAL,Terreno baldío urbano,PER-004,SI,REVISAR,Verificación documental,CRC,18741000.00,8551831.90,0.4563,2024-11-13,533,8551831.9,R-06,R-06 La coordenada debe corresponder al distrito declarado: a menos de 8 km del centroide; observado 93.4 km,Perito Revisor,418,false
2026-04,AV-2024-002243,1-262047,San José,Goicoechea,Guadalupe,GAM_PERIFERIA,Casa de habitación,PER-009,SI,REVISAR,Verificación documental,USD,603671.00,462868.53,0.7668,2023-07-31,1004,236062950.3,R-08,R-08 El avalúo no debe superar la vigencia de política: no anterior a 2024-04-30 (24 meses),Jefe de Garantías,277,false
2026-04,AV-2024-002305,1-526160,San José,San José,Carmen,GAM_CENTRO,Casa de habitación,PER-009,SI,REVISAR,Verificación documental,CRC,1510352000.00,259183139.11,0.1716,2024-10-16,561,259183139.11,R-07,"R-07 El valor por m² de terreno debe estar dentro del rango de la zona: entre 400000.0 y 1350000.0 (GAM_CENTRO, CRC)",Perito Revisor,261,false
2026-04,AV-2024-002314,1-719867-030,San José,Escazú,Escazú,GAM_CENTRO,Condominio horizontal,PER-006,SI,REVISAR,Verificación documental,USD,257969.00,195668.40,0.7585,2024-08-06,632,99790884.0,R-06,R-06 La coordenada debe corresponder al distrito declarado: a menos de 4 km del centroide; observado 49.7 km,Perito Revisor,366,false
2026-04,AV-2024-002331,1-355950,San José,Montes de Oca,San Pedro,GAM_CENTRO,Casa de habitación,PER-009,SI,REVISAR,Verificación documental,CRC,889131000.00,680397408.45,0.7652,2024-04-22,738,680397408.45,R-08,R-08 El avalúo no debe superar la vigencia de política: no anterior a 2024-04-30 (24 meses),Jefe de Garantías,202,false
2026-04,AV-2024-002335,4-925160,Heredia,San Rafael,San Rafael,GAM_PERIFERIA,Terreno baldío urbano,PER-007,SI,NO_CONFIABLE,Re-inspección,CRC,275663000.00,,,2024-10-26,551,,"R-03, R-06",R-03 El valor total debe cuadrar con la suma de sus componentes: 263768581.84 | R-06 La coordenada debe corresponder al distrito declarado: coordenada dentro del territorio nacional,Perito Revisor,104,true
2026-04,AV-2024-002337,1-389737,San José,Goicoechea,Guadalupe,GAM_PERIFERIA,Bodega o nave industrial,PER-003,SI,NO_CONFIABLE,Re-inspección,USD,1111466.00,,,2021-09-08,1695,,"R-01, R-08",R-01 No pueden existir dos avalúos con el mismo identificador: único dentro del corte | R-08 El avalúo no debe superar la vigencia de política: no anterior a 2024-04-30 (24 meses),"Coordinación de Calidad, Jefe de Garantías",105,true
2026-04,AV-2024-002337,2-684252,Alajuela,Grecia,Grecia,CIUDAD_INTERMEDIA,Local comercial,PER-008,SI,NO_CONFIABLE,Re-inspección,CRC,1519298000.00,,,2023-03-23,1134,,"R-01, R-08",R-01 No pueden existir dos avalúos con el mismo identificador: único dentro del corte | R-08 El avalúo no debe superar la vigencia de política: no anterior a 2024-04-30 (24 meses),"Coordinación de Calidad, Jefe de Garantías",106,true
2026-04,AV-2024-002518,1-752374,San José,Desamparados,Desamparados,GAM_PERIFERIA,Local comercial,PER-007,SI,REVISAR,Verificación documental,CRC,2252504000.00,467703678.67,0.2076,2024-09-23,584,467703678.67,R-07,"R-07 El valor por m² de terreno debe estar dentro del rango de la zona: entre 250000.0 y 900000.0 (GAM_PERIFERIA, CRC)",Perito Revisor,212,false
2026-04,AV-2024-002577,4-752667,Heredia,Belén,San Antonio,GAM_CENTRO,Local comercial,PER-001,SI,REVISAR,Verificación documental,CRC,2446747000.00,1624119518.85,0.6638,2024-04-23,737,1624119518.85,R-08,R-08 El avalúo no debe superar la vigencia de política: no anterior a 2024-04-30 (24 meses),Jefe de Garantías,179,false
2026-04,AV-2024-002622,1-874406,San José,Pérez Zeledón,San Isidro de El General,CIUDAD_INTERMEDIA,Terreno baldío rural,PER-009,SI,REVISAR,Verificación documental,CRC,4026766000.00,1993594414.47,0.4951,2024-11-20,526,1993594414.47,R-06,R-06 La coordenada debe corresponder al distrito declarado: a menos de 12 km del centroide; observado 38.0 km,Perito Revisor,172,false
2026-04,AV-2024-002624,2-428010,Alajuela,Grecia,Grecia,CIUDAD_INTERMEDIA,Finca agrícola,PER-001,SI,REVISAR,Verificación documental,CRC,11854460000.00,,,2021-08-17,1717,,R-08,R-08 El avalúo no debe superar la vigencia de política: no anterior a 2024-04-30 (24 meses),Jefe de Garantías,425,false
2026-04,AV-2024-002747,4-568381,Heredia,Heredia,Heredia,GAM_CENTRO,Casa de habitación,PER-004,SI,REVISAR,Verificación documental,CRC,569468000.00,316911279.47,0.5565,2024-11-27,519,316911279.47,R-06,R-06 La coordenada debe corresponder al distrito declarado: coordenada dentro del territorio nacional,Perito Revisor,240,false
2026-04,AV-2024-002802,5-269021-004,Guanacaste,Carrillo,Sardinal,COSTA,Condominio horizontal,PER-008,SI,NO_CONFIABLE,Re-inspección,CRC,100072000.00,,,2024-09-09,598,,"R-04, R-06",R-04 La tipología y lo construido deben ser compatibles: ambos mayores a cero: la tipología exige construcción | R-06 La coordenada debe corresponder al distrito declarado: a menos de 10 km del centroide; observado 50.2 km,Perito Revisor,107,true
2026-04,AV-2024-002810,7-667603,Limón,Pococí,Guápiles,CIUDAD_INTERMEDIA,Finca agrícola,PER-004,SI,REVISAR,Verificación documental,CRC,10239726000.00,6567296789.90,0.6414,2024-04-12,748,6567296789.9,R-08,R-08 El avalúo no debe superar la vigencia de política: no anterior a 2024-04-30 (24 meses),Jefe de Garantías,149,true
2026-04,AV-2024-002816,3-910235,Cartago,La Unión,Tres Ríos,GAM_PERIFERIA,Casa de habitación,PER-007,SI,REVISAR,Verificación documental,CRC,64444000.00,110548602.98,1.7154,2024-07-11,658,110548602.98,R-07,"R-07 El valor por m² de terreno debe estar dentro del rango de la zona: entre 250000.0 y 950000.0 (GAM_PERIFERIA, CRC)",Perito Revisor,354,false
2026-04,AV-2024-002829,7-868010,Limón,Pococí,Guápiles,CIUDAD_INTERMEDIA,Local comercial,PER-009,SI,REVISAR,Verificación documental,USD,2314189.00,1235499.41,0.5339,2024-11-23,523,630104699.0999999,R-06,R-06 La coordenada debe corresponder al distrito declarado: coordenada dentro del territorio nacional,Perito Revisor,204,false
2026-04,AV-2024-002839,1-806762-080,San José,Tibás,San Juan,GAM_CENTRO,Apartamento,PER-004,SI,REVISAR,Verificación documental,CRC,297971000.00,54490947.36,0.1829,2024-11-17,529,54490947.36,R-07,"R-07 El valor por m² de terreno debe estar dentro del rango de la zona: entre 500000.0 y 1600000.0 (GAM_CENTRO, CRC)",Perito Revisor,396,false
2026-04,AV-2024-002855,6-679919-255,Puntarenas,Garabito,Jacó,COSTA,Condominio horizontal,No informado,NO,NO_CONFIABLE,Re-inspección,USD,253241.00,167885.64,0.6629,2024-11-07,539,85621676.4,R-02,R-02 Los campos obligatorios deben venir informados: campo informado,Coordinación de Calidad,73,true
2026-04,AV-2024-002881,2-132643,Alajuela,Atenas,Atenas,RURAL,Casa de habitación,PER-007,SI,REVISAR,Verificación documental,CRC,304737000.00,,,2024-11-23,523,,"R-06, R-07","R-06 La coordenada debe corresponder al distrito declarado: a menos de 8 km del centroide; observado 80.5 km | R-07 El valor por m² de terreno debe estar dentro del rango de la zona: entre 150000.0 y 550000.0 (RURAL, CRC)",Perito Revisor,426,false
2026-04,AV-2024-002891,7-976598,Limón,Talamanca,Cahuita,COSTA,Terreno baldío rural,PER-009,SI,NO_CONFIABLE,Re-inspección,CRC,6464924000.00,2882658386.41,0.4459,2024-09-04,603,2882658386.41,R-04,R-04 La tipología y lo construido deben ser compatibles: ambos en cero: la tipología no contempla construcción,Perito Revisor,6,true
2026-04,AV-2024-002909,1-332379,San José,Montes de Oca,San Pedro,GAM_CENTRO,Casa de habitación,PER-008,SI,REVISAR,Verificación documental,CRC,93417000.00,145620388.59,1.5588,2024-08-03,635,145620388.59,R-07,"R-07 El valor por m² de terreno debe estar dentro del rango de la zona: entre 400000.0 y 1350000.0 (GAM_CENTRO, CRC)",Perito Revisor,324,false
2026-04,AV-2024-002957,6-356475,Puntarenas,Puntarenas,Puntarenas,CIUDAD_INTERMEDIA,Terreno baldío urbano,PER-006,SI,REVISAR,Verificación documental,CRC,394022000.00,53256276.05,0.1352,2024-11-11,535,53256276.05,R-07,"R-07 El valor por m² de terreno debe estar dentro del rango de la zona: entre 35000.0 y 180000.0 (CIUDAD_INTERMEDIA, CRC)",Perito Revisor,397,false
2026-04,AV-2024-002962,1-763487,San José,San José,Carmen,GAM_CENTRO,Casa de habitación,PER-003,SI,REVISAR,Verificación documental,CRC,1019740000.00,,,2023-10-21,922,,R-08,R-08 El avalúo no debe superar la vigencia de política: no anterior a 2024-04-30 (24 meses),Jefe de Garantías,427,false
2026-04,AV-2024-003038,1-805080,San José,Pérez Zeledón,San Isidro de El General,CIUDAD_INTERMEDIA,Bodega o nave industrial,PER-007,SI,REVISAR,Verificación documental,USD,5209014.00,2330048.12,0.4473,2023-02-12,1173,1188324541.2,"R-06, R-08",R-06 La coordenada debe corresponder al distrito declarado: coordenada dentro del territorio nacional | R-08 El avalúo no debe superar la vigencia de política: no anterior a 2024-04-30 (24 meses),"Jefe de Garantías, Perito Revisor",185,false
2026-04,AV-2024-003060,1-299108,San José,San José,Carmen,GAM_CENTRO,Casa de habitación,PER-009,SI,REVISAR,Verificación documental,CRC,2979815000.00,,,2024-07-12,657,,R-07,"R-07 El valor por m² de terreno debe estar dentro del rango de la zona: entre 400000.0 y 1350000.0 (GAM_CENTRO, CRC)",Perito Revisor,428,false
2026-04,AV-2024-003086,2-935775,Alajuela,Upala,Upala,RURAL,Terreno baldío rural,PER-007,SI,NO_CONFIABLE,Re-inspección,CRC,2427774000.00,,,2024-09-21,586,,R-03,R-03 El valor total debe cuadrar con la suma de sus componentes: 2958692625.44,Perito Revisor,108,true
2026-04,AV-2024-003103, ,Heredia,San Rafael,San Rafael,GAM_PERIFERIA,Casa de habitación,PER-002,SI,NO_CONFIABLE,Re-inspección,CRC,193036000.00,,,2024-11-15,531,,R-02,R-02 Los campos obligatorios deben venir informados: campo informado,Coordinación de Calidad,109,true
2026-04,AV-2024-003137,6-983218,Puntarenas,Puntarenas,Puntarenas,CIUDAD_INTERMEDIA,Local comercial,PER-007,SI,NO_CONFIABLE,Re-inspección,USD,3835591.00,,,2024-08-11,627,,R-02,R-02 Los campos obligatorios deben venir informados: campo informado,Coordinación de Calidad,110,true
2026-04,AV-2024-003156,1-598076-197,San José,Santa Ana,Santa Ana,GAM_CENTRO,Apartamento,PER-001,SI,REVISAR,Verificación documental,USD,587145.00,,,2024-08-08,630,,R-06,R-06 La coordenada debe corresponder al distrito declarado: a menos de 4 km del centroide; observado 99.2 km,Perito Revisor,429,false
2026-04,AV-2024-003188,3-841297,Cartago,Paraíso,Paraíso,GAM_PERIFERIA,Terreno baldío urbano,PER-004,SI,REVISAR,Verificación documental,CRC,579417000.00,44137449.86,0.0762,2024-10-23,554,44137449.86,R-07,"R-07 El valor por m² de terreno debe estar dentro del rango de la zona: entre 50000.0 y 300000.0 (GAM_PERIFERIA, CRC)",Perito Revisor,406,false
2026-04,AV-2024-003198,N/A,Heredia,San Rafael,San Rafael,GAM_PERIFERIA,Condominio horizontal,PER-001,SI,NO_CONFIABLE,Re-inspección,USD,431341.00,239832.63,0.556,2024-02-20,800,122314641.3,"R-02, R-08",R-02 Los campos obligatorios deben venir informados: campo informado | R-08 El avalúo no debe superar la vigencia de política: no anterior a 2024-04-30 (24 meses),"Coordinación de Calidad, Jefe de Garantías",53,true
2026-04,AV-2024-003259,4-893972,Heredia,Belén,San Antonio,GAM_CENTRO,Bodega o nave industrial,PER-004,SI,NO_CONFIABLE,Re-inspección,USD,2234355.00,1214945.12,0.5438,2024-10-25,552,619622011.2,R-02,R-02 Los campos obligatorios deben venir informados: campo informado,Coordinación de Calidad,22,true
2026-04,AV-2024-003267,4-682504,Heredia,Heredia,Heredia,GAM_CENTRO,Edificio de oficinas,PER-007,SI,REVISAR,Verificación documental,USD,5054223.00,2959303.90,0.5855,2022-03-30,1492,1509244989.0,R-08,R-08 El avalúo no debe superar la vigencia de política: no anterior a 2024-04-30 (24 meses),Jefe de Garantías,180,false
2026-04,AV-2024-003431,2-939308,Alajuela,Grecia,Grecia,CIUDAD_INTERMEDIA,Casa de habitación,PER-002,SI,REVISAR,Verificación documental,CRC,227436000.00,163784683.23,0.7201,2021-09-25,1678,163784683.23,R-08,R-08 El avalúo no debe superar la vigencia de política: no anterior a 2024-04-30 (24 meses),Jefe de Garantías,312,false
2026-04,AV-2024-003435,2-805658-258,Alajuela,Alajuela,Alajuela,GAM_CENTRO,Apartamento,PER-006,SI,NO_CONFIABLE,Re-inspección,USD,281133.00,127393.27,0.4531,2024-11-28,518,64970567.7,R-03,R-03 El valor total debe cuadrar con la suma de sus componentes: 253791.74,Perito Revisor,82,true
2026-04,AV-2024-003448,1-400433-186,San José,Desamparados,Desamparados,GAM_PERIFERIA,Apartamento,PER-004,SI,NO_CONFIABLE,Re-inspección,USD,927661.00,427109.45,0.4604,2024-08-11,627,217825819.5,"R-03, R-04",R-03 El valor total debe cuadrar con la suma de sus componentes: 107516.06 | R-04 La tipología y lo construido deben ser compatibles: ambos mayores a cero: la tipología exige construcción,Perito Revisor,39,true
2026-04,AV-2024-003458,1-646370,San José,Puriscal,Santiago,RURAL,Terreno baldío rural,PER-001,SI,REVISAR,Verificación documental,CRC,13152388000.00,826953876.32,0.0629,2024-12-30,486,826953876.32,R-07,"R-07 El valor por m² de terreno debe estar dentro del rango de la zona: entre 15000.0 y 100000.0 (RURAL, CRC)",Perito Revisor,193,false
2026-04,AV-2024-003463,2-644287,Alajuela,Grecia,Grecia,CIUDAD_INTERMEDIA,Terreno baldío urbano,PER-003,SI,REVISAR,Verificación documental,CRC,426147000.00,71736615.82,0.1683,2024-11-04,542,71736615.82,R-07,"R-07 El valor por m² de terreno debe estar dentro del rango de la zona: entre 35000.0 y 180000.0 (CIUDAD_INTERMEDIA, CRC)",Perito Revisor,380,false
2026-04,AV-2024-003496,3-655910,Cartago,La Unión,Tres Ríos,GAM_PERIFERIA,Local comercial,PER-006,SI,REVISAR,Verificación documental,CRC,1165975000.00,1069363901.03,0.9171,2024-09-29,578,1069363901.03,R-07,"R-07 El valor por m² de terreno debe estar dentro del rango de la zona: entre 250000.0 y 900000.0 (GAM_PERIFERIA, CRC)",Perito Revisor,186,false
2026-04,AV-2024-003502,2-357290,Alajuela,Atenas,Atenas,RURAL,Casa de habitación,PER-001,SI,REVISAR,Verificación documental,CRC,224053000.00,114477577.89,0.5109,2024-09-04,603,114477577.89,R-06,R-06 La coordenada debe corresponder al distrito declarado: a menos de 8 km del centroide; observado 94.7 km,Perito Revisor,347,false
2026-04,AV-2024-003506,4-170971,Heredia,San Rafael,San Rafael,GAM_PERIFERIA,Terreno baldío urbano,PER-006,SI,REVISAR,Verificación documental,USD,457846.00,241309.04,0.5271,2022-04-29,1462,123067610.4,R-08,R-08 El avalúo no debe superar la vigencia de política: no anterior a 2024-04-30 (24 meses),Jefe de Garantías,339,false
2026-04,AV-2024-003559,1-363898,San José,Montes de Oca,San Pedro,GAM_CENTRO,Local comercial,PER-001,SI,REVISAR,Verificación documental,CRC,1931375000.00,3592101800.44,1.8599,2024-12-09,507,3592101800.44,R-07,"R-07 El valor por m² de terreno debe estar dentro del rango de la zona: entre 350000.0 y 1400000.0 (GAM_CENTRO, CRC)",Perito Revisor,157,false
2026-04,AV-2024-003568,1-735554,San José,Santa Ana,Santa Ana,GAM_CENTRO,Casa de habitación,PER-008,SI,REVISAR,Verificación documental,CRC,634681000.00,348967094.44,0.5498,2024-12-14,502,348967094.44,R-06,R-06 La coordenada debe corresponder al distrito declarado: a menos de 4 km del centroide; observado 81.2 km,Perito Revisor,234,false
2026-04,AV-2024-003573,1-731891,San José,Escazú,Escazú,GAM_CENTRO,Terreno baldío urbano,PER-007,SI,NO_CONFIABLE,Re-inspección,CRC,209529000.00,125019222.90,0.5967,2024-10-27,550,125019222.9,R-03,R-03 El valor total debe cuadrar con la suma de sus componentes: 181119265.3,Perito Revisor,52,true
2026-04,AV-2024-003586,1-648589-097,San José,Tibás,San Juan,GAM_CENTRO,Apartamento,PER-001,SI,REVISAR,Verificación documental,USD,551709.00,232812.07,0.422,2024-04-26,734,118734155.7,R-08,R-08 El avalúo no debe superar la vigencia de política: no anterior a 2024-04-30 (24 meses),Jefe de Garantías,342,false
2026-04,AV-2024-003595,1-579136,San José,Pérez Zeledón,San Isidro de El General,CIUDAD_INTERMEDIA,Terreno baldío rural,PER-009,SI,REVISAR,Verificación documental,CRC,2744776000.00,,,2024-12-04,512,,R-06,R-06 La coordenada debe corresponder al distrito declarado: a menos de 12 km del centroide; observado 50.7 km,Perito Revisor,430,false
2026-04,AV-2024-003618,4-572952,Heredia,Santo Domingo,Santo Domingo,GAM_PERIFERIA,Terreno baldío urbano,PER-007,SI,REVISAR,Verificación documental,CRC,60975000.00,26845030.30,0.4403,2024-12-03,513,26845030.3,R-06,R-06 La coordenada debe corresponder al distrito declarado: a menos de 3 km del centroide; observado 42.4 km,Perito Revisor,412,false
2026-04,AV-2024-003649,1-828461-301,San José,Desamparados,Desamparados,GAM_PERIFERIA,Condominio horizontal,PER-007,SI,REVISAR,Verificación documental,USD,748218.00,468670.57,0.6264,2023-07-12,1023,239021990.70000002,"R-06, R-08",R-06 La coordenada debe corresponder al distrito declarado: a menos de 4 km del centroide; observado 59.1 km | R-08 El avalúo no debe superar la vigencia de política: no anterior a 2024-04-30 (24 meses),"Jefe de Garantías, Perito Revisor",273,false
2026-04,AV-2024-003926,1-803830,San José,San José,Carmen,GAM_CENTRO,Casa de habitación,PER-008,SI,REVISAR,Verificación documental,CRC,1932131000.00,,,2024-10-17,560,,R-07,"R-07 El valor por m² de terreno debe estar dentro del rango de la zona: entre 400000.0 y 1350000.0 (GAM_CENTRO, CRC)",Perito Revisor,431,false
2026-04,AV-2024-003928,4-190235-030,Heredia,Heredia,Heredia,GAM_CENTRO,Apartamento,PER-001,SI,REVISAR,Verificación documental,USD,274144.00,128193.53,0.4676,2024-08-21,617,65378700.3,R-06,R-06 La coordenada debe corresponder al distrito declarado: a menos de 3 km del centroide; observado 87.6 km,Perito Revisor,387,false
2026-04,AV-2024-003936,1-626862,San José,Puriscal,Santiago,RURAL,Terreno baldío rural,PER-007,SI,REVISAR,Verificación documental,CRC,204879000.00,699491240.45,3.4142,2024-12-03,513,699491240.45,R-07,"R-07 El valor por m² de terreno debe estar dentro del rango de la zona: entre 15000.0 y 100000.0 (RURAL, CRC)",Perito Revisor,199,false
2026-04,AV-2024-003941,6-500235,Puntarenas,Puntarenas,Puntarenas,CIUDAD_INTERMEDIA,Casa de habitación,PER-001,SI,REVISAR,Verificación documental,CRC,177950000.00,123451163.36,0.6937,2024-04-26,734,123451163.36,R-08,R-08 El avalúo no debe superar la vigencia de política: no anterior a 2024-04-30 (24 meses),Jefe de Garantías,337,false
2026-04,AV-2024-003961,1-408286,San José,Escazú,Escazú,GAM_CENTRO,Edificio de oficinas,PER-001,SI,REVISAR,Verificación documental,CRC,25071464000.00,19696766760.71,0.7856,2023-12-09,873,19696766760.71,R-08,R-08 El avalúo no debe superar la vigencia de política: no anterior a 2024-04-30 (24 meses),Jefe de Garantías,142,true
2026-04,AV-2024-003974,2-634251,Alajuela,San Ramón,San Ramón,CIUDAD_INTERMEDIA,Terreno baldío rural,PER-007,SI,REVISAR,Verificación documental,CRC,3386858000.00,1907613305.04,0.5632,2022-08-11,1358,1907613305.04,R-08,R-08 El avalúo no debe superar la vigencia de política: no anterior a 2024-04-30 (24 meses),Jefe de Garantías,175,false
2026-04,AV-2025-000002,2-696951,Alajuela,San Carlos,Quesada,CIUDAD_INTERMEDIA,Casa de habitación,PER-002,SI,REVISAR,Verificación documental,CRC,485080000.00,46182816.09,0.0952,2025-01-11,474,46182816.09,R-07,"R-07 El valor por m² de terreno debe estar dentro del rango de la zona: entre 200000.0 y 750000.0 (CIUDAD_INTERMEDIA, CRC)",Perito Revisor,405,false
2026-04,AV-2025-000009,3-270138,Cartago,La Unión,Tres Ríos,GAM_PERIFERIA,Casa de habitación,PER-007,SI,REVISAR,Verificación documental,CRC,277608000.00,164379640.33,0.5921,2025-09-26,216,164379640.33,R-06,R-06 La coordenada debe corresponder al distrito declarado: a menos de 4 km del centroide; observado 45.6 km,Perito Revisor,310,false
2026-04,AV-2025-000012,3-720097,Cartago,La Unión,Tres Ríos,GAM_PERIFERIA,Casa de habitación,PER-009,SI,NO_CONFIABLE,Re-inspección,CRC,98907000.00,43743032.33,0.4423,2025-11-23,158,43743032.33,R-02,R-02 Los campos obligatorios deben venir informados: campo informado,Coordinación de Calidad,90,true
2026-04,AV-2025-000013,1-306654,San José,Escazú,Escazú,GAM_CENTRO,Edificio de oficinas,PER-003,SI,NO_CONFIABLE,Re-inspección,USD,12380284.00,5613013.46,0.4534,2022-11-15,1262,2862636864.6,"R-02, R-08",R-02 Los campos obligatorios deben venir informados: campo informado | R-08 El avalúo no debe superar la vigencia de política: no anterior a 2024-04-30 (24 meses),"Coordinación de Calidad, Jefe de Garantías",7,true
2026-04,AV-2025-000022,5-720329,Guanacaste,Nicoya,Nicoya,CIUDAD_INTERMEDIA,Local comercial,PER-007,SI,NO_CONFIABLE,Re-inspección,USD,943705.00,675834.07,0.7161,2025-12-28,123,344675375.7,R-02,R-02 Los campos obligatorios deben venir informados: campo informado,Coordinación de Calidad,29,true
2026-04,AV-2025-000042,5-751971,Guanacaste,Liberia,Liberia,CIUDAD_INTERMEDIA,Local comercial,PER-003,SI,REVISAR,Verificación documental,USD,868351.00,503711.07,0.5801,2025-01-20,465,256892645.70000002,R-06,R-06 La coordenada debe corresponder al distrito declarado: coordenada dentro del territorio nacional,Perito Revisor,263,false
2026-04,AV-2025-000056,1-565517,San José,Desamparados,Desamparados,GAM_PERIFERIA,Casa de habitación,PER-006,SI,REVISAR,Verificación documental,CRC,276176000.00,213485313.85,0.773,2025-11-22,159,213485313.85,R-06,R-06 La coordenada debe corresponder al distrito declarado: a menos de 4 km del centroide; observado 118.6 km,Perito Revisor,288,false
2026-04,AV-2025-000063,1-191008,San José,Curridabat,Curridabat,GAM_CENTRO,Edificio de oficinas,PER-003,SI,NO_CONFIABLE,Re-inspección,USD,12324627.00,9619862.11,0.7805,2025-11-26,155,4906129676.099999,R-02,R-02 Los campos obligatorios deben venir informados: campo informado,Coordinación de Calidad,4,true
2026-04,AV-2025-000075,4-127064,Heredia,San Rafael,San Rafael,GAM_PERIFERIA,Terreno baldío urbano,PER-003,SI,REVISAR,Verificación documental,CRC,115426000.00,50651064.05,0.4388,2023-06-24,1041,50651064.05,"R-06, R-08",R-06 La coordenada debe corresponder al distrito declarado: coordenada dentro del territorio nacional | R-08 El avalúo no debe superar la vigencia de política: no anterior a 2024-04-30 (24 meses),"Jefe de Garantías, Perito Revisor",402,false
2026-04,AV-2025-000082,4-367562,Heredia,Heredia,Heredia,GAM_CENTRO,Casa de habitación,PER-009,SI,REVISAR,Verificación documental,CRC,646897000.00,409643827.28,0.6332,2025-04-25,370,409643827.28,R-06,R-06 La coordenada debe corresponder al distrito declarado: a menos de 3 km del centroide; observado 70.8 km,Perito Revisor,218,false
2026-04,AV-2025-000092,3-260841,Cartago,Cartago,Oriental,GAM_CENTRO,Casa de habitación,PER-003,SI,REVISAR,Verificación documental,CRC,643802000.00,367336789.86,0.5706,2021-03-14,1873,367336789.86,R-08,R-08 El avalúo no debe superar la vigencia de política: no anterior a 2024-04-30 (24 meses),Jefe de Garantías,226,false
2026-04,AV-2025-000107,1-534833-172,San José,Santa Ana,Santa Ana,GAM_CENTRO,Condominio horizontal,PER-007,SI,NO_CONFIABLE,Re-inspección,USD,264020.00,149140.37,0.5649,2025-10-17,195,76061588.7,R-03,R-03 El valor total debe cuadrar con la suma de sus componentes: 283447.99,Perito Revisor,78,true
2026-04,AV-2025-000114,1-337593-022,San José,San José,Carmen,GAM_CENTRO,Apartamento,PER-005,SI,REVISAR,Verificación documental,USD,140826.00,67019.53,0.4759,2023-04-19,1107,34179960.3,R-08,R-08 El avalúo no debe superar la vigencia de política: no anterior a 2024-04-30 (24 meses),Jefe de Garantías,411,false
2026-04,AV-2025-000116,4-714528,Heredia,Santo Domingo,Santo Domingo,GAM_PERIFERIA,Casa de habitación,PER-006,SI,NO_CONFIABLE,Re-inspección,USD,210333.00,154200.45,0.7331,2025-07-23,281,78642229.5,R-02,R-02 Los campos obligatorios deben venir informados: campo informado,Coordinación de Calidad,76,true
2026-04,AV-2025-000119,1-629361,San José,Puriscal,Santiago,RURAL,Casa de habitación,PER-003,SI,NO_CONFIABLE,Re-inspección,USD,105686.00,,,2024-07-28,641,,R-01,R-01 No pueden existir dos avalúos con el mismo identificador: único dentro del corte,Coordinación de Calidad,111,true
2026-04,AV-2025-000119,2-929362,Alajuela,San Ramón,San Ramón,CIUDAD_INTERMEDIA,Finca agrícola,PER-004,SI,NO_CONFIABLE,Re-inspección,CRC,24510532000.00,,,2025-10-12,200,,R-01,R-01 No pueden existir dos avalúos con el mismo identificador: único dentro del corte,Coordinación de Calidad,112,true
2026-04,AV-2025-000128,4-814626,Heredia,San Rafael,San Rafael,GAM_PERIFERIA,Casa de habitación,PER-007,SI,REVISAR,Verificación documental,CRC,78961000.00,315407322.76,3.9945,2025-06-09,325,315407322.76,R-07,"R-07 El valor por m² de terreno debe estar dentro del rango de la zona: entre 250000.0 y 950000.0 (GAM_PERIFERIA, CRC)",Perito Revisor,241,false
2026-04,AV-2025-000136,1-465456,San José,Montes de Oca,San Pedro,GAM_CENTRO,Casa de habitación,PER-009,SI,REVISAR,Verificación documental,CRC,456070000.00,,,2022-03-23,1499,,R-08,R-08 El avalúo no debe superar la vigencia de política: no anterior a 2024-04-30 (24 meses),Jefe de Garantías,432,false
2026-04,AV-2025-000157,1-286122,San José,Pérez Zeledón,San Isidro de El General,CIUDAD_INTERMEDIA,Casa de habitación,PER-003,SI,REVISAR,Verificación documental,CRC,1459631000.00,573620971.12,0.393,2025-11-06,175,573620971.12,R-07,"R-07 El valor por m² de terreno debe estar dentro del rango de la zona: entre 200000.0 y 750000.0 (CIUDAD_INTERMEDIA, CRC)",Perito Revisor,207,false
2026-04,AV-2025-000174,4-376105,Heredia,Heredia,Heredia,GAM_CENTRO,Casa de habitación,PER-007,SI,REVISAR,Verificación documental,CRC,219731000.00,113953488.41,0.5186,2023-01-14,1202,113953488.41,R-08,R-08 El avalúo no debe superar la vigencia de política: no anterior a 2024-04-30 (24 meses),Jefe de Garantías,348,false
2026-04,AV-2025-000211,7-105024,Limón,Limón,Limón,CIUDAD_INTERMEDIA,Terreno baldío rural,PER-009,SI,NO_CONFIABLE,Re-inspección,CRC,1326703000.00,,,2025-12-25,126,,R-04,R-04 La tipología y lo construido deben ser compatibles: ambos en cero: la tipología no contempla construcción,Perito Revisor,113,true
2026-04,AV-2025-000216,3-518829,Cartago,Turrialba,Turrialba,CIUDAD_INTERMEDIA,Casa de habitación,PER-007,SI,NO_CONFIABLE,Re-inspección,CRC,366369000.00,,,2025-08-23,250,,R-03,R-03 El valor total debe cuadrar con la suma de sus componentes: 394203544.86,Perito Revisor,114,true
2026-04,AV-2025-000219,2-141010,Alajuela,San Carlos,Quesada,CIUDAD_INTERMEDIA,Casa de habitación,PER-008,SI,REVISAR,Verificación documental,CRC,1062663000.00,205750917.46,0.1936,2025-10-13,199,205750917.46,R-07,"R-07 El valor por m² de terreno debe estar dentro del rango de la zona: entre 200000.0 y 750000.0 (CIUDAD_INTERMEDIA, CRC)",Perito Revisor,291,false
2026-04,AV-2025-000220,3-438244,Cartago,Cartago,Oriental,GAM_CENTRO,Casa de habitación,PER-002,SI,REVISAR,Verificación documental,CRC,47364000.00,153282194.11,3.2363,2025-08-22,251,153282194.11,R-07,"R-07 El valor por m² de terreno debe estar dentro del rango de la zona: entre 400000.0 y 1350000.0 (GAM_CENTRO, CRC)",Perito Revisor,319,false
2026-04,AV-2025-000290,1-277862,San José,Curridabat,Curridabat,GAM_CENTRO,Edificio de oficinas,PER-006,SI,REVISAR,Verificación documental,USD,12007767.00,5883867.39,0.49,2025-09-26,216,3000772368.8999996,R-06,R-06 La coordenada debe corresponder al distrito declarado: a menos de 3 km del centroide; observado 79.5 km,Perito Revisor,162,false
2026-04,AV-2025-000296,5-834615,Guanacaste,Carrillo,Sardinal,COSTA,Casa de habitación,PER-004,SI,REVISAR,Verificación documental,USD,242385.00,169701.70,0.7001,2021-05-20,1806,86547867.0,R-08,R-08 El avalúo no debe superar la vigencia de política: no anterior a 2024-04-30 (24 meses),Jefe de Garantías,374,false
2026-04,AV-2025-000298,6-424314-390,Puntarenas,Quepos,Quepos,COSTA,Apartamento,PER-003,SI,NO_CONFIABLE,Re-inspección,CRC,91013000.00,56666439.22,0.6226,2025-08-28,245,56666439.22,R-05,R-05 Las fechas deben tener orden lógico: inspección <= valor <= informe,Coordinación de Calidad,85,true
2026-04,AV-2025-000303,1-662735,San José,Tibás,San Juan,GAM_CENTRO,Terreno baldío urbano,PER-004,SI,REVISAR,Verificación documental,USD,1194865.00,653203.34,0.5467,2023-11-18,894,333133703.4,R-08,R-08 El avalúo no debe superar la vigencia de política: no anterior a 2024-04-30 (24 meses),Jefe de Garantías,237,false
2026-04,AV-2025-000315,1-877794,San José,Puriscal,Santiago,RURAL,Finca agrícola,PER-004,SI,REVISAR,Verificación documental,CRC,24861686000.00,14175839643.61,0.5702,2022-10-26,1282,14175839643.61,R-08,R-08 El avalúo no debe superar la vigencia de política: no anterior a 2024-04-30 (24 meses),Jefe de Garantías,143,true
2026-04,AV-2025-000322,3-103259,Cartago,La Unión,Tres Ríos,GAM_PERIFERIA,Local comercial,PER-007,SI,REVISAR,Verificación documental,CRC,1595316000.00,747114960.41,0.4683,2025-09-06,236,747114960.41,R-06,R-06 La coordenada debe corresponder al distrito declarado: a menos de 4 km del centroide; observado 98.8 km,Perito Revisor,198,false
2026-04,AV-2025-000331,N/A,San José,Desamparados,Desamparados,GAM_PERIFERIA,Casa de habitación,PER-006,SI,NO_CONFIABLE,Re-inspección,CRC,495069000.00,381383346.53,0.7704,2025-03-16,410,381383346.53,R-02,R-02 Los campos obligatorios deben venir informados: campo informado,Coordinación de Calidad,28,true
2026-04,AV-2025-000333,1-300341,San José,Pérez Zeledón,San Isidro de El General,CIUDAD_INTERMEDIA,Finca agrícola,PER-007,SI,REVISAR,Verificación documental,CRC,33420656000.00,24539245163.63,0.7343,2025-02-14,440,24539245163.63,R-06,R-06 La coordenada debe corresponder al distrito declarado: a menos de 12 km del centroide; observado 75.8 km,Perito Revisor,141,true
2026-04,AV-2025-000360,4-859403,Heredia,Heredia,Heredia,GAM_CENTRO,Terreno baldío urbano,PER-007,SI,NO_CONFIABLE,Re-inspección,CRC,138809000.00,,,2025-11-18,163,,R-05,R-05 Las fechas deben tener orden lógico: brecha mayor a 30/15 días,Coordinación de Calidad,115,true
2026-04,AV-2025-000371,4-565674,Heredia,Santo Domingo,Santo Domingo,GAM_PERIFERIA,Local comercial,PER-006,SI,NO_CONFIABLE,Re-inspección,CRC,1018566000.00,,,2021-04-30,1826,,"R-05, R-08",R-05 Las fechas deben tener orden lógico: inspección <= valor <= informe | R-08 El avalúo no debe superar la vigencia de política: no anterior a 2024-04-30 (24 meses),"Coordinación de Calidad, Jefe de Garantías",116,true
2026-04,AV-2025-000378,4-851918-351,Heredia,Santo Domingo,Santo Domingo,GAM_PERIFERIA,Apartamento,PER-004,SI,REVISAR,Verificación documental,USD,111946.00,,,2025-01-16,469,,R-06,R-06 La coordenada debe corresponder al distrito declarado: a menos de 3 km del centroide; observado 109.4 km,Perito Revisor,433,false
2026-04,AV-2025-000379,1-395045,San José,Santa Ana,Santa Ana,GAM_CENTRO,Edificio de oficinas,PER-004,SI,REVISAR,Verificación documental,USD,7248161.00,3955054.88,0.5457,2025-10-01,211,2017077988.8,R-06,R-06 La coordenada debe corresponder al distrito declarado: a menos de 4 km del centroide; observado 83.1 km,Perito Revisor,171,false
2026-04,AV-2025-000392,4-713062,Heredia,Santo Domingo,Santo Domingo,GAM_PERIFERIA,Terreno baldío urbano,PER-003,SI,REVISAR,Verificación documental,USD,410139.00,,,2025-09-13,229,,"R-06, R-07","R-06 La coordenada debe corresponder al distrito declarado: a menos de 3 km del centroide; observado 111.7 km | R-07 El valor por m² de terreno debe estar dentro del rango de la zona: entre 110.0 y 650.0 (GAM_PERIFERIA, USD)",Perito Revisor,434,false
2026-04,AV-2025-000400,1-185516-383,San José,Santa Ana,Santa Ana,GAM_CENTRO,Apartamento,PER-005,SI,REVISAR,Verificación documental,USD,420491.00,,,2022-04-13,1478,,"R-06, R-08",R-06 La coordenada debe corresponder al distrito declarado: a menos de 4 km del centroide; observado 72.7 km | R-08 El avalúo no debe superar la vigencia de política: no anterior a 2024-04-30 (24 meses),"Jefe de Garantías, Perito Revisor",435,false
2026-04,AV-2025-000445,1-140514,San José,Goicoechea,Guadalupe,GAM_PERIFERIA,Casa de habitación,PER-003,SI,REVISAR,Verificación documental,USD,232694.00,153771.22,0.6608,2025-12-10,141,78423322.2,R-06,R-06 La coordenada debe corresponder al distrito declarado: a menos de 3 km del centroide; observado 70.4 km,Perito Revisor,377,false
2026-04,AV-2025-000449,1-619657,San José,Curridabat,Curridabat,GAM_CENTRO,Bodega o nave industrial,PER-003,SI,REVISAR,Verificación documental,USD,7548845.00,4290581.70,0.5684,2024-01-09,842,2188196667.0,R-08,R-08 El avalúo no debe superar la vigencia de política: no anterior a 2024-04-30 (24 meses),Jefe de Garantías,169,false
2026-04,AV-2025-000464,1-751771,San José,Montes de Oca,San Pedro,GAM_CENTRO,Casa de habitación,PER-007,SI,NO_CONFIABLE,Re-inspección,CRC,649263000.00,301925559.48,0.465,2025-11-04,177,301925559.48,R-03,R-03 El valor total debe cuadrar con la suma de sus componentes: 575626377.37,Perito Revisor,31,true
2026-04,AV-2025-000483,1-959677,San José,Montes de Oca,San Pedro,GAM_CENTRO,Bodega o nave industrial,PER-001,SI,REVISAR,Verificación documental,USD,7098485.00,5416378.73,0.763,2025-06-19,315,2762353152.3,R-06,R-06 La coordenada debe corresponder al distrito declarado: a menos de 3 km del centroide; observado 91.6 km,Perito Revisor,165,false
2026-04,AV-2025-000485,1-940924-131,San José,Montes de Oca,San Pedro,GAM_CENTRO,Apartamento,PER-003,SI,REVISAR,Verificación documental,CRC,157504000.00,112807263.21,0.7162,2023-12-11,871,112807263.21,R-08,R-08 El avalúo no debe superar la vigencia de política: no anterior a 2024-04-30 (24 meses),Jefe de Garantías,350,false
2026-04,AV-2025-000501,5-636985,Guanacaste,Nicoya,Nicoya,CIUDAD_INTERMEDIA,Terreno baldío urbano,PER-009,SI,REVISAR,Verificación documental,CRC,100038000.00,,,2021-08-14,1720,,R-08,R-08 El avalúo no debe superar la vigencia de política: no anterior a 2024-04-30 (24 meses),Jefe de Garantías,436,false
2026-04,AV-2025-000511,3-500074,Cartago,La Unión,Tres Ríos,GAM_PERIFERIA,Terreno baldío urbano,PER-006,SI,REVISAR,Verificación documental,CRC,260859000.00,214326910.98,0.8216,2023-04-21,1105,214326910.98,R-08,R-08 El avalúo no debe superar la vigencia de política: no anterior a 2024-04-30 (24 meses),Jefe de Garantías,287,false
2026-04,AV-2025-000532,2-524720,Alajuela,Grecia,Grecia,CIUDAD_INTERMEDIA,Local comercial,PER-003,SI,NO_CONFIABLE,Re-inspección,CRC,254494000.00,,,2025-02-28,426,,R-02,R-02 Los campos obligatorios deben venir informados: campo informado,Coordinación de Calidad,117,true
2026-04,AV-2025-000543,5-598561,Guanacaste,Carrillo,Sardinal,COSTA,Terreno baldío rural,PER-008,SI,REVISAR,Verificación documental,CRC,11427855000.00,,,2025-02-06,448,,R-06,R-06 La coordenada debe corresponder al distrito declarado: a menos de 10 km del centroide; observado 118.5 km,Perito Revisor,437,false
2026-04,AV-2025-000545,1-526234,San José,Puriscal,Santiago,RURAL,Terreno baldío urbano,PER-007,SI,REVISAR,Verificación documental,CRC,17975000.00,14483874.38,0.8058,2025-12-10,141,14483874.38,R-06,R-06 La coordenada debe corresponder al distrito declarado: a menos de 15 km del centroide; observado 53.6 km,Perito Revisor,417,false
2026-04,AV-2025-000556,1-875498,San José,Desamparados,Desamparados,GAM_PERIFERIA,Casa de habitación,PER-003,SI,NO_CONFIABLE,Re-inspección,CRC,591530000.00,,,2025-06-20,314,,R-05,R-05 Las fechas deben tener orden lógico: inspección <= valor <= informe,Coordinación de Calidad,118,true
2026-04,AV-2025-000622,4-554474,Heredia,Heredia,Heredia,GAM_CENTRO,Casa de habitación,PER-004,SI,REVISAR,Verificación documental,CRC,839846000.00,241648222.62,0.2877,2025-09-16,226,241648222.62,R-07,"R-07 El valor por m² de terreno debe estar dentro del rango de la zona: entre 400000.0 y 1350000.0 (GAM_CENTRO, CRC)",Perito Revisor,270,false
2026-04,AV-2025-000695,1-570874,San José,Desamparados,Desamparados,GAM_PERIFERIA,Casa de habitación,PER-009,SI,REVISAR,Verificación documental,CRC,2433565000.00,667536325.07,0.2743,2025-11-13,168,667536325.07,R-07,"R-07 El valor por m² de terreno debe estar dentro del rango de la zona: entre 250000.0 y 950000.0 (GAM_PERIFERIA, CRC)",Perito Revisor,203,false
2026-04,AV-2025-000716,1-135232,San José,Puriscal,Santiago,RURAL,Terreno baldío rural,PER-007,SI,NO_CONFIABLE,Re-inspección,CRC,874514000.00,,,2025-08-10,263,,R-01,R-01 No pueden existir dos avalúos con el mismo identificador: único dentro del corte,Coordinación de Calidad,119,true
2026-04,AV-2025-000716,1-977613-316,San José,Montes de Oca,San Pedro,GAM_CENTRO,Apartamento,PER-006,SI,NO_CONFIABLE,Re-inspección,USD,91650.00,,,2025-01-20,465,,R-01,R-01 No pueden existir dos avalúos con el mismo identificador: único dentro del corte,Coordinación de Calidad,120,true
2026-04,AV-2025-000727,1-594315,San José,Curridabat,Curridabat,GAM_CENTRO,Bodega o nave industrial,PER-002,SI,REVISAR,Verificación documental,USD,11505324.00,7883063.81,0.6852,2023-10-08,935,4020362543.1,R-08,R-08 El avalúo no debe superar la vigencia de política: no anterior a 2024-04-30 (24 meses),Jefe de Garantías,153,false
2026-04,AV-2025-000730,1-870162,San José,Puriscal,Santiago,RURAL,Casa de habitación,PER-003,SI,REVISAR,Verificación documental,CRC,1411256000.00,,,2024-01-04,847,,"R-07, R-08","R-07 El valor por m² de terreno debe estar dentro del rango de la zona: entre 150000.0 y 550000.0 (RURAL, CRC) | R-08 El avalúo no debe superar la vigencia de política: no anterior a 2024-04-30 (24 meses)","Jefe de Garantías, Perito Revisor",438,false
2026-04,AV-2025-000753,4-552428-381,Heredia,Belén,San Antonio,GAM_CENTRO,Apartamento,PER-007,SI,REVISAR,Verificación documental,USD,464674.00,321292.54,0.6914,2022-12-29,1218,163859195.39999998,"R-06, R-08",R-06 La coordenada debe corresponder al distrito declarado: a menos de 3 km del centroide; observado 75.6 km | R-08 El avalúo no debe superar la vigencia de política: no anterior a 2024-04-30 (24 meses),"Jefe de Garantías, Perito Revisor",311,false
2026-04,AV-2025-000761,7-877994,Limón,Talamanca,Cahuita,COSTA,Casa de habitación,PER-003,SI,REVISAR,Verificación documental,CRC,450925000.00,,,2025-12-09,142,,R-06,R-06 La coordenada debe corresponder al distrito declarado: coordenada dentro del territorio nacional,Perito Revisor,439,false
2026-04,AV-2025-000766,1-810649,San José,Goicoechea,Guadalupe,GAM_PERIFERIA,Local comercial,PER-007,SI,REVISAR,Verificación documental,CRC,3527406000.00,,,2022-12-20,1227,,R-08,R-08 El avalúo no debe superar la vigencia de política: no anterior a 2024-04-30 (24 meses),Jefe de Garantías,440,false
2026-04,AV-2025-000768,4-157357-195,Heredia,Belén,San Antonio,GAM_CENTRO,Apartamento,PER-007,SI,NO_CONFIABLE,Re-inspección,USD,126934.00,77989.24,0.6144,2025-06-17,317,39774512.400000006,R-05,R-05 Las fechas deben tener orden lógico: brecha mayor a 30/15 días,Coordinación de Calidad,92,true
2026-04,AV-2025-000772,1-503805-202,San José,Tibás,San Juan,GAM_CENTRO,Apartamento,PER-003,SI,NO_CONFIABLE,Re-inspección,USD,260968.00,158413.84,0.607,2025-07-04,300,80791058.39999999,R-02,R-02 Los campos obligatorios deben venir informados: campo informado,Coordinación de Calidad,74,true
2026-04,AV-2025-000775,3-833478,Cartago,La Unión,Tres Ríos,GAM_PERIFERIA,Local comercial,PER-009,SI,REVISAR,Verificación documental,CRC,1074775000.00,835457439.29,0.7773,2025-02-07,447,835457439.29,R-06,R-06 La coordenada debe corresponder al distrito declarado: a menos de 4 km del centroide; observado 82.0 km,Perito Revisor,192,false
2026-04,AV-2025-000788,1-478075,San José,Goicoechea,Guadalupe,GAM_PERIFERIA,Casa de habitación,PER-004,SI,NO_CONFIABLE,Re-inspección,CRC,746740000.00,551983436.32,0.7392,2025-07-14,290,551983436.32,R-05,R-05 Las fechas deben tener orden lógico: fecha posterior al corte 2026-04-30,Coordinación de Calidad,23,true
2026-04,AV-2025-000789,2-916213-173,Alajuela,Alajuela,Alajuela,GAM_CENTRO,Apartamento,PER-003,SI,REVISAR,Verificación documental,USD,545194.00,283921.06,0.5208,2022-12-20,1227,144799740.6,R-08,R-08 El avalúo no debe superar la vigencia de política: no anterior a 2024-04-30 (24 meses),Jefe de Garantías,325,false
2026-04,AV-2025-000799,7-198543-364,Limón,Talamanca,Cahuita,COSTA,Condominio horizontal,PER-003,SI,NO_CONFIABLE,Re-inspección,USD,204222.00,615503.05,3.0139,2025-08-07,266,313906555.5,R-04,R-04 La tipología y lo construido deben ser compatibles: ambos mayores a cero: la tipología exige construcción,Perito Revisor,30,true
2026-04,AV-2025-000830,3-105207-214,Cartago,Paraíso,Paraíso,GAM_PERIFERIA,Condominio horizontal,PER-001,SI,NO_CONFIABLE,Re-inspección,CRC,46839000.00,63379343.19,1.3531,2025-10-14,198,63379343.19,R-04,R-04 La tipología y lo construido deben ser compatibles: ambos mayores a cero: la tipología exige construcción,Perito Revisor,83,true
2026-04,AV-2025-000843,2-989100-257,Alajuela,Alajuela,Alajuela,GAM_CENTRO,Condominio horizontal,PER-001,SI,NO_CONFIABLE,Re-inspección,USD,448170.00,186951.33,0.4171,2025-10-02,210,95345178.3,R-03,R-03 El valor total debe cuadrar con la suma de sus componentes: 423468.47,Perito Revisor,66,true
2026-04,AV-2025-000844,1-915045,San José,San José,Carmen,GAM_CENTRO,Casa de habitación,PER-003,SI,REVISAR,Verificación documental,USD,582747.00,,,2023-11-07,905,,R-08,R-08 El avalúo no debe superar la vigencia de política: no anterior a 2024-04-30 (24 meses),Jefe de Garantías,441,false
2026-04,AV-2025-000865,1-524008-376,San José,Desamparados,Desamparados,GAM_PERIFERIA,Condominio horizontal,PER-003,SI,REVISAR,Verificación documental,USD,298653.00,216765.18,0.7258,2023-12-24,858,110550241.8,R-08,R-08 El avalúo no debe superar la vigencia de política: no anterior a 2024-04-30 (24 meses),Jefe de Garantías,353,false
2026-04,AV-2025-000868,3-543655,Cartago,Paraíso,Paraíso,GAM_PERIFERIA,Bodega o nave industrial,PER-004,SI,REVISAR,Verificación documental,CRC,5620635000.00,1211283967.98,0.2155,2025-06-28,306,1211283967.98,R-07,"R-07 El valor por m² de terreno debe estar dentro del rango de la zona: entre 180000.0 y 650000.0 (GAM_PERIFERIA, CRC)",Perito Revisor,184,false
2026-04,AV-2025-000870,7-828759,Limón,Limón,Limón,CIUDAD_INTERMEDIA,Terreno baldío urbano,PER-004,SI,REVISAR,Verificación documental,CRC,35301000.00,,,2025-05-22,343,,R-07,"R-07 El valor por m² de terreno debe estar dentro del rango de la zona: entre 35000.0 y 180000.0 (CIUDAD_INTERMEDIA, CRC)",Perito Revisor,442,false
2026-04,AV-2025-000901,1-664663,San José,Desamparados,Desamparados,GAM_PERIFERIA,Terreno baldío urbano,PER-004,SI,NO_CONFIABLE,Re-inspección,CRC,147573000.00,93622573.39,0.6344,2023-05-21,1075,93622573.39,"R-02, R-08",R-02 Los campos obligatorios deben venir informados: campo informado | R-08 El avalúo no debe superar la vigencia de política: no anterior a 2024-04-30 (24 meses),"Coordinación de Calidad, Jefe de Garantías",69,true
2026-04,AV-2025-000904,2-484925,Alajuela,Alajuela,Alajuela,GAM_CENTRO,Casa de habitación,PER-007,SI,REVISAR,Verificación documental,CRC,553565000.00,280095177.42,0.506,2021-12-04,1608,280095177.42,R-08,R-08 El avalúo no debe superar la vigencia de política: no anterior a 2024-04-30 (24 meses),Jefe de Garantías,255,false
2026-04,AV-2025-000907,3-946219,Cartago,Cartago,Oriental,GAM_CENTRO,Casa de habitación,PER-004,SI,NO_CONFIABLE,Re-inspección,CRC,396289000.00,184331617.05,0.4651,2025-05-04,361,184331617.05,R-05,R-05 Las fechas deben tener orden lógico: inspección <= valor <= informe,Coordinación de Calidad,44,true
2026-04,AV-2025-000910,3-242265,Cartago,Paraíso,Paraíso,GAM_PERIFERIA,Casa de habitación,PER-003,SI,REVISAR,Verificación documental,CRC,88339000.00,63288495.86,0.7164,2022-07-28,1372,63288495.86,R-08,R-08 El avalúo no debe superar la vigencia de política: no anterior a 2024-04-30 (24 meses),Jefe de Garantías,390,false
2026-04,AV-2025-000911,2-387681-032,Alajuela,Alajuela,Alajuela,GAM_CENTRO,Condominio horizontal,PER-004,SI,REVISAR,Verificación documental,USD,677891.00,365417.45,0.5391,2022-10-10,1298,186362899.5,"R-06, R-08",R-06 La coordenada debe corresponder al distrito declarado: a menos de 4 km del centroide; observado 47.3 km | R-08 El avalúo no debe superar la vigencia de política: no anterior a 2024-04-30 (24 meses),"Jefe de Garantías, Perito Revisor",299,false
2026-04,AV-2025-001016,4-361979-140,Heredia,Belén,San Antonio,GAM_CENTRO,Apartamento,PER-008,SI,REVISAR,Verificación documental,USD,310409.00,225043.77,0.725,2021-07-26,1739,114772322.69999999,R-08,R-08 El avalúo no debe superar la vigencia de política: no anterior a 2024-04-30 (24 meses),Jefe de Garantías,346,false
2026-04,AV-2025-001023,2-412553,Alajuela,Grecia,Grecia,CIUDAD_INTERMEDIA,Casa de habitación,No informado,NO,NO_CONFIABLE,Re-inspección,CRC,277259000.00,221094269.72,0.7974,2025-07-06,298,221094269.72,R-02,R-02 Los campos obligatorios deben venir informados: campo informado,Coordinación de Calidad,38,true
2026-04,AV-2025-001028,6-340949,Puntarenas,Garabito,Jacó,COSTA,Terreno baldío urbano,PER-007,SI,NO_CONFIABLE,Re-inspección,CRC,273465000.00,12265061.97,0.0449,2025-10-17,195,12265061.97,"R-02, R-07","R-02 Los campos obligatorios deben venir informados: campo informado | R-07 El valor por m² de terreno debe estar dentro del rango de la zona: entre 35000.0 y 345000.0 (COSTA, CRC)","Coordinación de Calidad, Perito Revisor",99,true
2026-04,AV-2025-001030,6-312136,Puntarenas,Quepos,Quepos,COSTA,Terreno baldío urbano,PER-007,SI,NO_CONFIABLE,Re-inspección,CRC,115175000.00,60473567.63,0.5251,2025-08-26,247,60473567.63,R-03,R-03 El valor total debe cuadrar con la suma de sus componentes: 108904903.21,Perito Revisor,84,true
2026-04,AV-2025-001035,2-816375,Alajuela,Upala,Upala,RURAL,Terreno baldío rural,PER-007,SI,REVISAR,Verificación documental,CRC,4609227000.00,3671564113.85,0.7966,2025-09-16,226,3671564113.85,R-06,R-06 La coordenada debe corresponder al distrito declarado: a menos de 20 km del centroide; observado 78.6 km,Perito Revisor,156,false
2026-04,AV-2025-001043,3-306424,Cartago,La Unión,Tres Ríos,GAM_PERIFERIA,Casa de habitación,PER-007,SI,REVISAR,Verificación documental,CRC,1132978000.00,368663369.45,0.3254,2025-04-03,392,368663369.45,R-07,"R-07 El valor por m² de terreno debe estar dentro del rango de la zona: entre 250000.0 y 950000.0 (GAM_PERIFERIA, CRC)",Perito Revisor,225,false
2026-04,AV-2025-001045,1-260457,San José,Tibás,San Juan,GAM_CENTRO,Local comercial,PER-006,SI,REVISAR,Verificación documental,CRC,3870566000.00,693537702.15,0.1792,2025-04-30,365,693537702.15,R-07,"R-07 El valor por m² de terreno debe estar dentro del rango de la zona: entre 350000.0 y 1400000.0 (GAM_CENTRO, CRC)",Perito Revisor,201,false
2026-04,AV-2025-001080,3-170615-207,Cartago,La Unión,Tres Ríos,GAM_PERIFERIA,Condominio horizontal,PER-003,SI,REVISAR,Verificación documental,USD,417486.00,277495.43,0.6647,2025-07-05,299,141522669.29999998,R-06,R-06 La coordenada debe corresponder al distrito declarado: a menos de 4 km del centroide; observado 112.3 km,Perito Revisor,329,false
2026-04,AV-2025-001106,3-691295-159,Cartago,La Unión,Tres Ríos,GAM_PERIFERIA,Apartamento,PER-003,SI,NO_CONFIABLE,Re-inspección,USD,101594.00,72595.80,0.7146,2025-05-14,351,37023858.0,"R-03, R-04",R-03 El valor total debe cuadrar con la suma de sus componentes: 19635.1 | R-04 La tipología y lo construido deben ser compatibles: ambos mayores a cero: la tipología exige construcción,Perito Revisor,93,true
2026-04,AV-2025-001110,3-964142,Cartago,Turrialba,Turrialba,CIUDAD_INTERMEDIA,Casa de habitación,PER-009,SI,REVISAR,Verificación documental,CRC,302049000.00,177789043.01,0.5886,2025-03-07,419,177789043.01,R-06,R-06 La coordenada debe corresponder al distrito declarado: a menos de 10 km del centroide; observado 98.9 km,Perito Revisor,306,false
2026-04,AV-2025-001133,1-137629,San José,Escazú,Escazú,GAM_CENTRO,Casa de habitación,PER-008,SI,REVISAR,Verificación documental,CRC,73437000.00,157180869.41,2.1403,2025-04-08,387,157180869.41,R-07,"R-07 El valor por m² de terreno debe estar dentro del rango de la zona: entre 400000.0 y 1350000.0 (GAM_CENTRO, CRC)",Perito Revisor,314,false
2026-04,AV-2025-001143,4-289380,Heredia,Belén,San Antonio,GAM_CENTRO,Local comercial,PER-004,SI,REVISAR,Verificación documental,CRC,1550013000.00,855424610.97,0.5519,2025-07-25,279,855424610.97,R-06,R-06 La coordenada debe corresponder al distrito declarado: a menos de 3 km del centroide; observado 90.8 km,Perito Revisor,191,false
2026-04,AV-2025-001153,7-329031,Limón,Limón,Limón,CIUDAD_INTERMEDIA,Bodega o nave industrial,PER-007,SI,REVISAR,Verificación documental,CRC,692964000.00,351194147.44,0.5068,2022-11-28,1249,351194147.44,R-08,R-08 El avalúo no debe superar la vigencia de política: no anterior a 2024-04-30 (24 meses),Jefe de Garantías,233,false
2026-04,AV-2025-001155,3-823241,Cartago,Paraíso,Paraíso,GAM_PERIFERIA,Casa de habitación,PER-007,SI,NO_CONFIABLE,Re-inspección,CRC,130583000.00,89638852.86,0.6865,2025-01-12,473,89638852.86,"R-03, R-04",R-03 El valor total debe cuadrar con la suma de sus componentes: 95176420.1 | R-04 La tipología y lo construido deben ser compatibles: ambos mayores a cero: la tipología exige construcción,Perito Revisor,71,true
2026-04,AV-2025-001156,2-457277,Alajuela,San Ramón,San Ramón,CIUDAD_INTERMEDIA,Casa de habitación,PER-002,SI,REVISAR,Verificación documental,CRC,209571000.00,142442028.02,0.6797,2022-07-19,1381,142442028.02,R-08,R-08 El avalúo no debe superar la vigencia de política: no anterior a 2024-04-30 (24 meses),Jefe de Garantías,326,false
2026-04,AV-2025-001177,2-220954,Alajuela,San Carlos,Quesada,CIUDAD_INTERMEDIA,Casa de habitación,PER-007,SI,REVISAR,Verificación documental,CRC,1340806000.00,314255801.96,0.2344,2025-05-01,364,314255801.96,R-07,"R-07 El valor por m² de terreno debe estar dentro del rango de la zona: entre 200000.0 y 750000.0 (CIUDAD_INTERMEDIA, CRC)",Perito Revisor,243,false
2026-04,AV-2025-001183,7-743314,Limón,Talamanca,Cahuita,COSTA,Terreno baldío urbano,PER-003,SI,REVISAR,Verificación documental,USD,21729.00,,,2025-08-06,267,,R-07,"R-07 El valor por m² de terreno debe estar dentro del rango de la zona: entre 75.0 y 750.0 (COSTA, USD)",Perito Revisor,443,false
2026-04,AV-2025-001214,4-686987-017,Heredia,Santo Domingo,Santo Domingo,GAM_PERIFERIA,Apartamento,PER-003,SI,NO_CONFIABLE,Re-inspección,USD,26205.00,150762.03,5.7532,2025-07-11,293,76888635.3,R-04,R-04 La tipología y lo construido deben ser compatibles: ambos mayores a cero: la tipología exige construcción,Perito Revisor,77,true
2026-04,AV-2025-001221,4-978295,Heredia,Heredia,Heredia,GAM_CENTRO,Casa de habitación,PER-003,SI,REVISAR,Verificación documental,CRC,538057000.00,432916832.02,0.8046,2021-08-11,1723,432916832.02,R-08,R-08 El avalúo no debe superar la vigencia de política: no anterior a 2024-04-30 (24 meses),Jefe de Garantías,215,false
2026-04,AV-2025-001224,1-620650-308,San José,Santa Ana,Santa Ana,GAM_CENTRO,Condominio horizontal,PER-008,SI,REVISAR,Verificación documental,USD,1115494.00,702820.15,0.6301,2022-11-17,1260,358438276.5,R-08,R-08 El avalúo no debe superar la vigencia de política: no anterior a 2024-04-30 (24 meses),Jefe de Garantías,229,false
2026-04,AV-2025-001226,4-834729,Heredia,Sarapiquí,Puerto Viejo,RURAL,Finca agrícola,PER-009,SI,REVISAR,Verificación documental,CRC,88334000.00,1957075522.20,22.1554,2025-05-24,341,1957075522.2,R-07,"R-07 El valor por m² de terreno debe estar dentro del rango de la zona: entre 1500.0 y 30000.0 (RURAL, CRC)",Perito Revisor,174,false
2026-04,AV-2025-001232,2-872175,Alajuela,Alajuela,Alajuela,GAM_CENTRO,Casa de habitación,PER-003,SI,REVISAR,Verificación documental,CRC,3757876000.00,560878948.95,0.1493,2025-04-12,383,560878948.95,R-07,"R-07 El valor por m² de terreno debe estar dentro del rango de la zona: entre 400000.0 y 1350000.0 (GAM_CENTRO, CRC)",Perito Revisor,209,false
2026-04,AV-2025-001235,6-839340,Puntarenas,Garabito,Jacó,COSTA,Casa de habitación,PER-001,SI,REVISAR,Verificación documental,CRC,313455000.00,,,2023-08-06,998,,R-08,R-08 El avalúo no debe superar la vigencia de política: no anterior a 2024-04-30 (24 meses),Jefe de Garantías,444,false
2026-04,AV-2025-001240,7-241624,Limón,Pococí,Guápiles,CIUDAD_INTERMEDIA,Local comercial,PER-003,SI,REVISAR,Verificación documental,CRC,3324845000.00,,,2023-08-25,979,,"R-06, R-08",R-06 La coordenada debe corresponder al distrito declarado: a menos de 10 km del centroide; observado 57.4 km | R-08 El avalúo no debe superar la vigencia de política: no anterior a 2024-04-30 (24 meses),"Jefe de Garantías, Perito Revisor",445,false
2026-04,AV-2025-001253,3-719399-024,Cartago,Cartago,Oriental,GAM_CENTRO,Apartamento,PER-008,SI,REVISAR,Verificación documental,USD,630788.00,,,2022-03-28,1494,,R-08,R-08 El avalúo no debe superar la vigencia de política: no anterior a 2024-04-30 (24 meses),Jefe de Garantías,446,false
2026-04,AV-2025-001261,1-446708,San José,Curridabat,Curridabat,GAM_CENTRO,Casa de habitación,PER-003,SI,REVISAR,Verificación documental,CRC,328245000.00,772052752.26,2.3521,2025-10-17,195,772052752.26,R-07,"R-07 El valor por m² de terreno debe estar dentro del rango de la zona: entre 400000.0 y 1350000.0 (GAM_CENTRO, CRC)",Perito Revisor,197,false
2026-04,AV-2025-001281,2-686404,Alajuela,Alajuela,Alajuela,GAM_CENTRO,Terreno baldío urbano,PER-003,SI,NO_CONFIABLE,Re-inspección,CRC,146397000.00,65734928.39,0.449,2025-12-09,142,65734928.39,R-03,R-03 El valor total debe cuadrar con la suma de sus componentes: 127998314.17,Perito Revisor,81,true
2026-04,AV-2025-001289,5-342499,Guanacaste,Carrillo,Sardinal,COSTA,Casa de habitación,PER-006,SI,REVISAR,Verificación documental,USD,719312.00,1514530.48,2.1055,2025-12-25,126,772410544.8,R-07,"R-07 El valor por m² de terreno debe estar dentro del rango de la zona: entre 650.0 y 3250.0 (COSTA, USD)",Perito Revisor,196,false
2026-04,AV-2025-001332,1-433211,San José,San José,Carmen,GAM_CENTRO,Local comercial,PER-005,SI,NO_CONFIABLE,Re-inspección,CRC,1879474000.00,1255498802.56,0.668,2025-12-03,148,1255498802.56,R-03,R-03 El valor total debe cuadrar con la suma de sus componentes: 1598565920.01,Perito Revisor,15,true
2026-04,AV-2025-001337,5-301325,Guanacaste,Liberia,Liberia,CIUDAD_INTERMEDIA,Casa de habitación,PER-008,SI,REVISAR,Verificación documental,CRC,80257000.00,142010271.70,1.7694,2025-12-19,132,142010271.7,R-07,"R-07 El valor por m² de terreno debe estar dentro del rango de la zona: entre 200000.0 y 750000.0 (CIUDAD_INTERMEDIA, CRC)",Perito Revisor,327,false
2026-04,AV-2025-001348,1-429387,San José,Pérez Zeledón,San Isidro de El General,CIUDAD_INTERMEDIA,Finca agrícola,PER-006,SI,NO_CONFIABLE,Re-inspección,CRC,6437275000.00,,,2025-11-23,158,,R-03,R-03 El valor total debe cuadrar con la suma de sus componentes: 7665233060.12,Perito Revisor,121,true
2026-04,AV-2025-001349,1-158805,San José,Puriscal,Santiago,RURAL,Terreno baldío urbano,PER-005,SI,REVISAR,Verificación documental,CRC,22020000.00,16419545.71,0.7457,2025-10-21,191,16419545.71,R-06,R-06 La coordenada debe corresponder al distrito declarado: a menos de 15 km del centroide; observado 68.0 km,Perito Revisor,415,false
2026-04,AV-2025-001375,3-933266,Cartago,Cartago,Oriental,GAM_CENTRO,Local comercial,PER-009,SI,NO_CONFIABLE,Re-inspección,CRC,1916466000.00,893419756.89,0.4662,2025-06-14,320,893419756.89,R-03,R-03 El valor total debe cuadrar con la suma de sus componentes: 1744112532.67,Perito Revisor,18,true
2026-04,AV-2025-001402,4-992197,Heredia,San Rafael,San Rafael,GAM_PERIFERIA,Local comercial,PER-005,SI,REVISAR,Verificación documental,USD,1390134.00,695663.23,0.5004,2025-11-12,169,354788247.3,R-06,R-06 La coordenada debe corresponder al distrito declarado: a menos de 4 km del centroide; observado 102.1 km,Perito Revisor,231,false
2026-04,AV-2025-001412,1-940452,San José,Santa Ana,Santa Ana,GAM_CENTRO,Local comercial,PER-002,SI,NO_CONFIABLE,Re-inspección,CRC,948164000.00,654914682.99,0.6907,2025-03-30,396,654914682.99,R-02,R-02 Los campos obligatorios deben venir informados: campo informado,Coordinación de Calidad,21,true
2026-04,AV-2025-001413,7-691826,Limón,Limón,Limón,CIUDAD_INTERMEDIA,Finca agrícola,PER-005,SI,REVISAR,Verificación documental,CRC,15020135000.00,10236333981.02,0.6815,2025-05-05,360,10236333981.02,R-06,R-06 La coordenada debe corresponder al distrito declarado: coordenada dentro del territorio nacional,Perito Revisor,148,true
2026-04,AV-2025-001420,4-436816,Heredia,Sarapiquí,Puerto Viejo,RURAL,Casa de habitación,PER-003,SI,NO_CONFIABLE,Re-inspección,CRC,173853000.00,107551810.27,0.6186,2025-01-22,463,107551810.27,R-03,R-03 El valor total debe cuadrar con la suma de sus componentes: 145628890.56,Perito Revisor,60,true
2026-04,AV-2025-001421,1-182541,San José,Puriscal,Santiago,RURAL,Casa de habitación,PER-003,SI,REVISAR,Verificación documental,CRC,114137000.00,53089098.71,0.4651,2025-12-09,142,53089098.71,R-06,R-06 La coordenada debe corresponder al distrito declarado: a menos de 15 km del centroide; observado 98.0 km,Perito Revisor,398,false
2026-04,AV-2025-001485,2-408522,Alajuela,San Carlos,Quesada,CIUDAD_INTERMEDIA,Casa de habitación,PER-007,SI,NO_CONFIABLE,Re-inspección,CRC,200416000.00,,,2025-03-18,408,,R-05,R-05 Las fechas deben tener orden lógico: inspección <= valor <= informe,Coordinación de Calidad,122,true
2026-04,AV-2025-001504,7-537777,Limón,Talamanca,Cahuita,COSTA,Terreno baldío urbano,PER-008,SI,REVISAR,Verificación documental,CRC,108630000.00,47314417.46,0.4356,2022-02-07,1543,47314417.46,R-08,R-08 El avalúo no debe superar la vigencia de política: no anterior a 2024-04-30 (24 meses),Jefe de Garantías,403,false
2026-04,AV-2025-001518,1-673985-199,San José,Desamparados,Desamparados,GAM_PERIFERIA,Apartamento,PER-008,SI,REVISAR,Verificación documental,USD,393959.00,285587.46,0.7249,2024-01-08,843,145649604.60000002,R-08,R-08 El avalúo no debe superar la vigencia de política: no anterior a 2024-04-30 (24 meses),Jefe de Garantías,323,false
2026-04,AV-2025-001519,4-541458,Heredia,Sarapiquí,Puerto Viejo,RURAL,Casa de habitación,PER-002,SI,REVISAR,Verificación documental,CRC,153861000.00,119602805.07,0.7773,2022-05-22,1439,119602805.07,R-08,R-08 El avalúo no debe superar la vigencia de política: no anterior a 2024-04-30 (24 meses),Jefe de Garantías,341,false
2026-04,AV-2025-001533,3-357422,Cartago,La Unión,Tres Ríos,GAM_PERIFERIA,Casa de habitación,PER-003,SI,REVISAR,Verificación documental,USD,162915.00,,,2021-04-12,1844,,"R-06, R-08",R-06 La coordenada debe corresponder al distrito declarado: a menos de 4 km del centroide; observado 102.6 km | R-08 El avalúo no debe superar la vigencia de política: no anterior a 2024-04-30 (24 meses),"Jefe de Garantías, Perito Revisor",447,false
2026-04,AV-2025-001554,5-427417,Guanacaste,Santa Cruz,Tamarindo,COSTA,Casa de habitación,PER-003,SI,REVISAR,Verificación documental,CRC,129542000.00,253113140.29,1.9539,2025-04-19,376,253113140.29,R-07,"R-07 El valor por m² de terreno debe estar dentro del rango de la zona: entre 300000.0 y 1500000.0 (COSTA, CRC)",Perito Revisor,265,false
2026-04,AV-2025-001561,4-390081,Heredia,Santo Domingo,Santo Domingo,GAM_PERIFERIA,Casa de habitación,PER-006,SI,REVISAR,Verificación documental,CRC,631565000.00,,,2022-12-30,1217,,R-08,R-08 El avalúo no debe superar la vigencia de política: no anterior a 2024-04-30 (24 meses),Jefe de Garantías,448,false
2026-04,AV-2025-001563,4-250913,Heredia,San Rafael,San Rafael,GAM_PERIFERIA,Local comercial,PER-001,SI,NO_CONFIABLE,Re-inspección,CRC,275637000.00,393980909.19,1.4293,2025-12-21,130,393980909.19,R-04,R-04 La tipología y lo construido deben ser compatibles: ambos mayores a cero: la tipología exige construcción,Perito Revisor,27,true
2026-04,AV-2025-001567,4-615550,Heredia,Santo Domingo,Santo Domingo,GAM_PERIFERIA,Casa de habitación,PER-009,SI,REVISAR,Verificación documental,CRC,161008000.00,99909675.54,0.6205,2024-01-17,834,99909675.54,R-08,R-08 El avalúo no debe superar la vigencia de política: no anterior a 2024-04-30 (24 meses),Jefe de Garantías,365,false
2026-04,AV-2025-001590,1-331464,San José,Puriscal,Santiago,RURAL,Finca agrícola,PER-003,SI,REVISAR,Verificación documental,CRC,3996165000.00,3254413090.41,0.8144,2021-04-17,1839,3254413090.41,R-08,R-08 El avalúo no debe superar la vigencia de política: no anterior a 2024-04-30 (24 meses),Jefe de Garantías,159,false
2026-04,AV-2025-001617,1-806626,San José,Goicoechea,Guadalupe,GAM_PERIFERIA,Terreno baldío urbano,PER-003,SI,REVISAR,Verificación documental,CRC,156672000.00,104436231.14,0.6666,2022-02-10,1540,104436231.14,R-08,R-08 El avalúo no debe superar la vigencia de política: no anterior a 2024-04-30 (24 meses),Jefe de Garantías,359,false
2026-04,AV-2025-001622,4-697037,Heredia,Belén,San Antonio,GAM_CENTRO,Casa de habitación,PER-005,SI,REVISAR,Verificación documental,CRC,210704000.00,137405708.84,0.6521,2023-01-23,1193,137405708.84,R-08,R-08 El avalúo no debe superar la vigencia de política: no anterior a 2024-04-30 (24 meses),Jefe de Garantías,332,false
2026-04,AV-2025-001623,4-456725,Heredia,Santo Domingo,Santo Domingo,GAM_PERIFERIA,Casa de habitación,PER-005,SI,REVISAR,Verificación documental,USD,338067.00,190071.19,0.5622,2023-09-27,946,96936306.9,"R-06, R-08",R-06 La coordenada debe corresponder al distrito declarado: a menos de 3 km del centroide; observado 73.1 km | R-08 El avalúo no debe superar la vigencia de política: no anterior a 2024-04-30 (24 meses),"Jefe de Garantías, Perito Revisor",368,false
2026-04,AV-2025-001629,2-147217,Alajuela,Upala,Upala,RURAL,Casa de habitación,PER-007,SI,REVISAR,Verificación documental,CRC,222559000.00,353758072.74,1.5895,2023-03-12,1145,353758072.74,"R-07, R-08","R-07 El valor por m² de terreno debe estar dentro del rango de la zona: entre 150000.0 y 550000.0 (RURAL, CRC) | R-08 El avalúo no debe superar la vigencia de política: no anterior a 2024-04-30 (24 meses)","Jefe de Garantías, Perito Revisor",232,false
2026-04,AV-2025-001701,1-763481,San José,Desamparados,Desamparados,GAM_PERIFERIA,Terreno baldío urbano,PER-003,SI,REVISAR,Verificación documental,CRC,30101000.00,22270155.42,0.7398,2022-12-29,1218,22270155.42,R-08,R-08 El avalúo no debe superar la vigencia de política: no anterior a 2024-04-30 (24 meses),Jefe de Garantías,414,false
2026-04,AV-2025-001719,4-497479-030,Heredia,Santo Domingo,Santo Domingo,GAM_PERIFERIA,Apartamento,PER-007,SI,REVISAR,Verificación documental,USD,430836.00,272406.13,0.6323,2023-06-13,1052,138927126.3,R-08,R-08 El avalúo no debe superar la vigencia de política: no anterior a 2024-04-30 (24 meses),Jefe de Garantías,330,false
2026-04,AV-2025-001724,5-886656,Guanacaste,Santa Cruz,Tamarindo,COSTA,Terreno baldío rural,PER-003,SI,REVISAR,Verificación documental,CRC,7057767000.00,5014111997.62,0.7104,2024-02-13,807,5014111997.62,R-08,R-08 El avalúo no debe superar la vigencia de política: no anterior a 2024-04-30 (24 meses),Jefe de Garantías,151,false
2026-04,AV-2025-001726,2-489240,Alajuela,San Carlos,Quesada,CIUDAD_INTERMEDIA,Terreno baldío rural,PER-003,SI,REVISAR,Verificación documental,CRC,690223000.00,,,2022-01-06,1575,,R-08,R-08 El avalúo no debe superar la vigencia de política: no anterior a 2024-04-30 (24 meses),Jefe de Garantías,449,false
2026-04,AV-2025-001744,3-339080,Cartago,Paraíso,Paraíso,GAM_PERIFERIA,Terreno baldío urbano,PER-003,SI,REVISAR,Verificación documental,CRC,33448000.00,,,2021-11-21,1621,,R-08,R-08 El avalúo no debe superar la vigencia de política: no anterior a 2024-04-30 (24 meses),Jefe de Garantías,450,false
2026-04,AV-2025-001747,3-279517,Cartago,Paraíso,Paraíso,GAM_PERIFERIA,Local comercial,PER-007,SI,NO_CONFIABLE,Re-inspección,CRC,1129591000.00,871205797.86,0.7713,2025-10-07,205,871205797.86,R-05,R-05 Las fechas deben tener orden lógico: inspección <= valor <= informe,Coordinación de Calidad,19,true
2026-04,AV-2025-001772,1-252613,San José,Pérez Zeledón,San Isidro de El General,CIUDAD_INTERMEDIA,Casa de habitación,PER-006,SI,REVISAR,Verificación documental,USD,496044.00,221332.04,0.4462,2025-10-26,186,112879340.4,R-06,R-06 La coordenada debe corresponder al distrito declarado: a menos de 12 km del centroide; observado 49.3 km,Perito Revisor,349,false
2026-04,AV-2025-001795,4-896140,Heredia,Santo Domingo,Santo Domingo,GAM_PERIFERIA,Bodega o nave industrial,PER-001,SI,NO_CONFIABLE,Re-inspección,USD,2740514.00,2303505.09,0.8405,2025-07-12,292,1174787595.8999999,R-03,R-03 El valor total debe cuadrar con la suma de sus componentes: 3080510.39,Perito Revisor,16,true
2026-04,AV-2025-001798,4-255242,Heredia,San Rafael,San Rafael,GAM_PERIFERIA,Terreno baldío urbano,PER-002,SI,REVISAR,Verificación documental,CRC,50215000.00,25647083.80,0.5107,2025-10-04,208,25647083.8,R-06,R-06 La coordenada debe corresponder al distrito declarado: a menos de 4 km del centroide; observado 120.4 km,Perito Revisor,413,false
2026-04,AV-2025-001800,2-357810,Alajuela,San Ramón,San Ramón,CIUDAD_INTERMEDIA,Bodega o nave industrial,PER-009,SI,REVISAR,Verificación documental,USD,2329658.00,1730720.51,0.7429,2025-01-24,461,882667460.1,R-06,R-06 La coordenada debe corresponder al distrito declarado: a menos de 8 km del centroide; observado 59.4 km,Perito Revisor,190,false
2026-04,AV-2025-001802,1-223425-187,San José,Escazú,Escazú,GAM_CENTRO,Condominio horizontal,PER-008,SI,REVISAR,Verificación documental,USD,361028.00,278363.20,0.771,2021-10-25,1648,141965232.0,"R-06, R-08",R-06 La coordenada debe corresponder al distrito declarado: a menos de 4 km del centroide; observado 79.3 km | R-08 El avalúo no debe superar la vigencia de política: no anterior a 2024-04-30 (24 meses),"Jefe de Garantías, Perito Revisor",328,false
2026-04,AV-2025-001818,1-652805,San José,Desamparados,Desamparados,GAM_PERIFERIA,Terreno baldío urbano,PER-007,SI,REVISAR,Verificación documental,CRC,107380000.00,80701324.35,0.7515,2023-09-22,951,80701324.35,R-08,R-08 El avalúo no debe superar la vigencia de política: no anterior a 2024-04-30 (24 meses),Jefe de Garantías,376,false
2026-04,AV-2025-001835,1-103163,San José,Escazú,Escazú,GAM_CENTRO,Local comercial,PER-009,SI,REVISAR,Verificación documental,CRC,424735000.00,301441140.03,0.7097,2022-05-23,1438,301441140.03,R-08,R-08 El avalúo no debe superar la vigencia de política: no anterior a 2024-04-30 (24 meses),Jefe de Garantías,249,false
2026-04,AV-2025-001845,4-569345,Heredia,Santo Domingo,Santo Domingo,GAM_PERIFERIA,Bodega o nave industrial,PER-003,SI,NO_CONFIABLE,Re-inspección,USD,617383.00,1388898.93,2.2497,2021-09-05,1698,708338454.3,"R-04, R-08",R-04 La tipología y lo construido deben ser compatibles: ambos mayores a cero: la tipología exige construcción | R-08 El avalúo no debe superar la vigencia de política: no anterior a 2024-04-30 (24 meses),"Jefe de Garantías, Perito Revisor",20,true
2026-04,AV-2025-001876,1-656428,San José,Goicoechea,Guadalupe,GAM_PERIFERIA,Casa de habitación,PER-006,SI,REVISAR,Verificación documental,CRC,286042000.00,169679222.02,0.5932,2022-11-21,1256,169679222.02,R-08,R-08 El avalúo no debe superar la vigencia de política: no anterior a 2024-04-30 (24 meses),Jefe de Garantías,309,false
2026-04,AV-2025-001885,6-468599,Puntarenas,Puntarenas,Puntarenas,CIUDAD_INTERMEDIA,Local comercial,PER-003,SI,REVISAR,Verificación documental,CRC,7354574000.00,2343416718.63,0.3186,2025-08-13,260,2343416718.63,R-07,"R-07 El valor por m² de terreno debe estar dentro del rango de la zona: entre 200000.0 y 800000.0 (CIUDAD_INTERMEDIA, CRC)",Perito Revisor,166,false
2026-04,AV-2025-001887,7-202111-315,Limón,Talamanca,Cahuita,COSTA,Condominio horizontal,PER-001,SI,REVISAR,Verificación documental,USD,286430.00,230817.69,0.8058,2023-01-16,1200,117717021.9,"R-06, R-08",R-06 La coordenada debe corresponder al distrito declarado: a menos de 12 km del centroide; observado 99.8 km | R-08 El avalúo no debe superar la vigencia de política: no anterior a 2024-04-30 (24 meses),"Jefe de Garantías, Perito Revisor",343,false
2026-04,AV-2025-001923,3-371214,Cartago,Paraíso,Paraíso,GAM_PERIFERIA,Local comercial,PER-009,SI,REVISAR,Verificación documental,CRC,5267834000.00,1678240679.34,0.3186,2025-09-30,212,1678240679.34,R-07,"R-07 El valor por m² de terreno debe estar dentro del rango de la zona: entre 250000.0 y 900000.0 (GAM_PERIFERIA, CRC)",Perito Revisor,178,false
2026-04,AV-2025-001942,7-723457,Limón,Limón,Limón,CIUDAD_INTERMEDIA,Finca agrícola,PER-008,SI,REVISAR,Verificación documental,CRC,29508755000.00,,,2025-10-13,199,,R-06,R-06 La coordenada debe corresponder al distrito declarado: a menos de 6 km del centroide; observado 86.7 km,Perito Revisor,451,false
2026-04,AV-2025-001950,1-730047,San José,Pérez Zeledón,San Isidro de El General,CIUDAD_INTERMEDIA,Casa de habitación,PER-001,SI,REVISAR,Verificación documental,CRC,122544000.00,81465405.63,0.6648,2023-12-16,866,81465405.63,R-08,R-08 El avalúo no debe superar la vigencia de política: no anterior a 2024-04-30 (24 meses),Jefe de Garantías,375,false
2026-04,AV-2025-001956,1-666734,San José,Curridabat,Curridabat,GAM_CENTRO,Casa de habitación,No informado,NO,NO_CONFIABLE,Re-inspección,CRC,190433000.00,85994291.88,0.4516,2025-08-15,258,85994291.88,R-02,R-02 Los campos obligatorios deben venir informados: campo informado,Coordinación de Calidad,72,true
2026-04,AV-2025-001986,7-538525-331,Limón,Talamanca,Cahuita,COSTA,Apartamento,PER-005,SI,NO_CONFIABLE,Re-inspección,CRC,82095000.00,54860675.28,0.6683,2023-01-31,1185,54860675.28,"R-03, R-08",R-03 El valor total debe cuadrar con la suma de sus componentes: 96991021.63 | R-08 El avalúo no debe superar la vigencia de política: no anterior a 2024-04-30 (24 meses),"Jefe de Garantías, Perito Revisor",86,true
2026-04,AV-2025-002008,4-393240,Heredia,Sarapiquí,Puerto Viejo,RURAL,Finca agrícola,PER-007,SI,REVISAR,Verificación documental,CRC,17316345000.00,12319493773.78,0.7114,2025-06-14,320,12319493773.78,R-07,"R-07 El valor por m² de terreno debe estar dentro del rango de la zona: entre 1500.0 y 30000.0 (RURAL, CRC)",Perito Revisor,146,true
2026-04,AV-2025-002025,2-318121,Alajuela,San Ramón,San Ramón,CIUDAD_INTERMEDIA,Terreno baldío urbano,PER-003,SI,REVISAR,Verificación documental,CRC,16177000.00,100126968.93,6.1895,2025-10-20,192,100126968.93,R-07,"R-07 El valor por m² de terreno debe estar dentro del rango de la zona: entre 35000.0 y 180000.0 (CIUDAD_INTERMEDIA, CRC)",Perito Revisor,363,false
2026-04,AV-2025-002044,4-562255,Heredia,San Rafael,San Rafael,GAM_PERIFERIA,Bodega o nave industrial,PER-003,SI,NO_CONFIABLE,Re-inspección,USD,6647525.00,3788822.19,0.57,2025-05-19,346,1932299316.8999999,R-03,R-03 El valor total debe cuadrar con la suma de sus componentes: 7759857.88,Perito Revisor,11,true
2026-04,AV-2025-002046,5-488061,Guanacaste,Liberia,Liberia,CIUDAD_INTERMEDIA,Terreno baldío urbano,PER-003,SI,REVISAR,Verificación documental,USD,591773.00,390704.67,0.6602,2021-09-18,1685,199259381.7,R-08,R-08 El avalúo no debe superar la vigencia de política: no anterior a 2024-04-30 (24 meses),Jefe de Garantías,295,false
2026-04,AV-2025-002066,1-441609-243,San José,San José,Carmen,GAM_CENTRO,Apartamento,PER-007,SI,NO_CONFIABLE,Re-inspección,CRC,19126000.00,80737517.24,4.2213,2025-03-07,419,80737517.24,"R-04, R-07","R-04 La tipología y lo construido deben ser compatibles: ambos mayores a cero: la tipología exige construcción | R-07 El valor por m² de terreno debe estar dentro del rango de la zona: entre 500000.0 y 1600000.0 (GAM_CENTRO, CRC)",Perito Revisor,75,true
2026-04,AV-2025-002092,1-342583,San José,Curridabat,Curridabat,GAM_CENTRO,Casa de habitación,PER-003,SI,REVISAR,Verificación documental,CRC,2605439000.00,240151190.44,0.0922,2025-02-25,429,240151190.44,"R-06, R-07","R-06 La coordenada debe corresponder al distrito declarado: a menos de 3 km del centroide; observado 61.8 km | R-07 El valor por m² de terreno debe estar dentro del rango de la zona: entre 400000.0 y 1350000.0 (GAM_CENTRO, CRC)",Perito Revisor,272,false
2026-04,AV-2025-002098,1-916452,San José,San José,Carmen,GAM_CENTRO,Casa de habitación,PER-009,SI,REVISAR,Verificación documental,USD,796158.00,566193.58,0.7112,2025-12-10,141,288758725.79999995,R-06,R-06 La coordenada debe corresponder al distrito declarado: coordenada dentro del territorio nacional,Perito Revisor,254,false
2026-04,AV-2025-002103,4-585170,Heredia,Heredia,Heredia,GAM_CENTRO,Edificio de oficinas,PER-005,SI,REVISAR,Verificación documental,USD,12460891.00,,,2025-12-21,130,,R-06,R-06 La coordenada debe corresponder al distrito declarado: a menos de 3 km del centroide; observado 72.0 km,Perito Revisor,452,false
2026-04,AV-2025-002109,3-874418,Cartago,Cartago,Oriental,GAM_CENTRO,Terreno baldío urbano,PER-006,SI,REVISAR,Verificación documental,CRC,451586000.00,310848447.00,0.6883,2022-09-06,1332,310848447.0,R-08,R-08 El avalúo no debe superar la vigencia de política: no anterior a 2024-04-30 (24 meses),Jefe de Garantías,244,false
2026-04,AV-2025-002129,7-630805,Limón,Limón,Limón,CIUDAD_INTERMEDIA,Casa de habitación,PER-007,SI,REVISAR,Verificación documental,CRC,1394247000.00,192843222.31,0.1383,2025-08-10,263,192843222.31,R-07,"R-07 El valor por m² de terreno debe estar dentro del rango de la zona: entre 200000.0 y 750000.0 (CIUDAD_INTERMEDIA, CRC)",Perito Revisor,297,false
2026-04,AV-2025-002133,3-897475,Cartago,Cartago,Oriental,GAM_CENTRO,Local comercial,PER-008,SI,REVISAR,Verificación documental,CRC,2952650000.00,2208077675.29,0.7478,2023-09-04,969,2208077675.29,R-08,R-08 El avalúo no debe superar la vigencia de política: no anterior a 2024-04-30 (24 meses),Jefe de Garantías,168,false
2026-04,AV-2025-002171,2-883048-268,Alajuela,Alajuela,Alajuela,GAM_CENTRO,Condominio horizontal,PER-007,SI,REVISAR,Verificación documental,USD,327918.00,234878.69,0.7163,2025-10-15,197,119788131.9,R-06,R-06 La coordenada debe corresponder al distrito declarado: a menos de 4 km del centroide; observado 94.3 km,Perito Revisor,340,false
2026-04,AV-2025-002177,2-334611,Alajuela,San Ramón,San Ramón,CIUDAD_INTERMEDIA,Terreno baldío urbano,PER-003,SI,REVISAR,Verificación documental,CRC,19111000.00,15201698.40,0.7954,2021-12-08,1604,15201698.4,R-08,R-08 El avalúo no debe superar la vigencia de política: no anterior a 2024-04-30 (24 meses),Jefe de Garantías,416,false
2026-04,AV-2025-002185,6-935660,Puntarenas,Puntarenas,Puntarenas,CIUDAD_INTERMEDIA,Finca agrícola,PER-007,SI,REVISAR,Verificación documental,CRC,25953412000.00,13203620061.04,0.5087,2023-09-04,969,13203620061.04,R-08,R-08 El avalúo no debe superar la vigencia de política: no anterior a 2024-04-30 (24 meses),Jefe de Garantías,145,true
2026-04,AV-2025-002190,1-775184-042,San José,Escazú,Escazú,GAM_CENTRO,Condominio horizontal,PER-004,SI,NO_CONFIABLE,Re-inspección,USD,365827.00,209421.55,0.5725,2025-01-27,458,106804990.5,R-03,R-03 El valor total debe cuadrar con la suma de sus componentes: 384222.81,Perito Revisor,62,true
2026-04,AV-2025-002202,7-559710,Limón,Limón,Limón,CIUDAD_INTERMEDIA,Terreno baldío urbano,PER-007,SI,REVISAR,Verificación documental,CRC,890615000.00,,,2025-03-29,397,,R-07,"R-07 El valor por m² de terreno debe estar dentro del rango de la zona: entre 35000.0 y 180000.0 (CIUDAD_INTERMEDIA, CRC)",Perito Revisor,453,false
2026-04,AV-2025-002214,1-259391,San José,Escazú,Escazú,GAM_CENTRO,Local comercial,PER-003,SI,REVISAR,Verificación documental,CRC,797370000.00,522553739.08,0.6553,2025-11-06,175,522553739.08,R-06,R-06 La coordenada debe corresponder al distrito declarado: a menos de 4 km del centroide; observado 92.1 km,Perito Revisor,211,false
2026-04,AV-2025-002215,1-476515-315,San José,Santa Ana,Santa Ana,GAM_CENTRO,Condominio horizontal,PER-003,SI,REVISAR,Verificación documental,USD,389337.00,311298.01,0.7996,2023-02-08,1177,158761985.1,R-08,R-08 El avalúo no debe superar la vigencia de política: no anterior a 2024-04-30 (24 meses),Jefe de Garantías,313,false
2026-04,AV-2025-002231,1-704190-079,San José,Curridabat,Curridabat,GAM_CENTRO,Apartamento,PER-003,SI,REVISAR,Verificación documental,USD,430975.00,350113.39,0.8124,2021-06-14,1781,178557828.9,R-08,R-08 El avalúo no debe superar la vigencia de política: no anterior a 2024-04-30 (24 meses),Jefe de Garantías,305,false
2026-04,AV-2025-002238,1-567629-245,San José,Montes de Oca,San Pedro,GAM_CENTRO,Apartamento,No informado,NO,NO_CONFIABLE,Re-inspección,USD,415781.00,,,2025-11-20,161,,R-02,R-02 Los campos obligatorios deben venir informados: campo informado,Coordinación de Calidad,123,true
2026-04,AV-2025-002256,2-327257,Alajuela,San Carlos,Quesada,CIUDAD_INTERMEDIA,Casa de habitación,PER-008,SI,NO_CONFIABLE,Re-inspección,USD,96374.00,50738.94,0.5265,2025-05-28,337,25876859.400000002,"R-03, R-04",R-03 El valor total debe cuadrar con la suma de sus componentes: 62648.09 | R-04 La tipología y lo construido deben ser compatibles: ambos mayores a cero: la tipología exige construcción,Perito Revisor,97,true
2026-04,AV-2025-002278,5-408156-345,Guanacaste,Carrillo,Sardinal,COSTA,Apartamento,PER-008,SI,REVISAR,Verificación documental,CRC,118761000.00,71525586.32,0.6023,2025-12-03,148,71525586.32,R-06,R-06 La coordenada debe corresponder al distrito declarado: coordenada dentro del territorio nacional,Perito Revisor,381,false
2026-04,AV-2025-002279,N/A,Heredia,Heredia,Heredia,GAM_CENTRO,Casa de habitación,PER-002,SI,NO_CONFIABLE,Re-inspección,USD,1159475.00,818239.35,0.7057,2025-04-03,392,417302068.5,R-02,R-02 Los campos obligatorios deben venir informados: campo informado,Coordinación de Calidad,26,true
2026-04,AV-2025-002286,2-199871,Alajuela,San Ramón,San Ramón,CIUDAD_INTERMEDIA,Terreno baldío urbano,PER-003,SI,REVISAR,Verificación documental,CRC,149299000.00,103951359.20,0.6963,2025-07-19,285,103951359.2,R-06,R-06 La coordenada debe corresponder al distrito declarado: a menos de 8 km del centroide; observado 86.4 km,Perito Revisor,360,false
2026-04,AV-2025-002293,1-298127-042,San José,San José,Carmen,GAM_CENTRO,Condominio horizontal,PER-008,SI,REVISAR,Verificación documental,USD,689363.00,352658.49,0.5116,2025-10-20,192,179855829.9,R-06,R-06 La coordenada debe corresponder al distrito declarado: a menos de 2 km del centroide; observado 118.3 km,Perito Revisor,302,false
2026-04,AV-2025-002311,1-987614,San José,Puriscal,Santiago,RURAL,Casa de habitación,PER-003,SI,REVISAR,Verificación documental,CRC,344755000.00,206978626.14,0.6004,2022-07-05,1395,206978626.14,R-08,R-08 El avalúo no debe superar la vigencia de política: no anterior a 2024-04-30 (24 meses),Jefe de Garantías,290,false
2026-04,AV-2025-002323,7-334684,Limón,Limón,Limón,CIUDAD_INTERMEDIA,Local comercial,PER-003,SI,NO_CONFIABLE,Re-inspección,CRC,2663457000.00,1652326554.37,0.6204,2025-07-05,299,1652326554.37,R-02,R-02 Los campos obligatorios deben venir informados: campo informado,Coordinación de Calidad,14,true
2026-04,AV-2025-002345,2-179033,Alajuela,San Ramón,San Ramón,CIUDAD_INTERMEDIA,Casa de habitación,PER-003,SI,REVISAR,Verificación documental,CRC,94987000.00,135640562.86,1.428,2025-03-31,395,135640562.86,R-07,"R-07 El valor por m² de terreno debe estar dentro del rango de la zona: entre 200000.0 y 750000.0 (CIUDAD_INTERMEDIA, CRC)",Perito Revisor,333,false
2026-04,AV-2025-002346,2-712314,Alajuela,San Ramón,San Ramón,CIUDAD_INTERMEDIA,Finca agrícola,PER-009,SI,REVISAR,Verificación documental,CRC,21181849000.00,14024341382.34,0.6621,2025-09-10,232,14024341382.34,R-06,R-06 La coordenada debe corresponder al distrito declarado: coordenada dentro del territorio nacional,Perito Revisor,144,true
2026-04,AV-2025-002358,5-562409,Guanacaste,Nicoya,Nicoya,CIUDAD_INTERMEDIA,Casa de habitación,PER-005,SI,NO_CONFIABLE,Re-inspección,CRC,176106000.00,,,2025-12-15,136,,R-02,R-02 Los campos obligatorios deben venir informados: campo informado,Coordinación de Calidad,124,true
2026-04,AV-2025-002379,5-188130,Guanacaste,Santa Cruz,Tamarindo,COSTA,Casa de habitación,PER-006,SI,REVISAR,Verificación documental,CRC,770475000.00,,,2023-11-04,908,,R-08,R-08 El avalúo no debe superar la vigencia de política: no anterior a 2024-04-30 (24 meses),Jefe de Garantías,454,false
2026-04,AV-2025-002382,1-686123,San José,Desamparados,Desamparados,GAM_PERIFERIA,Casa de habitación,PER-001,SI,NO_CONFIABLE,Re-inspección,CRC,254488000.00,205693691.48,0.8083,2025-05-23,342,205693691.48,R-03,R-03 El valor total debe cuadrar con la suma de sus componentes: 292088146.33,Perito Revisor,41,true
2026-04,AV-2025-002394,4-953510,Heredia,Santo Domingo,Santo Domingo,GAM_PERIFERIA,Casa de habitación,PER-007,SI,NO_CONFIABLE,Re-inspección,CRC,881421000.00,,,2024-06-13,686,,R-01,R-01 No pueden existir dos avalúos con el mismo identificador: único dentro del corte,Coordinación de Calidad,125,true
2026-04,AV-2025-002394,6-436775,Puntarenas,Garabito,Jacó,COSTA,Casa de habitación,PER-003,SI,NO_CONFIABLE,Re-inspección,CRC,4178516000.00,,,2025-05-06,359,,"R-01, R-07","R-01 No pueden existir dos avalúos con el mismo identificador: único dentro del corte | R-07 El valor por m² de terreno debe estar dentro del rango de la zona: entre 300000.0 y 1500000.0 (COSTA, CRC)","Coordinación de Calidad, Perito Revisor",126,true
2026-04,AV-2025-002397,1-249275,San José,Goicoechea,Guadalupe,GAM_PERIFERIA,Casa de habitación,PER-001,SI,NO_CONFIABLE,Re-inspección,CRC,208734000.00,152876121.82,0.7324,2025-04-14,381,152876121.82,R-03,R-03 El valor total debe cuadrar con la suma de sus componentes: 191948134.47,Perito Revisor,50,true
2026-04,AV-2025-002418,4-370674-230,Heredia,Heredia,Heredia,GAM_CENTRO,Apartamento,PER-007,SI,REVISAR,Verificación documental,CRC,343114000.00,111320759.10,0.3244,2021-03-07,1880,111320759.1,"R-07, R-08","R-07 El valor por m² de terreno debe estar dentro del rango de la zona: entre 500000.0 y 1600000.0 (GAM_CENTRO, CRC) | R-08 El avalúo no debe superar la vigencia de política: no anterior a 2024-04-30 (24 meses)","Jefe de Garantías, Perito Revisor",352,false
2026-04,AV-2025-002433,6-197721-024,Puntarenas,Garabito,Jacó,COSTA,Condominio horizontal,PER-002,SI,REVISAR,Verificación documental,USD,315304.00,247438.70,0.7848,2025-03-13,413,126193737.0,R-06,R-06 La coordenada debe corresponder al distrito declarado: a menos de 8 km del centroide; observado 110.1 km,Perito Revisor,335,false
2026-04,AV-2025-002445,2-258880,Alajuela,Alajuela,Alajuela,GAM_CENTRO,Edificio de oficinas,PER-009,SI,NO_CONFIABLE,Re-inspección,USD,6087364.00,4907328.85,0.8062,2025-12-19,132,2502737713.5,R-02,R-02 Los campos obligatorios deben venir informados: campo informado,Coordinación de Calidad,9,true
2026-04,AV-2025-002492,6-144410,Puntarenas,Puntarenas,Puntarenas,CIUDAD_INTERMEDIA,Casa de habitación,PER-007,SI,REVISAR,Verificación documental,CRC,388384000.00,298466270.13,0.7685,2021-09-09,1694,298466270.13,R-08,R-08 El avalúo no debe superar la vigencia de política: no anterior a 2024-04-30 (24 meses),Jefe de Garantías,251,false
2026-04,AV-2025-002515,1-983672,San José,Escazú,Escazú,GAM_CENTRO,Local comercial,PER-001,SI,NO_CONFIABLE,Re-inspección,CRC,755585000.00,,,2025-11-10,171,,R-03,R-03 El valor total debe cuadrar con la suma de sus componentes: 875021511.72,Perito Revisor,127,true
2026-04,AV-2025-002524,2-807751,Alajuela,Upala,Upala,RURAL,Finca agrícola,PER-003,SI,REVISAR,Verificación documental,CRC,1575672000.00,1219618888.99,0.774,2023-09-04,969,1219618888.99,R-08,R-08 El avalúo no debe superar la vigencia de política: no anterior a 2024-04-30 (24 meses),Jefe de Garantías,183,false
2026-04,AV-2025-002533,1-829913-042,San José,Curridabat,Curridabat,GAM_CENTRO,Condominio horizontal,PER-008,SI,REVISAR,Verificación documental,USD,649074.00,480816.23,0.7408,2025-04-21,374,245216277.29999998,R-06,R-06 La coordenada debe corresponder al distrito declarado: a menos de 3 km del centroide; observado 80.6 km,Perito Revisor,268,false
2026-04,AV-2025-002538,1-236510,San José,Desamparados,Desamparados,GAM_PERIFERIA,Casa de habitación,PER-005,SI,REVISAR,Verificación documental,CRC,1111508000.00,795188517.72,0.7154,2025-11-25,156,795188517.72,R-06,R-06 La coordenada debe corresponder al distrito declarado: a menos de 4 km del centroide; observado 56.8 km,Perito Revisor,194,false
2026-04,AV-2025-002542,4-747282,Heredia,Belén,San Antonio,GAM_CENTRO,Casa de habitación,PER-004,SI,REVISAR,Verificación documental,CRC,693634000.00,,,2023-01-24,1192,,"R-06, R-08",R-06 La coordenada debe corresponder al distrito declarado: coordenada dentro del territorio nacional | R-08 El avalúo no debe superar la vigencia de política: no anterior a 2024-04-30 (24 meses),"Jefe de Garantías, Perito Revisor",455,false
2026-04,AV-2025-002556,2-494695,Alajuela,Upala,Upala,RURAL,Casa de habitación,PER-003,SI,REVISAR,Verificación documental,CRC,365765000.00,232119739.74,0.6346,2025-06-04,330,232119739.74,R-06,R-06 La coordenada debe corresponder al distrito declarado: coordenada dentro del territorio nacional,Perito Revisor,279,false
2026-04,AV-2025-002558,2-290299-180,Alajuela,Alajuela,Alajuela,GAM_CENTRO,Condominio horizontal,PER-003,SI,NO_CONFIABLE,Re-inspección,USD,1251104.00,568444.16,0.4544,2025-07-07,297,289906521.6,R-05,R-05 Las fechas deben tener orden lógico: inspección <= valor <= informe,Coordinación de Calidad,34,true
2026-04,AV-2025-002559,4-879413,Heredia,Santo Domingo,Santo Domingo,GAM_PERIFERIA,Bodega o nave industrial,PER-007,SI,REVISAR,Verificación documental,USD,12271880.00,7742518.98,0.6309,2025-11-26,155,3948684679.8,R-06,R-06 La coordenada debe corresponder al distrito declarado: a menos de 3 km del centroide; observado 48.1 km,Perito Revisor,154,false
2026-04,AV-2025-002565,4-330468,Heredia,Heredia,Heredia,GAM_CENTRO,Casa de habitación,PER-002,SI,REVISAR,Verificación documental,USD,574410.00,454949.64,0.792,2025-06-27,307,232024316.4,R-06,R-06 La coordenada debe corresponder al distrito declarado: a menos de 3 km del centroide; observado 52.1 km,Perito Revisor,280,false
2026-04,AV-2025-002567,4-569971,Heredia,Sarapiquí,Puerto Viejo,RURAL,Terreno baldío rural,PER-009,SI,NO_CONFIABLE,Re-inspección,USD,181923.00,98288.78,0.5403,2025-10-07,205,50127277.8,"R-03, R-04",R-03 El valor total debe cuadrar con la suma de sus componentes: 280047.75 | R-04 La tipología y lo construido deben ser compatibles: ambos en cero: la tipología no contempla construcción,Perito Revisor,89,true
2026-04,AV-2025-002569,4-351566,Heredia,Belén,San Antonio,GAM_CENTRO,Bodega o nave industrial,PER-007,SI,REVISAR,Verificación documental,CRC,3478608000.00,1738604224.27,0.4998,2025-02-23,431,1738604224.27,R-06,R-06 La coordenada debe corresponder al distrito declarado: coordenada dentro del territorio nacional,Perito Revisor,177,false
2026-04,AV-2025-002635,1-881657-129,San José,Santa Ana,Santa Ana,GAM_CENTRO,Apartamento,PER-003,SI,REVISAR,Verificación documental,USD,181471.00,,,2022-05-18,1443,,"R-06, R-08",R-06 La coordenada debe corresponder al distrito declarado: a menos de 4 km del centroide; observado 54.7 km | R-08 El avalúo no debe superar la vigencia de política: no anterior a 2024-04-30 (24 meses),"Jefe de Garantías, Perito Revisor",456,false
2026-04,AV-2025-002655,3-535617,Cartago,Turrialba,Turrialba,CIUDAD_INTERMEDIA,Local comercial,PER-004,SI,REVISAR,Verificación documental,USD,607579.00,334763.17,0.551,2021-04-03,1853,170729216.7,"R-06, R-08",R-06 La coordenada debe corresponder al distrito declarado: coordenada dentro del territorio nacional | R-08 El avalúo no debe superar la vigencia de política: no anterior a 2024-04-30 (24 meses),"Jefe de Garantías, Perito Revisor",308,false
2026-04,AV-2025-002680,2-790797-239,Alajuela,Alajuela,Alajuela,GAM_CENTRO,Apartamento,PER-001,SI,REVISAR,Verificación documental,USD,154197.00,82527.20,0.5352,2025-10-23,189,42088872.0,R-06,R-06 La coordenada debe corresponder al distrito declarado: a menos de 4 km del centroide; observado 75.8 km,Perito Revisor,407,false
2026-04,AV-2025-002692,1-872923,San José,Goicoechea,Guadalupe,GAM_PERIFERIA,Casa de habitación,PER-004,SI,REVISAR,Verificación documental,CRC,1260250000.00,361158973.48,0.2866,2025-02-26,428,361158973.48,R-07,"R-07 El valor por m² de terreno debe estar dentro del rango de la zona: entre 250000.0 y 950000.0 (GAM_PERIFERIA, CRC)",Perito Revisor,227,false
2026-04,AV-2025-002693,4-124585,Heredia,Heredia,Heredia,GAM_CENTRO,Casa de habitación,PER-004,SI,REVISAR,Verificación documental,CRC,169206000.00,117631310.53,0.6952,2022-07-23,1377,117631310.53,R-08,R-08 El avalúo no debe superar la vigencia de política: no anterior a 2024-04-30 (24 meses),Jefe de Garantías,344,false
2026-04,AV-2025-002702,5-143931,Guanacaste,Santa Cruz,Tamarindo,COSTA,Terreno baldío urbano,PER-004,SI,REVISAR,Verificación documental,CRC,1031310000.00,215697513.25,0.2091,2025-11-23,158,215697513.25,R-07,"R-07 El valor por m² de terreno debe estar dentro del rango de la zona: entre 35000.0 y 345000.0 (COSTA, CRC)",Perito Revisor,285,false
2026-04,AV-2025-002706,1-590998-197,San José,Montes de Oca,San Pedro,GAM_CENTRO,Condominio horizontal,PER-001,SI,REVISAR,Verificación documental,USD,441298.00,265474.75,0.6016,2025-10-16,196,135392122.5,R-06,R-06 La coordenada debe corresponder al distrito declarado: a menos de 3 km del centroide; observado 97.6 km,Perito Revisor,334,false
2026-04,AV-2025-002731,2-503952,Alajuela,Alajuela,Alajuela,GAM_CENTRO,Edificio de oficinas,PER-004,SI,REVISAR,Verificación documental,USD,12931191.00,5741033.55,0.444,2025-06-30,304,2927927110.5,R-06,R-06 La coordenada debe corresponder al distrito declarado: a menos de 4 km del centroide; observado 91.3 km,Perito Revisor,163,false
2026-04,AV-2025-002733,5-307938,Guanacaste,Nicoya,Nicoya,CIUDAD_INTERMEDIA,Casa de habitación,PER-003,SI,REVISAR,Verificación documental,CRC,1281529000.00,307318823.54,0.2398,2025-01-23,462,307318823.54,R-07,"R-07 El valor por m² de terreno debe estar dentro del rango de la zona: entre 200000.0 y 750000.0 (CIUDAD_INTERMEDIA, CRC)",Perito Revisor,245,false
2026-04,AV-2025-002734,3-253433,Cartago,La Unión,Tres Ríos,GAM_PERIFERIA,Casa de habitación,PER-003,SI,NO_CONFIABLE,Re-inspección,USD,294020.00,,,2025-02-05,449,,R-03,R-03 El valor total debe cuadrar con la suma de sus componentes: 269504.38,Perito Revisor,128,true
2026-04,AV-2025-002772,2-656293,Alajuela,San Carlos,Quesada,CIUDAD_INTERMEDIA,Casa de habitación,PER-003,SI,REVISAR,Verificación documental,CRC,266260000.00,179561336.92,0.6744,2023-09-30,943,179561336.92,R-08,R-08 El avalúo no debe superar la vigencia de política: no anterior a 2024-04-30 (24 meses),Jefe de Garantías,303,false
2026-04,AV-2025-002787,3-930535,Cartago,Paraíso,Paraíso,GAM_PERIFERIA,Bodega o nave industrial,PER-009,SI,NO_CONFIABLE,Re-inspección,USD,1670262.00,,,2025-04-29,366,,R-03,R-03 El valor total debe cuadrar con la suma de sus componentes: 1928945.54,Perito Revisor,129,true
2026-04,AV-2025-002790,5-495209,Guanacaste,Santa Cruz,Tamarindo,COSTA,Terreno baldío urbano,PER-008,SI,REVISAR,Verificación documental,CRC,93427000.00,41284501.63,0.4419,2025-10-31,181,41284501.63,R-06,R-06 La coordenada debe corresponder al distrito declarado: coordenada dentro del territorio nacional,Perito Revisor,408,false
2026-04,AV-2025-002804,2-664654,Alajuela,San Carlos,Quesada,CIUDAD_INTERMEDIA,Local comercial,PER-008,SI,REVISAR,Verificación documental,CRC,4689667000.00,2904728550.69,0.6194,2023-07-11,1024,2904728550.69,"R-06, R-08",R-06 La coordenada debe corresponder al distrito declarado: coordenada dentro del territorio nacional | R-08 El avalúo no debe superar la vigencia de política: no anterior a 2024-04-30 (24 meses),"Jefe de Garantías, Perito Revisor",164,false
2026-04,AV-2025-002812,2-256778,Alajuela,Upala,Upala,RURAL,Casa de habitación,PER-002,SI,REVISAR,Verificación documental,CRC,426125000.00,262004298.93,0.6149,2025-11-23,158,262004298.93,R-06,R-06 La coordenada debe corresponder al distrito declarado: a menos de 20 km del centroide; observado 75.0 km,Perito Revisor,259,false
2026-04,AV-2025-002820,2-502593,Alajuela,Grecia,Grecia,CIUDAD_INTERMEDIA,Casa de habitación,PER-001,SI,REVISAR,Verificación documental,USD,202957.00,133762.27,0.6591,2023-07-14,1021,68218757.69999999,R-08,R-08 El avalúo no debe superar la vigencia de política: no anterior a 2024-04-30 (24 meses),Jefe de Garantías,384,false
2026-04,AV-2025-002836,2-987693,Alajuela,Alajuela,Alajuela,GAM_CENTRO,Casa de habitación,PER-003,SI,REVISAR,Verificación documental,USD,527848.00,422938.86,0.8013,2025-09-03,239,215698818.6,R-06,R-06 La coordenada debe corresponder al distrito declarado: a menos de 4 km del centroide; observado 85.7 km,Perito Revisor,284,false
2026-04,AV-2025-002863,1-712221,San José,Tibás,San Juan,GAM_CENTRO,Local comercial,PER-007,SI,REVISAR,Verificación documental,CRC,3591609000.00,583608023.68,0.1625,2025-04-12,383,583608023.68,R-07,"R-07 El valor por m² de terreno debe estar dentro del rango de la zona: entre 350000.0 y 1400000.0 (GAM_CENTRO, CRC)",Perito Revisor,206,false
2026-04,AV-2025-002893,2-123541-038,Alajuela,Alajuela,Alajuela,GAM_CENTRO,Condominio horizontal,PER-005,SI,REVISAR,Verificación documental,USD,863937.00,589599.27,0.6825,2025-05-21,344,300695627.7,R-06,R-06 La coordenada debe corresponder al distrito declarado: a menos de 4 km del centroide; observado 81.5 km,Perito Revisor,250,false
2026-04,AV-2025-002894,1-521638-267,San José,Curridabat,Curridabat,GAM_CENTRO,Apartamento,PER-007,SI,NO_CONFIABLE,Re-inspección,USD,237580.00,,,2025-04-10,385,,R-01,R-01 No pueden existir dos avalúos con el mismo identificador: único dentro del corte,Coordinación de Calidad,130,true
2026-04,AV-2025-002894,2-570604,Alajuela,Alajuela,Alajuela,GAM_CENTRO,Casa de habitación,PER-002,SI,NO_CONFIABLE,Re-inspección,CRC,155346000.00,,,2022-12-17,1230,,"R-01, R-08",R-01 No pueden existir dos avalúos con el mismo identificador: único dentro del corte | R-08 El avalúo no debe superar la vigencia de política: no anterior a 2024-04-30 (24 meses),"Coordinación de Calidad, Jefe de Garantías",131,true
2026-04,AV-2025-002900,6-995420,Puntarenas,Garabito,Jacó,COSTA,Casa de habitación,PER-004,SI,REVISAR,Verificación documental,CRC,325472000.00,,,2022-04-06,1485,,"R-06, R-08",R-06 La coordenada debe corresponder al distrito declarado: a menos de 8 km del centroide; observado 67.2 km | R-08 El avalúo no debe superar la vigencia de política: no anterior a 2024-04-30 (24 meses),"Jefe de Garantías, Perito Revisor",457,false
2026-04,AV-2025-002911,3-647661-346,Cartago,Cartago,Oriental,GAM_CENTRO,Apartamento,PER-004,SI,NO_CONFIABLE,Re-inspección,USD,177461.00,143555.07,0.8089,2025-09-29,213,73213085.7,R-05,R-05 Las fechas deben tener orden lógico: fecha posterior al corte 2026-04-30,Coordinación de Calidad,80,true
2026-04,AV-2025-002934,1-450726,San José,Montes de Oca,San Pedro,GAM_CENTRO,Casa de habitación,PER-003,SI,REVISAR,Verificación documental,CRC,519512000.00,,,2021-12-18,1594,,R-08,R-08 El avalúo no debe superar la vigencia de política: no anterior a 2024-04-30 (24 meses),Jefe de Garantías,458,false
2026-04,AV-2025-002941,4-500247-292,Heredia,Belén,San Antonio,GAM_CENTRO,Apartamento,PER-003,SI,NO_CONFIABLE,Re-inspección,CRC,338501000.00,174111844.68,0.5144,2025-03-15,411,174111844.68,R-02,R-02 Los campos obligatorios deben venir informados: campo informado,Coordinación de Calidad,45,true
2026-04,AV-2025-002951,4-294041-148,Heredia,Santo Domingo,Santo Domingo,GAM_PERIFERIA,Apartamento,PER-002,SI,NO_CONFIABLE,Re-inspección,USD,323570.00,191347.84,0.5914,2025-08-30,243,97587398.39999999,R-05,R-05 Las fechas deben tener orden lógico: brecha mayor a 30/15 días,Coordinación de Calidad,65,true
2026-04,AV-2025-002952,1-212567-179,San José,Tibás,San Juan,GAM_CENTRO,Condominio horizontal,PER-009,SI,REVISAR,Verificación documental,USD,383483.00,201771.84,0.5262,2025-12-28,123,102903638.39999999,R-06,R-06 La coordenada debe corresponder al distrito declarado: a menos de 3 km del centroide; observado 64.3 km,Perito Revisor,361,false
2026-04,AV-2025-002966,1-700153,San José,Tibás,San Juan,GAM_CENTRO,Local comercial,PER-007,SI,REVISAR,Verificación documental,CRC,298351000.00,180746516.28,0.6058,2025-02-24,430,180746516.28,R-06,R-06 La coordenada debe corresponder al distrito declarado: a menos de 3 km del centroide; observado 49.9 km,Perito Revisor,300,false
2026-04,AV-2025-003005,5-666540-179,Guanacaste,Santa Cruz,Tamarindo,COSTA,Condominio horizontal,PER-007,SI,NO_CONFIABLE,Re-inspección,USD,288528.00,186771.05,0.6473,2025-04-01,394,95253235.5,R-03,R-03 El valor total debe cuadrar con la suma de sus componentes: 308803.22,Perito Revisor,67,true
2026-04,AV-2025-003016,6-795311,Puntarenas,Puntarenas,Puntarenas,CIUDAD_INTERMEDIA,Casa de habitación,PER-003,SI,NO_CONFIABLE,Re-inspección,USD,140242.00,81538.03,0.5814,2025-05-22,343,41584395.3,R-03,R-03 El valor total debe cuadrar con la suma de sus componentes: 147692.34,Perito Revisor,91,true
2026-04,AV-2025-003022,1-145917,San José,Escazú,Escazú,GAM_CENTRO,Local comercial,PER-009,SI,REVISAR,Verificación documental,USD,1708208.00,1161091.47,0.6797,2021-03-08,1879,592156649.6999999,R-08,R-08 El avalúo no debe superar la vigencia de política: no anterior a 2024-04-30 (24 meses),Jefe de Garantías,205,false
2026-04,AV-2025-003043,7-327018,Limón,Limón,Limón,CIUDAD_INTERMEDIA,Casa de habitación,PER-009,SI,REVISAR,Verificación documental,CRC,537320000.00,,,2025-12-08,143,,R-06,R-06 La coordenada debe corresponder al distrito declarado: a menos de 6 km del centroide; observado 119.7 km,Perito Revisor,459,false
2026-04,AV-2025-003048,5-909649,Guanacaste,Liberia,Liberia,CIUDAD_INTERMEDIA,Casa de habitación,PER-003,SI,NO_CONFIABLE,Re-inspección,CRC,253302000.00,107226959.20,0.4233,2021-04-26,1830,107226959.2,"R-03, R-08",R-03 El valor total debe cuadrar con la suma de sus componentes: 211940562.9 | R-08 El avalúo no debe superar la vigencia de política: no anterior a 2024-04-30 (24 meses),"Jefe de Garantías, Perito Revisor",61,true
2026-04,AV-2025-003081,3-508376,Cartago,Cartago,Oriental,GAM_CENTRO,Local comercial,PER-001,SI,REVISAR,Verificación documental,CRC,369280000.00,203439694.85,0.5509,2023-10-30,913,203439694.85,R-08,R-08 El avalúo no debe superar la vigencia de política: no anterior a 2024-04-30 (24 meses),Jefe de Garantías,294,false
2026-04,AV-2025-003083,4-750979-008,Heredia,Heredia,Heredia,GAM_CENTRO,Apartamento,PER-004,SI,REVISAR,Verificación documental,USD,577522.00,,,2023-01-14,1202,,R-08,R-08 El avalúo no debe superar la vigencia de política: no anterior a 2024-04-30 (24 meses),Jefe de Garantías,460,false
2026-04,AV-2025-003097,1-125844-122,San José,Desamparados,Desamparados,GAM_PERIFERIA,Apartamento,PER-006,SI,REVISAR,Verificación documental,USD,404056.00,,,2025-11-13,168,,R-06,R-06 La coordenada debe corresponder al distrito declarado: a menos de 4 km del centroide; observado 101.1 km,Perito Revisor,461,false
2026-04,AV-2025-003099,1-742222,San José,Montes de Oca,San Pedro,GAM_CENTRO,Terreno baldío urbano,PER-008,SI,REVISAR,Verificación documental,CRC,481871000.00,249232744.00,0.5172,2023-05-11,1085,249232744.0,R-08,R-08 El avalúo no debe superar la vigencia de política: no anterior a 2024-04-30 (24 meses),Jefe de Garantías,267,false
2026-04,AV-2025-003100,6-571097,Puntarenas,Quepos,Quepos,COSTA,Casa de habitación,PER-007,SI,NO_CONFIABLE,Re-inspección,CRC,731038000.00,533121846.54,0.7293,2025-06-26,308,533121846.54,R-03,R-03 El valor total debe cuadrar con la suma de sus componentes: 868410590.8,Perito Revisor,24,true
2026-04,AV-2025-003112,4-892369-089,Heredia,Heredia,Heredia,GAM_CENTRO,Condominio horizontal,PER-003,SI,NO_CONFIABLE,Re-inspección,USD,199916.00,185235.21,0.9266,2025-08-06,267,94469957.1,R-04,R-04 La tipología y lo construido deben ser compatibles: ambos mayores a cero: la tipología exige construcción,Perito Revisor,68,true
2026-04,AV-2025-003116,1-436513,San José,Curridabat,Curridabat,GAM_CENTRO,Casa de habitación,PER-007,SI,NO_CONFIABLE,Re-inspección,USD,723985.00,412304.07,0.5695,2023-02-01,1184,210275075.70000002,"R-03, R-08",R-03 El valor total debe cuadrar con la suma de sus componentes: 798207.44 | R-08 El avalúo no debe superar la vigencia de política: no anterior a 2024-04-30 (24 meses),"Jefe de Garantías, Perito Revisor",40,true
2026-04,AV-2025-003120,1-103812-265,San José,San José,Carmen,GAM_CENTRO,Condominio horizontal,PER-006,SI,NO_CONFIABLE,Re-inspección,USD,724149.00,,,2026-01-19,101,,R-01,R-01 No pueden existir dos avalúos con el mismo identificador: único dentro del corte,Coordinación de Calidad,132,true
2026-04,AV-2025-003120,7-329132-271,Limón,Talamanca,Cahuita,COSTA,Apartamento,PER-006,SI,NO_CONFIABLE,Re-inspección,USD,585709.00,,,2025-07-25,279,,R-01,R-01 No pueden existir dos avalúos con el mismo identificador: único dentro del corte,Coordinación de Calidad,133,true
2026-04,AV-2025-003138,4-147822,Heredia,Heredia,Heredia,GAM_CENTRO,Local comercial,PER-007,SI,REVISAR,Verificación documental,CRC,4189621000.00,3304594918.15,0.7888,2022-05-25,1436,3304594918.15,R-08,R-08 El avalúo no debe superar la vigencia de política: no anterior a 2024-04-30 (24 meses),Jefe de Garantías,158,false
2026-04,AV-2025-003170,1-725276-357,San José,San José,Carmen,GAM_CENTRO,Condominio horizontal,PER-009,SI,REVISAR,Verificación documental,USD,418696.00,,,2023-08-21,983,,R-08,R-08 El avalúo no debe superar la vigencia de política: no anterior a 2024-04-30 (24 meses),Jefe de Garantías,462,false
2026-04,AV-2025-003205,3-376753,Cartago,Paraíso,Paraíso,GAM_PERIFERIA,Casa de habitación,PER-001,SI,NO_CONFIABLE,Re-inspección,CRC,222976000.00,110950402.39,0.4976,2025-06-22,312,110950402.39,R-03,R-03 El valor total debe cuadrar con la suma de sus componentes: 192504930.0,Perito Revisor,58,true
2026-04,AV-2025-003217,4-336693,Heredia,Belén,San Antonio,GAM_CENTRO,Terreno baldío urbano,PER-003,SI,REVISAR,Verificación documental,CRC,68349000.00,52924373.98,0.7743,2025-03-10,416,52924373.98,R-06,R-06 La coordenada debe corresponder al distrito declarado: coordenada dentro del territorio nacional,Perito Revisor,399,false
2026-04,AV-2025-003221,1-892195,San José,Montes de Oca,San Pedro,GAM_CENTRO,Local comercial,PER-007,SI,REVISAR,Verificación documental,CRC,785036000.00,,,2023-08-06,998,,R-08,R-08 El avalúo no debe superar la vigencia de política: no anterior a 2024-04-30 (24 meses),Jefe de Garantías,463,false
2026-04,AV-2025-003223,2-651350,Alajuela,San Carlos,Quesada,CIUDAD_INTERMEDIA,Local comercial,PER-007,SI,REVISAR,Verificación documental,CRC,356476000.00,,,2025-09-19,223,,R-07,"R-07 El valor por m² de terreno debe estar dentro del rango de la zona: entre 200000.0 y 800000.0 (CIUDAD_INTERMEDIA, CRC)",Perito Revisor,464,false
2026-04,AV-2025-003226,5-103368-126,Guanacaste,Carrillo,Sardinal,COSTA,Apartamento,PER-001,SI,NO_CONFIABLE,Re-inspección,USD,491084.00,339376.00,0.6911,2025-11-07,174,173081760.0,R-02,R-02 Los campos obligatorios deben venir informados: campo informado,Coordinación de Calidad,46,true
2026-04,AV-2025-003244,7-529533-186,Limón,Talamanca,Cahuita,COSTA,Apartamento,PER-001,SI,REVISAR,Verificación documental,USD,1104768.00,467518.72,0.4232,2025-02-06,448,238434547.2,R-06,R-06 La coordenada debe corresponder al distrito declarado: a menos de 12 km del centroide; observado 62.8 km,Perito Revisor,274,false
2026-04,AV-2025-003284,1-590186,San José,Escazú,Escazú,GAM_CENTRO,Casa de habitación,PER-006,SI,REVISAR,Verificación documental,CRC,1809645000.00,392729124.01,0.217,2025-12-18,133,392729124.01,R-07,"R-07 El valor por m² de terreno debe estar dentro del rango de la zona: entre 400000.0 y 1350000.0 (GAM_CENTRO, CRC)",Perito Revisor,220,false
2026-04,AV-2025-003297,4-254214-247,Heredia,Santo Domingo,Santo Domingo,GAM_PERIFERIA,Apartamento,PER-002,SI,REVISAR,Verificación documental,USD,213200.00,125861.06,0.5903,2025-01-02,483,64189140.6,R-06,R-06 La coordenada debe corresponder al distrito declarado: a menos de 3 km del centroide; observado 67.8 km,Perito Revisor,389,false
2026-04,AV-2025-003310,1-504720,San José,San José,Carmen,GAM_CENTRO,Casa de habitación,PER-003,SI,NO_CONFIABLE,Re-inspección,CRC,474301000.00,291469712.78,0.6145,2025-08-23,250,291469712.78,R-03,R-03 El valor total debe cuadrar con la suma de sus componentes: 503134871.37,Perito Revisor,33,true
2026-04,AV-2025-003317,1-332137,San José,Curridabat,Curridabat,GAM_CENTRO,Local comercial,PER-003,SI,REVISAR,Verificación documental,CRC,4480772000.00,1015766483.44,0.2267,2025-12-31,120,1015766483.44,R-07,"R-07 El valor por m² de terreno debe estar dentro del rango de la zona: entre 350000.0 y 1400000.0 (GAM_CENTRO, CRC)",Perito Revisor,188,false
2026-04,AV-2025-003320,5-466659,Guanacaste,Liberia,Liberia,CIUDAD_INTERMEDIA,Casa de habitación,PER-007,SI,REVISAR,Verificación documental,CRC,824436000.00,107086898.16,0.1299,2025-01-13,472,107086898.16,R-07,"R-07 El valor por m² de terreno debe estar dentro del rango de la zona: entre 200000.0 y 750000.0 (CIUDAD_INTERMEDIA, CRC)",Perito Revisor,357,false
2026-04,AV-2025-003330,1-413509,San José,San José,Carmen,GAM_CENTRO,Casa de habitación,PER-005,SI,REVISAR,Verificación documental,CRC,932426000.00,537392172.18,0.5763,2022-08-15,1354,537392172.18,R-08,R-08 El avalúo no debe superar la vigencia de política: no anterior a 2024-04-30 (24 meses),Jefe de Garantías,210,false
2026-04,AV-2025-003332,1-893663,San José,Pérez Zeledón,San Isidro de El General,CIUDAD_INTERMEDIA,Casa de habitación,PER-009,SI,REVISAR,Verificación documental,CRC,402657000.00,332289438.84,0.8252,2022-10-17,1291,332289438.84,R-08,R-08 El avalúo no debe superar la vigencia de política: no anterior a 2024-04-30 (24 meses),Jefe de Garantías,238,false
2026-04,AV-2025-003339,1-552222,San José,Desamparados,Desamparados,GAM_PERIFERIA,Terreno baldío urbano,PER-005,SI,REVISAR,Verificación documental,CRC,65674000.00,46737552.87,0.7117,2022-05-20,1441,46737552.87,R-08,R-08 El avalúo no debe superar la vigencia de política: no anterior a 2024-04-30 (24 meses),Jefe de Garantías,404,false
2026-04,AV-2025-003345,5-941173-025,Guanacaste,Carrillo,Sardinal,COSTA,Condominio horizontal,PER-007,SI,NO_CONFIABLE,Re-inspección,USD,204936.00,181964.19,0.8879,2025-08-12,261,92801736.9,R-04,R-04 La tipología y lo construido deben ser compatibles: ambos mayores a cero: la tipología exige construcción,Perito Revisor,70,true
2026-04,AV-2025-003386,2-266039,Alajuela,Alajuela,Alajuela,GAM_CENTRO,Local comercial,PER-009,SI,REVISAR,Verificación documental,CRC,1150980000.00,560901806.38,0.4873,2023-05-14,1082,560901806.38,R-08,R-08 El avalúo no debe superar la vigencia de política: no anterior a 2024-04-30 (24 meses),Jefe de Garantías,208,false
2026-04,AV-2025-003407,2-618099,Alajuela,Atenas,Atenas,RURAL,Casa de habitación,PER-007,SI,REVISAR,Verificación documental,CRC,324564000.00,258288456.35,0.7958,2025-07-23,281,258288456.35,R-06,R-06 La coordenada debe corresponder al distrito declarado: coordenada dentro del territorio nacional,Perito Revisor,262,false
2026-04,AV-2025-003413,1-554829,San José,Goicoechea,Guadalupe,GAM_PERIFERIA,Casa de habitación,PER-007,SI,NO_CONFIABLE,Re-inspección,USD,326575.00,449832.27,1.3774,2025-09-24,218,229414457.70000002,R-04,R-04 La tipología y lo construido deben ser compatibles: ambos mayores a cero: la tipología exige construcción,Perito Revisor,37,true
2026-04,AV-2025-003418,3-697670,Cartago,Turrialba,Turrialba,CIUDAD_INTERMEDIA,Casa de habitación,PER-007,SI,REVISAR,Verificación documental,CRC,3005564000.00,383885259.69,0.1277,2025-03-20,406,383885259.69,R-07,"R-07 El valor por m² de terreno debe estar dentro del rango de la zona: entre 200000.0 y 750000.0 (CIUDAD_INTERMEDIA, CRC)",Perito Revisor,223,false
2026-04,AV-2025-003480,4-641613,Heredia,Heredia,Heredia,GAM_CENTRO,Local comercial,PER-007,SI,REVISAR,Verificación documental,CRC,2886858000.00,,,2022-10-09,1299,,R-08,R-08 El avalúo no debe superar la vigencia de política: no anterior a 2024-04-30 (24 meses),Jefe de Garantías,465,false
2026-04,AV-2025-003484,5-840775-066,Guanacaste,Carrillo,Sardinal,COSTA,Condominio horizontal,PER-004,SI,REVISAR,Verificación documental,CRC,138293000.00,107653142.85,0.7784,2021-11-19,1623,107653142.85,R-08,R-08 El avalúo no debe superar la vigencia de política: no anterior a 2024-04-30 (24 meses),Jefe de Garantías,356,false
2026-04,AV-2025-003493,3-948010,Cartago,Cartago,Oriental,GAM_CENTRO,Casa de habitación,PER-007,SI,NO_CONFIABLE,Re-inspección,CRC,619208000.00,450629178.47,0.7278,2022-10-22,1286,450629178.47,"R-03, R-08",R-03 El valor total debe cuadrar con la suma de sus componentes: 691783453.38 | R-08 El avalúo no debe superar la vigencia de política: no anterior a 2024-04-30 (24 meses),"Jefe de Garantías, Perito Revisor",25,true
2026-04,AV-2025-003511,6-890574,Puntarenas,Garabito,Jacó,COSTA,Casa de habitación,PER-007,SI,REVISAR,Verificación documental,CRC,422289000.00,241486657.77,0.5719,2025-11-03,178,241486657.77,R-06,R-06 La coordenada debe corresponder al distrito declarado: a menos de 8 km del centroide; observado 102.9 km,Perito Revisor,271,false
2026-04,AV-2025-003514,4-482035-336,Heredia,Belén,San Antonio,GAM_CENTRO,Apartamento,PER-003,SI,REVISAR,Verificación documental,USD,203942.00,109757.77,0.5382,2023-03-20,1137,55976462.7,R-08,R-08 El avalúo no debe superar la vigencia de política: no anterior a 2024-04-30 (24 meses),Jefe de Garantías,395,false
2026-04,AV-2025-003530,4-403777,Heredia,San Rafael,San Rafael,GAM_PERIFERIA,Casa de habitación,PER-009,SI,REVISAR,Verificación documental,CRC,1105676000.00,,,2025-04-19,376,,R-06,R-06 La coordenada debe corresponder al distrito declarado: a menos de 4 km del centroide; observado 73.9 km,Perito Revisor,466,false
2026-04,AV-2025-003557,3-662538,Cartago,Turrialba,Turrialba,CIUDAD_INTERMEDIA,Terreno baldío rural,PER-006,SI,REVISAR,Verificación documental,USD,2508767.00,1371147.75,0.5465,2021-04-14,1842,699285352.5,"R-06, R-08",R-06 La coordenada debe corresponder al distrito declarado: a menos de 10 km del centroide; observado 99.4 km | R-08 El avalúo no debe superar la vigencia de política: no anterior a 2024-04-30 (24 meses),"Jefe de Garantías, Perito Revisor",200,false
2026-04,AV-2025-003583,1-139379-118,San José,Escazú,Escazú,GAM_CENTRO,Apartamento,PER-003,SI,NO_CONFIABLE,Re-inspección,USD,68204.00,52516.03,0.77,2025-02-11,443,26783175.3,R-04,R-04 La tipología y lo construido deben ser compatibles: ambos mayores a cero: la tipología exige construcción,Perito Revisor,95,true
2026-04,AV-2025-003591,1-165041-084,San José,Goicoechea,Guadalupe,GAM_PERIFERIA,Apartamento,PER-001,SI,REVISAR,Verificación documental,USD,93928.00,67958.10,0.7235,2022-04-05,1486,34658631.0,R-08,R-08 El avalúo no debe superar la vigencia de política: no anterior a 2024-04-30 (24 meses),Jefe de Garantías,409,false
2026-04,AV-2025-003594,3-860948,Cartago,Paraíso,Paraíso,GAM_PERIFERIA,Terreno baldío urbano,PER-007,SI,REVISAR,Verificación documental,CRC,396821000.00,241940987.81,0.6097,2023-07-06,1029,241940987.81,R-08,R-08 El avalúo no debe superar la vigencia de política: no anterior a 2024-04-30 (24 meses),Jefe de Garantías,269,false
2026-04,AV-2025-003604,1-487877,San José,Escazú,Escazú,GAM_CENTRO,Bodega o nave industrial,PER-002,SI,REVISAR,Verificación documental,USD,12353380.00,7242827.99,0.5863,2025-09-21,221,3693842274.9,R-06,R-06 La coordenada debe corresponder al distrito declarado: coordenada dentro del territorio nacional,Perito Revisor,155,false
2026-04,AV-2025-003609,2-901163-013,Alajuela,Alajuela,Alajuela,GAM_CENTRO,Apartamento,PER-003,SI,NO_CONFIABLE,Re-inspección,USD,207899.00,98603.40,0.4743,2021-07-13,1752,50287734.0,"R-03, R-08",R-03 El valor total debe cuadrar con la suma de sus componentes: 188979.51 | R-08 El avalúo no debe superar la vigencia de política: no anterior a 2024-04-30 (24 meses),"Jefe de Garantías, Perito Revisor",88,true
2026-04,AV-2025-003614,1-208024,San José,Santa Ana,Santa Ana,GAM_CENTRO,Bodega o nave industrial,PER-003,SI,REVISAR,Verificación documental,USD,6501901.00,3896497.85,0.5993,2023-12-06,876,1987213903.5,R-08,R-08 El avalúo no debe superar la vigencia de política: no anterior a 2024-04-30 (24 meses),Jefe de Garantías,173,false
2026-04,AV-2025-003627,1-332991,San José,Goicoechea,Guadalupe,GAM_PERIFERIA,Casa de habitación,PER-008,SI,REVISAR,Verificación documental,CRC,658414000.00,123121314.60,0.187,2025-10-25,187,123121314.6,R-07,"R-07 El valor por m² de terreno debe estar dentro del rango de la zona: entre 250000.0 y 950000.0 (GAM_PERIFERIA, CRC)",Perito Revisor,338,false
2026-04,AV-2025-003628, ,San José,Goicoechea,Guadalupe,GAM_PERIFERIA,Local comercial,PER-006,SI,NO_CONFIABLE,Re-inspección,CRC,1340109000.00,1027248098.11,0.7665,2025-08-01,272,1027248098.11,R-02,R-02 Los campos obligatorios deben venir informados: campo informado,Coordinación de Calidad,17,true
2026-04,AV-2025-003629,4-213201,Heredia,Belén,San Antonio,GAM_CENTRO,Bodega o nave industrial,PER-003,SI,NO_CONFIABLE,Re-inspección,USD,19846101.00,14620862.27,0.7367,2023-01-10,1206,7456639757.7,"R-03, R-04, R-08",R-03 El valor total debe cuadrar con la suma de sus componentes: 15959137.92 | R-04 La tipología y lo construido deben ser compatibles: ambos mayores a cero: la tipología exige construcción | R-08 El avalúo no debe superar la vigencia de política: no anterior a 2024-04-30 (24 meses),"Jefe de Garantías, Perito Revisor",2,true
2026-04,AV-2025-003639,3-508601,Cartago,Paraíso,Paraíso,GAM_PERIFERIA,Terreno baldío urbano,PER-006,SI,REVISAR,Verificación documental,CRC,146269000.00,89962347.08,0.615,2021-12-13,1599,89962347.08,R-08,R-08 El avalúo no debe superar la vigencia de política: no anterior a 2024-04-30 (24 meses),Jefe de Garantías,371,false
2026-04,AV-2025-003686,1-729950,San José,Tibás,San Juan,GAM_CENTRO,Casa de habitación,PER-008,SI,REVISAR,Verificación documental,CRC,764193000.00,152405625.58,0.1994,2025-08-02,271,152405625.58,R-07,"R-07 El valor por m² de terreno debe estar dentro del rango de la zona: entre 400000.0 y 1350000.0 (GAM_CENTRO, CRC)",Perito Revisor,320,false
2026-04,AV-2025-003691,2-303388,Alajuela,San Carlos,Quesada,CIUDAD_INTERMEDIA,Casa de habitación,PER-009,SI,REVISAR,Verificación documental,CRC,1653653000.00,305173164.84,0.1845,2025-04-20,375,305173164.84,R-07,"R-07 El valor por m² de terreno debe estar dentro del rango de la zona: entre 200000.0 y 750000.0 (CIUDAD_INTERMEDIA, CRC)",Perito Revisor,248,false
2026-04,AV-2025-003701,1-438979,San José,Santa Ana,Santa Ana,GAM_CENTRO,Bodega o nave industrial,PER-001,SI,REVISAR,Verificación documental,CRC,934315000.00,1012923105.00,1.0841,2025-12-13,138,1012923105.0,R-07,"R-07 El valor por m² de terreno debe estar dentro del rango de la zona: entre 225000.0 y 750000.0 (GAM_CENTRO, CRC)",Perito Revisor,189,false
2026-04,AV-2025-003715,1-389113,San José,Goicoechea,Guadalupe,GAM_PERIFERIA,Casa de habitación,PER-007,SI,REVISAR,Verificación documental,CRC,2136092000.00,238381230.91,0.1116,2025-05-13,352,238381230.91,R-07,"R-07 El valor por m² de terreno debe estar dentro del rango de la zona: entre 250000.0 y 950000.0 (GAM_PERIFERIA, CRC)",Perito Revisor,275,false
2026-04,AV-2025-003720,4-930947-235,Heredia,Belén,San Antonio,GAM_CENTRO,Apartamento,PER-002,SI,REVISAR,Verificación documental,CRC,250881000.00,157110981.31,0.6262,2025-11-29,152,157110981.31,R-06,R-06 La coordenada debe corresponder al distrito declarado: a menos de 3 km del centroide; observado 76.5 km,Perito Revisor,315,false
2026-04,AV-2025-003733,1-814545,San José,Pérez Zeledón,San Isidro de El General,CIUDAD_INTERMEDIA,Terreno baldío rural,PER-009,SI,REVISAR,Verificación documental,CRC,424720000.00,340295325.79,0.8012,2021-03-22,1865,340295325.79,R-08,R-08 El avalúo no debe superar la vigencia de política: no anterior a 2024-04-30 (24 meses),Jefe de Garantías,236,false
2026-04,AV-2025-003736,7-622066-342,Limón,Talamanca,Cahuita,COSTA,Condominio horizontal,PER-002,SI,REVISAR,Verificación documental,USD,378135.00,,,2025-01-22,463,,R-06,R-06 La coordenada debe corresponder al distrito declarado: coordenada dentro del territorio nacional,Perito Revisor,467,false
2026-04,AV-2025-003738,1-150900-365,San José,Curridabat,Curridabat,GAM_CENTRO,Apartamento,PER-007,SI,REVISAR,Verificación documental,CRC,83458000.00,51417082.41,0.6161,2022-08-26,1343,51417082.41,R-08,R-08 El avalúo no debe superar la vigencia de política: no anterior a 2024-04-30 (24 meses),Jefe de Garantías,400,false
2026-04,AV-2025-003741,7-899039,Limón,Limón,Limón,CIUDAD_INTERMEDIA,Local comercial,PER-003,SI,REVISAR,Verificación documental,CRC,1061626000.00,782779323.88,0.7373,2025-09-29,213,782779323.88,R-06,R-06 La coordenada debe corresponder al distrito declarado: a menos de 6 km del centroide; observado 63.9 km,Perito Revisor,195,false
2026-04,AV-2025-003743,2-695172-348,Alajuela,Alajuela,Alajuela,GAM_CENTRO,Condominio horizontal,PER-008,SI,NO_CONFIABLE,Re-inspección,USD,275532.00,232300.26,0.8431,2025-10-02,210,118473132.60000001,R-03,R-03 El valor total debe cuadrar con la suma de sus componentes: 332503.95,Perito Revisor,54,true
2026-04,AV-2025-003748,5-805094,Guanacaste,Liberia,Liberia,CIUDAD_INTERMEDIA,Local comercial,PER-005,SI,REVISAR,Verificación documental,CRC,2886085000.00,358478533.64,0.1242,2025-03-03,423,358478533.64,R-07,"R-07 El valor por m² de terreno debe estar dentro del rango de la zona: entre 200000.0 y 800000.0 (CIUDAD_INTERMEDIA, CRC)",Perito Revisor,228,false
2026-04,AV-2025-003768,4-710515-197,Heredia,Belén,San Antonio,GAM_CENTRO,Apartamento,PER-002,SI,REVISAR,Verificación documental,USD,297120.00,173884.36,0.5852,2021-07-08,1757,88681023.6,R-08,R-08 El avalúo no debe superar la vigencia de política: no anterior a 2024-04-30 (24 meses),Jefe de Garantías,372,false
2026-04,AV-2025-003801,4-594674,Heredia,Sarapiquí,Puerto Viejo,RURAL,Casa de habitación,PER-002,SI,REVISAR,Verificación documental,CRC,727470000.00,,,2021-04-29,1827,,R-08,R-08 El avalúo no debe superar la vigencia de política: no anterior a 2024-04-30 (24 meses),Jefe de Garantías,468,false
2026-04,AV-2025-003804,4-168847,Heredia,Sarapiquí,Puerto Viejo,RURAL,Casa de habitación,PER-006,SI,NO_CONFIABLE,Re-inspección,USD,28761.00,104974.97,3.6499,2025-02-13,441,53537234.7,R-04,R-04 La tipología y lo construido deben ser compatibles: ambos mayores a cero: la tipología exige construcción,Perito Revisor,87,true
2026-04,AV-2025-003805,7-847513,Limón,Pococí,Guápiles,CIUDAD_INTERMEDIA,Local comercial,PER-003,SI,REVISAR,Verificación documental,CRC,162129000.00,232742068.91,1.4355,2025-11-05,176,232742068.91,R-07,"R-07 El valor por m² de terreno debe estar dentro del rango de la zona: entre 200000.0 y 800000.0 (CIUDAD_INTERMEDIA, CRC)",Perito Revisor,278,false
2026-04,AV-2025-003808,2-869841,Alajuela,San Ramón,San Ramón,CIUDAD_INTERMEDIA,Finca agrícola,No informado,NO,NO_CONFIABLE,Re-inspección,CRC,25619942000.00,19590026697.54,0.7646,2025-09-07,235,19590026697.54,R-02,R-02 Los campos obligatorios deben venir informados: campo informado,Coordinación de Calidad,1,true
2026-04,AV-2025-003812,4-754142,Heredia,Santo Domingo,Santo Domingo,GAM_PERIFERIA,Terreno baldío urbano,PER-004,SI,REVISAR,Verificación documental,CRC,25510000.00,69506664.96,2.7247,2023-01-25,1191,69506664.96,"R-07, R-08","R-07 El valor por m² de terreno debe estar dentro del rango de la zona: entre 50000.0 y 300000.0 (GAM_PERIFERIA, CRC) | R-08 El avalúo no debe superar la vigencia de política: no anterior a 2024-04-30 (24 meses)","Jefe de Garantías, Perito Revisor",383,false
2026-04,AV-2025-003850,2-218004,Alajuela,Grecia,Grecia,CIUDAD_INTERMEDIA,Local comercial,PER-002,SI,NO_CONFIABLE,Re-inspección,CRC,2019052000.00,1782536043.50,0.8829,2025-11-10,171,1782536043.5,R-03,R-03 El valor total debe cuadrar con la suma de sus componentes: 2164345275.47,Perito Revisor,12,true
2026-04,AV-2025-003851,3-369618,Cartago,La Unión,Tres Ríos,GAM_PERIFERIA,Casa de habitación,PER-004,SI,REVISAR,Verificación documental,CRC,446730000.00,,,2022-12-19,1228,,"R-06, R-08",R-06 La coordenada debe corresponder al distrito declarado: a menos de 4 km del centroide; observado 101.8 km | R-08 El avalúo no debe superar la vigencia de política: no anterior a 2024-04-30 (24 meses),"Jefe de Garantías, Perito Revisor",469,false
2026-04,AV-2025-003872,3-378718-285,Cartago,Paraíso,Paraíso,GAM_PERIFERIA,Apartamento,PER-006,SI,NO_CONFIABLE,Re-inspección,CRC,341529000.00,,,2025-01-27,458,,R-01,R-01 No pueden existir dos avalúos con el mismo identificador: único dentro del corte,Coordinación de Calidad,134,true
2026-04,AV-2025-003872,3-514641,Cartago,Cartago,Oriental,GAM_CENTRO,Casa de habitación,PER-002,SI,NO_CONFIABLE,Re-inspección,CRC,822911000.00,,,2023-10-13,930,,"R-01, R-08",R-01 No pueden existir dos avalúos con el mismo identificador: único dentro del corte | R-08 El avalúo no debe superar la vigencia de política: no anterior a 2024-04-30 (24 meses),"Coordinación de Calidad, Jefe de Garantías",135,true
2026-04,AV-2025-003889,1-530748,San José,Tibás,San Juan,GAM_CENTRO,Terreno baldío urbano,PER-005,SI,REVISAR,Verificación documental,CRC,144915000.00,64204961.00,0.4431,2025-06-17,317,64204961.0,R-06,R-06 La coordenada debe corresponder al distrito declarado: a menos de 3 km del centroide; observado 97.4 km,Perito Revisor,388,false
2026-04,AV-2025-003892,3-142965,Cartago,Paraíso,Paraíso,GAM_PERIFERIA,Terreno baldío urbano,PER-007,SI,REVISAR,Verificación documental,CRC,18608000.00,51001991.02,2.7409,2025-12-27,124,51001991.02,R-07,"R-07 El valor por m² de terreno debe estar dentro del rango de la zona: entre 50000.0 y 300000.0 (GAM_PERIFERIA, CRC)",Perito Revisor,401,false
2026-04,AV-2025-003910,4-406954,Heredia,Heredia,Heredia,GAM_CENTRO,Edificio de oficinas,PER-003,SI,REVISAR,Verificación documental,CRC,3141919000.00,1238929652.86,0.3943,2025-01-12,473,1238929652.86,R-07,"R-07 El valor por m² de terreno debe estar dentro del rango de la zona: entre 400000.0 y 1500000.0 (GAM_CENTRO, CRC)",Perito Revisor,182,false
2026-04,AV-2025-003933,2-565538-151,Alajuela,Alajuela,Alajuela,GAM_CENTRO,Condominio horizontal,PER-003,SI,REVISAR,Verificación documental,USD,794099.00,,,2022-07-24,1376,,R-08,R-08 El avalúo no debe superar la vigencia de política: no anterior a 2024-04-30 (24 meses),Jefe de Garantías,470,false
2026-04,AV-2025-003990,3-784103,Cartago,La Unión,Tres Ríos,GAM_PERIFERIA,Local comercial,PER-003,SI,REVISAR,Verificación documental,CRC,502672000.00,306578348.34,0.6099,2023-03-30,1127,306578348.34,R-08,R-08 El avalúo no debe superar la vigencia de política: no anterior a 2024-04-30 (24 meses),Jefe de Garantías,247,false
2026-04,AV-2026-000066,2-272775,Alajuela,Atenas,Atenas,RURAL,Casa de habitación,PER-003,SI,REVISAR,Verificación documental,CRC,1962509000.00,251482756.69,0.1281,2026-02-20,69,251482756.69,"R-06, R-07","R-06 La coordenada debe corresponder al distrito declarado: coordenada dentro del territorio nacional | R-07 El valor por m² de terreno debe estar dentro del rango de la zona: entre 150000.0 y 550000.0 (RURAL, CRC)",Perito Revisor,266,false
2026-04,AV-2026-000161,4-319228,Heredia,San Rafael,San Rafael,GAM_PERIFERIA,Local comercial,PER-001,SI,NO_CONFIABLE,Re-inspección,USD,85221.00,,,2026-01-16,104,,"R-04, R-06",R-04 La tipología y lo construido deben ser compatibles: ambos mayores a cero: la tipología exige construcción | R-06 La coordenada debe corresponder al distrito declarado: a menos de 4 km del centroide; observado 76.6 km,Perito Revisor,136,true
2026-04,AV-2026-000241,3-974498-298,Cartago,Cartago,Oriental,GAM_CENTRO,Condominio horizontal,PER-009,SI,NO_CONFIABLE,Re-inspección,CRC,242043000.00,112442237.53,0.4646,2026-02-16,73,112442237.53,"R-03, R-04",R-03 El valor total debe cuadrar con la suma de sus componentes: 143937747.46 | R-04 La tipología y lo construido deben ser compatibles: ambos mayores a cero: la tipología exige construcción,Perito Revisor,56,true
2026-04,AV-2026-000367,2-953812,Alajuela,Alajuela,Alajuela,GAM_CENTRO,Terreno baldío urbano,PER-007,SI,REVISAR,Verificación documental,CRC,376460000.00,171578930.91,0.4558,2023-01-25,1191,171578930.91,R-08,R-08 El avalúo no debe superar la vigencia de política: no anterior a 2024-04-30 (24 meses),Jefe de Garantías,307,false
2026-04,AV-2026-000585,4-282676,Heredia,San Rafael,San Rafael,GAM_PERIFERIA,Casa de habitación,PER-001,SI,NO_CONFIABLE,Re-inspección,CRC,161046000.00,111413123.66,0.6918,2023-11-26,886,111413123.66,"R-03, R-08",R-03 El valor total debe cuadrar con la suma de sus componentes: 142946944.81 | R-08 El avalúo no debe superar la vigencia de política: no anterior a 2024-04-30 (24 meses),"Jefe de Garantías, Perito Revisor",57,true
2026-04,AV-2026-000592,4-979784,Heredia,Santo Domingo,Santo Domingo,GAM_PERIFERIA,Casa de habitación,PER-004,SI,REVISAR,Verificación documental,CRC,551904000.00,149299625.70,0.2705,2026-02-10,79,149299625.7,R-07,"R-07 El valor por m² de terreno debe estar dentro del rango de la zona: entre 250000.0 y 950000.0 (GAM_PERIFERIA, CRC)",Perito Revisor,322,false
2026-04,AV-2026-000628,7-933837,Limón,Limón,Limón,CIUDAD_INTERMEDIA,Casa de habitación,PER-001,SI,REVISAR,Verificación documental,CRC,1295796000.00,126101847.45,0.0973,2026-01-18,102,126101847.45,R-07,"R-07 El valor por m² de terreno debe estar dentro del rango de la zona: entre 200000.0 y 750000.0 (CIUDAD_INTERMEDIA, CRC)",Perito Revisor,336,false
2026-04,AV-2026-000812,1-663930,San José,Goicoechea,Guadalupe,GAM_PERIFERIA,Casa de habitación,PER-007,SI,REVISAR,Verificación documental,CRC,753919000.00,,,2026-02-01,88,,R-06,R-06 La coordenada debe corresponder al distrito declarado: a menos de 3 km del centroide; observado 99.9 km,Perito Revisor,471,false
2026-04,AV-2026-000817,3-152891,Cartago,Paraíso,Paraíso,GAM_PERIFERIA,Terreno baldío urbano,PER-006,SI,REVISAR,Verificación documental,CRC,408499000.00,342283439.15,0.8379,2021-06-21,1774,342283439.15,R-08,R-08 El avalúo no debe superar la vigencia de política: no anterior a 2024-04-30 (24 meses),Jefe de Garantías,235,false
2026-04,AV-2026-000867,1-302752-046,San José,Goicoechea,Guadalupe,GAM_PERIFERIA,Apartamento,PER-003,SI,REVISAR,Verificación documental,USD,271937.00,208872.48,0.7681,2022-02-13,1537,106524964.80000001,R-08,R-08 El avalúo no debe superar la vigencia de política: no anterior a 2024-04-30 (24 meses),Jefe de Garantías,358,false
2026-04,AV-2026-000946,,Cartago,Paraíso,Paraíso,GAM_PERIFERIA,Terreno baldío urbano,PER-008,SI,NO_CONFIABLE,Re-inspección,CRC,107513000.00,74665947.40,0.6945,2026-02-07,82,74665947.4,R-02,R-02 Los campos obligatorios deben venir informados: campo informado,Coordinación de Calidad,79,true
2026-04,AV-2026-000961,1-264460,San José,Montes de Oca,San Pedro,GAM_CENTRO,Local comercial,PER-003,SI,REVISAR,Verificación documental,CRC,443705000.00,273169020.04,0.6157,2026-01-02,118,273169020.04,R-06,R-06 La coordenada debe corresponder al distrito declarado: a menos de 3 km del centroide; observado 45.5 km,Perito Revisor,257,false
2026-04,AV-2026-000978,2-408197,Alajuela,Upala,Upala,RURAL,Casa de habitación,PER-003,SI,REVISAR,Verificación documental,CRC,565840000.00,399046802.63,0.7052,2024-01-29,822,399046802.63,R-08,R-08 El avalúo no debe superar la vigencia de política: no anterior a 2024-04-30 (24 meses),Jefe de Garantías,219,false
2026-04,AV-2026-001095,1-865662,San José,Goicoechea,Guadalupe,GAM_PERIFERIA,Local comercial,PER-003,SI,REVISAR,Verificación documental,CRC,8836820000.00,,,2026-01-23,97,,R-07,"R-07 El valor por m² de terreno debe estar dentro del rango de la zona: entre 250000.0 y 900000.0 (GAM_PERIFERIA, CRC)",Perito Revisor,472,false
2026-04,AV-2026-001136,3-449262,Cartago,Paraíso,Paraíso,GAM_PERIFERIA,Bodega o nave industrial,PER-007,SI,REVISAR,Verificación documental,USD,12287318.00,6028435.90,0.4906,2023-08-07,997,3074502309.0,"R-06, R-08",R-06 La coordenada debe corresponder al distrito declarado: a menos de 6 km del centroide; observado 99.2 km | R-08 El avalúo no debe superar la vigencia de política: no anterior a 2024-04-30 (24 meses),"Jefe de Garantías, Perito Revisor",161,false
2026-04,AV-2026-001168,5-124518-140,Guanacaste,Carrillo,Sardinal,COSTA,Apartamento,PER-004,SI,NO_CONFIABLE,Re-inspección,USD,482079.00,372047.89,0.7718,2026-02-16,73,189744423.9,R-05,R-05 Las fechas deben tener orden lógico: inspección <= valor <= informe,Coordinación de Calidad,43,true
2026-04,AV-2026-001222,7-363329,Limón,Limón,Limón,CIUDAD_INTERMEDIA,Terreno baldío urbano,PER-003,SI,NO_CONFIABLE,Re-inspección,CRC,45702000.00,24390385.60,0.5337,2026-02-11,78,24390385.6,R-03,R-03 El valor total debe cuadrar con la suma de sus componentes: 38868849.04,Perito Revisor,98,true
2026-04,AV-2026-001499,6-165763-035,Puntarenas,Garabito,Jacó,COSTA,Condominio horizontal,PER-007,SI,NO_CONFIABLE,Re-inspección,CRC,180639000.00,,,2026-02-01,88,,R-01,R-01 No pueden existir dos avalúos con el mismo identificador: único dentro del corte,Coordinación de Calidad,137,true
2026-04,AV-2026-001499,6-665725,Puntarenas,Garabito,Jacó,COSTA,Casa de habitación,PER-006,SI,NO_CONFIABLE,Re-inspección,CRC,2282140000.00,,,2024-10-06,571,,"R-01, R-07","R-01 No pueden existir dos avalúos con el mismo identificador: único dentro del corte | R-07 El valor por m² de terreno debe estar dentro del rango de la zona: entre 300000.0 y 1500000.0 (COSTA, CRC)","Coordinación de Calidad, Perito Revisor",138,true
2026-04,AV-2026-001731,2-301784,Alajuela,San Carlos,Quesada,CIUDAD_INTERMEDIA,Local comercial,PER-008,SI,REVISAR,Verificación documental,USD,217542.00,121196.22,0.5571,2022-11-23,1254,61810072.2,R-08,R-08 El avalúo no debe superar la vigencia de política: no anterior a 2024-04-30 (24 meses),Jefe de Garantías,391,false
2026-04,AV-2026-001778,1-649769,San José,Desamparados,Desamparados,GAM_PERIFERIA,Terreno baldío urbano,PER-006,SI,REVISAR,Verificación documental,USD,208417.00,,,2021-12-18,1594,,R-08,R-08 El avalúo no debe superar la vigencia de política: no anterior a 2024-04-30 (24 meses),Jefe de Garantías,473,false
2026-04,AV-2026-001832,4-736614-243,Heredia,Belén,San Antonio,GAM_CENTRO,Apartamento,PER-001,SI,REVISAR,Verificación documental,USD,620598.00,305950.46,0.493,2026-01-21,99,156034734.60000002,R-06,R-06 La coordenada debe corresponder al distrito declarado: a menos de 3 km del centroide; observado 98.3 km,Perito Revisor,318,false
2026-04,AV-2026-001872,1-652909,San José,Puriscal,Santiago,RURAL,Finca agrícola,PER-004,SI,REVISAR,Verificación documental,CRC,626695000.00,433725481.61,0.6921,2021-07-16,1749,433725481.61,R-08,R-08 El avalúo no debe superar la vigencia de política: no anterior a 2024-04-30 (24 meses),Jefe de Garantías,214,false
2026-04,AV-2026-001957,1-143725-335,San José,Goicoechea,Guadalupe,GAM_PERIFERIA,Condominio horizontal,PER-007,SI,REVISAR,Verificación documental,USD,261227.00,150031.87,0.5743,2026-01-09,111,76516253.7,R-06,R-06 La coordenada debe corresponder al distrito declarado: a menos de 3 km del centroide; observado 87.7 km,Perito Revisor,378,false
2026-04,AV-2026-002013,1-999716-359,San José,Tibás,San Juan,GAM_CENTRO,Condominio horizontal,PER-005,SI,REVISAR,Verificación documental,USD,984099.00,467348.14,0.4749,2026-02-23,66,238347551.4,R-06,R-06 La coordenada debe corresponder al distrito declarado: coordenada dentro del territorio nacional,Perito Revisor,276,false
2026-04,AV-2026-002087,5-450970,Guanacaste,Nicoya,Nicoya,CIUDAD_INTERMEDIA,Casa de habitación,PER-003,SI,REVISAR,Verificación documental,CRC,140899000.00,75799889.18,0.538,2023-01-14,1202,75799889.18,R-08,R-08 El avalúo no debe superar la vigencia de política: no anterior a 2024-04-30 (24 meses),Jefe de Garantías,379,false
2026-04,AV-2026-002091,,San José,Puriscal,Santiago,RURAL,Casa de habitación,PER-003,SI,NO_CONFIABLE,Re-inspección,USD,97361.00,57860.98,0.5943,2026-01-20,100,29509099.8,R-02,R-02 Los campos obligatorios deben venir informados: campo informado,Coordinación de Calidad,94,true
2026-04,AV-2026-002169,4-522091,Heredia,Santo Domingo,Santo Domingo,GAM_PERIFERIA,Bodega o nave industrial,PER-007,SI,REVISAR,Verificación documental,USD,5521829.00,4340582.15,0.7861,2026-02-23,66,2213696896.5,R-06,R-06 La coordenada debe corresponder al distrito declarado: a menos de 3 km del centroide; observado 67.8 km,Perito Revisor,167,false
2026-04,AV-2026-002193,5-582858,Guanacaste,Liberia,Liberia,CIUDAD_INTERMEDIA,Terreno baldío rural,PER-009,SI,REVISAR,Verificación documental,CRC,1031660000.00,,,2021-11-15,1627,,R-08,R-08 El avalúo no debe superar la vigencia de política: no anterior a 2024-04-30 (24 meses),Jefe de Garantías,474,false
2026-04,AV-2026-002296,6-822966,Puntarenas,Puntarenas,Puntarenas,CIUDAD_INTERMEDIA,Finca agrícola,PER-007,SI,REVISAR,Verificación documental,CRC,22417419000.00,11355578792.49,0.5066,2022-06-10,1420,11355578792.49,R-08,R-08 El avalúo no debe superar la vigencia de política: no anterior a 2024-04-30 (24 meses),Jefe de Garantías,147,true
2026-04,AV-2026-002316,4-557968,Heredia,Belén,San Antonio,GAM_CENTRO,Casa de habitación,PER-003,SI,REVISAR,Verificación documental,USD,237636.00,130787.81,0.5504,2022-05-16,1445,66701783.1,R-08,R-08 El avalúo no debe superar la vigencia de política: no anterior a 2024-04-30 (24 meses),Jefe de Garantías,385,false
2026-04,AV-2026-002429,1-457235,San José,Desamparados,Desamparados,GAM_PERIFERIA,Casa de habitación,PER-007,SI,REVISAR,Verificación documental,CRC,199518000.00,,,2022-03-24,1498,,"R-07, R-08","R-07 El valor por m² de terreno debe estar dentro del rango de la zona: entre 250000.0 y 950000.0 (GAM_PERIFERIA, CRC) | R-08 El avalúo no debe superar la vigencia de política: no anterior a 2024-04-30 (24 meses)","Jefe de Garantías, Perito Revisor",475,false
2026-04,AV-2026-002488,1-417116,San José,Goicoechea,Guadalupe,GAM_PERIFERIA,Casa de habitación,PER-002,SI,REVISAR,Verificación documental,CRC,175177000.00,96440960.92,0.5505,2023-06-11,1054,96440960.92,R-08,R-08 El avalúo no debe superar la vigencia de política: no anterior a 2024-04-30 (24 meses),Jefe de Garantías,369,false
2026-04,AV-2026-002712,3-513914,Cartago,Turrialba,Turrialba,CIUDAD_INTERMEDIA,Casa de habitación,PER-003,SI,REVISAR,Verificación documental,CRC,245502000.00,,,2026-02-12,77,,R-07,"R-07 El valor por m² de terreno debe estar dentro del rango de la zona: entre 200000.0 y 750000.0 (CIUDAD_INTERMEDIA, CRC)",Perito Revisor,476,false
2026-04,AV-2026-002840,4-943700,Heredia,Sarapiquí,Puerto Viejo,RURAL,Casa de habitación,PER-003,SI,NO_CONFIABLE,Re-inspección,CRC,150617000.00,97821196.33,0.6495,2026-01-20,100,97821196.33,R-05,R-05 Las fechas deben tener orden lógico: inspección <= valor <= informe,Coordinación de Calidad,64,true
2026-04,AV-2026-002842,4-415919,Heredia,Santo Domingo,Santo Domingo,GAM_PERIFERIA,Casa de habitación,PER-007,SI,REVISAR,Verificación documental,CRC,156131000.00,189015067.63,1.2106,2026-02-12,77,189015067.63,R-07,"R-07 El valor por m² de terreno debe estar dentro del rango de la zona: entre 250000.0 y 950000.0 (GAM_PERIFERIA, CRC)",Perito Revisor,298,false
2026-04,AV-2026-002875,4-880003,Heredia,Santo Domingo,Santo Domingo,GAM_PERIFERIA,Terreno baldío urbano,PER-006,SI,REVISAR,Verificación documental,CRC,203226000.00,,,2026-01-10,110,,R-06,R-06 La coordenada debe corresponder al distrito declarado: a menos de 3 km del centroide; observado 104.4 km,Perito Revisor,477,false
2026-04,AV-2026-002978,1-988219-266,San José,Tibás,San Juan,GAM_CENTRO,Apartamento,PER-002,SI,NO_CONFIABLE,Re-inspección,USD,64780.00,208367.25,3.2165,2026-02-16,73,106267297.5,"R-04, R-06",R-04 La tipología y lo construido deben ser compatibles: ambos mayores a cero: la tipología exige construcción | R-06 La coordenada debe corresponder al distrito declarado: a menos de 3 km del centroide; observado 53.8 km,Perito Revisor,63,true
2026-04,AV-2026-002983,1-837976-262,San José,San José,Carmen,GAM_CENTRO,Condominio horizontal,PER-003,SI,NO_CONFIABLE,Re-inspección,USD,750026.00,468260.41,0.6243,2026-02-04,85,238812809.1,R-03,R-03 El valor total debe cuadrar con la suma de sus componentes: 780103.84,Perito Revisor,36,true
2026-04,AV-2026-003030,1-411134,San José,Montes de Oca,San Pedro,GAM_CENTRO,Local comercial,PER-001,SI,REVISAR,Verificación documental,CRC,527891000.00,180668338.95,0.3422,2026-02-07,82,180668338.95,"R-06, R-07","R-06 La coordenada debe corresponder al distrito declarado: a menos de 3 km del centroide; observado 64.0 km | R-07 El valor por m² de terreno debe estar dentro del rango de la zona: entre 350000.0 y 1400000.0 (GAM_CENTRO, CRC)",Perito Revisor,301,false
2026-04,AV-2026-003045,2-960015,Alajuela,Upala,Upala,RURAL,Terreno baldío rural,PER-003,SI,REVISAR,Verificación documental,CRC,3772454000.00,3119836182.09,0.827,2024-01-05,846,3119836182.09,R-08,R-08 El avalúo no debe superar la vigencia de política: no anterior a 2024-04-30 (24 meses),Jefe de Garantías,160,false
2026-04,AV-2026-003166,7-765840,Limón,Limón,Limón,CIUDAD_INTERMEDIA,Terreno baldío urbano,PER-007,SI,NO_CONFIABLE,Re-inspección,CRC,97836000.00,,,2023-11-17,895,,"R-05, R-08",R-05 Las fechas deben tener orden lógico: inspección <= valor <= informe | R-08 El avalúo no debe superar la vigencia de política: no anterior a 2024-04-30 (24 meses),"Coordinación de Calidad, Jefe de Garantías",139,true
2026-04,AV-2026-003173,4-263548,Heredia,Heredia,Heredia,GAM_CENTRO,Terreno baldío urbano,PER-003,SI,REVISAR,Verificación documental,CRC,171444000.00,138646574.40,0.8087,2021-10-28,1645,138646574.4,R-08,R-08 El avalúo no debe superar la vigencia de política: no anterior a 2024-04-30 (24 meses),Jefe de Garantías,331,false
2026-04,AV-2026-003342,3-475880,Cartago,La Unión,Tres Ríos,GAM_PERIFERIA,Local comercial,PER-003,SI,REVISAR,Verificación documental,CRC,1371852000.00,1061854355.20,0.774,2022-03-26,1496,1061854355.2,R-08,R-08 El avalúo no debe superar la vigencia de política: no anterior a 2024-04-30 (24 meses),Jefe de Garantías,187,false
2026-04,AV-2026-003366,4-951079,Heredia,San Rafael,San Rafael,GAM_PERIFERIA,Casa de habitación,PER-005,SI,REVISAR,Verificación documental,CRC,217160000.00,102288313.56,0.471,2026-01-24,96,102288313.56,R-06,R-06 La coordenada debe corresponder al distrito declarado: a menos de 4 km del centroide; observado 41.9 km,Perito Revisor,362,false
2026-04,AV-2026-003375,3-871833,Cartago,Paraíso,Paraíso,GAM_PERIFERIA,Casa de habitación,PER-003,SI,REVISAR,Verificación documental,CRC,1182672000.00,193963332.12,0.164,2024-01-28,823,193963332.12,"R-07, R-08","R-07 El valor por m² de terreno debe estar dentro del rango de la zona: entre 250000.0 y 950000.0 (GAM_PERIFERIA, CRC) | R-08 El avalúo no debe superar la vigencia de política: no anterior a 2024-04-30 (24 meses)","Jefe de Garantías, Perito Revisor",296,false
2026-04,AV-2026-003505,1-868612,San José,Escazú,Escazú,GAM_CENTRO,Casa de habitación,PER-003,SI,REVISAR,Verificación documental,CRC,388371000.00,210722876.49,0.5426,2021-03-07,1880,210722876.49,R-08,R-08 El avalúo no debe superar la vigencia de política: no anterior a 2024-04-30 (24 meses),Jefe de Garantías,289,false
2026-04,AV-2026-003527,1-498439,San José,Goicoechea,Guadalupe,GAM_PERIFERIA,Bodega o nave industrial,PER-006,SI,NO_CONFIABLE,Re-inspección,USD,1127537.00,,,2026-02-11,78,,R-05,R-05 Las fechas deben tener orden lógico: inspección <= valor <= informe,Coordinación de Calidad,140,true
2026-04,AV-2026-003535,4-661166,Heredia,Santo Domingo,Santo Domingo,GAM_PERIFERIA,Bodega o nave industrial,PER-008,SI,NO_CONFIABLE,Re-inspección,USD,4802628.00,3398364.25,0.7076,2026-01-03,117,1733165767.5,R-02,R-02 Los campos obligatorios deben venir informados: campo informado,Coordinación de Calidad,13,true
2026-04,AV-2026-003678,4-822547-058,Heredia,San Rafael,San Rafael,GAM_PERIFERIA,Condominio horizontal,PER-005,SI,REVISAR,Verificación documental,USD,480670.00,,,2022-04-09,1482,,R-08,R-08 El avalúo no debe superar la vigencia de política: no anterior a 2024-04-30 (24 meses),Jefe de Garantías,478,false
2026-04,AV-2026-003726,4-439937,Heredia,Sarapiquí,Puerto Viejo,RURAL,Casa de habitación,PER-006,SI,REVISAR,Verificación documental,CRC,386901000.00,220481671.75,0.5699,2023-02-05,1180,220481671.75,R-08,R-08 El avalúo no debe superar la vigencia de política: no anterior a 2024-04-30 (24 meses),Jefe de Garantías,283,false
2026-04,AV-2026-003746,4-518823,Heredia,Heredia,Heredia,GAM_CENTRO,Casa de habitación,PER-001,SI,REVISAR,Verificación documental,CRC,372261000.00,179392181.76,0.4819,2024-02-11,809,179392181.76,R-08,R-08 El avalúo no debe superar la vigencia de política: no anterior a 2024-04-30 (24 meses),Jefe de Garantías,304,false
2026-04,AV-2026-003770,1-810892,San José,Puriscal,Santiago,RURAL,Finca agrícola,PER-004,SI,REVISAR,Verificación documental,CRC,10321332000.00,,,2023-04-27,1099,,R-08,R-08 El avalúo no debe superar la vigencia de política: no anterior a 2024-04-30 (24 meses),Jefe de Garantías,479,false
2026-04,AV-2026-003787,4-527241,Heredia,Sarapiquí,Puerto Viejo,RURAL,Casa de habitación,PER-006,SI,REVISAR,Verificación documental,CRC,473411000.00,228917839.86,0.4835,2022-02-17,1533,228917839.86,R-08,R-08 El avalúo no debe superar la vigencia de política: no anterior a 2024-04-30 (24 meses),Jefe de Garantías,281,false
2026-04,AV-2026-003792,3-343848,Cartago,La Unión,Tres Ríos,GAM_PERIFERIA,Bodega o nave industrial,PER-007,SI,REVISAR,Verificación documental,USD,8178458.00,4187519.84,0.512,2026-01-09,111,2135635118.3999999,R-06,R-06 La coordenada debe corresponder al distrito declarado: a menos de 4 km del centroide; observado 89.8 km,Perito Revisor,170,false
2026-04,AV-2026-003909,1-674997-321,San José,Curridabat,Curridabat,GAM_CENTRO,Condominio horizontal,PER-004,SI,REVISAR,Verificación documental,USD,326430.00,219473.95,0.6723,2022-01-28,1553,111931714.5,R-08,R-08 El avalúo no debe superar la vigencia de política: no anterior a 2024-04-30 (24 meses),Jefe de Garantías,351,false
2026-04,AV-2026-003953,3-445310,Cartago,Turrialba,Turrialba,CIUDAD_INTERMEDIA,Bodega o nave industrial,PER-003,SI,REVISAR,Verificación documental,USD,407298.00,293162.47,0.7198,2026-02-25,64,149512859.7,R-06,R-06 La coordenada debe corresponder al distrito declarado: a menos de 10 km del centroide; observado 60.7 km,Perito Revisor,321,false
2026-04,AV-2026-004010,4-434586,Heredia,Santo Domingo,Santo Domingo,GAM_PERIFERIA,Casa de habitación,PER-003,SI,REVISAR,Verificación documental,CRC,568085000.00,314328666.04,0.5533,2022-11-21,1256,314328666.04,R-08,R-08 El avalúo no debe superar la vigencia de política: no anterior a 2024-04-30 (24 meses),Jefe de Garantías,242,false
2026-04,AV-2026-004012,1-444639,San José,Tibás,San Juan,GAM_CENTRO,Casa de habitación,PER-002,SI,REVISAR,Verificación documental,CRC,171282000.00,100047846.69,0.5841,2024-02-28,792,100047846.69,R-08,R-08 El avalúo no debe superar la vigencia de política: no anterior a 2024-04-30 (24 meses),Jefe de Garantías,364,false
2026-04,AV-2026-004039,7-387955,Limón,Talamanca,Cahuita,COSTA,Casa de habitación,PER-003,SI,REVISAR,Verificación documental,USD,897733.00,544331.92,0.6063,2022-07-08,1392,277609279.20000005,R-08,R-08 El avalúo no debe superar la vigencia de política: no anterior a 2024-04-30 (24 meses),Jefe de Garantías,256,false
2026-04,AV-2026-004048,2-528016,Alajuela,Upala,Upala,RURAL,Casa de habitación,PER-003,SI,REVISAR,Verificación documental,CRC,383542000.00,221363430.96,0.5772,2022-08-14,1355,221363430.96,R-08,R-08 El avalúo no debe superar la vigencia de política: no anterior a 2024-04-30 (24 meses),Jefe de Garantías,282,false
2026-04,AV-2026-004089,1-562201,San José,Escazú,Escazú,GAM_CENTRO,Casa de habitación,PER-007,SI,REVISAR,Verificación documental,CRC,379620000.00,205334583.81,0.5409,2023-10-28,915,205334583.81,R-08,R-08 El avalúo no debe superar la vigencia de política: no anterior a 2024-04-30 (24 meses),Jefe de Garantías,292,false
2026-04,AV-2026-004130,3-629891,Cartago,Paraíso,Paraíso,GAM_PERIFERIA,Terreno baldío urbano,PER-008,SI,REVISAR,Verificación documental,CRC,79026000.00,59330493.70,0.7508,2024-01-24,827,59330493.7,R-08,R-08 El avalúo no debe superar la vigencia de política: no anterior a 2024-04-30 (24 meses),Jefe de Garantías,393,false
2026-04,AV-2026-004149,1-933858-228,San José,Santa Ana,Santa Ana,GAM_CENTRO,Apartamento,PER-005,SI,REVISAR,Verificación documental,USD,122528.00,67412.00,0.5502,2023-10-14,929,34380120.0,R-08,R-08 El avalúo no debe superar la vigencia de política: no anterior a 2024-04-30 (24 meses),Jefe de Garantías,410,false
2026-04,AV-2026-004157,4-525926,Heredia,Belén,San Antonio,GAM_CENTRO,Casa de habitación,PER-007,SI,REVISAR,Verificación documental,USD,912328.00,762822.06,0.8361,2022-03-05,1517,389039250.6,R-08,R-08 El avalúo no debe superar la vigencia de política: no anterior a 2024-04-30 (24 meses),Jefe de Garantías,221,false
2026-04,AV-2026-004170,6-334787,Puntarenas,Garabito,Jacó,COSTA,Terreno baldío rural,PER-006,SI,REVISAR,Verificación documental,USD,3131184.00,,,2023-01-16,1200,,R-08,R-08 El avalúo no debe superar la vigencia de política: no anterior a 2024-04-30 (24 meses),Jefe de Garantías,480,false
2026-04,AV-2026-004177,4-420839-308,Heredia,Heredia,Heredia,GAM_CENTRO,Apartamento,PER-007,SI,REVISAR,Verificación documental,USD,433635.00,230153.33,0.5308,2023-01-23,1193,117378198.3,R-08,R-08 El avalúo no debe superar la vigencia de política: no anterior a 2024-04-30 (24 meses),Jefe de Garantías,345,false
2026-04,AV-2026-004200,1-137043,San José,Santa Ana,Santa Ana,GAM_CENTRO,Local comercial,PER-003,SI,REVISAR,Verificación documental,CRC,635958000.00,307176075.21,0.483,2021-05-12,1814,307176075.21,R-08,R-08 El avalúo no debe superar la vigencia de política: no anterior a 2024-04-30 (24 meses),Jefe de Garantías,246,false
