id_avaluo,moneda,incumplia_marzo,incumple_abril,saldo_marzo,saldo_abril,avaluos_marzo,avaluos_abril,categoria
AV-2024-000004,USD,0,0,184871.54,183460.59,1,1,CUMPLE
AV-2024-000006,CRC,0,0,1020381663.80,1012019134.71,1,1,CUMPLE
AV-2024-000008,CRC,0,0,145441751.90,144164346.00,1,1,CUMPLE
AV-2024-000011,CRC,0,1,257400067.33,256176360.73,1,1,NUEVO
AV-2024-000026,USD,1,1,854564.37,848230.19,1,1,PERSISTENTE
AV-2024-000029,CRC,0,0,,,1,1,CUMPLE
AV-2024-000030,CRC,0,0,,,1,1,CUMPLE
AV-2024-000040,USD,0,0,,,1,1,CUMPLE
AV-2024-000041,CRC,1,0,63766249.42,63051735.77,1,1,CORREGIDO
AV-2024-000049,USD,0,0,634359.95,627701.39,1,1,CUMPLE
AV-2024-000062,CRC,0,,162123044.51,,1,0,SALIO_CUMPLIENDO
AV-2024-000064,USD,0,0,412877.05,411062.57,1,1,CUMPLE
AV-2024-000068,CRC,1,,42811601.45,,1,0,SALIO
AV-2024-000074,CRC,0,0,95400661.38,94835453.55,1,1,CUMPLE
AV-2024-000080,CRC,0,0,777091908.33,772809478.93,1,1,CUMPLE
AV-2024-000081,USD,0,0,150724.30,149503.02,1,1,CUMPLE
AV-2024-000083,CRC,0,0,574519616.66,568206239.40,1,1,CUMPLE
AV-2024-000086,CRC,1,1,,,1,1,PERSISTENTE
AV-2024-000091,CRC,0,0,259787007.79,258351572.26,1,1,CUMPLE
AV-2024-000100,USD,0,0,,,1,1,CUMPLE
AV-2024-000111,CRC,1,1,153479442.65,152907834.94,1,1,PERSISTENTE
AV-2024-000118,USD,0,0,286879.20,284707.65,1,1,CUMPLE
AV-2024-000121,CRC,1,1,100188207.22,99076997.76,1,1,PERSISTENTE
AV-2024-000131,USD,0,0,5371836.98,5345059.07,1,1,CUMPLE
AV-2024-000133,CRC,0,0,2278055000.96,2253674533.40,1,1,CUMPLE
AV-2024-000134,CRC,0,0,48893604.25,48505668.80,1,1,CUMPLE
AV-2024-000139,USD,0,0,187315.10,186018.81,1,1,CUMPLE
AV-2024-000149,CRC,0,0,,,1,1,CUMPLE
AV-2024-000151,CRC,0,0,,,1,1,CUMPLE
AV-2024-000154,CRC,1,0,,,1,1,CORREGIDO
AV-2024-000160,USD,0,0,191327.00,190710.61,1,1,CUMPLE
AV-2024-000166,USD,1,,4682282.47,,1,0,SALIO
AV-2024-000168,CRC,0,0,174977398.66,173746986.17,1,1,CUMPLE
AV-2024-000172,CRC,0,0,499562278.35,496871438.39,1,1,CUMPLE
AV-2024-000176,USD,0,0,241755.36,239709.09,1,1,CUMPLE
AV-2024-000178,CRC,0,0,158645979.79,157847797.97,1,1,CUMPLE
AV-2024-000186,CRC,0,0,104796393.39,103802386.86,1,1,CUMPLE
AV-2024-000197,USD,0,0,251301.51,249419.92,1,1,CUMPLE
AV-2024-000201,CRC,0,0,210254974.97,208528420.68,1,1,CUMPLE
AV-2024-000218,CRC,0,0,103984546.76,103219850.15,1,1,CUMPLE
AV-2024-000242,CRC,1,1,157212587.28,156655851.92,1,1,PERSISTENTE
AV-2024-000254,CRC,1,0,204576579.68,202508979.64,1,1,CORREGIDO
AV-2024-000258,USD,1,1,533029.89,528726.93,1,1,PERSISTENTE
AV-2024-000269,CRC,1,1,437515645.81,434302164.02,1,1,PERSISTENTE
AV-2024-000270,CRC,0,0,188043712.40,187229355.80,1,1,CUMPLE
AV-2024-000274,CRC,1,1,418418545.58,416511206.26,1,1,PERSISTENTE
AV-2024-000289,CRC,0,0,3573363734.99,3533381421.29,1,1,CUMPLE
AV-2024-000291,USD,0,0,293744.14,292814.05,1,1,CUMPLE
AV-2024-000292,USD,0,0,169369.15,168790.32,1,1,CUMPLE
AV-2024-000294,CRC,0,0,,,1,1,CUMPLE
AV-2024-000297,CRC,1,0,90600762.62,90026525.94,1,1,CORREGIDO
AV-2024-000304,CRC,0,0,951635494.89,946229734.87,1,1,CUMPLE
AV-2024-000319,CRC,0,0,94313007.66,93577327.90,1,1,CUMPLE
AV-2024-000337,USD,1,0,130704.97,129418.25,1,1,CORREGIDO
AV-2024-000345,USD,0,1,762488.03,754932.64,1,1,NUEVO
AV-2024-000349,CRC,1,0,,,2,1,CORREGIDO
AV-2024-000350,CRC,0,0,921185218.87,913421273.56,1,1,CUMPLE
AV-2024-000357,CRC,1,0,362194789.08,360769207.35,1,1,CORREGIDO
AV-2024-000364,USD,0,0,949082.99,942145.09,1,1,CUMPLE
AV-2024-000365,CRC,0,0,4757237608.45,4705099378.94,1,1,CUMPLE
AV-2024-000370,CRC,1,,165872990.33,,1,0,SALIO
AV-2024-000374,CRC,0,0,1390653047.66,1376877414.29,1,1,CUMPLE
AV-2024-000382,CRC,0,0,163922401.87,162225211.30,1,1,CUMPLE
AV-2024-000383,USD,0,0,156985.64,155246.26,1,1,CUMPLE
AV-2024-000394,USD,1,1,10172129.31,10067124.35,1,1,PERSISTENTE
AV-2024-000396,USD,0,,2122213.34,,1,0,SALIO_CUMPLIENDO
AV-2024-000401,CRC,1,0,106107737.89,104871164.61,1,1,CORREGIDO
AV-2024-000405,USD,1,0,178673.37,177202.84,1,1,CORREGIDO
AV-2024-000408,CRC,1,0,,,1,1,CORREGIDO
AV-2024-000410,CRC,0,0,489586025.65,487886608.51,1,1,CUMPLE
AV-2024-000412,USD,0,0,4102888.81,4084448.75,1,1,CUMPLE
AV-2024-000416,CRC,0,0,242274607.14,241293238.65,1,1,CUMPLE
AV-2024-000417,CRC,0,0,3526498604.03,3507726913.89,1,1,CUMPLE
AV-2024-000425,USD,0,0,110394.37,109681.75,1,1,CUMPLE
AV-2024-000428,CRC,1,1,,,1,1,PERSISTENTE
AV-2024-000433,CRC,0,0,82847775.25,82234673.64,1,1,CUMPLE
AV-2024-000444,CRC,0,0,157330108.47,156351669.35,1,1,CUMPLE
AV-2024-000446,CRC,0,0,,,1,1,CUMPLE
AV-2024-000447,CRC,0,0,70331644.10,69900304.64,1,1,CUMPLE
AV-2024-000450,USD,0,0,,,1,1,CUMPLE
AV-2024-000463,CRC,0,0,,,1,1,CUMPLE
AV-2024-000465,CRC,1,1,60175604.54,59642558.21,1,1,PERSISTENTE
AV-2024-000471,CRC,0,1,110980624.61,109855250.66,1,1,NUEVO
AV-2024-000476,USD,1,0,124306.80,123817.64,1,1,CORREGIDO
AV-2024-000477,CRC,1,1,298697897.45,297531080.64,1,1,PERSISTENTE
AV-2024-000480,CRC,0,0,251149163.98,248418252.68,1,1,CUMPLE
AV-2024-000484,CRC,0,0,35538145.02,35328859.94,1,1,CUMPLE
AV-2024-000487,USD,1,0,539072.68,534149.66,1,1,CORREGIDO
AV-2024-000490,USD,1,0,142228.66,141124.15,1,1,CORREGIDO
AV-2024-000505,CRC,0,0,335954673.55,332226117.82,1,1,CUMPLE
AV-2024-000506,USD,0,0,202909.47,200958.68,1,1,CUMPLE
AV-2024-000512,USD,1,0,178174.85,176980.85,1,1,CORREGIDO
AV-2024-000521,USD,0,0,3909907.79,3880874.44,1,1,CUMPLE
AV-2024-000522,USD,0,0,263450.72,261346.47,1,1,CUMPLE
AV-2024-000535,CRC,0,0,57427891.52,57005975.80,1,1,CUMPLE
AV-2024-000552,CRC,0,0,85699420.48,84739702.81,1,1,CUMPLE
AV-2024-000558,CRC,0,0,1443141332.70,1426446390.94,1,1,CUMPLE
AV-2024-000565,CRC,1,1,,,1,1,PERSISTENTE
AV-2024-000566,CRC,0,0,85445060.76,84784146.44,1,1,CUMPLE
AV-2024-000569,USD,1,0,435819.62,432505.36,1,1,CORREGIDO
AV-2024-000574,USD,0,0,,,1,1,CUMPLE
AV-2024-000576,CRC,1,0,590648925.04,587368609.16,1,1,CORREGIDO
AV-2024-000582,USD,0,0,56981.89,56709.05,1,1,CUMPLE
AV-2024-000587,CRC,0,0,,,1,1,CUMPLE
AV-2024-000593,CRC,0,0,71675952.19,71299218.58,1,1,CUMPLE
AV-2024-000595,CRC,1,0,1303452828.06,1294847357.81,1,1,CORREGIDO
AV-2024-000605,CRC,0,0,118038277.81,116971969.52,1,1,CUMPLE
AV-2024-000607,CRC,0,0,,,1,1,CUMPLE
AV-2024-000611,CRC,0,0,,,1,1,CUMPLE
AV-2024-000613,USD,1,,329728.83,,1,0,SALIO
AV-2024-000618,CRC,0,0,167355315.26,165686046.14,1,1,CUMPLE
AV-2024-000620,CRC,0,0,,,1,1,CUMPLE
AV-2024-000634,USD,0,0,189635.56,188660.77,1,1,CUMPLE
AV-2024-000636,CRC,0,0,,,1,1,CUMPLE
AV-2024-000637,CRC,0,0,462427516.23,458123349.77,1,1,CUMPLE
AV-2024-000648,CRC,0,0,92029907.12,91674966.85,1,1,CUMPLE
AV-2024-000651,USD,0,0,172834.12,171792.97,1,1,CUMPLE
AV-2024-000652,CRC,0,0,684368212.18,676310328.39,1,1,CUMPLE
AV-2024-000653,CRC,1,0,42624477.52,42333715.35,1,1,CORREGIDO
AV-2024-000656,CRC,0,0,167829819.75,166139714.91,1,1,CUMPLE
AV-2024-000659,USD,0,0,4257063.15,4215959.43,1,1,CUMPLE
AV-2024-000662,USD,1,0,314649.93,313571.40,1,1,CORREGIDO
AV-2024-000664,USD,0,0,404152.46,402038.36,1,1,CUMPLE
AV-2024-000671,CRC,0,0,2230028685.50,2213504556.20,1,1,CUMPLE
AV-2024-000682,USD,1,1,137691.30,136559.83,1,1,PERSISTENTE
AV-2024-000685,USD,0,0,174199.00,172415.67,1,1,CUMPLE
AV-2024-000689,CRC,0,0,196368916.09,195717968.42,1,1,CUMPLE
AV-2024-000693,USD,1,1,175522.61,173822.89,1,1,PERSISTENTE
AV-2024-000702,USD,0,0,985293.48,977384.38,1,1,CUMPLE
AV-2024-000711,CRC,0,0,,,1,1,CUMPLE
AV-2024-000725,USD,1,0,,,1,1,CORREGIDO
AV-2024-000733,CRC,0,0,,,1,1,CUMPLE
AV-2024-000740,CRC,0,0,,,1,1,CUMPLE
AV-2024-000742,USD,0,0,380699.94,379219.56,1,1,CUMPLE
AV-2024-000743,CRC,0,0,947654667.42,943019987.34,1,1,CUMPLE
AV-2024-000747,USD,0,0,170705.26,169356.97,1,1,CUMPLE
AV-2024-000748,CRC,0,0,,,1,1,CUMPLE
AV-2024-000752,CRC,0,0,56442198.98,56054023.99,1,1,CUMPLE
AV-2024-000757,USD,0,0,148660.85,148043.03,1,1,CUMPLE
AV-2024-000763,CRC,1,0,136804590.79,135230777.54,1,1,CORREGIDO
AV-2024-000773,CRC,0,0,369747239.32,367767838.53,1,1,CUMPLE
AV-2024-000779,CRC,0,0,262071226.67,260558517.81,1,1,CUMPLE
AV-2024-000782,USD,0,0,,,1,1,CUMPLE
AV-2024-000784,CRC,0,0,5382682727.56,5344715941.66,1,1,CUMPLE
AV-2024-000796,USD,0,0,189720.54,188102.20,1,1,CUMPLE
AV-2024-000806,CRC,0,0,610545465.11,605160473.22,1,1,CUMPLE
AV-2024-000809,USD,0,0,286297.51,284139.83,1,1,CUMPLE
AV-2024-000820,CRC,1,1,,,1,1,PERSISTENTE
AV-2024-000821,CRC,0,0,2663254570.95,2633451268.35,1,1,CUMPLE
AV-2024-000824,USD,1,1,,,1,1,PERSISTENTE
AV-2024-000827,USD,0,0,276460.75,274691.20,1,1,CUMPLE
AV-2024-000829,CRC,1,1,57758886.11,57567560.01,1,1,PERSISTENTE
AV-2024-000835,CRC,0,0,,,1,1,CUMPLE
AV-2024-000838,USD,1,0,,,1,1,CORREGIDO
AV-2024-000841,CRC,1,0,101223436.32,100877019.84,1,1,CORREGIDO
AV-2024-000842,CRC,0,0,257213026.94,255470437.45,1,1,CUMPLE
AV-2024-000847,CRC,1,0,670474845.06,663307202.65,1,1,CORREGIDO
AV-2024-000849,CRC,1,0,145087737.01,143452345.79,1,1,CORREGIDO
AV-2024-000851,CRC,1,1,,,1,1,PERSISTENTE
AV-2024-000853,CRC,1,0,39739973.10,39614717.09,1,1,CORREGIDO
AV-2024-000854,CRC,0,0,383748851.29,380537089.49,1,1,CUMPLE
AV-2024-000856,CRC,1,,198220821.81,,1,0,SALIO
AV-2024-000858,CRC,0,0,122813617.96,122372191.18,1,1,CUMPLE
AV-2024-000859,USD,1,1,14045391.61,13887224.22,1,1,PERSISTENTE
AV-2024-000869,CRC,,0,,,0,1,ENTRA_CUMPLIENDO
AV-2024-000871,CRC,0,0,577786203.51,575655351.39,1,1,CUMPLE
AV-2024-000872,CRC,0,0,10690636.93,10629969.65,1,1,CUMPLE
AV-2024-000873,CRC,0,0,50159851.62,49668224.01,1,1,CUMPLE
AV-2024-000875,CRC,1,1,26191234.41,25912883.04,1,1,PERSISTENTE
AV-2024-000877,CRC,0,0,127488740.85,127063139.35,1,1,CUMPLE
AV-2024-000879,CRC,0,0,,,1,1,CUMPLE
AV-2024-000884,CRC,0,0,,,1,1,CUMPLE
AV-2024-000889,CRC,0,0,49042457.06,48629917.08,1,1,CUMPLE
AV-2024-000891,CRC,0,0,428170078.18,424918593.67,1,1,CUMPLE
AV-2024-000892,CRC,1,0,7976872.51,7921148.19,1,1,CORREGIDO
AV-2024-000897,CRC,0,0,440162176.26,437514147.41,1,1,CUMPLE
AV-2024-000903,CRC,0,1,386208680.29,381972888.74,1,1,NUEVO
AV-2024-000906,USD,1,,460309.13,,1,0,SALIO
AV-2024-000913,USD,0,0,144117.55,142731.24,1,1,CUMPLE
AV-2024-000914,CRC,0,0,134741239.31,133632800.63,1,1,CUMPLE
AV-2024-000915,USD,1,1,129847.03,128799.64,1,1,PERSISTENTE
AV-2024-000916,CRC,0,0,3328625129.41,3316259562.40,1,1,CUMPLE
AV-2024-000922,CRC,1,1,,,1,1,PERSISTENTE
AV-2024-000923,CRC,1,0,,,1,1,CORREGIDO
AV-2024-000924,USD,1,0,2261770.36,2243280.86,1,1,CORREGIDO
AV-2024-000932,CRC,0,0,,,1,1,CUMPLE
AV-2024-000934,CRC,0,0,,,1,1,CUMPLE
AV-2024-000936,CRC,0,0,102411771.41,101916167.77,1,1,CUMPLE
AV-2024-000938,CRC,0,0,176396424.74,174683724.07,1,1,CUMPLE
AV-2024-000941,USD,0,0,264100.55,262145.34,1,1,CUMPLE
AV-2024-000942,CRC,1,1,2185653669.86,2176359777.37,1,1,PERSISTENTE
AV-2024-000949,CRC,0,0,252304381.99,250166767.97,1,1,CUMPLE
AV-2024-000951,CRC,1,0,,,1,1,CORREGIDO
AV-2024-000953,USD,1,0,,2592364.43,2,1,CORREGIDO
AV-2024-000959,CRC,0,0,87717208.55,86742384.21,1,1,CUMPLE
AV-2024-000968,CRC,0,0,147878152.34,147057151.30,1,1,CUMPLE
AV-2024-000972,CRC,0,0,25472388.36,25212219.68,1,1,CUMPLE
AV-2024-000973,USD,0,0,1622691.43,1613374.39,1,1,CUMPLE
AV-2024-000981,USD,0,0,7152417.67,7072195.76,1,1,CUMPLE
AV-2024-000983,USD,0,0,105950.98,105367.64,1,1,CUMPLE
AV-2024-000985,CRC,1,0,91924608.46,91648526.73,1,1,CORREGIDO
AV-2024-000987,CRC,0,0,6710803029.28,6665340742.86,1,1,CUMPLE
AV-2024-000988,CRC,0,0,1062612493.07,1058219646.96,1,1,CUMPLE
AV-2024-000989,USD,0,0,310707.08,309084.95,1,1,CUMPLE
AV-2024-000991,CRC,0,0,189668060.00,188649791.52,1,1,CUMPLE
AV-2024-000993,USD,0,0,227830.29,227003.71,1,1,CUMPLE
AV-2024-000996,USD,0,0,348822.61,347505.08,1,1,CUMPLE
AV-2024-001000,CRC,0,0,150342762.81,148809423.40,1,1,CUMPLE
AV-2024-001005,CRC,0,0,168303501.14,166675934.51,1,1,CUMPLE
AV-2024-001009,USD,1,,516944.98,,1,0,SALIO
AV-2024-001017,USD,0,0,322925.37,320033.90,1,1,CUMPLE
AV-2024-001018,CRC,0,0,655711017.55,652655004.22,1,1,CUMPLE
AV-2024-001021,USD,0,0,32877.41,32583.99,1,1,CUMPLE
AV-2024-001025,USD,0,0,6544980.20,6485929.04,1,1,CUMPLE
AV-2024-001026,CRC,0,0,7950819573.80,7868183593.86,1,1,CUMPLE
AV-2024-001037,CRC,1,,232087280.11,,1,0,SALIO
AV-2024-001040,USD,0,0,,,1,1,CUMPLE
AV-2024-001041,CRC,0,0,379291570.52,375317305.18,1,1,CUMPLE
AV-2024-001046,CRC,0,1,333285320.51,330357246.89,1,1,NUEVO
AV-2024-001054,USD,1,1,8707882.83,8667255.75,1,1,PERSISTENTE
AV-2024-001057,CRC,0,0,1335924720.66,1322844677.30,1,1,CUMPLE
AV-2024-001060,USD,0,0,252681.98,250202.79,1,1,CUMPLE
AV-2024-001061,CRC,0,0,279645331.14,276308777.37,1,1,CUMPLE
AV-2024-001064,USD,0,0,393721.81,389245.56,1,1,CUMPLE
AV-2024-001066,CRC,0,0,195109170.04,193863519.70,1,1,CUMPLE
AV-2024-001067,USD,1,0,145834.97,145050.45,1,1,CORREGIDO
AV-2024-001074,USD,0,0,320604.89,317638.74,1,1,CUMPLE
AV-2024-001078,USD,1,1,224726.86,223414.58,1,1,PERSISTENTE
AV-2024-001081,USD,0,0,245395.45,242837.13,1,1,CUMPLE
AV-2024-001082,CRC,0,0,380022974.63,376029316.02,1,1,CUMPLE
AV-2024-001090,USD,0,0,216999.16,216316.14,1,1,CUMPLE
AV-2024-001092,CRC,0,0,267121421.24,263995454.65,1,1,CUMPLE
AV-2024-001105,USD,0,0,39470.66,39106.88,1,1,CUMPLE
AV-2024-001107,CRC,0,0,84607769.99,83886212.62,1,1,CUMPLE
AV-2024-001114,USD,0,0,3018815.87,3007441.45,1,1,CUMPLE
AV-2024-001128,USD,1,0,374876.23,370490.52,1,1,CORREGIDO
AV-2024-001140,USD,0,0,501973.32,496192.30,1,1,CUMPLE
AV-2024-001142,CRC,0,0,128710552.33,127186056.65,1,1,CUMPLE
AV-2024-001147,CRC,0,0,244196341.93,243107863.34,1,1,CUMPLE
AV-2024-001151,CRC,0,0,115369782.35,114103185.84,1,1,CUMPLE
AV-2024-001158,CRC,0,0,489894719.11,484244991.97,1,1,CUMPLE
AV-2024-001162,CRC,0,0,296946450.69,294074655.11,1,1,CUMPLE
AV-2024-001163,CRC,0,1,,,1,1,NUEVO
AV-2024-001164,USD,0,0,417782.54,412920.97,1,1,CUMPLE
AV-2024-001169,USD,0,0,132062.63,130794.26,1,1,CUMPLE
AV-2024-001171,USD,1,,551054.31,,1,0,SALIO
AV-2024-001172,CRC,1,1,191676480.74,190777164.95,1,1,PERSISTENTE
AV-2024-001175,USD,0,0,221980.24,219983.02,1,1,CUMPLE
AV-2024-001192,CRC,0,0,,,1,1,CUMPLE
AV-2024-001193,CRC,0,0,314868604.91,312436962.86,1,1,CUMPLE
AV-2024-001197,CRC,0,0,,,1,1,CUMPLE
AV-2024-001200,USD,0,,2535301.81,,1,0,SALIO_CUMPLIENDO
AV-2024-001202,CRC,0,0,4072890008.48,4044267124.24,1,1,CUMPLE
AV-2024-001208,USD,0,0,7762816.36,7726591.94,1,1,CUMPLE
AV-2024-001209,CRC,1,1,1808978081.96,1799961633.95,1,1,PERSISTENTE
AV-2024-001215,CRC,0,0,38759126.22,38367962.29,1,1,CUMPLE
AV-2024-001228,CRC,0,0,326695295.96,322834198.26,1,1,CUMPLE
AV-2024-001237,USD,1,0,4685459.06,4645370.05,1,1,CORREGIDO
AV-2024-001244,CRC,0,0,343737098.15,340966155.60,1,1,CUMPLE
AV-2024-001246,CRC,1,0,1968514188.52,1954673717.94,1,1,CORREGIDO
AV-2024-001250,USD,1,0,,,1,1,CORREGIDO
AV-2024-001260,CRC,1,0,63123608.20,62827275.11,1,1,CORREGIDO
AV-2024-001264,CRC,0,0,299174729.81,297571354.88,1,1,CUMPLE
AV-2024-001269,USD,0,0,349685.84,347245.53,1,1,CUMPLE
AV-2024-001270,USD,0,0,147003.93,146108.88,1,1,CUMPLE
AV-2024-001275,CRC,0,0,1702328998.54,1685601924.85,1,1,CUMPLE
AV-2024-001299,USD,0,0,233370.03,231579.76,1,1,CUMPLE
AV-2024-001311,CRC,0,0,382340886.90,380292442.96,1,1,CUMPLE
AV-2024-001315,CRC,1,0,,,1,1,CORREGIDO
AV-2024-001326,USD,0,0,2476159.58,2447837.07,1,1,CUMPLE
AV-2024-001335,CRC,0,0,798328973.09,793625099.68,1,1,CUMPLE
AV-2024-001339,CRC,0,0,97904178.82,97333249.99,1,1,CUMPLE
AV-2024-001351,USD,1,0,290061.89,287334.83,1,1,CORREGIDO
AV-2024-001354,CRC,0,0,130725948.31,129417708.28,1,1,CUMPLE
AV-2024-001356,CRC,0,0,126336392.14,125485968.64,1,1,CUMPLE
AV-2024-001358,USD,1,0,47533.94,47282.10,1,1,CORREGIDO
AV-2024-001360,USD,0,0,232589.22,230991.49,1,1,CUMPLE
AV-2024-001379,USD,0,0,186929.87,186045.50,1,1,CUMPLE
AV-2024-001380,CRC,0,0,193073882.04,190811052.57,1,1,CUMPLE
AV-2024-001381,CRC,0,0,457139377.57,451905510.44,1,1,CUMPLE
AV-2024-001382,USD,1,0,,,1,1,CORREGIDO
AV-2024-001390,CRC,0,0,87493948.44,86799574.37,1,1,CUMPLE
AV-2024-001394,USD,0,0,,,1,1,CUMPLE
AV-2024-001398,USD,0,0,842727.45,837402.38,1,1,CUMPLE
AV-2024-001399,CRC,1,0,372504012.61,369305482.78,1,1,CORREGIDO
AV-2024-001401,USD,1,1,215841.74,214392.13,1,1,PERSISTENTE
AV-2024-001403,CRC,0,0,34130937.89,33736874.45,1,1,CUMPLE
AV-2024-001407,CRC,0,0,,,1,1,CUMPLE
AV-2024-001410,USD,0,,57405.12,,1,0,SALIO_CUMPLIENDO
AV-2024-001416,CRC,0,0,10978774331.70,10863856203.45,1,1,CUMPLE
AV-2024-001423,CRC,0,0,84203808.23,83460028.48,1,1,CUMPLE
AV-2024-001426,CRC,0,0,1053160485.06,1046002012.78,1,1,CUMPLE
AV-2024-001455,CRC,1,0,64574536.83,64274927.86,1,1,CORREGIDO
AV-2024-001456,CRC,1,1,215811578.28,215065675.70,1,1,PERSISTENTE
AV-2024-001464,USD,0,0,503099.56,499105.70,1,1,CUMPLE
AV-2024-001471,CRC,1,,,,1,0,SALIO
AV-2024-001477,CRC,0,0,37676618.33,37506440.20,1,1,CUMPLE
AV-2024-001489,CRC,0,0,,,1,1,CUMPLE
AV-2024-001492,USD,0,0,112619.20,111275.93,1,1,CUMPLE
AV-2024-001498,CRC,0,0,150025023.47,149555162.90,1,1,CUMPLE
AV-2024-001502,USD,0,0,299217.23,296433.47,1,1,CUMPLE
AV-2024-001503,CRC,0,0,20450652.97,20291527.80,1,1,CUMPLE
AV-2024-001506,CRC,0,0,94475073.31,94048049.83,1,1,CUMPLE
AV-2024-001509,CRC,0,0,635033722.91,631364917.18,1,1,CUMPLE
AV-2024-001515,CRC,1,0,,,1,1,CORREGIDO
AV-2024-001516,USD,0,0,,,1,1,CUMPLE
AV-2024-001527,CRC,1,0,176219798.80,174881348.84,1,1,CORREGIDO
AV-2024-001528,USD,1,0,,,1,1,CORREGIDO
AV-2024-001531,CRC,0,0,2418580184.78,2406244265.03,1,1,CUMPLE
AV-2024-001532,CRC,0,0,2617417311.56,2598471241.70,1,1,CUMPLE
AV-2024-001534,USD,0,0,132546.39,132050.72,1,1,CUMPLE
AV-2024-001538,USD,1,1,514956.13,513280.16,1,1,PERSISTENTE
AV-2024-001540,CRC,0,0,38917457.55,38760293.35,1,1,CUMPLE
AV-2024-001550,CRC,0,0,,,1,1,CUMPLE
AV-2024-001552,CRC,0,0,165078162.01,163801641.75,1,1,CUMPLE
AV-2024-001556,CRC,0,0,,,1,1,CUMPLE
AV-2024-001562,USD,0,0,224048.57,223046.05,1,1,CUMPLE
AV-2024-001565,USD,0,0,165518.56,164390.91,1,1,CUMPLE
AV-2024-001568,USD,1,0,,,1,1,CORREGIDO
AV-2024-001571,USD,0,,181819.86,,1,0,SALIO_CUMPLIENDO
AV-2024-001572,CRC,1,0,,,1,1,CORREGIDO
AV-2024-001573,CRC,0,0,841505115.87,834400597.61,1,1,CUMPLE
AV-2024-001574,CRC,0,0,245820623.09,243163558.20,1,1,CUMPLE
AV-2024-001577,USD,0,0,459539.54,455017.40,1,1,CUMPLE
AV-2024-001583,CRC,0,0,372595155.35,368759834.38,1,1,CUMPLE
AV-2024-001586,CRC,0,0,951398817.30,942089350.49,1,1,CUMPLE
AV-2024-001587,CRC,1,1,166745102.19,165161968.79,1,1,PERSISTENTE
AV-2024-001597,USD,0,0,1814101.54,1798796.91,1,1,CUMPLE
AV-2024-001598,CRC,0,0,68460090.68,67987003.57,1,1,CUMPLE
AV-2024-001599,CRC,1,0,196394424.04,195703556.58,1,1,CORREGIDO
AV-2024-001603,USD,1,1,5334377.56,5293150.32,1,1,PERSISTENTE
AV-2024-001606,CRC,0,0,4076219463.50,4044164150.19,1,1,CUMPLE
AV-2024-001607,CRC,1,0,601359122.09,597196089.80,1,1,CORREGIDO
AV-2024-001608,USD,0,0,79565.43,78874.24,1,1,CUMPLE
AV-2024-001609,CRC,0,0,,,1,1,CUMPLE
AV-2024-001610,CRC,0,0,203898507.35,202122814.80,1,1,CUMPLE
AV-2024-001614,CRC,0,0,63758938.66,63177210.33,1,1,CUMPLE
AV-2024-001627,CRC,0,0,,,1,1,CUMPLE
AV-2024-001628,CRC,0,0,2275002813.43,2265064059.79,1,1,CUMPLE
AV-2024-001631,USD,0,0,2617741.06,2601843.80,1,1,CUMPLE
AV-2024-001645,USD,1,1,310137.89,307348.03,1,1,PERSISTENTE
AV-2024-001650,CRC,0,0,481875125.83,479426846.41,1,1,CUMPLE
AV-2024-001651,CRC,1,0,123184421.94,121982381.03,1,1,CORREGIDO
AV-2024-001658,USD,,0,,313709.27,0,1,ENTRA_CUMPLIENDO
AV-2024-001659,CRC,0,0,320195080.70,316496717.10,1,1,CUMPLE
AV-2024-001661,USD,1,0,445240.09,441153.48,1,1,CORREGIDO
AV-2024-001663,USD,1,0,60180.75,59661.91,1,1,CORREGIDO
AV-2024-001672,USD,0,0,161971.35,161267.37,1,1,CUMPLE
AV-2024-001674,CRC,0,0,32099187.60,31754136.57,1,1,CUMPLE
AV-2024-001675,CRC,0,0,2444894331.31,2436463377.89,1,1,CUMPLE
AV-2024-001686,CRC,0,0,856789074.31,850988219.98,1,1,CUMPLE
AV-2024-001688,USD,0,0,143472.69,142561.66,1,1,CUMPLE
AV-2024-001699,CRC,0,0,,,1,1,CUMPLE
AV-2024-001707,USD,1,0,153030.52,151443.62,1,1,CORREGIDO
AV-2024-001714,CRC,0,0,154186809.83,152592073.11,1,1,CUMPLE
AV-2024-001716,CRC,1,0,216332795.71,215076209.98,1,1,CORREGIDO
AV-2024-001721,CRC,1,0,,,1,1,CORREGIDO
AV-2024-001722,CRC,1,1,359880323.06,356496267.36,1,1,PERSISTENTE
AV-2024-001727,USD,0,0,996607.73,991511.78,1,1,CUMPLE
AV-2024-001738,USD,1,0,92067.45,91604.43,1,1,CORREGIDO
AV-2024-001748,USD,0,0,1057139.09,1052499.35,1,1,CUMPLE
AV-2024-001749,USD,0,0,161226.57,160377.99,1,1,CUMPLE
AV-2024-001750,USD,1,0,215009.40,213463.17,1,1,CORREGIDO
AV-2024-001751,CRC,0,0,121860556.16,121454929.38,1,1,CUMPLE
AV-2024-001763,CRC,0,0,,,1,1,CUMPLE
AV-2024-001767,USD,0,0,573809.20,567916.50,1,1,CUMPLE
AV-2024-001774,USD,1,0,182503.12,181524.25,1,1,CORREGIDO
AV-2024-001783,USD,0,0,1332368.09,1327198.05,1,1,CUMPLE
AV-2024-001784,USD,0,0,230529.40,228868.28,1,1,CUMPLE
AV-2024-001785,CRC,1,,812029304.00,,1,0,SALIO
AV-2024-001787,CRC,1,0,290779869.51,287371712.12,1,1,CORREGIDO
AV-2024-001788,CRC,1,1,,,1,1,PERSISTENTE
AV-2024-001797,CRC,0,0,193259196.75,192423600.78,1,1,CUMPLE
AV-2024-001799,CRC,1,0,4002526484.03,3959153915.87,1,1,CORREGIDO
AV-2024-001808,USD,0,0,98380.61,97549.86,1,1,CUMPLE
AV-2024-001824,CRC,0,0,406988891.39,403357564.16,1,1,CUMPLE
AV-2024-001838,CRC,0,0,192252983.33,190653842.62,1,1,CUMPLE
AV-2024-001839,USD,0,0,106234.89,105180.21,1,1,CUMPLE
AV-2024-001841,USD,0,0,166993.65,165950.80,1,1,CUMPLE
AV-2024-001842,CRC,0,1,1315693524.05,1304982417.97,1,1,NUEVO
AV-2024-001844,CRC,1,0,,,1,1,CORREGIDO
AV-2024-001848,USD,1,,,,1,0,SALIO
AV-2024-001850,CRC,1,0,208228937.83,207260893.35,1,1,CORREGIDO
AV-2024-001852,USD,0,0,201624.36,200635.17,1,1,CUMPLE
AV-2024-001855,CRC,0,0,115619976.60,114580124.50,1,1,CUMPLE
AV-2024-001856,CRC,0,0,539201287.68,534863484.79,1,1,CUMPLE
AV-2024-001858,CRC,1,1,300662121.96,297469302.73,1,1,PERSISTENTE
AV-2024-001859,CRC,0,0,33952260.22,33692587.70,1,1,CUMPLE
AV-2024-001864,CRC,0,,335990994.77,,1,0,SALIO_CUMPLIENDO
AV-2024-001866,CRC,0,0,,,1,1,CUMPLE
AV-2024-001867,USD,0,1,405568.74,401446.08,1,1,NUEVO
AV-2024-001871,CRC,0,,1090743663.79,,1,0,SALIO_CUMPLIENDO
AV-2024-001875,CRC,0,0,,,1,1,CUMPLE
AV-2024-001877,USD,0,0,,,1,1,CUMPLE
AV-2024-001878,USD,0,0,4125628.91,4089106.49,1,1,CUMPLE
AV-2024-001880,USD,0,0,103576.47,102620.18,1,1,CUMPLE
AV-2024-001886,USD,0,0,145145.01,143837.79,1,1,CUMPLE
AV-2024-001892,CRC,1,1,285955201.47,284212468.57,1,1,PERSISTENTE
AV-2024-001893,CRC,0,0,674041094.59,666715476.28,1,1,CUMPLE
AV-2024-001899,CRC,0,0,359877414.59,357019336.52,1,1,CUMPLE
AV-2024-001901,USD,1,1,185702.09,183737.97,1,1,PERSISTENTE
AV-2024-001903,CRC,0,0,695556298.91,689828763.41,1,1,CUMPLE
AV-2024-001906,USD,0,0,5921516.94,5865779.01,1,1,CUMPLE
AV-2024-001915,USD,0,0,432982.83,431129.42,1,1,CUMPLE
AV-2024-001919,CRC,0,0,39520409.30,39125189.86,1,1,CUMPLE
AV-2024-001921,CRC,0,,943184744.24,,1,0,SALIO_CUMPLIENDO
AV-2024-001931,CRC,1,1,293201695.43,291539835.11,1,1,PERSISTENTE
AV-2024-001954,CRC,0,0,624534444.25,622311919.30,1,1,CUMPLE
AV-2024-001959,CRC,0,0,,,1,1,CUMPLE
AV-2024-001960,CRC,1,0,182284966.72,180192200.94,1,1,CORREGIDO
AV-2024-001961,CRC,0,0,2230859425.40,2216318207.85,1,1,CUMPLE
AV-2024-001962,CRC,0,0,331269519.31,327654713.29,1,1,CUMPLE
AV-2024-001963,CRC,0,0,330164502.81,327767144.12,1,1,CUMPLE
AV-2024-001966,CRC,0,0,,,1,1,CUMPLE
AV-2024-001977,USD,1,0,,,1,1,CORREGIDO
AV-2024-001978,CRC,0,0,2045565136.30,2027081585.23,1,1,CUMPLE
AV-2024-001982,USD,0,0,,,1,1,CUMPLE
AV-2024-001983,CRC,1,,326790888.03,,1,0,SALIO
AV-2024-001987,CRC,1,1,,,1,1,PERSISTENTE
AV-2024-001997,CRC,0,0,48699274.32,48144857.24,1,1,CUMPLE
AV-2024-002001,CRC,0,0,965014455.03,961756432.44,1,1,CUMPLE
AV-2024-002010,CRC,0,0,67823582.07,67562654.25,1,1,CUMPLE
AV-2024-002014,CRC,0,0,88683379.92,87662419.72,1,1,CUMPLE
AV-2024-002015,CRC,1,0,475378975.91,469711453.64,1,1,CORREGIDO
AV-2024-002017,CRC,0,0,327803314.18,324700791.55,1,1,CUMPLE
AV-2024-002018,CRC,1,0,,,1,1,CORREGIDO
AV-2024-002019,CRC,0,0,372167237.70,368055866.88,1,1,CUMPLE
AV-2024-002022,USD,0,0,194519.80,192862.85,1,1,CUMPLE
AV-2024-002029,USD,0,0,207639.21,205600.14,1,1,CUMPLE
AV-2024-002033,CRC,0,0,,,1,1,CUMPLE
AV-2024-002034,CRC,1,0,,,1,1,CORREGIDO
AV-2024-002039,CRC,0,0,112267991.53,111065381.80,1,1,CUMPLE
AV-2024-002040,CRC,0,0,,,1,1,CUMPLE
AV-2024-002041,USD,0,1,271175.50,269083.32,1,1,NUEVO
AV-2024-002050,CRC,1,0,256603268.38,254681791.91,1,1,CORREGIDO
AV-2024-002052,CRC,0,0,48956860.68,48795300.25,1,1,CUMPLE
AV-2024-002055,CRC,1,0,1507069916.67,1496261640.45,1,1,CORREGIDO
AV-2024-002063,CRC,0,0,145669989.42,143934740.58,1,1,CUMPLE
AV-2024-002064,USD,1,0,218276.41,216729.52,1,1,CORREGIDO
AV-2024-002070,USD,0,0,199683.00,198299.64,1,1,CUMPLE
AV-2024-002074,USD,0,1,5796846.38,5778416.80,1,1,NUEVO
AV-2024-002078,CRC,0,0,,,1,1,CUMPLE
AV-2024-002079,USD,0,0,166870.27,166312.20,1,1,CUMPLE
AV-2024-002086,CRC,0,0,289697801.71,286558276.51,1,1,CUMPLE
AV-2024-002090,USD,0,0,90810.33,90516.37,1,1,CUMPLE
AV-2024-002104,CRC,0,0,165442950.63,164610653.22,1,1,CUMPLE
AV-2024-002108,USD,0,0,2467146.84,2453954.01,1,1,CUMPLE
AV-2024-002114,CRC,0,0,67378189.93,67085036.42,1,1,CUMPLE
AV-2024-002119,CRC,1,0,44793442.36,44395476.68,1,1,CORREGIDO
AV-2024-002125,CRC,1,,256689255.94,,1,0,SALIO
AV-2024-002127,CRC,0,0,111260086.01,110895057.36,1,1,CUMPLE
AV-2024-002131,CRC,0,0,1407949626.42,1399493766.47,1,1,CUMPLE
AV-2024-002132,CRC,0,0,379913195.16,376608026.79,1,1,CUMPLE
AV-2024-002137,CRC,0,0,468296972.77,462946523.39,1,1,CUMPLE
AV-2024-002142,CRC,1,0,251162458.44,249735916.87,1,1,CORREGIDO
AV-2024-002145,CRC,1,,83588685.10,,1,0,SALIO
AV-2024-002149,CRC,1,0,187171141.68,185112816.62,1,1,CORREGIDO
AV-2024-002155,CRC,1,0,540355183.21,535770454.79,1,1,CORREGIDO
AV-2024-002158,CRC,0,0,1255578561.12,1247083394.20,1,1,CUMPLE
AV-2024-002172,USD,0,0,338860.01,335755.11,1,1,CUMPLE
AV-2024-002174,CRC,1,0,697325670.50,695196917.30,1,1,CORREGIDO
AV-2024-002175,CRC,0,0,,,1,1,CUMPLE
AV-2024-002179,CRC,0,0,,,1,1,CUMPLE
AV-2024-002181,CRC,0,0,,,1,1,CUMPLE
AV-2024-002186,CRC,0,0,187298039.70,185556923.01,1,1,CUMPLE
AV-2024-002191,USD,0,0,267876.84,266713.30,1,1,CUMPLE
AV-2024-002194,CRC,0,0,9268748.26,9229034.39,1,1,CUMPLE
AV-2024-002198,CRC,0,0,,,1,1,CUMPLE
AV-2024-002204,CRC,0,0,,,1,1,CUMPLE
AV-2024-002207,CRC,0,1,173821167.04,171836218.44,1,1,NUEVO
AV-2024-002208,USD,1,,,,1,0,SALIO
AV-2024-002210,CRC,0,0,919195067.54,912142970.56,1,1,CUMPLE
AV-2024-002222,CRC,0,0,22458832.44,22362515.76,1,1,CUMPLE
AV-2024-002227,USD,0,0,384511.66,383239.16,1,1,CUMPLE
AV-2024-002233,CRC,1,1,8590364.96,8551831.90,1,1,PERSISTENTE
AV-2024-002235,USD,0,0,146315.08,145480.43,1,1,CUMPLE
AV-2024-002243,USD,1,1,466668.54,462868.53,1,1,PERSISTENTE
AV-2024-002245,USD,0,0,107340.58,106515.47,1,1,CUMPLE
AV-2024-002246,USD,0,0,906319.25,901688.42,1,1,CUMPLE
AV-2024-002250,USD,0,0,6349046.52,6301215.57,1,1,CUMPLE
AV-2024-002251,USD,1,0,,,1,1,CORREGIDO
AV-2024-002252,CRC,0,0,165703351.19,164099131.46,1,1,CUMPLE
AV-2024-002262,CRC,1,0,1410307713.57,1395999973.90,1,1,CORREGIDO
AV-2024-002264,USD,0,0,179044.37,177145.43,1,1,CUMPLE
AV-2024-002266,USD,0,0,304862.04,303624.81,1,1,CUMPLE
AV-2024-002270,CRC,1,0,123696700.51,123090711.31,1,1,CORREGIDO
AV-2024-002273,CRC,1,0,221503917.54,220519109.74,1,1,CORREGIDO
AV-2024-002284,USD,0,0,368335.74,365335.83,1,1,CUMPLE
AV-2024-002299,CRC,0,0,3371528162.73,3350253637.47,1,1,CUMPLE
AV-2024-002301,CRC,0,0,203419485.94,201185424.22,1,1,CUMPLE
AV-2024-002304,CRC,1,0,45996718.26,45630105.57,1,1,CORREGIDO
AV-2024-002305,CRC,1,1,260849042.16,259183139.11,1,1,PERSISTENTE
AV-2024-002314,USD,0,1,196722.72,195668.40,1,1,NUEVO
AV-2024-002321,CRC,1,,416910008.12,,1,0,SALIO
AV-2024-002324,USD,0,0,,,1,1,CUMPLE
AV-2024-002331,CRC,0,1,686250916.01,680397408.45,1,1,NUEVO
AV-2024-002332,CRC,1,0,1067782954.99,1060688938.79,1,1,CORREGIDO
AV-2024-002335,CRC,1,1,,,1,1,PERSISTENTE
AV-2024-002337,USD,1,1,,,2,2,PERSISTENTE
AV-2024-002347,CRC,0,0,417976824.17,416055326.18,1,1,CUMPLE
AV-2024-002350,CRC,0,0,332452179.98,329972831.06,1,1,CUMPLE
AV-2024-002352,CRC,0,0,,,1,1,CUMPLE
AV-2024-002360,CRC,0,0,1323907236.80,1308866761.79,1,1,CUMPLE
AV-2024-002362,CRC,0,0,65225397.90,64918248.71,1,1,CUMPLE
AV-2024-002366,CRC,0,,77447769.43,,1,0,SALIO_CUMPLIENDO
AV-2024-002369,USD,0,0,,,1,1,CUMPLE
AV-2024-002383,USD,0,0,329262.67,326748.68,1,1,CUMPLE
AV-2024-002384,CRC,0,0,769415428.80,765644699.24,1,1,CUMPLE
AV-2024-002387,USD,1,0,,,1,1,CORREGIDO
AV-2024-002388,CRC,0,0,5068788459.45,5039318584.58,1,1,CUMPLE
AV-2024-002389,CRC,0,0,,,1,1,CUMPLE
AV-2024-002395,CRC,0,0,5837711703.93,5809181755.28,1,1,CUMPLE
AV-2024-002404,CRC,0,0,366687995.06,364973941.61,1,1,CUMPLE
AV-2024-002407,CRC,0,0,538231020.90,536563947.25,1,1,CUMPLE
AV-2024-002422,CRC,0,0,819665589.87,817060835.92,1,1,CUMPLE
AV-2024-002427,USD,0,0,240043.54,239221.51,1,1,CUMPLE
AV-2024-002428,CRC,0,0,88416606.62,87806719.91,1,1,CUMPLE
AV-2024-002434,USD,0,0,45928.74,45436.04,1,1,CUMPLE
AV-2024-002441,USD,0,0,,,1,1,CUMPLE
AV-2024-002446,USD,0,0,1362637.61,1348650.32,1,1,CUMPLE
AV-2024-002449,CRC,0,,,,1,0,SALIO_CUMPLIENDO
AV-2024-002455,USD,0,,4797941.18,,1,0,SALIO_CUMPLIENDO
AV-2024-002469,USD,0,0,284535.47,283662.24,1,1,CUMPLE
AV-2024-002473,CRC,0,0,59170055.56,58884480.45,1,1,CUMPLE
AV-2024-002481,USD,0,0,,,1,1,CUMPLE
AV-2024-002483,USD,0,0,97035.83,96381.96,1,1,CUMPLE
AV-2024-002484,USD,0,0,668664.08,660808.30,1,1,CUMPLE
AV-2024-002490,CRC,1,0,2389431651.03,2370256435.00,1,1,CORREGIDO
AV-2024-002491,CRC,1,0,382404884.43,378924065.39,1,1,CORREGIDO
AV-2024-002496,USD,1,0,203078.39,200820.96,1,1,CORREGIDO
AV-2024-002507,CRC,0,0,149635478.67,148164547.11,1,1,CUMPLE
AV-2024-002509,CRC,1,0,216595739.79,215071817.41,1,1,CORREGIDO
AV-2024-002517,USD,1,0,217022.07,215382.73,1,1,CORREGIDO
AV-2024-002518,CRC,0,1,471317939.41,467703678.67,1,1,NUEVO
AV-2024-002521,USD,0,0,2628253.67,2607568.36,1,1,CUMPLE
AV-2024-002526,CRC,,0,,377220119.21,0,1,ENTRA_CUMPLIENDO
AV-2024-002530,CRC,0,0,281041481.04,279367144.39,1,1,CUMPLE
AV-2024-002531,CRC,1,0,547804925.24,543370564.69,1,1,CORREGIDO
AV-2024-002534,USD,0,0,5542950.45,5504653.42,1,1,CUMPLE
AV-2024-002537,CRC,0,0,5431190927.68,5401781181.24,1,1,CUMPLE
AV-2024-002555,CRC,1,,175432472.33,,1,0,SALIO
AV-2024-002568,USD,0,0,521734.45,516565.62,1,1,CUMPLE
AV-2024-002570,USD,0,0,388748.33,385798.05,1,1,CUMPLE
AV-2024-002572,CRC,0,0,246910195.35,244871589.73,1,1,CUMPLE
AV-2024-002577,CRC,0,1,1642782289.79,1624119518.85,1,1,NUEVO
AV-2024-002580,CRC,1,0,60555848.93,60019519.41,1,1,CORREGIDO
AV-2024-002586,CRC,0,0,149866591.64,148922819.99,1,1,CUMPLE
AV-2024-002592,CRC,0,0,,,1,1,CUMPLE
AV-2024-002593,CRC,0,0,,,1,1,CUMPLE
AV-2024-002601,CRC,1,,4506676796.47,,1,0,SALIO
AV-2024-002603,CRC,0,0,2211926089.93,2203206985.95,1,1,CUMPLE
AV-2024-002607,CRC,0,0,469307406.41,465552327.71,1,1,CUMPLE
AV-2024-002619,USD,0,0,290077.58,288089.69,1,1,CUMPLE
AV-2024-002620,CRC,1,0,385136695.59,383280005.73,1,1,CORREGIDO
AV-2024-002622,CRC,0,1,2004126169.16,1993594414.47,1,1,NUEVO
AV-2024-002623,CRC,0,0,95914009.14,95204041.24,1,1,CUMPLE
AV-2024-002624,CRC,1,1,,,1,1,PERSISTENTE
AV-2024-002625,USD,0,0,293738.96,290364.66,1,1,CUMPLE
AV-2024-002627,USD,0,0,2072480.87,2061904.48,1,1,CUMPLE
AV-2024-002628,CRC,0,0,355750549.34,353448593.90,1,1,CUMPLE
AV-2024-002630,USD,0,0,205481.46,203849.11,1,1,CUMPLE
AV-2024-002634,USD,1,0,166450.30,164853.93,1,1,CORREGIDO
AV-2024-002638,CRC,0,0,1191811133.17,1180215052.50,1,1,CUMPLE
AV-2024-002640,CRC,0,0,95048449.51,94123639.14,1,1,CUMPLE
AV-2024-002643,CRC,0,0,1106255640.94,1095713570.09,1,1,CUMPLE
AV-2024-002651,CRC,1,0,63660659.58,63467993.92,1,1,CORREGIDO
AV-2024-002652,USD,0,0,,,1,1,CUMPLE
AV-2024-002662,CRC,0,,,,1,0,SALIO_CUMPLIENDO
AV-2024-002676,CRC,0,0,,,1,1,CUMPLE
AV-2024-002678,USD,0,0,3789264.91,3764766.13,1,1,CUMPLE
AV-2024-002689,CRC,0,0,6159290607.89,6116264079.58,1,1,CUMPLE
AV-2024-002696,CRC,0,0,300138737.04,297556432.30,1,1,CUMPLE
AV-2024-002698,CRC,0,,292768462.31,,1,0,SALIO_CUMPLIENDO
AV-2024-002707,CRC,0,0,157785236.83,156777973.64,1,1,CUMPLE
AV-2024-002708,CRC,1,0,,,1,1,CORREGIDO
AV-2024-002711,USD,1,0,51867.81,51313.17,1,1,CORREGIDO
AV-2024-002716,USD,0,0,444523.82,440296.13,1,1,CUMPLE
AV-2024-002717,USD,0,0,634330.44,631880.89,1,1,CUMPLE
AV-2024-002728,CRC,0,0,,,1,1,CUMPLE
AV-2024-002732,USD,0,0,1704795.44,1697971.05,1,1,CUMPLE
AV-2024-002735,CRC,0,0,1938666062.41,1927270770.42,1,1,CUMPLE
AV-2024-002736,CRC,0,0,206740528.91,205048047.86,1,1,CUMPLE
AV-2024-002740,CRC,0,0,318931788.88,317253664.34,1,1,CUMPLE
AV-2024-002745,CRC,0,0,4473302060.66,4457491795.16,1,1,CUMPLE
AV-2024-002747,CRC,0,1,318097695.02,316911279.47,1,1,NUEVO
AV-2024-002748,CRC,1,,,,1,0,SALIO
AV-2024-002755,CRC,0,0,,,1,1,CUMPLE
AV-2024-002761,CRC,0,0,208735816.86,207359667.05,1,1,CUMPLE
AV-2024-002767,CRC,0,,473030193.05,,1,0,SALIO_CUMPLIENDO
AV-2024-002771,USD,0,0,272412.67,271135.04,1,1,CUMPLE
AV-2024-002777,CRC,0,0,1228501195.99,1217336685.44,1,1,CUMPLE
AV-2024-002778,CRC,0,0,221604388.47,218991972.61,1,1,CUMPLE
AV-2024-002779,CRC,1,0,213334224.68,211277883.18,1,1,CORREGIDO
AV-2024-002783,CRC,0,0,,,1,1,CUMPLE
AV-2024-002792,USD,0,0,179388.79,177589.04,1,1,CUMPLE
AV-2024-002795,USD,0,0,,,1,1,CUMPLE
AV-2024-002802,CRC,1,1,,,1,1,PERSISTENTE
AV-2024-002803,CRC,1,0,302261079.70,298717332.24,1,1,CORREGIDO
AV-2024-002808,CRC,1,0,100048418.90,99406967.99,1,1,CORREGIDO
AV-2024-002810,CRC,0,1,6618969814.30,6567296789.90,1,1,NUEVO
AV-2024-002814,CRC,0,,306236968.83,,1,0,SALIO_CUMPLIENDO
AV-2024-002815,CRC,1,0,1400136853.64,1390158825.92,1,1,CORREGIDO
AV-2024-002816,CRC,1,1,111693961.37,110548602.98,1,1,PERSISTENTE
AV-2024-002823,CRC,0,0,,,1,1,CUMPLE
AV-2024-002824,USD,0,0,2060708.69,2040015.43,1,1,CUMPLE
AV-2024-002828,CRC,0,0,250050617.09,247660201.53,1,1,CUMPLE
AV-2024-002829,USD,0,1,1242004.50,1235499.41,1,1,NUEVO
AV-2024-002830,USD,0,0,,,1,1,CUMPLE
AV-2024-002839,CRC,0,1,55128722.83,54490947.36,1,1,NUEVO
AV-2024-002843,CRC,0,0,362786593.92,361128795.67,1,1,CUMPLE
AV-2024-002846,CRC,1,0,26908753.09,26715973.23,1,1,CORREGIDO
AV-2024-002853,CRC,0,0,5665441794.08,5638300607.96,1,1,CUMPLE
AV-2024-002854,CRC,0,0,,,1,1,CUMPLE
AV-2024-002855,USD,1,1,169845.71,167885.64,1,1,PERSISTENTE
AV-2024-002858,CRC,0,0,323117579.11,320519657.27,1,1,CUMPLE
AV-2024-002864,USD,0,0,123432.17,122932.70,1,1,CUMPLE
AV-2024-002868,CRC,0,0,24453206.38,24253008.71,1,1,CUMPLE
AV-2024-002874,CRC,1,0,422521069.29,419445990.43,1,1,CORREGIDO
AV-2024-002881,CRC,1,1,,,1,1,PERSISTENTE
AV-2024-002891,CRC,0,1,2892940357.95,2882658386.41,1,1,NUEVO
AV-2024-002902,USD,1,0,243074.01,240207.46,1,1,CORREGIDO
AV-2024-002903,USD,0,0,135722.03,134783.12,1,1,CUMPLE
AV-2024-002909,CRC,1,1,146071254.75,145620388.59,1,1,PERSISTENTE
AV-2024-002912,CRC,1,0,388011410.82,383960810.35,1,1,CORREGIDO
AV-2024-002919,USD,0,0,212820.61,212088.82,1,1,CUMPLE
AV-2024-002923,USD,1,0,261848.67,260764.42,1,1,CORREGIDO
AV-2024-002929,USD,1,0,5958531.16,5932074.05,1,1,CORREGIDO
AV-2024-002932,CRC,0,0,,,1,1,CUMPLE
AV-2024-002937,CRC,0,0,306744482.01,305170926.77,1,1,CUMPLE
AV-2024-002939,USD,0,0,,,1,1,CUMPLE
AV-2024-002940,USD,0,0,6679679.90,6643348.04,1,1,CUMPLE
AV-2024-002945,CRC,0,0,187444990.97,186626652.72,1,1,CUMPLE
AV-2024-002947,USD,1,0,70660.22,70005.59,1,1,CORREGIDO
AV-2024-002956,CRC,1,0,1019082110.08,1011968668.57,1,1,CORREGIDO
AV-2024-002957,CRC,1,1,53422161.99,53256276.05,1,1,PERSISTENTE
AV-2024-002962,CRC,1,1,,,1,1,PERSISTENTE
AV-2024-002963,CRC,0,0,86372567.59,86085619.53,1,1,CUMPLE
AV-2024-002964,USD,0,0,,,1,1,CUMPLE
AV-2024-002972,CRC,0,0,429172534.56,425533418.02,1,1,CUMPLE
AV-2024-002973,CRC,1,0,106287203.86,105465079.78,1,1,CORREGIDO
AV-2024-002975,USD,0,0,73102.06,72815.73,1,1,CUMPLE
AV-2024-002979,CRC,1,0,458564769.13,455494345.85,1,1,CORREGIDO
AV-2024-002980,USD,1,0,,,1,1,CORREGIDO
AV-2024-002986,CRC,0,0,347076178.84,344804680.51,1,1,CUMPLE
AV-2024-002991,USD,0,0,171895.05,170710.64,1,1,CUMPLE
AV-2024-002995,CRC,0,0,1405605439.82,1398649458.30,1,1,CUMPLE
AV-2024-002997,USD,0,,75814.19,,1,0,SALIO_CUMPLIENDO
AV-2024-003001,CRC,0,0,624854088.49,618756262.61,1,1,CUMPLE
AV-2024-003002,CRC,0,0,10503017140.40,10418971039.93,1,1,CUMPLE
AV-2024-003003,USD,0,0,480707.40,479007.06,1,1,CUMPLE
AV-2024-003011,USD,0,0,435073.92,430304.19,1,1,CUMPLE
AV-2024-003017,CRC,1,0,,,1,1,CORREGIDO
AV-2024-003019,USD,0,0,,,1,1,CUMPLE
AV-2024-003037,CRC,0,0,384934642.06,381354538.50,1,1,CUMPLE
AV-2024-003038,USD,1,1,2341218.30,2330048.12,1,1,PERSISTENTE
AV-2024-003041,USD,0,0,365466.68,362844.03,1,1,CUMPLE
AV-2024-003050,USD,0,0,3401838.92,3390876.91,1,1,CUMPLE
AV-2024-003052,USD,1,0,370339.93,367054.01,1,1,CORREGIDO
AV-2024-003056,CRC,0,0,162310664.71,161667841.24,1,1,CUMPLE
AV-2024-003059,USD,0,0,98170.33,97213.23,1,1,CUMPLE
AV-2024-003060,CRC,0,1,,,1,1,NUEVO
AV-2024-003061,CRC,0,0,68372395.17,67830788.88,1,1,CUMPLE
AV-2024-003064,CRC,0,0,419347948.57,414615088.90,1,1,CUMPLE
AV-2024-003065,CRC,0,0,23631579.89,23474226.67,1,1,CUMPLE
AV-2024-003068,USD,0,0,905061.33,896246.44,1,1,CUMPLE
AV-2024-003077,CRC,0,0,105690443.21,104584184.45,1,1,CUMPLE
AV-2024-003079,CRC,0,0,861345960.35,851353587.48,1,1,CUMPLE
AV-2024-003086,CRC,1,1,,,1,1,PERSISTENTE
AV-2024-003089,USD,1,0,,4112522.24,2,1,CORREGIDO
AV-2024-003090,USD,0,0,834110.04,825378.10,1,1,CUMPLE
AV-2024-003092,USD,0,0,5212025.90,5171806.99,1,1,CUMPLE
AV-2024-003095,CRC,0,0,636192164.02,632074716.21,1,1,CUMPLE
AV-2024-003096,USD,1,0,,,1,1,CORREGIDO
AV-2024-003103,CRC,0,1,,,1,1,NUEVO
AV-2024-003111,CRC,0,0,37004931.10,36829680.52,1,1,CUMPLE
AV-2024-003113,CRC,0,0,149503081.33,148699801.98,1,1,CUMPLE
AV-2024-003118,CRC,0,0,237658748.82,236157938.44,1,1,CUMPLE
AV-2024-003121,CRC,0,0,249651085.42,248669269.67,1,1,CUMPLE
AV-2024-003125,USD,0,0,175780.77,174036.85,1,1,CUMPLE
AV-2024-003128,CRC,0,0,,,1,1,CUMPLE
AV-2024-003131,USD,1,0,197712.20,196433.41,1,1,CORREGIDO
AV-2024-003136,USD,1,0,,,1,1,CORREGIDO
AV-2024-003137,USD,1,1,,,1,1,PERSISTENTE
AV-2024-003140,USD,0,0,,,1,1,CUMPLE
AV-2024-003141,CRC,0,0,400319647.31,398930528.88,1,1,CUMPLE
AV-2024-003142,CRC,0,0,250437285.64,248790972.40,1,1,CUMPLE
AV-2024-003145,USD,0,0,120019.65,119586.25,1,1,CUMPLE
AV-2024-003148,USD,1,0,226640.17,225895.22,1,1,CORREGIDO
AV-2024-003151,CRC,0,0,118186220.68,117680999.39,1,1,CUMPLE
AV-2024-003152,USD,0,0,907388.47,897354.09,1,1,CUMPLE
AV-2024-003156,USD,1,1,,,1,1,PERSISTENTE
AV-2024-003162,CRC,0,0,30288519489.50,30037514843.77,1,1,CUMPLE
AV-2024-003171,CRC,0,0,249590648.42,248640548.26,1,1,CUMPLE
AV-2024-003181,USD,0,0,303512.64,302190.58,1,1,CUMPLE
AV-2024-003186,CRC,0,0,3325607778.36,3304421995.84,1,1,CUMPLE
AV-2024-003188,CRC,1,1,44299746.30,44137449.86,1,1,PERSISTENTE
AV-2024-003197,CRC,0,0,,,1,1,CUMPLE
AV-2024-003198,USD,1,1,242495.00,239832.63,1,1,PERSISTENTE
AV-2024-003202,USD,0,0,105891.96,105127.48,1,1,CUMPLE
AV-2024-003204,USD,1,0,237387.04,235152.76,1,1,CORREGIDO
AV-2024-003210,CRC,1,0,376361774.07,372805523.90,1,1,CORREGIDO
AV-2024-003235,CRC,0,0,417549328.10,413050819.91,1,1,CUMPLE
AV-2024-003241,CRC,1,0,380572486.59,378782723.82,1,1,CORREGIDO
AV-2024-003258,USD,1,0,908417.48,898462.18,1,1,CORREGIDO
AV-2024-003259,USD,0,1,1226927.53,1214945.12,1,1,NUEVO
AV-2024-003261,CRC,0,0,222513087.58,220735022.08,1,1,CUMPLE
AV-2024-003264,USD,0,0,217916.55,216976.13,1,1,CUMPLE
AV-2024-003267,USD,1,1,2968551.83,2959303.90,1,1,PERSISTENTE
AV-2024-003269,CRC,0,0,1694182525.43,1688006760.97,1,1,CUMPLE
AV-2024-003275,USD,0,0,189156.24,188287.87,1,1,CUMPLE
AV-2024-003276,CRC,1,0,71171141.28,70377295.72,1,1,CORREGIDO
AV-2024-003282,CRC,0,0,75899858.82,75615891.44,1,1,CUMPLE
AV-2024-003291,CRC,0,0,83464731.61,83034871.49,1,1,CUMPLE
AV-2024-003296,USD,0,,2585878.00,,1,0,SALIO_CUMPLIENDO
AV-2024-003298,CRC,0,0,,,1,1,CUMPLE
AV-2024-003303,CRC,0,0,65745895.06,65039905.57,1,1,CUMPLE
AV-2024-003312,CRC,1,0,299047135.72,297008748.40,1,1,CORREGIDO
AV-2024-003313,CRC,0,0,329117094.13,325248918.02,1,1,CUMPLE
AV-2024-003319,USD,0,0,195172.72,192976.79,1,1,CUMPLE
AV-2024-003334,USD,0,0,210947.05,208913.86,1,1,CUMPLE
AV-2024-003340,CRC,0,0,12750482179.45,12705864959.60,1,1,CUMPLE
AV-2024-003364,USD,0,,77987.64,,1,0,SALIO_CUMPLIENDO
AV-2024-003368,CRC,1,0,88131640.25,87628427.77,1,1,CORREGIDO
AV-2024-003369,USD,0,0,1447010.27,1436228.06,1,1,CUMPLE
AV-2024-003372,CRC,0,0,313405432.25,312272486.10,1,1,CUMPLE
AV-2024-003373,CRC,0,0,,,1,1,CUMPLE
AV-2024-003383,CRC,0,0,87082352.12,86302547.76,1,1,CUMPLE
AV-2024-003388,CRC,1,,,,1,0,SALIO
AV-2024-003398,CRC,0,0,369360149.53,367197020.44,1,1,CUMPLE
AV-2024-003400,CRC,0,0,7898643130.33,7848155230.52,1,1,CUMPLE
AV-2024-003410,USD,1,0,,,1,1,CORREGIDO
AV-2024-003411,USD,0,0,1480760.92,1467526.64,1,1,CUMPLE
AV-2024-003416,CRC,1,,415848471.67,,1,0,SALIO
AV-2024-003417,USD,0,0,4188435.60,4163346.10,1,1,CUMPLE
AV-2024-003421,CRC,0,0,220293678.47,219107312.37,1,1,CUMPLE
AV-2024-003428,CRC,0,0,522408245.98,517776091.48,1,1,CUMPLE
AV-2024-003430,CRC,0,0,58876205.53,58295665.19,1,1,CUMPLE
AV-2024-003431,CRC,1,1,165726646.24,163784683.23,1,1,PERSISTENTE
AV-2024-003435,USD,1,1,128445.38,127393.27,1,1,PERSISTENTE
AV-2024-003437,USD,0,0,228966.72,226395.76,1,1,CUMPLE
AV-2024-003443,CRC,0,0,,,1,1,CUMPLE
AV-2024-003445,USD,1,,157053.03,,1,0,SALIO
AV-2024-003446,USD,1,0,58161.97,57862.43,1,1,CORREGIDO
AV-2024-003448,USD,1,1,429171.96,427109.45,1,1,PERSISTENTE
AV-2024-003456,USD,0,0,184290.42,183370.15,1,1,CUMPLE
AV-2024-003457,CRC,0,0,64401873.09,64184675.59,1,1,CUMPLE
AV-2024-003458,CRC,1,1,831476538.29,826953876.32,1,1,PERSISTENTE
AV-2024-003463,CRC,0,1,72233056.82,71736615.82,1,1,NUEVO
AV-2024-003464,CRC,0,0,,,1,1,CUMPLE
AV-2024-003476,CRC,1,0,230510763.02,229095385.79,1,1,CORREGIDO
AV-2024-003482,CRC,0,0,,,1,1,CUMPLE
AV-2024-003496,CRC,1,1,1075880067.87,1069363901.03,1,1,PERSISTENTE
AV-2024-003501,USD,1,0,16789122.55,16714763.29,1,1,CORREGIDO
AV-2024-003502,CRC,0,1,115609715.60,114477577.89,1,1,NUEVO
AV-2024-003503,CRC,1,0,1199911671.97,1195571683.38,1,1,CORREGIDO
AV-2024-003506,USD,1,1,243041.63,241309.04,1,1,PERSISTENTE
AV-2024-003509,USD,0,0,210172.67,208522.60,1,1,CUMPLE
AV-2024-003512,USD,0,0,364970.97,363298.88,1,1,CUMPLE
AV-2024-003518,CRC,1,0,1131048700.92,1118496323.84,1,1,CORREGIDO
AV-2024-003536,CRC,0,0,,,1,1,CUMPLE
AV-2024-003552,CRC,0,0,531493570.44,528240106.41,1,1,CUMPLE
AV-2024-003558,USD,0,0,515253.27,512194.27,1,1,CUMPLE
AV-2024-003559,CRC,0,1,3613216437.30,3592101800.44,1,1,NUEVO
AV-2024-003565,USD,0,0,241070.98,238719.58,1,1,CUMPLE
AV-2024-003568,CRC,0,1,351655522.90,348967094.44,1,1,NUEVO
AV-2024-003572,CRC,0,,268038594.04,,1,0,SALIO_CUMPLIENDO
AV-2024-003573,CRC,1,1,125633631.81,125019222.90,1,1,PERSISTENTE
AV-2024-003579,USD,0,0,704052.23,697669.62,1,1,CUMPLE
AV-2024-003586,USD,0,1,234675.87,232812.07,1,1,NUEVO
AV-2024-003592,CRC,0,0,136579445.91,135516739.43,1,1,CUMPLE
AV-2024-003595,CRC,1,1,,,1,1,PERSISTENTE
AV-2024-003599,CRC,1,0,25259020.86,25101268.97,1,1,CORREGIDO
AV-2024-003602,CRC,1,0,243455833.61,240607844.27,1,1,CORREGIDO
AV-2024-003606,CRC,0,0,528363986.96,523701295.64,1,1,CUMPLE
AV-2024-003617,USD,0,0,219450.58,217621.06,1,1,CUMPLE
AV-2024-003618,CRC,0,1,27166004.09,26845030.30,1,1,NUEVO
AV-2024-003621,USD,0,0,181643.92,181037.88,1,1,CUMPLE
AV-2024-003636,USD,1,0,352915.40,350344.20,1,1,CORREGIDO
AV-2024-003644,USD,0,0,504734.65,500859.78,1,1,CUMPLE
AV-2024-003645,CRC,1,,479604058.91,,1,0,SALIO
AV-2024-003647,CRC,0,0,250949618.28,249623653.98,1,1,CUMPLE
AV-2024-003649,USD,1,1,471920.56,468670.57,1,1,PERSISTENTE
AV-2024-003650,CRC,0,0,,,1,1,CUMPLE
AV-2024-003663,CRC,0,0,113754396.26,112660708.23,1,1,CUMPLE
AV-2024-003666,CRC,0,0,716497393.45,713000233.27,1,1,CUMPLE
AV-2024-003670,CRC,0,0,125372998.82,124199637.01,1,1,CUMPLE
AV-2024-003671,USD,0,0,,,1,1,CUMPLE
AV-2024-003677,CRC,0,0,109342781.48,108904744.35,1,1,CUMPLE
AV-2024-003680,CRC,0,0,45125153.38,44601223.23,1,1,CUMPLE
AV-2024-003684,CRC,1,0,204025493.47,202132233.42,1,1,CORREGIDO
AV-2024-003685,CRC,,0,,2474754212.49,0,1,ENTRA_CUMPLIENDO
AV-2024-003697,CRC,0,0,,,1,1,CUMPLE
AV-2024-003707,CRC,1,0,233401366.45,231343855.42,1,1,CORREGIDO
AV-2024-003714,USD,1,0,,,1,1,CORREGIDO
AV-2024-003716,USD,0,0,,,1,1,CUMPLE
AV-2024-003723,USD,0,0,8100198.60,8027963.39,1,1,CUMPLE
AV-2024-003724,CRC,1,0,242622219.94,240509360.76,1,1,CORREGIDO
AV-2024-003729,CRC,0,0,189354373.87,187681438.66,1,1,CUMPLE
AV-2024-003731,USD,1,,,,1,0,SALIO
AV-2024-003734,CRC,0,0,560128575.95,556308820.86,1,1,CUMPLE
AV-2024-003740,USD,0,0,6423761.16,6364163.35,1,1,CUMPLE
AV-2024-003749,USD,0,0,1100743.65,1093182.15,1,1,CUMPLE
AV-2024-003751,USD,0,0,41174.66,40908.58,1,1,CUMPLE
AV-2024-003754,CRC,0,0,58890476.94,58443195.15,1,1,CUMPLE
AV-2024-003757,CRC,1,0,316864379.01,315239157.12,1,1,CORREGIDO
AV-2024-003758,CRC,1,0,148342992.02,147637224.99,1,1,CORREGIDO
AV-2024-003763,USD,0,0,201785.17,201016.85,1,1,CUMPLE
AV-2024-003767,CRC,0,0,101336153.26,100537441.60,1,1,CUMPLE
AV-2024-003771,CRC,0,0,990294471.57,983372970.07,1,1,CUMPLE
AV-2024-003772,CRC,1,,,,1,0,SALIO
AV-2024-003777,USD,0,0,219610.27,218005.54,1,1,CUMPLE
AV-2024-003779,CRC,0,0,994125259.12,986367989.67,1,1,CUMPLE
AV-2024-003782,CRC,0,0,930253692.81,922267864.68,1,1,CUMPLE
AV-2024-003783,USD,0,0,2947038.38,2928937.99,1,1,CUMPLE
AV-2024-003786,CRC,0,0,288024421.10,286746201.80,1,1,CUMPLE
AV-2024-003788,CRC,0,0,191593968.21,190149577.32,1,1,CUMPLE
AV-2024-003789,CRC,0,0,185794757.65,184004106.07,1,1,CUMPLE
AV-2024-003790,USD,0,0,147246.18,146695.34,1,1,CUMPLE
AV-2024-003794,CRC,0,0,,,1,1,CUMPLE
AV-2024-003796,CRC,1,0,,,1,1,CORREGIDO
AV-2024-003797,USD,0,0,,,1,1,CUMPLE
AV-2024-003807,CRC,1,0,205981165.99,205316837.93,1,1,CORREGIDO
AV-2024-003811,CRC,0,0,126025036.57,125400634.75,1,1,CUMPLE
AV-2024-003814,USD,0,0,74651.93,74104.40,1,1,CUMPLE
AV-2024-003827,USD,0,0,143453.32,142783.42,1,1,CUMPLE
AV-2024-003836,CRC,0,0,411514472.47,409705205.19,1,1,CUMPLE
AV-2024-003837,USD,0,0,1339057.87,1334726.37,1,1,CUMPLE
AV-2024-003840,CRC,0,0,,,1,1,CUMPLE
AV-2024-003846,CRC,0,0,5019405462.81,5002942684.24,1,1,CUMPLE
AV-2024-003848,USD,0,0,433918.85,430054.96,1,1,CUMPLE
AV-2024-003857,CRC,1,0,159019475.24,158096078.36,1,1,CORREGIDO
AV-2024-003858,USD,0,0,837755.56,833372.31,1,1,CUMPLE
AV-2024-003868,CRC,0,,154348577.33,,1,0,SALIO_CUMPLIENDO
AV-2024-003870,USD,0,0,187523.50,185413.90,1,1,CUMPLE
AV-2024-003874,CRC,1,0,596491178.42,593745281.39,1,1,CORREGIDO
AV-2024-003875,USD,0,0,82720.58,82063.41,1,1,CUMPLE
AV-2024-003880,CRC,1,0,292731170.10,290037124.88,1,1,CORREGIDO
AV-2024-003883,CRC,0,0,,,1,1,CUMPLE
AV-2024-003886,CRC,0,0,83031798.23,82168548.71,1,1,CUMPLE
AV-2024-003893,CRC,1,0,97372435.14,96449177.21,1,1,CORREGIDO
AV-2024-003894,CRC,0,0,140093615.04,138877791.43,1,1,CUMPLE
AV-2024-003904,CRC,0,,327302484.12,,1,0,SALIO_CUMPLIENDO
AV-2024-003912,CRC,0,0,4620435927.65,4578249666.16,1,1,CUMPLE
AV-2024-003915,CRC,0,0,,,1,1,CUMPLE
AV-2024-003916,USD,1,0,55298.29,54780.55,1,1,CORREGIDO
AV-2024-003917,USD,0,0,406995.66,405675.02,1,1,CUMPLE
AV-2024-003922,CRC,1,0,469669805.04,464345530.83,1,1,CORREGIDO
AV-2024-003925,CRC,1,0,275384799.69,272391736.98,1,1,CORREGIDO
AV-2024-003926,CRC,1,1,,,1,1,PERSISTENTE
AV-2024-003928,USD,1,1,129061.74,128193.53,1,1,PERSISTENTE
AV-2024-003929,USD,0,0,186047.55,184037.38,1,1,CUMPLE
AV-2024-003936,CRC,0,1,705195434.38,699491240.45,1,1,NUEVO
AV-2024-003941,CRC,0,1,123920435.12,123451163.36,1,1,NUEVO
AV-2024-003947,USD,0,0,11411216.34,11342746.19,1,1,CUMPLE
AV-2024-003948,CRC,0,0,290427117.53,289261159.18,1,1,CUMPLE
AV-2024-003949,CRC,0,0,54451705.28,54241684.81,1,1,CUMPLE
AV-2024-003951,CRC,0,0,2203106668.75,2181791849.43,1,1,CUMPLE
AV-2024-003955,USD,0,0,380150.37,376634.91,1,1,CUMPLE
AV-2024-003956,CRC,0,0,36421918.14,36282661.73,1,1,CUMPLE
AV-2024-003961,CRC,1,1,19901564496.80,19696766760.71,1,1,PERSISTENTE
AV-2024-003968,CRC,0,0,323103266.40,321462552.99,1,1,CUMPLE
AV-2024-003973,USD,1,,,,1,0,SALIO
AV-2024-003974,CRC,1,1,1920176803.29,1907613305.04,1,1,PERSISTENTE
AV-2024-003975,CRC,0,0,245489783.10,242898000.88,1,1,CUMPLE
AV-2024-003977,USD,1,0,1208791.57,1196409.83,1,1,CORREGIDO
AV-2024-003982,CRC,0,0,135804288.46,134376031.52,1,1,CUMPLE
AV-2024-003985,CRC,0,0,105199189.65,104270205.75,1,1,CUMPLE
AV-2024-003998,CRC,0,0,407551390.85,403095989.40,1,1,CUMPLE
AV-2025-000001,USD,1,0,288588.48,286336.52,1,1,CORREGIDO
AV-2025-000002,CRC,1,1,46420275.74,46182816.09,1,1,PERSISTENTE
AV-2025-000003,CRC,0,0,114232825.48,112956981.59,1,1,CUMPLE
AV-2025-000005,CRC,0,0,178500211.71,177806430.01,1,1,CUMPLE
AV-2025-000009,CRC,0,1,165336556.55,164379640.33,1,1,NUEVO
AV-2025-000010,CRC,0,0,137362831.24,136171062.89,1,1,CUMPLE
AV-2025-000012,CRC,0,1,43991763.10,43743032.33,1,1,NUEVO
AV-2025-000013,USD,1,1,5646669.76,5613013.46,1,1,PERSISTENTE
AV-2025-000014,USD,0,0,237244.35,235958.18,1,1,CUMPLE
AV-2025-000016,CRC,0,0,,,1,1,CUMPLE
AV-2025-000017,CRC,0,0,732049005.99,725679249.26,1,1,CUMPLE
AV-2025-000021,CRC,0,0,209736513.94,208530615.09,1,1,CUMPLE
AV-2025-000022,USD,1,1,680789.87,675834.07,1,1,PERSISTENTE
AV-2025-000023,CRC,0,0,,,1,1,CUMPLE
AV-2025-000024,CRC,0,0,226167388.54,224653161.32,1,1,CUMPLE
AV-2025-000025,USD,1,0,,,1,1,CORREGIDO
AV-2025-000027,USD,0,0,519414.31,514819.99,1,1,CUMPLE
AV-2025-000028,CRC,1,0,536947632.16,533754493.90,1,1,CORREGIDO
AV-2025-000031,CRC,0,0,410900625.66,407643120.02,1,1,CUMPLE
AV-2025-000032,USD,1,,1232591.17,,1,0,SALIO
AV-2025-000033,USD,0,0,,,1,1,CUMPLE
AV-2025-000034,CRC,0,0,,,1,1,CUMPLE
AV-2025-000035,CRC,0,0,,,1,1,CUMPLE
AV-2025-000037,CRC,0,0,61902184.10,61477056.56,1,1,CUMPLE
AV-2025-000039,CRC,1,,,,2,0,SALIO
AV-2025-000042,USD,1,1,505450.61,503711.07,1,1,PERSISTENTE
AV-2025-000043,CRC,0,0,746315591.67,741258324.60,1,1,CUMPLE
AV-2025-000044,CRC,1,0,7929421638.70,7854423415.79,1,1,CORREGIDO
AV-2025-000045,CRC,0,0,20900183754.32,20704391722.26,1,1,CUMPLE
AV-2025-000047,CRC,0,0,728130818.88,724870014.46,1,1,CUMPLE
AV-2025-000048,USD,0,0,568672.75,562876.95,1,1,CUMPLE
AV-2025-000050,CRC,1,0,2944131599.68,2927916554.82,1,1,CORREGIDO
AV-2025-000051,USD,0,0,5539175.92,5519103.05,1,1,CUMPLE
AV-2025-000052,CRC,0,0,697123699.40,691023477.53,1,1,CUMPLE
AV-2025-000053,CRC,0,0,140816537.52,139599188.72,1,1,CUMPLE
AV-2025-000054,CRC,0,0,124368968.69,123646496.79,1,1,CUMPLE
AV-2025-000055,CRC,0,0,431572981.95,429092628.01,1,1,CUMPLE
AV-2025-000056,CRC,1,1,215240613.74,213485313.85,1,1,PERSISTENTE
AV-2025-000057,USD,0,0,45485.30,45306.90,1,1,CUMPLE
AV-2025-000058,USD,1,0,1334896.05,1322854.18,1,1,CORREGIDO
AV-2025-000059,CRC,0,0,429348612.91,424720022.68,1,1,CUMPLE
AV-2025-000060,USD,0,0,1352623.50,1342468.21,1,1,CUMPLE
AV-2025-000061,CRC,1,0,639908345.22,632466220.05,1,1,CORREGIDO
AV-2025-000063,USD,0,1,9703022.96,9619862.11,1,1,NUEVO
AV-2025-000065,USD,0,0,84601.24,84276.42,1,1,CUMPLE
AV-2025-000067,CRC,1,0,,,1,1,CORREGIDO
AV-2025-000069,CRC,0,0,152195551.82,151505275.05,1,1,CUMPLE
AV-2025-000070,CRC,0,0,,,1,1,CUMPLE
AV-2025-000071,CRC,1,0,288955544.43,286404732.49,1,1,CORREGIDO
AV-2025-000073,CRC,0,0,,,1,1,CUMPLE
AV-2025-000075,CRC,1,1,51264229.47,50651064.05,1,1,PERSISTENTE
AV-2025-000076,CRC,0,0,224505281.70,222789001.99,1,1,CUMPLE
AV-2025-000077,USD,1,0,79766.61,79015.79,1,1,CORREGIDO
AV-2025-000079,CRC,0,0,2667218107.83,2645479000.23,1,1,CUMPLE
AV-2025-000082,CRC,0,1,412216412.41,409643827.28,1,1,NUEVO
AV-2025-000084,USD,0,0,286587.21,285317.74,1,1,CUMPLE
AV-2025-000085,CRC,0,0,,,1,1,CUMPLE
AV-2025-000087,CRC,1,0,122457417.93,122032849.10,1,1,CORREGIDO
AV-2025-000088,USD,0,0,948149.53,939356.77,1,1,CUMPLE
AV-2025-000089,USD,0,0,,,1,1,CUMPLE
AV-2025-000090,USD,0,0,114412.95,113765.57,1,1,CUMPLE
AV-2025-000092,CRC,1,1,371677048.87,367336789.86,1,1,PERSISTENTE
AV-2025-000093,CRC,0,0,279687108.55,277997623.75,1,1,CUMPLE
AV-2025-000096,USD,0,0,139896.24,138340.60,1,1,CUMPLE
AV-2025-000097,CRC,0,0,,,1,1,CUMPLE
AV-2025-000099,USD,1,,819796.71,,1,0,SALIO
AV-2025-000101,CRC,0,0,330400162.42,328392239.57,1,1,CUMPLE
AV-2025-000102,CRC,1,0,135205844.48,134759493.93,1,1,CORREGIDO
AV-2025-000103,CRC,1,0,,,1,1,CORREGIDO
AV-2025-000104,CRC,1,0,212287354.72,211233999.10,1,1,CORREGIDO
AV-2025-000105,CRC,1,0,77327485.50,76867030.70,1,1,CORREGIDO
AV-2025-000107,USD,1,1,149732.49,149140.37,1,1,PERSISTENTE
AV-2025-000108,USD,0,0,342387.74,340644.68,1,1,CUMPLE
AV-2025-000110,CRC,0,0,4379355566.53,4339323115.47,1,1,CUMPLE
AV-2025-000112,USD,0,0,71718.80,70968.66,1,1,CUMPLE
AV-2025-000114,USD,1,1,67539.67,67019.53,1,1,PERSISTENTE
AV-2025-000115,USD,0,0,199144.28,198480.40,1,1,CUMPLE
AV-2025-000116,USD,1,1,155379.09,154200.45,1,1,PERSISTENTE
AV-2025-000117,CRC,0,0,340835780.58,339085344.12,1,1,CUMPLE
AV-2025-000119,CRC,0,1,18363418073.44,,1,2,NUEVO
AV-2025-000120,CRC,0,0,,,1,1,CUMPLE
AV-2025-000122,CRC,0,0,,,1,1,CUMPLE
AV-2025-000123,CRC,0,0,226414657.25,225276369.16,1,1,CUMPLE
AV-2025-000124,USD,1,0,205616.93,204465.94,1,1,CORREGIDO
AV-2025-000125,CRC,0,,317569211.76,,1,0,SALIO_CUMPLIENDO
AV-2025-000126,CRC,1,,1327340351.68,,1,0,SALIO
AV-2025-000127,CRC,0,0,2164401436.00,2145622402.00,1,1,CUMPLE
AV-2025-000128,CRC,0,1,316689098.19,315407322.76,1,1,NUEVO
AV-2025-000129,CRC,0,0,202491659.08,201613888.87,1,1,CUMPLE
AV-2025-000130,CRC,0,0,65851295.36,65209969.57,1,1,CUMPLE
AV-2025-000132,CRC,0,0,180428021.65,178597912.49,1,1,CUMPLE
AV-2025-000136,CRC,1,1,,,1,1,PERSISTENTE
AV-2025-000138,CRC,1,0,223326147.84,222182274.48,1,1,CORREGIDO
AV-2025-000140,CRC,1,0,116202348.31,115640834.59,1,1,CORREGIDO
AV-2025-000141,USD,0,0,,,1,1,CUMPLE
AV-2025-000142,CRC,1,0,130444201.46,129739510.98,1,1,CORREGIDO
AV-2025-000143,USD,1,0,683545.92,676022.23,1,1,CORREGIDO
AV-2025-000145,CRC,0,0,198369830.64,196010427.12,1,1,CUMPLE
AV-2025-000146,CRC,1,0,,,1,1,CORREGIDO
AV-2025-000147,CRC,0,0,405357421.59,402207888.97,1,1,CUMPLE
AV-2025-000148,CRC,0,0,,,1,1,CUMPLE
AV-2025-000150,CRC,1,,122446801.74,,1,0,SALIO
AV-2025-000152,CRC,0,0,2209886275.82,2196934053.58,1,1,CUMPLE
AV-2025-000155,CRC,0,0,,,1,1,CUMPLE
AV-2025-000156,CRC,0,0,3875089628.89,3856808980.57,1,1,CUMPLE
AV-2025-000157,CRC,1,1,580447201.66,573620971.12,1,1,PERSISTENTE
AV-2025-000158,CRC,0,0,58891202.94,58565406.88,1,1,CUMPLE
AV-2025-000159,CRC,0,0,,,1,1,CUMPLE
AV-2025-000162,USD,0,0,,,1,1,CUMPLE
AV-2025-000163,CRC,0,0,571819496.07,566158863.53,1,1,CUMPLE
AV-2025-000165,USD,1,0,5724406.25,5693830.54,1,1,CORREGIDO
AV-2025-000167,CRC,1,0,,,1,1,CORREGIDO
AV-2025-000169,CRC,1,,6721251978.04,,1,0,SALIO
AV-2025-000170,CRC,0,0,143361789.08,142153041.93,1,1,CUMPLE
AV-2025-000171,CRC,0,0,397532269.77,392884721.62,1,1,CUMPLE
AV-2025-000173,USD,0,0,447671.78,444654.10,1,1,CUMPLE
AV-2025-000174,CRC,1,1,114884665.43,113953488.41,1,1,PERSISTENTE
AV-2025-000175,CRC,0,0,427290288.53,426000335.15,1,1,CUMPLE
AV-2025-000177,USD,0,0,1408010.09,1395516.82,1,1,CUMPLE
AV-2025-000179,CRC,0,0,839294436.71,833842690.77,1,1,CUMPLE
AV-2025-000180,CRC,0,0,4119211.05,4079111.72,1,1,CUMPLE
AV-2025-000181,USD,0,0,369424.57,367071.84,1,1,CUMPLE
AV-2025-000182,CRC,0,0,,,1,1,CUMPLE
AV-2025-000183,USD,0,0,1903631.75,1885521.74,1,1,CUMPLE
AV-2025-000187,USD,,0,,146855.38,0,1,ENTRA_CUMPLIENDO
AV-2025-000189,USD,0,0,211744.78,210679.01,1,1,CUMPLE
AV-2025-000190,CRC,0,0,,,1,1,CUMPLE
AV-2025-000191,CRC,0,0,276679818.38,273490807.91,1,1,CUMPLE
AV-2025-000193,USD,0,0,871049.16,867965.07,1,1,CUMPLE
AV-2025-000194,USD,0,0,,,1,1,CUMPLE
AV-2025-000195,USD,0,0,5523484.96,5483044.99,1,1,CUMPLE
AV-2025-000196,CRC,0,0,366965952.31,364791324.82,1,1,CUMPLE
AV-2025-000198,CRC,0,0,340230603.40,337627262.19,1,1,CUMPLE
AV-2025-000199,CRC,0,0,,,1,1,CUMPLE
AV-2025-000200,USD,0,0,279594.64,277640.62,1,1,CUMPLE
AV-2025-000202,CRC,0,0,105862778.20,105024366.61,1,1,CUMPLE
AV-2025-000203,USD,0,0,,,1,1,CUMPLE
AV-2025-000204,CRC,0,0,556818757.76,553024595.03,1,1,CUMPLE
AV-2025-000205,CRC,0,0,247611614.88,245942042.01,1,1,CUMPLE
AV-2025-000206,USD,0,0,2840762.19,2807330.98,1,1,CUMPLE
AV-2025-000207,CRC,1,0,111776203.37,110463300.63,1,1,CORREGIDO
AV-2025-000208,CRC,0,0,,,1,1,CUMPLE
AV-2025-000210,USD,1,0,1712344.13,1699570.90,1,1,CORREGIDO
AV-2025-000211,CRC,0,1,,,1,1,NUEVO
AV-2025-000213,CRC,0,0,142290753.54,140652446.32,1,1,CUMPLE
AV-2025-000214,CRC,0,0,230628381.40,229335121.22,1,1,CUMPLE
AV-2025-000215,USD,1,0,112034.88,110948.97,1,1,CORREGIDO
AV-2025-000216,CRC,1,1,,,1,1,PERSISTENTE
AV-2025-000219,CRC,1,1,207750149.23,205750917.46,1,1,PERSISTENTE
AV-2025-000220,CRC,1,1,154357809.48,153282194.11,1,1,PERSISTENTE
AV-2025-000221,USD,0,0,146709.91,146125.44,1,1,CUMPLE
AV-2025-000222,USD,0,0,113993.56,113621.84,1,1,CUMPLE
AV-2025-000223,CRC,0,0,,,1,1,CUMPLE
AV-2025-000224,USD,0,0,42352.25,42040.32,1,1,CUMPLE
AV-2025-000225,CRC,,0,,,0,1,ENTRA_CUMPLIENDO
AV-2025-000226,CRC,0,0,56854605.57,56429741.79,1,1,CUMPLE
AV-2025-000227,CRC,0,0,,,1,1,CUMPLE
AV-2025-000228,CRC,0,0,288788603.24,285896206.56,1,1,CUMPLE
AV-2025-000229,USD,0,0,69778.63,69275.99,1,1,CUMPLE
AV-2025-000230,CRC,0,0,1817740835.02,1801599149.22,1,1,CUMPLE
AV-2025-000232,CRC,0,0,99216901.33,98126815.09,1,1,CUMPLE
AV-2025-000233,CRC,0,0,655098794.94,648626846.29,1,1,CUMPLE
AV-2025-000235,USD,0,0,343915.37,340146.62,1,1,CUMPLE
AV-2025-000236,CRC,0,0,387676894.11,386085399.90,1,1,CUMPLE
AV-2025-000237,CRC,0,0,123321946.83,122398760.30,1,1,CUMPLE
AV-2025-000238,USD,0,0,298563.69,296376.11,1,1,CUMPLE
AV-2025-000239,CRC,0,0,68190928.24,67626858.28,1,1,CUMPLE
AV-2025-000240,CRC,0,0,171729666.79,169813190.48,1,1,CUMPLE
AV-2025-000244,CRC,1,0,377809297.94,376089669.09,1,1,CORREGIDO
AV-2025-000245,CRC,0,0,98103649.53,96960356.50,1,1,CUMPLE
AV-2025-000246,CRC,1,0,,,1,1,CORREGIDO
AV-2025-000247,CRC,0,0,194601673.96,192406858.88,1,1,CUMPLE
AV-2025-000248,CRC,0,0,725863913.69,722363040.14,1,1,CUMPLE
AV-2025-000249,USD,1,0,5835191.31,5767153.87,1,1,CORREGIDO
AV-2025-000250,CRC,0,0,,,1,1,CUMPLE
AV-2025-000251,USD,1,,,,1,0,SALIO
AV-2025-000252,CRC,0,0,28065991735.99,27805109155.94,1,1,CUMPLE
AV-2025-000253,CRC,0,0,2215773076.39,2193801469.46,1,1,CUMPLE
AV-2025-000256,CRC,0,0,766274587.44,759441822.09,1,1,CUMPLE
AV-2025-000257,USD,0,0,256325.02,253748.55,1,1,CUMPLE
AV-2025-000259,USD,0,0,351278.03,347541.04,1,1,CUMPLE
AV-2025-000260,USD,0,0,343150.20,339409.96,1,1,CUMPLE
AV-2025-000261,CRC,1,0,177617647.36,175921919.96,1,1,CORREGIDO
AV-2025-000262,USD,0,0,147098.67,145674.50,1,1,CUMPLE
AV-2025-000263,USD,1,0,135460.46,134566.43,1,1,CORREGIDO
AV-2025-000266,USD,0,0,3495828.09,3485181.80,1,1,CUMPLE
AV-2025-000268,CRC,0,0,,,1,1,CUMPLE
AV-2025-000271,CRC,1,0,62617822.78,62284874.75,1,1,CORREGIDO
AV-2025-000272,CRC,0,0,150230667.73,148856527.85,1,1,CUMPLE
AV-2025-000273,CRC,1,,680286447.00,,1,0,SALIO
AV-2025-000275,USD,0,0,,,1,1,CUMPLE
AV-2025-000276,USD,1,0,2743316.30,2718272.48,1,1,CORREGIDO
AV-2025-000278,CRC,0,,166516922.23,,1,0,SALIO_CUMPLIENDO
AV-2025-000280,CRC,0,0,298693255.29,295256801.72,1,1,CUMPLE
AV-2025-000281,USD,0,0,273702.98,271658.74,1,1,CUMPLE
AV-2025-000282,USD,1,0,,,1,1,CORREGIDO
AV-2025-000283,CRC,0,0,149659852.18,149116670.89,1,1,CUMPLE
AV-2025-000284,CRC,1,0,217504506.20,215360162.74,1,1,CORREGIDO
AV-2025-000285,USD,0,0,13862643.58,13701367.09,1,1,CUMPLE
AV-2025-000286,CRC,0,0,205059543.40,204196885.22,1,1,CUMPLE
AV-2025-000287,CRC,0,0,394262543.43,392913254.46,1,1,CUMPLE
AV-2025-000288,CRC,0,0,169210202.81,167275818.90,1,1,CUMPLE
AV-2025-000290,USD,1,1,5916447.52,5883867.39,1,1,PERSISTENTE
AV-2025-000293,USD,0,,125292.71,,1,0,SALIO_CUMPLIENDO
AV-2025-000295,CRC,0,0,205429841.65,203115568.51,1,1,CUMPLE
AV-2025-000296,USD,1,1,171032.00,169701.70,1,1,PERSISTENTE
AV-2025-000298,CRC,1,1,57194048.66,56666439.22,1,1,PERSISTENTE
AV-2025-000300,USD,0,0,199339.12,197057.48,1,1,CUMPLE
AV-2025-000301,CRC,1,0,540286944.86,537302511.03,1,1,CORREGIDO
AV-2025-000302,CRC,1,0,,,1,1,CORREGIDO
AV-2025-000303,USD,1,1,656114.07,653203.34,1,1,PERSISTENTE
AV-2025-000305,USD,0,0,8557641.21,8457980.10,1,1,CUMPLE
AV-2025-000306,CRC,0,0,202765413.49,201713244.68,1,1,CUMPLE
AV-2025-000307,USD,0,0,375122.24,373128.31,1,1,CUMPLE
AV-2025-000309,USD,1,0,98487.61,97518.92,1,1,CORREGIDO
AV-2025-000310,CRC,0,0,601255224.66,596382964.12,1,1,CUMPLE
AV-2025-000311,CRC,1,0,107580701.34,106820262.42,1,1,CORREGIDO
AV-2025-000312,USD,0,0,4938005.19,4884862.08,1,1,CUMPLE
AV-2025-000313,CRC,1,0,332480348.53,328632707.50,1,1,CORREGIDO
AV-2025-000314,CRC,0,0,398515343.87,395637462.51,1,1,CUMPLE
AV-2025-000315,CRC,1,1,14293984027.50,14175839643.61,1,1,PERSISTENTE
AV-2025-000316,CRC,0,0,237243347.14,235234844.11,1,1,CUMPLE
AV-2025-000317,CRC,0,0,208498496.95,206274551.62,1,1,CUMPLE
AV-2025-000318,CRC,0,0,329315514.90,325552914.00,1,1,CUMPLE
AV-2025-000320,USD,0,0,143385.82,141935.91,1,1,CUMPLE
AV-2025-000321,CRC,0,0,204446427.87,203670489.80,1,1,CUMPLE
AV-2025-000322,CRC,0,1,750317838.89,747114960.41,1,1,NUEVO
AV-2025-000324,CRC,1,,231945274.96,,1,0,SALIO
AV-2025-000325,CRC,1,0,218533092.52,217048642.58,1,1,CORREGIDO
AV-2025-000326,USD,0,0,,,1,1,CUMPLE
AV-2025-000327,USD,0,0,,,1,1,CUMPLE
AV-2025-000328,CRC,0,0,153324094.38,152480182.67,1,1,CUMPLE
AV-2025-000329,USD,1,0,573355.12,571074.71,1,1,CORREGIDO
AV-2025-000331,CRC,1,1,383528705.84,381383346.53,1,1,PERSISTENTE
AV-2025-000332,USD,1,0,264253.87,263237.95,1,1,CORREGIDO
AV-2025-000333,CRC,1,1,24739714073.54,24539245163.63,1,1,PERSISTENTE
AV-2025-000334,CRC,0,0,138413498.88,137262661.00,1,1,CUMPLE
AV-2025-000335,USD,0,0,5782150.17,5748997.93,1,1,CUMPLE
AV-2025-000336,CRC,0,0,1784928164.16,1778556215.82,1,1,CUMPLE
AV-2025-000338,CRC,0,0,472058274.86,467771579.25,1,1,CUMPLE
AV-2025-000339,USD,0,0,79196.55,78580.62,1,1,CUMPLE
AV-2025-000340,CRC,0,0,415053264.34,411380709.43,1,1,CUMPLE
AV-2025-000342,USD,0,0,205697.43,204594.15,1,1,CUMPLE
AV-2025-000343,CRC,0,0,,,1,1,CUMPLE
AV-2025-000344,CRC,0,0,,,1,1,CUMPLE
AV-2025-000346,USD,0,,7184278.07,,1,0,SALIO_CUMPLIENDO
AV-2025-000347,CRC,0,0,55406699.47,54830409.53,1,1,CUMPLE
AV-2025-000348,CRC,0,0,41367043.01,40987078.44,1,1,CUMPLE
AV-2025-000351,USD,0,0,344288.72,341953.92,1,1,CUMPLE
AV-2025-000353,CRC,0,0,438745593.45,436811621.87,1,1,CUMPLE
AV-2025-000354,USD,1,0,751846.52,744410.73,1,1,CORREGIDO
AV-2025-000355,CRC,1,0,27169809.20,26968711.24,1,1,CORREGIDO
AV-2025-000360,CRC,0,1,,,1,1,NUEVO
AV-2025-000361,USD,0,0,270874.16,268328.17,1,1,CUMPLE
AV-2025-000362,CRC,0,0,214063238.56,212195879.97,1,1,CUMPLE
AV-2025-000363,USD,1,0,311624.33,309713.16,1,1,CORREGIDO
AV-2025-000369,CRC,0,0,513290632.28,507652380.27,1,1,CUMPLE
AV-2025-000371,CRC,1,1,,,1,1,PERSISTENTE
AV-2025-000372,CRC,1,0,270079079.43,266964776.25,1,1,CORREGIDO
AV-2025-000375,USD,0,0,85367.09,85017.21,1,1,CUMPLE
AV-2025-000376,USD,0,0,23252.21,23043.93,1,1,CUMPLE
AV-2025-000377,CRC,0,0,5934614415.94,5885289290.54,1,1,CUMPLE
AV-2025-000378,USD,1,1,,,1,1,PERSISTENTE
AV-2025-000379,USD,1,1,3972493.85,3955054.88,1,1,PERSISTENTE
AV-2025-000380,CRC,1,,338877964.37,,1,0,SALIO
AV-2025-000381,CRC,0,0,1873322790.78,1855707558.08,1,1,CUMPLE
AV-2025-000384,CRC,0,0,,,1,1,CUMPLE
AV-2025-000386,CRC,0,0,,,1,1,CUMPLE
AV-2025-000387,CRC,0,0,1756807906.45,1749238122.20,1,1,CUMPLE
AV-2025-000388,CRC,0,0,395693864.18,391821552.06,1,1,CUMPLE
AV-2025-000389,USD,0,0,222377.31,221473.35,1,1,CUMPLE
AV-2025-000390,USD,0,0,175285.28,173949.72,1,1,CUMPLE
AV-2025-000392,USD,1,1,,,1,1,PERSISTENTE
AV-2025-000393,CRC,0,0,199754544.34,198597474.01,1,1,CUMPLE
AV-2025-000395,USD,0,0,614868.82,611862.60,1,1,CUMPLE
AV-2025-000397,CRC,0,0,,,1,1,CUMPLE
AV-2025-000398,USD,0,0,2935192.93,2911687.65,1,1,CUMPLE
AV-2025-000399,USD,0,0,2504407.93,2487116.22,1,1,CUMPLE
AV-2025-000400,USD,1,1,,,1,1,PERSISTENTE
AV-2025-000402,USD,0,0,190927.12,189884.70,1,1,CUMPLE
AV-2025-000403,USD,0,0,203050.12,201766.28,1,1,CUMPLE
AV-2025-000404,CRC,1,0,1932070863.40,1926232597.60,1,1,CORREGIDO
AV-2025-000406,CRC,0,0,208131861.64,207395887.31,1,1,CUMPLE
AV-2025-000407,CRC,0,0,296857684.70,293633731.99,1,1,CUMPLE
AV-2025-000409,USD,0,0,,,1,1,CUMPLE
AV-2025-000411,CRC,0,0,4317358922.59,4301167724.59,1,1,CUMPLE
AV-2025-000413,CRC,0,0,83014970.29,82088443.19,1,1,CUMPLE
AV-2025-000414,USD,1,0,160746.90,160113.67,1,1,CORREGIDO
AV-2025-000418,CRC,0,0,420165886.59,415195741.30,1,1,CUMPLE
AV-2025-000419,CRC,0,0,103043483.90,101886034.17,1,1,CUMPLE
AV-2025-000421,CRC,0,0,115027912.28,114571581.14,1,1,CUMPLE
AV-2025-000422,USD,1,0,428462.88,424130.99,1,1,CORREGIDO
AV-2025-000423,USD,1,0,134321.36,133423.47,1,1,CORREGIDO
AV-2025-000424,CRC,1,0,200569760.62,198286928.67,1,1,CORREGIDO
AV-2025-000426,CRC,1,0,148435238.76,147328213.53,1,1,CORREGIDO
AV-2025-000429,CRC,0,0,82813544.20,81835511.70,1,1,CUMPLE
AV-2025-000432,USD,0,0,151365.78,150446.73,1,1,CUMPLE
AV-2025-000434,USD,0,0,73803.46,73553.54,1,1,CUMPLE
AV-2025-000435,CRC,1,0,,,1,1,CORREGIDO
AV-2025-000436,CRC,0,0,55690940.16,55252720.45,1,1,CUMPLE
AV-2025-000437,CRC,1,0,,,1,1,CORREGIDO
AV-2025-000439,USD,0,0,1515044.00,1506033.19,1,1,CUMPLE
AV-2025-000440,USD,0,0,7430.41,7403.62,1,1,CUMPLE
AV-2025-000441,CRC,0,0,109513757.50,108273648.19,1,1,CUMPLE
AV-2025-000442,CRC,0,0,,,1,1,CUMPLE
AV-2025-000443,CRC,0,0,1273497412.30,1259242145.28,1,1,CUMPLE
AV-2025-000445,USD,1,1,154322.10,153771.22,1,1,PERSISTENTE
AV-2025-000448,USD,1,0,137819.81,136370.52,1,1,CORREGIDO
AV-2025-000449,USD,1,1,4316619.66,4290581.70,1,1,PERSISTENTE
AV-2025-000452,USD,0,0,148830.10,147824.85,1,1,CUMPLE
AV-2025-000453,CRC,1,0,208582254.43,207418696.79,1,1,CORREGIDO
AV-2025-000454,CRC,0,0,408885394.16,406796010.14,1,1,CUMPLE
AV-2025-000455,CRC,0,0,34573960.14,34407305.55,1,1,CUMPLE
AV-2025-000456,CRC,1,0,1891621496.78,1878477828.18,1,1,CORREGIDO
AV-2025-000457,CRC,1,0,118752527.68,117530006.47,1,1,CORREGIDO
AV-2025-000458,CRC,0,0,,,1,1,CUMPLE
AV-2025-000460,CRC,0,0,347409667.78,344067846.80,1,1,CUMPLE
AV-2025-000461,USD,0,0,2751272.19,2722358.85,1,1,CUMPLE
AV-2025-000462,CRC,0,0,229244117.05,228326648.92,1,1,CUMPLE
AV-2025-000464,CRC,1,1,304432033.37,301925559.48,1,1,PERSISTENTE
AV-2025-000466,CRC,0,,20034943.27,,1,0,SALIO_CUMPLIENDO
AV-2025-000469,CRC,1,0,5043393254.37,5008680775.42,1,1,CORREGIDO
AV-2025-000472,CRC,0,0,129752501.94,128599743.04,1,1,CUMPLE
AV-2025-000473,CRC,0,0,,,1,1,CUMPLE
AV-2025-000474,CRC,0,0,2191156064.26,2173510135.21,1,1,CUMPLE
AV-2025-000478,CRC,0,0,344317864.66,342188466.37,1,1,CUMPLE
AV-2025-000479,CRC,1,0,320675174.16,316871547.79,1,1,CORREGIDO
AV-2025-000481,USD,0,0,195879.05,194706.64,1,1,CUMPLE
AV-2025-000482,CRC,1,,354307560.51,,1,0,SALIO
AV-2025-000483,USD,1,1,5441518.93,5416378.73,1,1,PERSISTENTE
AV-2025-000485,CRC,1,1,114128967.85,112807263.21,1,1,PERSISTENTE
AV-2025-000486,USD,0,0,,,1,1,CUMPLE
AV-2025-000488,CRC,0,0,161476648.67,160867373.06,1,1,CUMPLE
AV-2025-000489,USD,0,0,,,1,1,CUMPLE
AV-2025-000491,CRC,0,,61736719.58,,1,0,SALIO_CUMPLIENDO
AV-2025-000492,CRC,0,0,49399162.06,49070621.63,1,1,CUMPLE
AV-2025-000493,CRC,0,0,265429146.35,264351370.24,1,1,CUMPLE
AV-2025-000494,USD,0,0,2272855.04,2257159.76,1,1,CUMPLE
AV-2025-000495,CRC,0,0,270304565.03,268444585.15,1,1,CUMPLE
AV-2025-000500,USD,0,0,5886263.69,5837562.39,1,1,CUMPLE
AV-2025-000501,CRC,1,1,,,1,1,PERSISTENTE
AV-2025-000502,CRC,0,0,261677008.30,258557009.44,1,1,CUMPLE
AV-2025-000503,CRC,0,0,511538303.43,505565173.56,1,1,CUMPLE
AV-2025-000504,CRC,0,0,184089204.21,183167775.59,1,1,CUMPLE
AV-2025-000507,CRC,0,0,,,1,1,CUMPLE
AV-2025-000508,USD,0,0,257450.00,256405.89,1,1,CUMPLE
AV-2025-000509,USD,1,0,186076.16,184496.63,1,1,CORREGIDO
AV-2025-000510,CRC,0,0,7869605421.68,7810551332.05,1,1,CUMPLE
AV-2025-000511,CRC,1,1,215789334.87,214326910.98,1,1,PERSISTENTE
AV-2025-000513,CRC,0,0,1276364226.00,1262854243.07,1,1,CUMPLE
AV-2025-000514,USD,1,0,,,1,1,CORREGIDO
AV-2025-000515,USD,0,0,66531.49,65865.60,1,1,CUMPLE
AV-2025-000516,CRC,1,0,640189203.54,633165539.05,1,1,CORREGIDO
AV-2025-000517,CRC,0,0,861291151.23,857363824.66,1,1,CUMPLE
AV-2025-000518,USD,0,0,430188.38,426058.34,1,1,CUMPLE
AV-2025-000519,USD,0,0,819895.92,814732.22,1,1,CUMPLE
AV-2025-000520,USD,1,0,267232.77,266429.59,1,1,CORREGIDO
AV-2025-000523,CRC,0,0,440265513.07,438009634.44,1,1,CUMPLE
AV-2025-000524,USD,1,0,539609.39,536499.26,1,1,CORREGIDO
AV-2025-000526,USD,0,0,527770.65,525984.29,1,1,CUMPLE
AV-2025-000527,CRC,0,0,215231899.19,213937564.66,1,1,CUMPLE
AV-2025-000528,CRC,1,0,333094660.24,330402245.90,1,1,CORREGIDO
AV-2025-000531,USD,0,0,,,1,1,CUMPLE
AV-2025-000532,CRC,1,1,,,1,1,PERSISTENTE
AV-2025-000533,CRC,0,0,880233725.84,870045085.14,1,1,CUMPLE
AV-2025-000534,CRC,0,0,480220230.36,477754899.71,1,1,CUMPLE
AV-2025-000536,USD,1,0,236008.44,233907.71,1,1,CORREGIDO
AV-2025-000537,CRC,0,,267910818.91,,1,0,SALIO_CUMPLIENDO
AV-2025-000538,USD,0,0,110790.60,109788.55,1,1,CUMPLE
AV-2025-000539,CRC,0,0,260879638.10,259553627.45,1,1,CUMPLE
AV-2025-000540,CRC,0,0,121649949.73,120384599.40,1,1,CUMPLE
AV-2025-000541,CRC,0,0,94982000.36,93914412.01,1,1,CUMPLE
AV-2025-000542,CRC,1,0,4273784440.16,4238221915.17,1,1,CORREGIDO
AV-2025-000543,CRC,1,1,,,1,1,PERSISTENTE
AV-2025-000544,CRC,0,0,,,1,1,CUMPLE
AV-2025-000545,CRC,0,1,14577628.99,14483874.38,1,1,NUEVO
AV-2025-000547,USD,1,0,996080.30,991454.62,1,1,CORREGIDO
AV-2025-000548,USD,0,0,3298588.28,3260571.62,1,1,CUMPLE
AV-2025-000549,USD,0,0,418105.12,416571.85,1,1,CUMPLE
AV-2025-000550,CRC,0,0,80690730.23,80319005.79,1,1,CUMPLE
AV-2025-000551,CRC,1,,630327890.08,,1,0,SALIO
AV-2025-000554,CRC,0,0,471710411.32,469031288.74,1,1,CUMPLE
AV-2025-000555,CRC,0,0,1516804940.38,1503956597.71,1,1,CUMPLE
AV-2025-000556,CRC,1,1,,,1,1,PERSISTENTE
AV-2025-000557,CRC,1,0,638863296.27,636883602.70,1,1,CORREGIDO
AV-2025-000560,CRC,0,0,491014508.94,487893798.38,1,1,CUMPLE
AV-2025-000561,CRC,0,0,156175193.56,155475155.44,1,1,CUMPLE
AV-2025-000562,USD,0,0,586548.25,580784.52,1,1,CUMPLE
AV-2025-000563,USD,1,0,13787921.04,13729505.68,1,1,CORREGIDO
AV-2025-000564,USD,0,0,507847.95,506094.88,1,1,CUMPLE
AV-2025-000567,USD,0,0,143439.34,142330.04,1,1,CUMPLE
AV-2025-000568,CRC,0,0,2686328482.43,2673194078.02,1,1,CUMPLE
AV-2025-000570,USD,0,0,6614427.91,6556379.80,1,1,CUMPLE
AV-2025-000572,USD,0,0,251461.88,250087.67,1,1,CUMPLE
AV-2025-000573,USD,1,0,441175.11,436275.72,1,1,CORREGIDO
AV-2025-000575,USD,0,0,356042.66,353189.24,1,1,CUMPLE
AV-2025-000578,USD,0,0,280970.33,279841.19,1,1,CUMPLE
AV-2025-000579,CRC,1,0,,,1,1,CORREGIDO
AV-2025-000580,CRC,1,0,3611665252.43,3579420800.51,1,1,CORREGIDO
AV-2025-000581,USD,0,0,376194.52,374815.75,1,1,CUMPLE
AV-2025-000583,CRC,0,0,212828839.71,211889814.30,1,1,CUMPLE
AV-2025-000584,USD,0,0,173526.04,172506.88,1,1,CUMPLE
AV-2025-000588,CRC,1,0,622223371.38,617126651.61,1,1,CORREGIDO
AV-2025-000589,USD,0,0,448459.51,445554.99,1,1,CUMPLE
AV-2025-000590,USD,0,0,200124.66,199376.09,1,1,CUMPLE
AV-2025-000596,USD,0,0,162476.45,161712.03,1,1,CUMPLE
AV-2025-000599,USD,0,0,,,1,1,CUMPLE
AV-2025-000600,CRC,0,0,328255327.76,324343265.73,1,1,CUMPLE
AV-2025-000602,USD,0,0,229862.10,228024.78,1,1,CUMPLE
AV-2025-000603,CRC,1,0,317282842.01,316166367.27,1,1,CORREGIDO
AV-2025-000604,CRC,0,0,518233908.05,513781333.46,1,1,CUMPLE
AV-2025-000606,CRC,0,0,,,1,1,CUMPLE
AV-2025-000608,CRC,0,0,171933349.28,170536281.13,1,1,CUMPLE
AV-2025-000609,CRC,0,0,,,1,1,CUMPLE
AV-2025-000614,CRC,0,0,,,1,1,CUMPLE
AV-2025-000615,USD,0,0,1804100.55,1787941.93,1,1,CUMPLE
AV-2025-000616,CRC,0,0,2115872555.59,2101615694.21,1,1,CUMPLE
AV-2025-000617,USD,0,0,,,1,1,CUMPLE
AV-2025-000619,CRC,1,0,,,1,1,CORREGIDO
AV-2025-000621,CRC,0,0,372875638.33,369441134.39,1,1,CUMPLE
AV-2025-000622,CRC,1,1,242726245.79,241648222.62,1,1,PERSISTENTE
AV-2025-000623,CRC,1,0,94238653.22,93627617.91,1,1,CORREGIDO
AV-2025-000624,USD,0,0,,,1,1,CUMPLE
AV-2025-000625,CRC,0,0,,,1,1,CUMPLE
AV-2025-000626,CRC,0,0,86523137.00,85794230.56,1,1,CUMPLE
AV-2025-000627,USD,0,0,,,1,1,CUMPLE
AV-2025-000629,USD,0,0,65957.59,65309.23,1,1,CUMPLE
AV-2025-000630,CRC,0,0,160735881.49,159079538.42,1,1,CUMPLE
AV-2025-000631,CRC,1,0,502390757.43,500502933.28,1,1,CORREGIDO
AV-2025-000632,USD,0,0,155011.61,154545.70,1,1,CUMPLE
AV-2025-000635,CRC,0,0,1617330987.75,1607298499.41,1,1,CUMPLE
AV-2025-000638,CRC,0,0,259124940.45,256881899.57,1,1,CUMPLE
AV-2025-000639,CRC,1,0,1169544293.52,1156068042.89,1,1,CORREGIDO
AV-2025-000642,CRC,0,0,38089856.78,37726184.68,1,1,CUMPLE
AV-2025-000643,CRC,0,0,543421289.01,540471837.09,1,1,CUMPLE
AV-2025-000645,USD,0,0,144886.18,143954.88,1,1,CUMPLE
AV-2025-000646,CRC,1,0,9037427.98,8966320.22,1,1,CORREGIDO
AV-2025-000649,CRC,0,0,35093883.64,34759995.70,1,1,CUMPLE
AV-2025-000650,USD,0,0,80570.51,80204.80,1,1,CUMPLE
AV-2025-000657,USD,0,0,1501780.13,1484292.80,1,1,CUMPLE
AV-2025-000658,USD,0,0,366329.53,364021.44,1,1,CUMPLE
AV-2025-000660,USD,1,0,2507171.47,2492353.61,1,1,CORREGIDO
AV-2025-000661,CRC,0,0,386784721.08,385400054.10,1,1,CUMPLE
AV-2025-000663,USD,0,0,259916.41,257093.02,1,1,CUMPLE
AV-2025-000665,USD,0,0,3378780.03,3350165.39,1,1,CUMPLE
AV-2025-000666,CRC,0,0,139649898.62,138683477.69,1,1,CUMPLE
AV-2025-000667,CRC,0,0,1168223603.45,1158487743.49,1,1,CUMPLE
AV-2025-000669,CRC,0,0,183729644.47,181623901.99,1,1,CUMPLE
AV-2025-000670,CRC,0,0,621658028.37,616104883.88,1,1,CUMPLE
AV-2025-000672,CRC,0,0,1127701353.15,1122568217.36,1,1,CUMPLE
AV-2025-000673,CRC,0,0,359530187.14,355498728.95,1,1,CUMPLE
AV-2025-000674,CRC,1,0,,,1,1,CORREGIDO
AV-2025-000675,CRC,0,0,,,1,1,CUMPLE
AV-2025-000676,CRC,0,0,,,1,1,CUMPLE
AV-2025-000677,USD,0,0,6922168.05,6857501.71,1,1,CUMPLE
AV-2025-000678,CRC,0,,15378637324.89,,1,0,SALIO_CUMPLIENDO
AV-2025-000679,CRC,0,0,,,1,1,CUMPLE
AV-2025-000680,CRC,0,0,153327457.94,152824109.56,1,1,CUMPLE
AV-2025-000683,CRC,0,0,753756983.22,746273994.74,1,1,CUMPLE
AV-2025-000684,CRC,0,0,768333510.71,761326529.90,1,1,CUMPLE
AV-2025-000686,CRC,0,0,10654671909.12,10528658194.02,1,1,CUMPLE
AV-2025-000687,USD,0,0,1002337.80,993301.29,1,1,CUMPLE
AV-2025-000688,CRC,0,0,233930072.29,233050806.97,1,1,CUMPLE
AV-2025-000690,CRC,0,0,446348191.04,444722200.64,1,1,CUMPLE
AV-2025-000691,CRC,0,0,233441611.01,231920966.78,1,1,CUMPLE
AV-2025-000692,CRC,0,0,,,1,1,CUMPLE
AV-2025-000694,USD,0,0,,,1,1,CUMPLE
AV-2025-000695,CRC,1,1,669713975.31,667536325.07,1,1,PERSISTENTE
AV-2025-000696,USD,0,,,,1,0,SALIO_CUMPLIENDO
AV-2025-000697,CRC,0,0,,,1,1,CUMPLE
AV-2025-000698,CRC,1,0,206575600.89,204199323.75,1,1,CORREGIDO
AV-2025-000700,CRC,1,,641589719.27,,1,0,SALIO
AV-2025-000703,CRC,0,0,451267325.82,449596618.24,1,1,CUMPLE
AV-2025-000704,CRC,0,0,,,1,1,CUMPLE
AV-2025-000705,CRC,1,0,299761260.67,298722702.84,1,1,CORREGIDO
AV-2025-000706,USD,0,0,,,1,1,CUMPLE
AV-2025-000707,USD,1,0,296884.37,295930.41,1,1,CORREGIDO
AV-2025-000709,USD,1,0,,,1,1,CORREGIDO
AV-2025-000710,CRC,0,0,,,1,1,CUMPLE
AV-2025-000712,CRC,0,0,431943252.34,428013030.49,1,1,CUMPLE
AV-2025-000713,CRC,0,0,186219780.18,185224891.31,1,1,CUMPLE
AV-2025-000714,CRC,0,0,,,1,1,CUMPLE
AV-2025-000715,USD,0,0,187379.33,185759.80,1,1,CUMPLE
AV-2025-000716,USD,0,1,71298.05,,1,2,NUEVO
AV-2025-000717,USD,0,0,255489.54,252865.33,1,1,CUMPLE
AV-2025-000718,CRC,0,0,5722653418.42,5689240031.42,1,1,CUMPLE
AV-2025-000719,CRC,0,0,184873304.93,182743124.85,1,1,CUMPLE
AV-2025-000720,CRC,0,0,1920786462.16,1899701239.63,1,1,CUMPLE
AV-2025-000721,CRC,0,0,249038557.89,247712538.27,1,1,CUMPLE
AV-2025-000722,CRC,0,0,,,1,1,CUMPLE
AV-2025-000724,CRC,0,0,,,1,1,CUMPLE
AV-2025-000726,CRC,0,0,22101032.41,21941651.55,1,1,CUMPLE
AV-2025-000727,USD,1,1,7940468.95,7883063.81,1,1,PERSISTENTE
AV-2025-000728,CRC,0,0,399795135.92,397944298.01,1,1,CUMPLE
AV-2025-000729,USD,0,0,373259.95,369042.90,1,1,CUMPLE
AV-2025-000730,CRC,1,1,,,1,1,PERSISTENTE
AV-2025-000731,CRC,1,0,,,1,1,CORREGIDO
AV-2025-000732,CRC,0,0,156138806.47,154830244.14,1,1,CUMPLE
AV-2025-000735,USD,0,0,,,1,1,CUMPLE
AV-2025-000736,CRC,1,0,243380371.07,240525607.07,1,1,CORREGIDO
AV-2025-000737,USD,1,,386280.86,,1,0,SALIO
AV-2025-000738,CRC,0,0,160629706.99,159811712.93,1,1,CUMPLE
AV-2025-000741,CRC,0,0,961542210.35,950344058.02,1,1,CUMPLE
AV-2025-000744,USD,0,0,285888.37,282554.28,1,1,CUMPLE
AV-2025-000745,CRC,0,0,,,1,1,CUMPLE
AV-2025-000746,CRC,0,0,,,1,1,CUMPLE
AV-2025-000749,CRC,0,0,742919386.03,734969647.53,1,1,CUMPLE
AV-2025-000750,CRC,1,0,,,1,1,CORREGIDO
AV-2025-000753,USD,1,1,324543.23,321292.54,1,1,PERSISTENTE
AV-2025-000754,CRC,0,0,561974480.07,559172639.38,1,1,CUMPLE
AV-2025-000755,USD,1,0,,,1,1,CORREGIDO
AV-2025-000758,CRC,0,0,,,1,1,CUMPLE
AV-2025-000759,CRC,0,0,51261705.21,50721522.25,1,1,CUMPLE
AV-2025-000760,USD,0,0,,,1,1,CUMPLE
AV-2025-000761,CRC,0,1,,,1,1,NUEVO
AV-2025-000762,CRC,1,0,,,1,1,CORREGIDO
AV-2025-000764,USD,0,0,163534.97,162249.55,1,1,CUMPLE
AV-2025-000765,CRC,0,0,48805869.88,48408325.94,1,1,CUMPLE
AV-2025-000766,CRC,1,1,,,1,1,PERSISTENTE
AV-2025-000767,CRC,0,0,1460803112.58,1452528926.86,1,1,CUMPLE
AV-2025-000768,USD,1,1,78680.05,77989.24,1,1,PERSISTENTE
AV-2025-000769,USD,0,0,495804.48,493907.73,1,1,CUMPLE
AV-2025-000770,CRC,0,0,80379700.54,79609388.19,1,1,CUMPLE
AV-2025-000771,CRC,1,0,1527710685.37,1518385608.68,1,1,CORREGIDO
AV-2025-000772,USD,1,1,160015.98,158413.84,1,1,PERSISTENTE
AV-2025-000775,CRC,0,1,841930542.14,835457439.29,1,1,NUEVO
AV-2025-000776,USD,0,0,258372.72,255553.82,1,1,CUMPLE
AV-2025-000778,USD,0,0,,,1,1,CUMPLE
AV-2025-000780,CRC,0,0,261197349.08,259425440.92,1,1,CUMPLE
AV-2025-000781,CRC,0,0,664057933.93,658660903.00,1,1,CUMPLE
AV-2025-000786,USD,0,0,518495.19,516351.59,1,1,CUMPLE
AV-2025-000787,CRC,0,0,,,1,1,CUMPLE
AV-2025-000788,CRC,1,1,554325936.79,551983436.32,1,1,PERSISTENTE
AV-2025-000789,USD,1,1,285244.36,283921.06,1,1,PERSISTENTE
AV-2025-000790,CRC,0,0,192107349.31,190600386.22,1,1,CUMPLE
AV-2025-000791,CRC,0,0,1161589717.27,1154732456.14,1,1,CUMPLE
AV-2025-000793,CRC,0,0,328045197.97,324715767.75,1,1,CUMPLE
AV-2025-000794,USD,1,0,,,1,1,CORREGIDO
AV-2025-000795,USD,0,0,394346.21,391557.16,1,1,CUMPLE
AV-2025-000798,CRC,0,0,295998849.61,294138279.39,1,1,CUMPLE
AV-2025-000799,USD,0,1,622774.92,615503.05,1,1,NUEVO
AV-2025-000800,CRC,1,0,,,1,1,CORREGIDO
AV-2025-000801,CRC,0,0,2227735009.25,2218542812.14,1,1,CUMPLE
AV-2025-000802,CRC,0,0,1510560411.27,1504384954.67,1,1,CUMPLE
AV-2025-000804,USD,0,,405235.14,,1,0,SALIO_CUMPLIENDO
AV-2025-000805,CRC,1,0,10506140618.99,10407591401.76,1,1,CORREGIDO
AV-2025-000807,USD,0,0,180613.21,178845.37,1,1,CUMPLE
AV-2025-000808,CRC,0,0,1067480776.02,1060115416.18,1,1,CUMPLE
AV-2025-000810,USD,1,0,653400.91,649057.42,1,1,CORREGIDO
AV-2025-000811,CRC,0,0,323874960.16,321501130.17,1,1,CUMPLE
AV-2025-000813,USD,0,0,5002204.35,4980850.78,1,1,CUMPLE
AV-2025-000814,CRC,0,0,339782376.40,336482833.08,1,1,CUMPLE
AV-2025-000815,CRC,1,0,176476535.42,175484108.51,1,1,CORREGIDO
AV-2025-000816,USD,1,0,,,1,1,CORREGIDO
AV-2025-000818,USD,0,0,115674.49,114768.38,1,1,CUMPLE
AV-2025-000819,CRC,0,0,121325167.52,120312555.36,1,1,CUMPLE
AV-2025-000822,CRC,0,0,,,1,1,CUMPLE
AV-2025-000823,CRC,0,0,107662483.11,106382575.03,1,1,CUMPLE
AV-2025-000825,USD,0,0,,,1,1,CUMPLE
AV-2025-000828,USD,0,0,,,1,1,CUMPLE
AV-2025-000830,CRC,1,1,64084959.27,63379343.19,1,1,PERSISTENTE
AV-2025-000832,CRC,1,0,233744434.02,231815908.18,1,1,CORREGIDO
AV-2025-000834,CRC,0,0,136819646.72,135180296.62,1,1,CUMPLE
AV-2025-000836,CRC,1,0,89213177.19,88906637.03,1,1,CORREGIDO
AV-2025-000839,USD,0,0,249453.50,246708.08,1,1,CUMPLE
AV-2025-000843,USD,1,1,188462.51,186951.33,1,1,PERSISTENTE
AV-2025-000844,USD,1,1,,,1,1,PERSISTENTE
AV-2025-000845,CRC,0,0,,,1,1,CUMPLE
AV-2025-000846,USD,0,0,614557.92,611318.94,1,1,CUMPLE
AV-2025-000850,USD,0,0,283441.03,281171.36,1,1,CUMPLE
AV-2025-000852,USD,0,0,190336.31,189195.42,1,1,CUMPLE
AV-2025-000855,CRC,1,0,76004475.04,75197013.15,1,1,CORREGIDO
AV-2025-000860,CRC,1,0,163559734.56,162665541.96,1,1,CORREGIDO
AV-2025-000861,CRC,0,0,1314935159.23,1302754478.20,1,1,CUMPLE
AV-2025-000862,USD,0,0,287233.93,285070.23,1,1,CUMPLE
AV-2025-000863,USD,1,0,133514.51,132382.93,1,1,CORREGIDO
AV-2025-000864,CRC,0,0,320159567.17,316578653.61,1,1,CUMPLE
AV-2025-000865,USD,1,1,219226.40,216765.18,1,1,PERSISTENTE
AV-2025-000868,CRC,1,1,1223583688.15,1211283967.98,1,1,PERSISTENTE
AV-2025-000870,CRC,0,1,,,1,1,NUEVO
AV-2025-000874,CRC,0,0,564279895.56,558952638.18,1,1,CUMPLE
AV-2025-000876,CRC,0,0,12373124909.40,12253980311.83,1,1,CUMPLE
AV-2025-000878,USD,0,0,398078.83,393422.94,1,1,CUMPLE
AV-2025-000880,CRC,0,0,,,1,1,CUMPLE
AV-2025-000881,USD,0,0,808208.86,803389.63,1,1,CUMPLE
AV-2025-000882,CRC,0,0,119809000.41,118984971.60,1,1,CUMPLE
AV-2025-000883,CRC,1,0,666964311.53,662279782.81,1,1,CORREGIDO
AV-2025-000885,CRC,1,0,40506718.03,40138243.16,1,1,CORREGIDO
AV-2025-000886,CRC,1,0,632417718.61,628960893.80,1,1,CORREGIDO
AV-2025-000887,CRC,0,0,,,1,1,CUMPLE
AV-2025-000888,CRC,0,0,704691869.10,702544571.90,1,1,CUMPLE
AV-2025-000890,USD,0,0,230587.24,229673.36,1,1,CUMPLE
AV-2025-000893,CRC,0,0,203039919.65,202166360.68,1,1,CUMPLE
AV-2025-000894,CRC,0,0,197367062.79,196152296.70,1,1,CUMPLE
AV-2025-000895,CRC,0,0,207566205.37,206635900.43,1,1,CUMPLE
AV-2025-000896,USD,0,0,,,1,1,CUMPLE
AV-2025-000898,USD,0,0,13041485.45,12952757.37,1,1,CUMPLE
AV-2025-000900,USD,1,,975431.79,,1,0,SALIO
AV-2025-000901,CRC,1,1,93977326.97,93622573.39,1,1,PERSISTENTE
AV-2025-000904,CRC,1,1,281020739.79,280095177.42,1,1,PERSISTENTE
AV-2025-000905,CRC,1,0,198599095.69,196865880.13,1,1,CORREGIDO
AV-2025-000907,CRC,1,1,185189776.05,184331617.05,1,1,PERSISTENTE
AV-2025-000908,CRC,0,0,271132489.23,267945226.43,1,1,CUMPLE
AV-2025-000909,CRC,1,0,147885732.14,146358387.32,1,1,CORREGIDO
AV-2025-000910,CRC,1,1,63764872.22,63288495.86,1,1,PERSISTENTE
AV-2025-000911,USD,1,1,366965.44,365417.45,1,1,PERSISTENTE
AV-2025-000917,CRC,0,0,,,1,1,CUMPLE
AV-2025-000921,USD,0,0,5731567.36,5670897.78,1,1,CUMPLE
AV-2025-000925,CRC,1,0,1289956630.69,1275184568.27,1,1,CORREGIDO
AV-2025-000927,CRC,0,0,233164275.25,232205894.49,1,1,CUMPLE
AV-2025-000928,CRC,1,,,,1,0,SALIO
AV-2025-000931,USD,0,0,131379.62,130759.03,1,1,CUMPLE
AV-2025-000933,CRC,0,0,,,1,1,CUMPLE
AV-2025-000935,USD,1,0,323191.46,322092.31,1,1,CORREGIDO
AV-2025-000937,CRC,0,0,95899756.91,95345060.48,1,1,CUMPLE
AV-2025-000939,CRC,0,0,618438201.20,613482828.47,1,1,CUMPLE
AV-2025-000943,CRC,0,0,629395441.50,623192840.86,1,1,CUMPLE
AV-2025-000944,USD,0,0,1731230.13,1716767.28,1,1,CUMPLE
AV-2025-000945,CRC,0,0,1562533433.65,1545146574.07,1,1,CUMPLE
AV-2025-000947,CRC,0,0,161868930.41,160338289.25,1,1,CUMPLE
AV-2025-000948,CRC,0,0,202217620.32,201309769.88,1,1,CUMPLE
AV-2025-000950,CRC,1,0,2765663440.88,2746976258.78,1,1,CORREGIDO
AV-2025-000952,USD,0,0,146234.23,144795.44,1,1,CUMPLE
AV-2025-000955,CRC,0,0,372993067.50,369924977.95,1,1,CUMPLE
AV-2025-000956,USD,0,0,141801.19,140251.52,1,1,CUMPLE
AV-2025-000957,CRC,0,0,411379660.30,409136901.07,1,1,CUMPLE
AV-2025-000958,CRC,0,0,328114159.56,326270898.34,1,1,CUMPLE
AV-2025-000962,USD,0,0,163968.28,163473.32,1,1,CUMPLE
AV-2025-000963,CRC,1,0,92180049.83,91229323.92,1,1,CORREGIDO
AV-2025-000964,USD,0,0,855453.74,848661.91,1,1,CUMPLE
AV-2025-000965,USD,0,0,,,1,1,CUMPLE
AV-2025-000966,CRC,0,0,108496547.27,107475314.32,1,1,CUMPLE
AV-2025-000967,CRC,0,0,109763770.38,109346369.64,1,1,CUMPLE
AV-2025-000969,CRC,1,0,881925643.01,873387172.22,1,1,CORREGIDO
AV-2025-000970,CRC,0,0,501725208.33,496817898.87,1,1,CUMPLE
AV-2025-000971,CRC,0,,75151589.22,,1,0,SALIO_CUMPLIENDO
AV-2025-000974,CRC,0,0,,,1,1,CUMPLE
AV-2025-000975,CRC,0,0,602207415.12,598120967.89,1,1,CUMPLE
AV-2025-000976,CRC,1,0,408860251.99,405018717.98,1,1,CORREGIDO
AV-2025-000977,CRC,0,0,544118589.22,538740264.64,1,1,CUMPLE
AV-2025-000979,CRC,0,0,109634032.89,109111882.02,1,1,CUMPLE
AV-2025-000980,CRC,1,0,,,1,1,CORREGIDO
AV-2025-000982,USD,0,0,85934.02,85473.87,1,1,CUMPLE
AV-2025-000984,CRC,1,0,746839112.54,738455047.70,1,1,CORREGIDO
AV-2025-000986,CRC,0,0,,,1,1,CUMPLE
AV-2025-000990,CRC,0,0,494024473.70,489064299.42,1,1,CUMPLE
AV-2025-000995,USD,0,0,136354.09,135080.43,1,1,CUMPLE
AV-2025-000997,USD,0,,212352.25,,1,0,SALIO_CUMPLIENDO
AV-2025-000998,CRC,0,0,,,1,1,CUMPLE
AV-2025-000999,USD,1,0,,,1,1,CORREGIDO
AV-2025-001001,CRC,0,0,54758434.64,54306464.40,1,1,CUMPLE
AV-2025-001002,CRC,0,0,237454367.66,235477736.93,1,1,CUMPLE
AV-2025-001003,USD,0,0,233175.69,231976.76,1,1,CUMPLE
AV-2025-001004,USD,0,0,5967563.25,5945917.24,1,1,CUMPLE
AV-2025-001006,CRC,0,0,68957707.25,68200974.64,1,1,CUMPLE
AV-2025-001007,CRC,1,0,368067577.87,364549602.86,1,1,CORREGIDO
AV-2025-001008,CRC,0,0,195229877.21,194563741.63,1,1,CUMPLE
AV-2025-001010,CRC,0,0,,,1,1,CUMPLE
AV-2025-001011,USD,0,0,173475.28,172590.65,1,1,CUMPLE
AV-2025-001012,USD,0,0,,,1,1,CUMPLE
AV-2025-001013,CRC,1,0,222550041.82,220827775.73,1,1,CORREGIDO
AV-2025-001014,CRC,0,0,846912452.21,842513863.59,1,1,CUMPLE
AV-2025-001015,CRC,0,0,,,1,1,CUMPLE
AV-2025-001016,USD,1,1,227192.29,225043.77,1,1,PERSISTENTE
AV-2025-001019,CRC,1,0,352816050.12,351264013.33,1,1,CORREGIDO
AV-2025-001020,USD,0,0,138880.64,137730.35,1,1,CUMPLE
AV-2025-001022,USD,1,0,189644.28,188467.76,1,1,CORREGIDO
AV-2025-001023,CRC,1,1,222927453.02,221094269.72,1,1,PERSISTENTE
AV-2025-001024,USD,1,0,6940393.89,6889779.66,1,1,CORREGIDO
AV-2025-001027,CRC,0,0,137132262.06,136255791.79,1,1,CUMPLE
AV-2025-001028,CRC,1,1,12378117.17,12265061.97,1,1,PERSISTENTE
AV-2025-001030,CRC,0,1,61131336.07,60473567.63,1,1,NUEVO
AV-2025-001031,USD,0,0,,,1,1,CUMPLE
AV-2025-001032,CRC,1,0,560730322.51,555263159.67,1,1,CORREGIDO
AV-2025-001033,CRC,0,0,440385180.92,438395130.48,1,1,CUMPLE
AV-2025-001034,CRC,0,0,398490870.88,393734535.72,1,1,CUMPLE
AV-2025-001035,CRC,0,1,3708336365.84,3671564113.85,1,1,NUEVO
AV-2025-001036,USD,0,0,857961.51,850259.75,1,1,CUMPLE
AV-2025-001038,CRC,0,0,192642982.78,191707681.94,1,1,CUMPLE
AV-2025-001039,USD,0,0,2495780.89,2486610.57,1,1,CUMPLE
AV-2025-001042,USD,0,0,,,1,1,CUMPLE
AV-2025-001043,CRC,1,1,372865736.30,368663369.45,1,1,PERSISTENTE
AV-2025-001044,CRC,0,0,,,1,1,CUMPLE
AV-2025-001045,CRC,0,1,695810284.03,693537702.15,1,1,NUEVO
AV-2025-001047,CRC,0,0,247984986.78,245887503.42,1,1,CUMPLE
AV-2025-001048,CRC,0,0,33903967.76,33570300.21,1,1,CUMPLE
AV-2025-001049,USD,1,0,375119.96,371327.18,1,1,CORREGIDO
AV-2025-001050,USD,0,0,165897.13,164068.83,1,1,CUMPLE
AV-2025-001051,USD,0,,237121.68,,1,0,SALIO_CUMPLIENDO
AV-2025-001052,USD,1,0,95727.04,95059.20,1,1,CORREGIDO
AV-2025-001055,USD,0,0,6416592.04,6380575.13,1,1,CUMPLE
AV-2025-001056,CRC,0,0,72871773.58,72249073.45,1,1,CUMPLE
AV-2025-001058,USD,0,0,,,1,1,CUMPLE
AV-2025-001059,CRC,0,0,,,1,1,CUMPLE
AV-2025-001062,USD,0,0,8132201.49,8055420.94,1,1,CUMPLE
AV-2025-001068,CRC,0,0,2139536345.12,2122044692.90,1,1,CUMPLE
AV-2025-001070,USD,0,0,160033.19,158143.43,1,1,CUMPLE
AV-2025-001071,CRC,1,0,,,1,1,CORREGIDO
AV-2025-001072,USD,0,0,294453.15,291634.27,1,1,CUMPLE
AV-2025-001073,USD,1,0,580836.00,578856.46,1,1,CORREGIDO
AV-2025-001075,USD,1,0,367050.47,363838.00,1,1,CORREGIDO
AV-2025-001076,USD,0,0,360496.44,357072.43,1,1,CUMPLE
AV-2025-001077,USD,0,0,787723.44,780322.77,1,1,CUMPLE
AV-2025-001079,USD,0,0,170790.37,168833.55,1,1,CUMPLE
AV-2025-001080,USD,1,1,279804.40,277495.43,1,1,PERSISTENTE
AV-2025-001083,CRC,0,0,14324460.45,14192811.56,1,1,CUMPLE
AV-2025-001085,CRC,0,0,,,1,1,CUMPLE
AV-2025-001086,CRC,1,,97613579.54,,1,0,SALIO
AV-2025-001087,CRC,0,0,131664128.14,131157355.59,1,1,CUMPLE
AV-2025-001088,CRC,0,0,1601201591.24,1594067589.41,1,1,CUMPLE
AV-2025-001089,USD,0,0,,,1,1,CUMPLE
AV-2025-001091,CRC,1,0,1304950050.99,1291135508.99,1,1,CORREGIDO
AV-2025-001094,USD,1,0,1640632.50,1633351.98,1,1,CORREGIDO
AV-2025-001096,CRC,0,0,361460071.23,359980023.39,1,1,CUMPLE
AV-2025-001097,USD,0,0,7910185.66,7818628.53,1,1,CUMPLE
AV-2025-001098,CRC,0,0,76067354.54,75717783.09,1,1,CUMPLE
AV-2025-001099,USD,1,0,,,1,1,CORREGIDO
AV-2025-001100,CRC,0,0,2739944328.42,2713110351.87,1,1,CUMPLE
AV-2025-001102,CRC,0,0,184539214.81,183623559.27,1,1,CUMPLE
AV-2025-001104,CRC,0,0,238709231.94,237245334.65,1,1,CUMPLE
AV-2025-001106,USD,1,1,73342.05,72595.80,1,1,PERSISTENTE
AV-2025-001108,CRC,1,0,324512597.91,320650611.93,1,1,CORREGIDO
AV-2025-001109,CRC,0,0,625200349.56,622617544.43,1,1,CUMPLE
AV-2025-001110,CRC,0,1,179504836.36,177789043.01,1,1,NUEVO
AV-2025-001111,CRC,1,0,,,1,1,CORREGIDO
AV-2025-001112,USD,0,0,508033.01,505141.85,1,1,CUMPLE
AV-2025-001113,USD,0,0,294902.25,293905.47,1,1,CUMPLE
AV-2025-001115,CRC,0,0,656214036.14,649403324.51,1,1,CUMPLE
AV-2025-001116,CRC,0,0,768159855.80,760113186.12,1,1,CUMPLE
AV-2025-001117,CRC,0,0,304736419.68,302988262.46,1,1,CUMPLE
AV-2025-001118,CRC,0,0,,,1,1,CUMPLE
AV-2025-001119,USD,0,,239929.98,,1,0,SALIO_CUMPLIENDO
AV-2025-001120,CRC,0,0,,,1,1,CUMPLE
AV-2025-001121,USD,1,0,53609.13,52998.96,1,1,CORREGIDO
AV-2025-001122,CRC,1,,,,2,0,SALIO
AV-2025-001123,CRC,0,0,2626809937.45,2603308515.61,1,1,CUMPLE
AV-2025-001124,CRC,0,0,,,1,1,CUMPLE
AV-2025-001126,CRC,0,0,199807938.64,199038298.96,1,1,CUMPLE
AV-2025-001127,USD,1,0,,,1,1,CORREGIDO
AV-2025-001129,CRC,1,0,28016371.66,27781476.26,1,1,CORREGIDO
AV-2025-001130,CRC,0,0,2648295908.07,2633743429.97,1,1,CUMPLE
AV-2025-001132,CRC,0,0,79196583.40,78450165.92,1,1,CUMPLE
AV-2025-001133,CRC,1,1,158767930.36,157180869.41,1,1,PERSISTENTE
AV-2025-001135,CRC,1,0,180029146.01,179099100.19,1,1,CORREGIDO
AV-2025-001137,CRC,0,0,,,1,1,CUMPLE
AV-2025-001138,CRC,0,0,399495524.98,395691762.76,1,1,CUMPLE
AV-2025-001139,USD,0,0,405939.02,404635.78,1,1,CUMPLE
AV-2025-001141,USD,0,0,3283175.70,3246031.16,1,1,CUMPLE
AV-2025-001143,CRC,1,1,863989664.27,855424610.97,1,1,PERSISTENTE
AV-2025-001144,CRC,1,0,2415803689.40,2391947224.85,1,1,CORREGIDO
AV-2025-001145,CRC,0,0,247788309.41,246811424.93,1,1,CUMPLE
AV-2025-001148,CRC,1,0,199200895.75,198017062.43,1,1,CORREGIDO
AV-2025-001149,USD,0,0,67916.14,67408.76,1,1,CUMPLE
AV-2025-001150,CRC,0,0,480846125.92,476410193.35,1,1,CUMPLE
AV-2025-001152,CRC,0,0,479530657.88,474611158.37,1,1,CUMPLE
AV-2025-001153,CRC,1,1,354648911.09,351194147.44,1,1,PERSISTENTE
AV-2025-001155,CRC,1,1,90175461.36,89638852.86,1,1,PERSISTENTE
AV-2025-001156,CRC,1,1,142984650.80,142442028.02,1,1,PERSISTENTE
AV-2025-001157,CRC,0,0,154672167.68,153358711.59,1,1,CUMPLE
AV-2025-001161,CRC,0,0,,,1,1,CUMPLE
AV-2025-001165,USD,1,,288423.84,,1,0,SALIO
AV-2025-001166,USD,0,0,261616.17,259768.52,1,1,CUMPLE
AV-2025-001167,CRC,0,0,82184959.70,81762500.87,1,1,CUMPLE
AV-2025-001170,CRC,1,0,67093956.91,66749343.88,1,1,CORREGIDO
AV-2025-001173,USD,0,0,4443920.78,4422326.27,1,1,CUMPLE
AV-2025-001174,CRC,0,0,,,1,1,CUMPLE
AV-2025-001176,CRC,0,0,36181098.55,35789650.32,1,1,CUMPLE
AV-2025-001177,CRC,1,1,317181493.33,314255801.96,1,1,PERSISTENTE
AV-2025-001178,CRC,0,0,293580637.63,292349852.96,1,1,CUMPLE
AV-2025-001179,CRC,0,0,9555094.44,9453223.95,1,1,CUMPLE
AV-2025-001180,USD,0,0,445470.87,440303.82,1,1,CUMPLE
AV-2025-001182,CRC,0,0,2387328164.16,2364203631.49,1,1,CUMPLE
AV-2025-001183,USD,1,1,,,1,1,PERSISTENTE
AV-2025-001184,USD,1,0,564859.75,562784.29,1,1,CORREGIDO
AV-2025-001185,USD,0,0,1431738.55,1416750.74,1,1,CUMPLE
AV-2025-001186,USD,0,0,,,1,1,CUMPLE
AV-2025-001187,CRC,0,0,440789964.85,435515763.00,1,1,CUMPLE
AV-2025-001188,USD,0,0,240514.00,237705.68,1,1,CUMPLE
AV-2025-001189,CRC,0,,1524236126.99,,1,0,SALIO_CUMPLIENDO
AV-2025-001190,USD,1,0,,1598390116.12,2,1,CORREGIDO
AV-2025-001191,CRC,0,0,48566206.54,48347698.13,1,1,CUMPLE
AV-2025-001195,USD,0,0,520072.57,517021.74,1,1,CUMPLE
AV-2025-001196,USD,0,0,137582.82,136928.29,1,1,CUMPLE
AV-2025-001198,USD,0,0,3647595.37,3617344.76,1,1,CUMPLE
AV-2025-001199,CRC,1,0,379414478.48,375081530.39,1,1,CORREGIDO
AV-2025-001201,CRC,0,0,525624031.65,519440394.34,1,1,CUMPLE
AV-2025-001203,USD,0,0,140113.98,139612.86,1,1,CUMPLE
AV-2025-001204,USD,0,0,4295846.39,4268626.91,1,1,CUMPLE
AV-2025-001205,CRC,0,0,,,1,1,CUMPLE
AV-2025-001206,USD,0,0,3217547.09,3185653.38,1,1,CUMPLE
AV-2025-001207,CRC,0,0,337153268.42,334128184.06,1,1,CUMPLE
AV-2025-001210,USD,0,0,125383.81,124873.44,1,1,CUMPLE
AV-2025-001211,USD,0,0,,,1,1,CUMPLE
AV-2025-001212,CRC,1,0,331757052.49,329752177.60,1,1,CORREGIDO
AV-2025-001213,USD,0,0,120446.91,119049.98,1,1,CUMPLE
AV-2025-001214,USD,1,1,151962.26,150762.03,1,1,PERSISTENTE
AV-2025-001216,USD,1,,,,1,0,SALIO
AV-2025-001217,CRC,0,0,292462401.66,290837590.59,1,1,CUMPLE
AV-2025-001219,USD,1,0,,,1,1,CORREGIDO
AV-2025-001220,USD,0,0,250066.06,248975.86,1,1,CUMPLE
AV-2025-001221,CRC,1,1,435863602.05,432916832.02,1,1,PERSISTENTE
AV-2025-001223,CRC,0,0,339051007.17,337629126.45,1,1,CUMPLE
AV-2025-001224,USD,1,1,707038.32,702820.15,1,1,PERSISTENTE
AV-2025-001226,CRC,1,1,1964276879.81,1957075522.20,1,1,PERSISTENTE
AV-2025-001229,CRC,0,0,494311012.25,491905663.84,1,1,CUMPLE
AV-2025-001230,USD,0,0,,,1,1,CUMPLE
AV-2025-001231,USD,0,0,82404.47,81745.62,1,1,CUMPLE
AV-2025-001232,CRC,1,1,567496340.46,560878948.95,1,1,PERSISTENTE
AV-2025-001233,CRC,0,0,276631921.38,275244703.34,1,1,CUMPLE
AV-2025-001234,CRC,1,0,223288641.37,222428548.64,1,1,CORREGIDO
AV-2025-001235,CRC,1,1,,,1,1,PERSISTENTE
AV-2025-001236,USD,1,0,,,1,1,CORREGIDO
AV-2025-001238,CRC,1,0,200102974.06,199100305.56,1,1,CORREGIDO
AV-2025-001239,USD,0,0,8141361.10,8090388.62,1,1,CUMPLE
AV-2025-001240,CRC,1,1,,,1,1,PERSISTENTE
AV-2025-001241,CRC,0,0,74529864.88,73980593.38,1,1,CUMPLE
AV-2025-001242,CRC,0,0,2017231987.40,1995739845.07,1,1,CUMPLE
AV-2025-001243,USD,0,0,1195540.25,1188788.68,1,1,CUMPLE
AV-2025-001245,USD,0,0,159280.99,157567.33,1,1,CUMPLE
AV-2025-001248,CRC,0,0,172121674.02,171376784.92,1,1,CUMPLE
AV-2025-001249,CRC,1,0,40736912.59,40493637.03,1,1,CORREGIDO
AV-2025-001251,CRC,1,0,12612786.77,12540964.31,1,1,CORREGIDO
AV-2025-001252,CRC,0,0,,,1,1,CUMPLE
AV-2025-001253,USD,1,1,,,1,1,PERSISTENTE
AV-2025-001254,CRC,0,0,103570624.40,103037111.04,1,1,CUMPLE
AV-2025-001255,USD,0,0,232418.03,230274.38,1,1,CUMPLE
AV-2025-001258,USD,0,0,,,1,1,CUMPLE
AV-2025-001259,CRC,0,0,548130655.44,545788961.72,1,1,CUMPLE
AV-2025-001261,CRC,1,1,781328073.16,772052752.26,1,1,PERSISTENTE
AV-2025-001262,CRC,1,0,201704596.40,200615914.51,1,1,CORREGIDO
AV-2025-001263,USD,0,0,213521.67,212686.65,1,1,CUMPLE
AV-2025-001266,USD,0,0,1216107.61,1210498.80,1,1,CUMPLE
AV-2025-001267,CRC,0,0,373708184.20,371880858.94,1,1,CUMPLE
AV-2025-001271,USD,0,0,189031.35,187191.87,1,1,CUMPLE
AV-2025-001272,USD,0,0,570612.71,563913.65,1,1,CUMPLE
AV-2025-001273,USD,0,0,,,1,1,CUMPLE
AV-2025-001274,USD,0,0,61091.52,60599.84,1,1,CUMPLE
AV-2025-001276,USD,0,0,,,1,1,CUMPLE
AV-2025-001278,CRC,0,0,109828695.88,109337431.95,1,1,CUMPLE
AV-2025-001280,CRC,1,0,,1271817536.82,2,1,CORREGIDO
AV-2025-001281,CRC,1,1,66331183.30,65734928.39,1,1,PERSISTENTE
AV-2025-001282,USD,0,0,4650864.44,4624147.70,1,1,CUMPLE
AV-2025-001284,CRC,1,0,2083895886.73,2062429398.50,1,1,CORREGIDO
AV-2025-001285,USD,0,0,257605.74,254986.31,1,1,CUMPLE
AV-2025-001286,USD,1,0,246710.89,244131.67,1,1,CORREGIDO
AV-2025-001287,CRC,0,0,,,1,1,CUMPLE
AV-2025-001288,USD,0,0,,,1,1,CUMPLE
AV-2025-001289,USD,1,1,1526798.75,1514530.48,1,1,PERSISTENTE
AV-2025-001290,CRC,1,0,91118381.11,90170276.19,1,1,CORREGIDO
AV-2025-001291,USD,0,0,,,1,1,CUMPLE
AV-2025-001292,USD,0,0,127803.80,126859.00,1,1,CUMPLE
AV-2025-001293,CRC,0,0,39862659.16,39417169.98,1,1,CUMPLE
AV-2025-001294,CRC,1,0,,,1,1,CORREGIDO
AV-2025-001295,CRC,0,0,1845676661.37,1835330652.41,1,1,CUMPLE
AV-2025-001296,CRC,0,0,158935736.08,157358383.81,1,1,CUMPLE
AV-2025-001297,CRC,0,0,79140192.11,78830103.77,1,1,CUMPLE
AV-2025-001300,CRC,0,0,,,1,1,CUMPLE
AV-2025-001301,USD,0,0,1548483.33,1533118.21,1,1,CUMPLE
AV-2025-001302,CRC,0,0,251175913.64,248860270.83,1,1,CUMPLE
AV-2025-001303,CRC,0,0,24820464.65,24575400.04,1,1,CUMPLE
AV-2025-001304,CRC,0,0,,,1,1,CUMPLE
AV-2025-001305,CRC,0,0,,,1,1,CUMPLE
AV-2025-001306,CRC,1,0,1338648107.18,1328766668.95,1,1,CORREGIDO
AV-2025-001307,USD,0,0,218295.98,216915.45,1,1,CUMPLE
AV-2025-001309,CRC,1,0,36506302.72,36354884.69,1,1,CORREGIDO
AV-2025-001312,USD,0,0,1081505.88,1069584.41,1,1,CUMPLE
AV-2025-001313,CRC,0,0,573203179.46,570740803.13,1,1,CUMPLE
AV-2025-001314,USD,0,0,94335.86,93811.53,1,1,CUMPLE
AV-2025-001316,CRC,0,0,5876435230.02,5848145310.89,1,1,CUMPLE
AV-2025-001317,USD,0,0,,,1,1,CUMPLE
AV-2025-001319,CRC,0,0,72699933.69,71860516.58,1,1,CUMPLE
AV-2025-001320,CRC,0,0,702944040.63,698735962.40,1,1,CUMPLE
AV-2025-001321,CRC,0,0,1602720138.25,1589672935.34,1,1,CUMPLE
AV-2025-001322,USD,1,0,779014.87,771703.64,1,1,CORREGIDO
AV-2025-001323,CRC,0,0,,,1,1,CUMPLE
AV-2025-001325,USD,0,0,,,1,1,CUMPLE
AV-2025-001327,CRC,0,0,49261245.60,48687830.46,1,1,CUMPLE
AV-2025-001328,USD,0,0,137404.70,135925.24,1,1,CUMPLE
AV-2025-001329,USD,0,0,175660.83,174826.59,1,1,CUMPLE
AV-2025-001330,USD,0,0,281898.90,279999.56,1,1,CUMPLE
AV-2025-001331,CRC,0,0,119893777.59,119025908.56,1,1,CUMPLE
AV-2025-001332,CRC,1,1,1268243842.72,1255498802.56,1,1,PERSISTENTE
AV-2025-001333,CRC,0,0,1070249152.53,1062138453.44,1,1,CUMPLE
AV-2025-001336,USD,0,0,,,1,1,CUMPLE
AV-2025-001337,CRC,1,1,143582193.09,142010271.70,1,1,PERSISTENTE
AV-2025-001338,CRC,1,0,476356859.97,473677039.65,1,1,CORREGIDO
AV-2025-001340,CRC,0,0,318020154.52,316299862.47,1,1,CUMPLE
AV-2025-001341,CRC,0,0,6377296432.38,6345443822.33,1,1,CUMPLE
AV-2025-001342,USD,0,0,,,1,1,CUMPLE
AV-2025-001344,CRC,0,0,548033883.92,545244655.24,1,1,CUMPLE
AV-2025-001345,CRC,0,0,11737343.56,11605157.00,1,1,CUMPLE
AV-2025-001346,CRC,1,0,786947377.42,779461259.71,1,1,CORREGIDO
AV-2025-001347,CRC,0,0,910280580.30,903526930.22,1,1,CUMPLE
AV-2025-001348,CRC,0,1,,,1,1,NUEVO
AV-2025-001349,CRC,0,1,16600082.51,16419545.71,1,1,NUEVO
AV-2025-001350,CRC,0,0,192493554.42,191619417.59,1,1,CUMPLE
AV-2025-001352,CRC,0,0,5160529513.64,5117202752.40,1,1,CUMPLE
AV-2025-001353,USD,0,0,32052765.60,31703087.50,1,1,CUMPLE
AV-2025-001355,USD,0,0,198842.99,197080.72,1,1,CUMPLE
AV-2025-001357,CRC,0,0,740666774.02,731903133.00,1,1,CUMPLE
AV-2025-001359,CRC,0,0,347285994.68,345811974.46,1,1,CUMPLE
AV-2025-001361,CRC,1,0,238134401.80,236713598.12,1,1,CORREGIDO
AV-2025-001362,CRC,0,0,561334374.39,556749729.38,1,1,CUMPLE
AV-2025-001363,CRC,0,0,202277021.71,200502069.75,1,1,CUMPLE
AV-2025-001364,CRC,0,0,187804558.42,186997588.76,1,1,CUMPLE
AV-2025-001365,USD,0,0,,,1,1,CUMPLE
AV-2025-001366,CRC,1,0,351578489.81,349233641.58,1,1,CORREGIDO
AV-2025-001367,USD,0,0,443297.90,440183.87,1,1,CUMPLE
AV-2025-001369,USD,0,,2485684.16,,1,0,SALIO_CUMPLIENDO
AV-2025-001370,CRC,0,0,2497705742.73,2481015802.98,1,1,CUMPLE
AV-2025-001371,USD,1,0,342838.95,341051.46,1,1,CORREGIDO
AV-2025-001372,CRC,0,0,,,1,1,CUMPLE
AV-2025-001373,USD,0,0,572548.96,565980.04,1,1,CUMPLE
AV-2025-001375,CRC,1,1,898546950.72,893419756.89,1,1,PERSISTENTE
AV-2025-001376,USD,0,0,110115.93,109037.07,1,1,CUMPLE
AV-2025-001377,CRC,0,0,,,1,1,CUMPLE
AV-2025-001378,CRC,0,0,,,1,1,CUMPLE
AV-2025-001383,USD,1,0,,,1,1,CORREGIDO
AV-2025-001384,USD,0,0,108981.90,108277.83,1,1,CUMPLE
AV-2025-001385,USD,0,0,,,1,1,CUMPLE
AV-2025-001386,CRC,0,0,712060454.72,709798619.79,1,1,CUMPLE
AV-2025-001387,CRC,0,0,1190234751.35,1178512456.20,1,1,CUMPLE
AV-2025-001388,CRC,0,0,87165519.18,86333406.34,1,1,CUMPLE
AV-2025-001389,USD,0,0,79889.35,79473.17,1,1,CUMPLE
AV-2025-001391,CRC,0,0,283372305.17,281289366.24,1,1,CUMPLE
AV-2025-001392,USD,1,0,,,1,1,CORREGIDO
AV-2025-001395,USD,0,0,3038247.02,3027239.16,1,1,CUMPLE
AV-2025-001396,CRC,0,0,514597726.41,511238143.80,1,1,CUMPLE
AV-2025-001400,CRC,0,0,468795532.32,463491590.98,1,1,CUMPLE
AV-2025-001402,USD,0,1,701199.11,695663.23,1,1,NUEVO
AV-2025-001404,CRC,0,0,418697739.47,415237115.85,1,1,CUMPLE
AV-2025-001405,USD,0,0,8398354.18,8367569.37,1,1,CUMPLE
AV-2025-001406,USD,0,0,168955.65,168136.77,1,1,CUMPLE
AV-2025-001408,CRC,0,0,303161104.46,299965704.17,1,1,CUMPLE
AV-2025-001409,USD,0,0,143111.43,141641.02,1,1,CUMPLE
AV-2025-001411,CRC,0,0,,,1,1,CUMPLE
AV-2025-001412,CRC,0,1,660919658.02,654914682.99,1,1,NUEVO
AV-2025-001413,CRC,1,1,10275552560.46,10236333981.02,1,1,PERSISTENTE
AV-2025-001414,USD,0,0,,,1,1,CUMPLE
AV-2025-001415,CRC,0,0,413378629.51,408449917.24,1,1,CUMPLE
AV-2025-001417,CRC,1,0,7306183393.60,7220864248.14,1,1,CORREGIDO
AV-2025-001419,CRC,0,0,360201084.09,358291849.56,1,1,CUMPLE
AV-2025-001420,CRC,1,1,108782247.50,107551810.27,1,1,PERSISTENTE
AV-2025-001421,CRC,1,1,53411665.36,53089098.71,1,1,PERSISTENTE
AV-2025-001422,CRC,1,0,214303650.54,212388798.30,1,1,CORREGIDO
AV-2025-001424,CRC,0,0,274934146.78,273925063.37,1,1,CUMPLE
AV-2025-001425,CRC,0,0,,,1,1,CUMPLE
AV-2025-001427,CRC,0,0,783320814.14,778834685.64,1,1,CUMPLE
AV-2025-001428,CRC,1,0,,,1,1,CORREGIDO
AV-2025-001429,CRC,0,0,67106240.22,66798924.90,1,1,CUMPLE
AV-2025-001430,USD,0,0,73571.96,73004.41,1,1,CUMPLE
AV-2025-001432,CRC,0,0,1215376080.91,1202237011.32,1,1,CUMPLE
AV-2025-001433,CRC,0,0,1339528328.99,1333082656.29,1,1,CUMPLE
AV-2025-001434,USD,0,0,149494.33,148180.61,1,1,CUMPLE
AV-2025-001435,CRC,0,0,417935966.21,414924795.89,1,1,CUMPLE
AV-2025-001436,USD,0,0,221167.61,220072.80,1,1,CUMPLE
AV-2025-001437,CRC,0,0,378087761.84,376012396.36,1,1,CUMPLE
AV-2025-001438,CRC,0,0,235159579.17,232449862.30,1,1,CUMPLE
AV-2025-001439,CRC,0,0,572312233.17,565943091.66,1,1,CUMPLE
AV-2025-001440,CRC,0,,4456998239.32,,1,0,SALIO_CUMPLIENDO
AV-2025-001441,USD,0,0,134391.57,133619.95,1,1,CUMPLE
AV-2025-001442,CRC,0,0,,,1,1,CUMPLE
AV-2025-001443,USD,0,0,,,1,1,CUMPLE
AV-2025-001444,CRC,,0,,,0,1,ENTRA_CUMPLIENDO
AV-2025-001445,CRC,0,0,,,1,1,CUMPLE
AV-2025-001446,CRC,0,0,115422931.42,114554342.96,1,1,CUMPLE
AV-2025-001447,USD,0,0,1601285.37,1592001.22,1,1,CUMPLE
AV-2025-001448,CRC,0,0,,,1,1,CUMPLE
AV-2025-001449,CRC,1,0,1008749177.78,1000016682.50,1,1,CORREGIDO
AV-2025-001450,CRC,0,0,462072842.40,459076982.75,1,1,CUMPLE
AV-2025-001451,CRC,1,0,162600630.73,160856480.39,1,1,CORREGIDO
AV-2025-001453,CRC,1,0,221228820.70,219249266.00,1,1,CORREGIDO
AV-2025-001454,USD,0,0,272282.25,271366.73,1,1,CUMPLE
AV-2025-001457,CRC,0,0,322227813.00,320673110.83,1,1,CUMPLE
AV-2025-001458,USD,0,0,1842538.21,1821613.49,1,1,CUMPLE
AV-2025-001459,CRC,0,0,,,1,1,CUMPLE
AV-2025-001460,CRC,0,0,462987074.67,457613580.57,1,1,CUMPLE
AV-2025-001461,CRC,0,0,55645449.35,54992462.97,1,1,CUMPLE
AV-2025-001462,USD,1,0,1519447.41,1508880.32,1,1,CORREGIDO
AV-2025-001463,CRC,1,,1236689083.65,,1,0,SALIO
AV-2025-001466,CRC,0,0,,,1,1,CUMPLE
AV-2025-001467,CRC,0,0,63261010.63,62936094.85,1,1,CUMPLE
AV-2025-001468,CRC,0,0,206775042.69,204563376.25,1,1,CUMPLE
AV-2025-001469,CRC,1,0,310214290.46,309169605.58,1,1,CORREGIDO
AV-2025-001470,USD,1,0,419982.12,416793.97,1,1,CORREGIDO
AV-2025-001472,USD,0,0,,,1,1,CUMPLE
AV-2025-001473,USD,0,0,3020783.32,3003618.43,1,1,CUMPLE
AV-2025-001474,USD,1,0,,,1,1,CORREGIDO
AV-2025-001475,USD,0,0,,,1,1,CUMPLE
AV-2025-001476,USD,0,0,4020543.81,3989697.43,1,1,CUMPLE
AV-2025-001478,USD,0,0,449234.82,445146.71,1,1,CUMPLE
AV-2025-001479,CRC,0,0,168755651.45,167057789.39,1,1,CUMPLE
AV-2025-001481,USD,1,0,3932117.37,3894495.48,1,1,CORREGIDO
AV-2025-001482,CRC,0,0,268457549.48,266970523.47,1,1,CUMPLE
AV-2025-001483,USD,1,0,2938457.17,2908587.64,1,1,CORREGIDO
AV-2025-001485,CRC,1,1,,,1,1,PERSISTENTE
AV-2025-001486,CRC,0,0,297248438.54,296351368.66,1,1,CUMPLE
AV-2025-001487,USD,1,0,,,1,1,CORREGIDO
AV-2025-001488,CRC,0,0,227666982.88,225097811.21,1,1,CUMPLE
AV-2025-001491,CRC,0,0,128894487.28,127948156.62,1,1,CUMPLE
AV-2025-001493,CRC,0,0,122979978.81,121953552.91,1,1,CUMPLE
AV-2025-001494,USD,0,0,133028.43,132251.69,1,1,CUMPLE
AV-2025-001495,CRC,0,0,389984233.77,388420739.40,1,1,CUMPLE
AV-2025-001497,CRC,1,0,261307827.51,258504234.71,1,1,CORREGIDO
AV-2025-001500,CRC,0,0,,,1,1,CUMPLE
AV-2025-001501,CRC,0,0,275333784.07,274108215.76,1,1,CUMPLE
AV-2025-001504,CRC,1,1,47579496.43,47314417.46,1,1,PERSISTENTE
AV-2025-001505,CRC,0,0,471588850.20,469631464.62,1,1,CUMPLE
AV-2025-001508,CRC,0,0,,,1,1,CUMPLE
AV-2025-001510,CRC,0,0,298850845.23,295615068.14,1,1,CUMPLE
AV-2025-001511,USD,0,0,617051.03,615027.59,1,1,CUMPLE
AV-2025-001513,CRC,0,0,,,1,1,CUMPLE
AV-2025-001514,USD,0,0,974962.32,968851.67,1,1,CUMPLE
AV-2025-001518,USD,1,1,288114.17,285587.46,1,1,PERSISTENTE
AV-2025-001519,CRC,1,1,120281435.00,119602805.07,1,1,PERSISTENTE
AV-2025-001520,USD,0,0,1237565.06,1232266.17,1,1,CUMPLE
AV-2025-001521,CRC,0,0,65610613.40,65126872.61,1,1,CUMPLE
AV-2025-001522,CRC,0,0,,,1,1,CUMPLE
AV-2025-001523,CRC,0,0,,,1,1,CUMPLE
AV-2025-001524,CRC,0,0,,,1,1,CUMPLE
AV-2025-001525,CRC,0,0,,,1,1,CUMPLE
AV-2025-001526,CRC,0,0,577707803.83,572288565.31,1,1,CUMPLE
AV-2025-001529,CRC,0,0,,,1,1,CUMPLE
AV-2025-001530,CRC,0,0,,,1,1,CUMPLE
AV-2025-001533,USD,1,1,,,1,1,PERSISTENTE
AV-2025-001535,CRC,1,,169583283.90,,1,0,SALIO
AV-2025-001536,CRC,0,0,463060016.68,458354890.47,1,1,CUMPLE
AV-2025-001537,CRC,1,0,,,1,1,CORREGIDO
AV-2025-001539,CRC,0,0,,,1,1,CUMPLE
AV-2025-001541,USD,0,0,197668.64,195990.87,1,1,CUMPLE
AV-2025-001542,CRC,0,0,,,1,1,CUMPLE
AV-2025-001543,CRC,0,0,396841426.27,392907678.14,1,1,CUMPLE
AV-2025-001545,USD,0,0,1853344.64,1842976.45,1,1,CUMPLE
AV-2025-001547,CRC,0,0,249430787.81,246954376.05,1,1,CUMPLE
AV-2025-001548,USD,0,0,2204809.22,2187771.60,1,1,CUMPLE
AV-2025-001549,CRC,1,0,905834782.86,899199712.37,1,1,CORREGIDO
AV-2025-001551,CRC,0,0,90799155.35,90402137.25,1,1,CUMPLE
AV-2025-001554,CRC,0,1,253957682.83,253113140.29,1,1,NUEVO
AV-2025-001555,CRC,0,0,287528362.49,285864448.51,1,1,CUMPLE
AV-2025-001557,CRC,1,0,232360713.21,230556008.25,1,1,CORREGIDO
AV-2025-001558,CRC,0,0,260057045.37,257011413.70,1,1,CUMPLE
AV-2025-001559,CRC,0,0,,,1,1,CUMPLE
AV-2025-001560,USD,0,0,,,1,1,CUMPLE
AV-2025-001561,CRC,1,1,,,1,1,PERSISTENTE
AV-2025-001563,CRC,1,1,395837752.87,393980909.19,1,1,PERSISTENTE
AV-2025-001564,USD,0,0,,,1,1,CUMPLE
AV-2025-001566,USD,0,0,,,1,1,CUMPLE
AV-2025-001567,CRC,1,1,100495183.04,99909675.54,1,1,PERSISTENTE
AV-2025-001569,USD,0,0,1632154.68,1623840.28,1,1,CUMPLE
AV-2025-001570,CRC,0,0,1491643025.96,1478288673.98,1,1,CUMPLE
AV-2025-001575,CRC,0,0,675641306.53,673056277.69,1,1,CUMPLE
AV-2025-001578,CRC,0,0,,,1,1,CUMPLE
AV-2025-001579,USD,0,0,3096784.93,3063987.34,1,1,CUMPLE
AV-2025-001580,USD,0,0,314148.79,311353.52,1,1,CUMPLE
AV-2025-001581,CRC,0,0,223021329.53,220767130.64,1,1,CUMPLE
AV-2025-001582,USD,1,0,50074.50,49861.23,1,1,CORREGIDO
AV-2025-001584,CRC,0,0,,,1,1,CUMPLE
AV-2025-001585,CRC,0,0,263531320.13,260640155.74,1,1,CUMPLE
AV-2025-001588,CRC,0,0,423680924.35,418961096.98,1,1,CUMPLE
AV-2025-001589,CRC,0,0,,,1,1,CUMPLE
AV-2025-001590,CRC,1,1,3286477270.11,3254413090.41,1,1,PERSISTENTE
AV-2025-001591,CRC,0,0,,,1,1,CUMPLE
AV-2025-001592,CRC,0,0,102107019.26,101631919.63,1,1,CUMPLE
AV-2025-001593,CRC,0,0,276602380.40,273914105.15,1,1,CUMPLE
AV-2025-001594,USD,0,0,,,1,1,CUMPLE
AV-2025-001595,CRC,0,0,977869449.08,973866655.29,1,1,CUMPLE
AV-2025-001596,CRC,0,0,236835807.37,234268115.53,1,1,CUMPLE
AV-2025-001600,CRC,1,0,224324283.01,223394468.49,1,1,CORREGIDO
AV-2025-001601,CRC,0,0,88070777.31,87760574.01,1,1,CUMPLE
AV-2025-001602,USD,0,0,1015372.57,1003414.81,1,1,CUMPLE
AV-2025-001604,USD,1,0,479077.23,476924.95,1,1,CORREGIDO
AV-2025-001605,CRC,0,0,5881558656.47,5817692559.96,1,1,CUMPLE
AV-2025-001611,USD,0,0,142539.81,141960.20,1,1,CUMPLE
AV-2025-001613,CRC,1,0,39652229.57,39319510.40,1,1,CORREGIDO
AV-2025-001615,USD,0,0,2338594.10,2325627.15,1,1,CUMPLE
AV-2025-001617,CRC,1,1,105142780.62,104436231.14,1,1,PERSISTENTE
AV-2025-001618,USD,0,0,255232.26,253712.44,1,1,CUMPLE
AV-2025-001619,USD,0,0,214323.64,212372.93,1,1,CUMPLE
AV-2025-001620,CRC,0,0,126663373.75,125200249.01,1,1,CUMPLE
AV-2025-001621,USD,1,,377840.93,,1,0,SALIO
AV-2025-001622,CRC,1,1,138962619.17,137405708.84,1,1,PERSISTENTE
AV-2025-001623,USD,1,1,191859.95,190071.19,1,1,PERSISTENTE
AV-2025-001624,USD,0,0,493477.45,488913.15,1,1,CUMPLE
AV-2025-001625,CRC,0,0,72640561.57,72093506.42,1,1,CUMPLE
AV-2025-001626,USD,0,0,,,1,1,CUMPLE
AV-2025-001629,CRC,1,1,356704154.09,353758072.74,1,1,PERSISTENTE
AV-2025-001630,USD,0,0,510241.08,507054.05,1,1,CUMPLE
AV-2025-001632,USD,1,0,303597.52,300872.62,1,1,CORREGIDO
AV-2025-001633,USD,0,0,,,1,1,CUMPLE
AV-2025-001634,CRC,0,0,1746307401.10,1727497948.21,1,1,CUMPLE
AV-2025-001635,USD,0,0,,,1,1,CUMPLE
AV-2025-001636,CRC,1,0,,,1,1,CORREGIDO
AV-2025-001637,CRC,0,0,,,1,1,CUMPLE
AV-2025-001638,CRC,0,0,,,1,1,CUMPLE
AV-2025-001639,USD,0,0,62661.41,62319.36,1,1,CUMPLE
AV-2025-001640,CRC,0,0,,,1,1,CUMPLE
AV-2025-001641,CRC,1,0,218807124.08,218062836.81,1,1,CORREGIDO
AV-2025-001642,CRC,0,0,126870563.25,125469989.82,1,1,CUMPLE
AV-2025-001643,CRC,0,0,129415805.19,128953634.39,1,1,CUMPLE
AV-2025-001644,CRC,0,0,143184774.82,141553757.13,1,1,CUMPLE
AV-2025-001647,CRC,0,0,389530619.87,386703208.02,1,1,CUMPLE
AV-2025-001648,USD,1,0,,,1,1,CORREGIDO
AV-2025-001649,CRC,0,0,1520576379.13,1512429936.38,1,1,CUMPLE
AV-2025-001652,USD,1,0,324139.64,320929.98,1,1,CORREGIDO
AV-2025-001653,CRC,1,0,668164027.81,665384331.64,1,1,CORREGIDO
AV-2025-001654,USD,0,0,218151.17,216493.56,1,1,CUMPLE
AV-2025-001655,CRC,0,,83776609.65,,1,0,SALIO_CUMPLIENDO
AV-2025-001656,CRC,0,0,106109266.09,104899219.76,1,1,CUMPLE
AV-2025-001657,USD,1,0,,,1,1,CORREGIDO
AV-2025-001662,USD,0,0,8153991.47,8073141.35,1,1,CUMPLE
AV-2025-001665,CRC,1,0,164364916.83,163029475.31,1,1,CORREGIDO
AV-2025-001666,CRC,0,0,183931504.80,183094139.99,1,1,CUMPLE
AV-2025-001667,USD,0,0,242706.96,240087.95,1,1,CUMPLE
AV-2025-001668,CRC,1,,25704338.74,,1,0,SALIO
AV-2025-001669,USD,0,0,3945007.04,3904716.23,1,1,CUMPLE
AV-2025-001671,USD,1,0,196750.33,196013.78,1,1,CORREGIDO
AV-2025-001676,CRC,0,0,122734518.80,122230539.66,1,1,CUMPLE
AV-2025-001678,USD,0,0,133973.82,132617.66,1,1,CUMPLE
AV-2025-001679,CRC,0,0,1067830186.44,1055263876.76,1,1,CUMPLE
AV-2025-001680,CRC,1,0,265423986.81,262466153.19,1,1,CORREGIDO
AV-2025-001681,CRC,0,0,3163890564.38,3144040237.40,1,1,CUMPLE
AV-2025-001682,CRC,0,0,333407128.84,329807262.77,1,1,CUMPLE
AV-2025-001683,CRC,0,0,97870977.79,96771491.91,1,1,CUMPLE
AV-2025-001684,CRC,0,0,,,1,1,CUMPLE
AV-2025-001687,USD,0,,10975344.29,,1,0,SALIO_CUMPLIENDO
AV-2025-001689,CRC,0,0,556316497.70,552306414.92,1,1,CUMPLE
AV-2025-001690,CRC,1,,85692104.84,,1,0,SALIO
AV-2025-001691,USD,1,0,61876.07,61502.17,1,1,CORREGIDO
AV-2025-001692,CRC,1,0,,,1,1,CORREGIDO
AV-2025-001693,USD,1,0,99887.58,99448.04,1,1,CORREGIDO
AV-2025-001694,CRC,0,0,477214790.28,471769981.76,1,1,CUMPLE
AV-2025-001695,USD,1,0,,,1,1,CORREGIDO
AV-2025-001696,CRC,0,0,10259884.32,10186108.47,1,1,CUMPLE
AV-2025-001697,CRC,1,,134463901.07,,1,0,SALIO
AV-2025-001698,USD,0,0,,,1,1,CUMPLE
AV-2025-001700,USD,1,0,187194.23,185575.98,1,1,CORREGIDO
AV-2025-001701,CRC,1,1,22394711.53,22270155.42,1,1,PERSISTENTE
AV-2025-001702,CRC,1,0,,,1,1,CORREGIDO
AV-2025-001704,CRC,0,0,,,1,1,CUMPLE
AV-2025-001708,USD,1,0,7200016.68,7133546.67,1,1,CORREGIDO
AV-2025-001709,USD,0,0,,,1,1,CUMPLE
AV-2025-001710,USD,0,0,,,1,1,CUMPLE
AV-2025-001711,CRC,1,0,356258110.10,354849187.78,1,1,CORREGIDO
AV-2025-001713,USD,1,,348330.12,,1,0,SALIO
AV-2025-001715,USD,1,0,139218.03,137593.50,1,1,CORREGIDO
AV-2025-001717,CRC,0,0,113355527.37,112887455.94,1,1,CUMPLE
AV-2025-001718,USD,0,0,,,1,1,CUMPLE
AV-2025-001719,USD,1,1,275081.09,272406.13,1,1,PERSISTENTE
AV-2025-001720,USD,0,0,,,1,1,CUMPLE
AV-2025-001723,USD,0,0,266287.79,264779.49,1,1,CUMPLE
AV-2025-001724,CRC,1,1,5042875890.02,5014111997.62,1,1,PERSISTENTE
AV-2025-001725,CRC,1,,743974629.86,,1,0,SALIO
AV-2025-001726,CRC,1,1,,,1,1,PERSISTENTE
AV-2025-001728,CRC,0,0,124916972.83,124311074.54,1,1,CUMPLE
AV-2025-001730,CRC,0,0,81876200.04,81285238.64,1,1,CUMPLE
AV-2025-001732,CRC,0,0,,,1,1,CUMPLE
AV-2025-001733,CRC,0,,360010120.27,,1,0,SALIO_CUMPLIENDO
AV-2025-001734,CRC,0,0,296983757.06,294651683.33,1,1,CUMPLE
AV-2025-001735,CRC,0,0,63667906.24,63154078.66,1,1,CUMPLE
AV-2025-001736,USD,0,0,218202.27,217098.05,1,1,CUMPLE
AV-2025-001737,CRC,0,0,,,1,1,CUMPLE
AV-2025-001739,USD,0,0,285873.61,284536.24,1,1,CUMPLE
AV-2025-001740,USD,1,0,,,1,1,CORREGIDO
AV-2025-001742,USD,0,,163060.72,,1,0,SALIO_CUMPLIENDO
AV-2025-001743,CRC,1,,94717243.31,,1,0,SALIO
AV-2025-001744,CRC,1,1,,,1,1,PERSISTENTE
AV-2025-001745,USD,0,0,41525.61,41200.47,1,1,CUMPLE
AV-2025-001746,CRC,0,0,,,1,1,CUMPLE
AV-2025-001747,CRC,1,1,878717158.87,871205797.86,1,1,PERSISTENTE
AV-2025-001753,CRC,0,0,230158973.63,227416503.15,1,1,CUMPLE
AV-2025-001754,CRC,0,0,116449631.73,115200298.07,1,1,CUMPLE
AV-2025-001756,CRC,0,0,594956997.97,590073022.52,1,1,CUMPLE
AV-2025-001757,USD,0,0,235458.92,234515.47,1,1,CUMPLE
AV-2025-001759,CRC,1,0,198206674.23,196829718.55,1,1,CORREGIDO
AV-2025-001760,CRC,1,0,663448163.94,659132110.95,1,1,CORREGIDO
AV-2025-001762,CRC,0,0,368799444.39,365695590.00,1,1,CUMPLE
AV-2025-001764,USD,0,0,73096.59,72500.15,1,1,CUMPLE
AV-2025-001765,CRC,0,0,262712994.16,259830360.96,1,1,CUMPLE
AV-2025-001766,USD,0,0,323460.12,320500.77,1,1,CUMPLE
AV-2025-001769,CRC,1,,35012175.20,,1,0,SALIO
AV-2025-001770,CRC,0,0,200179741.69,199407213.28,1,1,CUMPLE
AV-2025-001771,CRC,1,0,72913435.64,72263261.97,1,1,CORREGIDO
AV-2025-001772,USD,0,1,222859.45,221332.04,1,1,NUEVO
AV-2025-001773,CRC,0,0,196340674.85,195548902.68,1,1,CUMPLE
AV-2025-001776,CRC,0,0,217358440.37,216411916.35,1,1,CUMPLE
AV-2025-001777,CRC,0,0,331956959.13,329664176.73,1,1,CUMPLE
AV-2025-001780,CRC,0,,306669855.58,,1,0,SALIO_CUMPLIENDO
AV-2025-001781,USD,1,0,9008739.45,8929567.11,1,1,CORREGIDO
AV-2025-001782,CRC,1,0,817539516.00,809824610.20,1,1,CORREGIDO
AV-2025-001786,USD,0,0,175318.95,174072.19,1,1,CUMPLE
AV-2025-001789,USD,0,0,2377846.99,2350578.39,1,1,CUMPLE
AV-2025-001790,USD,0,,,,1,0,SALIO_CUMPLIENDO
AV-2025-001791,USD,0,0,180692.06,179423.17,1,1,CUMPLE
AV-2025-001792,CRC,0,0,182375065.07,181540254.44,1,1,CUMPLE
AV-2025-001793,CRC,0,0,26063825.21,25778717.00,1,1,CUMPLE
AV-2025-001794,CRC,1,0,1619865644.18,1603353401.58,1,1,CORREGIDO
AV-2025-001795,USD,1,1,2323179.93,2303505.09,1,1,PERSISTENTE
AV-2025-001796,USD,0,0,208164.33,205985.74,1,1,CUMPLE
AV-2025-001798,CRC,0,1,25849931.96,25647083.80,1,1,NUEVO
AV-2025-001800,USD,0,1,1751217.81,1730720.51,1,1,NUEVO
AV-2025-001801,CRC,0,0,710757803.72,703398638.06,1,1,CUMPLE
AV-2025-001802,USD,1,1,279427.80,278363.20,1,1,PERSISTENTE
AV-2025-001803,USD,0,0,,,1,1,CUMPLE
AV-2025-001804,CRC,0,0,,,1,1,CUMPLE
AV-2025-001805,CRC,0,0,69790641.63,69255946.66,1,1,CUMPLE
AV-2025-001806,USD,0,0,125091.89,123764.46,1,1,CUMPLE
AV-2025-001807,CRC,0,0,,,1,1,CUMPLE
AV-2025-001809,USD,0,0,355050.84,353083.79,1,1,CUMPLE
AV-2025-001810,USD,0,0,168592.37,167644.52,1,1,CUMPLE
AV-2025-001812,CRC,1,0,5289695429.51,5241141528.25,1,1,CORREGIDO
AV-2025-001814,CRC,0,0,,,1,1,CUMPLE
AV-2025-001815,CRC,1,0,159825474.17,158705147.07,1,1,CORREGIDO
AV-2025-001816,USD,0,0,279716.66,276565.53,1,1,CUMPLE
AV-2025-001817,CRC,0,0,119645332.88,118413255.13,1,1,CUMPLE
AV-2025-001818,CRC,1,1,81442796.59,80701324.35,1,1,PERSISTENTE
AV-2025-001821,CRC,0,0,111072918.20,110365758.77,1,1,CUMPLE
AV-2025-001822,CRC,1,0,93584600.73,92952829.75,1,1,CORREGIDO
AV-2025-001823,CRC,1,0,,,1,1,CORREGIDO
AV-2025-001825,CRC,0,0,284382863.55,282791303.54,1,1,CUMPLE
AV-2025-001828,CRC,0,0,146727053.53,145566935.82,1,1,CUMPLE
AV-2025-001829,USD,0,0,297430.91,294226.60,1,1,CUMPLE
AV-2025-001830,USD,0,0,480840.39,475940.70,1,1,CUMPLE
AV-2025-001834,CRC,1,0,,,1,1,CORREGIDO
AV-2025-001835,CRC,1,1,302702909.70,301441140.03,1,1,PERSISTENTE
AV-2025-001836,CRC,0,0,517983910.61,512437621.24,1,1,CUMPLE
AV-2025-001837,CRC,0,0,116686757.45,115818431.03,1,1,CUMPLE
AV-2025-001840,CRC,0,0,32511602.36,32381351.94,1,1,CUMPLE
AV-2025-001845,USD,1,1,1395518.99,1388898.93,1,1,PERSISTENTE
AV-2025-001846,CRC,1,0,3890772039.79,3847924185.98,1,1,CORREGIDO
AV-2025-001847,CRC,1,0,388236063.83,385589934.41,1,1,CORREGIDO
AV-2025-001849,USD,0,0,485818.44,482161.02,1,1,CUMPLE
AV-2025-001851,USD,0,0,202250.08,200885.85,1,1,CUMPLE
AV-2025-001853,CRC,0,0,,,1,1,CUMPLE
AV-2025-001860,CRC,0,0,217149953.13,215766810.54,1,1,CUMPLE
AV-2025-001861,USD,1,0,173841.38,172765.16,1,1,CORREGIDO
AV-2025-001862,CRC,0,0,179226217.16,178368898.65,1,1,CUMPLE
AV-2025-001863,CRC,0,0,,,1,1,CUMPLE
AV-2025-001865,CRC,0,0,,,1,1,CUMPLE
AV-2025-001868,CRC,0,0,610901954.28,604774669.37,1,1,CUMPLE
AV-2025-001869,USD,0,0,14292325.55,14186262.56,1,1,CUMPLE
AV-2025-001870,CRC,0,0,159827684.75,158199682.57,1,1,CUMPLE
AV-2025-001873,USD,0,0,3100363.76,3066343.73,1,1,CUMPLE
AV-2025-001874,USD,0,0,132524.82,131908.86,1,1,CUMPLE
AV-2025-001876,CRC,1,1,171358775.80,169679222.02,1,1,PERSISTENTE
AV-2025-001881,CRC,0,0,615285891.87,608060556.72,1,1,CUMPLE
AV-2025-001882,CRC,0,0,728341372.55,723622755.86,1,1,CUMPLE
AV-2025-001883,USD,0,0,330004.92,328113.17,1,1,CUMPLE
AV-2025-001884,CRC,0,0,98702496.44,98293872.21,1,1,CUMPLE
AV-2025-001885,CRC,1,1,2354317543.87,2343416718.63,1,1,PERSISTENTE
AV-2025-001887,USD,1,1,233384.88,230817.69,1,1,PERSISTENTE
AV-2025-001889,USD,0,0,87084.16,86796.81,1,1,CUMPLE
AV-2025-001890,CRC,0,0,,,1,1,CUMPLE
AV-2025-001895,CRC,0,0,941476093.97,933406392.86,1,1,CUMPLE
AV-2025-001896,CRC,0,0,419901829.00,417070030.10,1,1,CUMPLE
AV-2025-001898,CRC,0,0,1576745035.21,1567763778.50,1,1,CUMPLE
AV-2025-001900,USD,0,0,183322.01,181480.33,1,1,CUMPLE
AV-2025-001904,CRC,0,0,,,1,1,CUMPLE
AV-2025-001905,CRC,0,0,197374373.74,195024705.28,1,1,CUMPLE
AV-2025-001907,USD,0,0,3760251.88,3716900.68,1,1,CUMPLE
AV-2025-001908,CRC,0,0,193690489.64,191994689.15,1,1,CUMPLE
AV-2025-001909,CRC,1,0,,,1,1,CORREGIDO
AV-2025-001910,CRC,0,0,98780333.08,98210717.44,1,1,CUMPLE
AV-2025-001911,CRC,0,0,253279571.26,252504966.79,1,1,CUMPLE
AV-2025-001912,CRC,0,0,105906616.72,104829461.91,1,1,CUMPLE
AV-2025-001913,USD,0,0,162890.05,161614.35,1,1,CUMPLE
AV-2025-001914,CRC,0,0,,,1,1,CUMPLE
AV-2025-001916,USD,0,0,109855.75,109149.90,1,1,CUMPLE
AV-2025-001917,USD,0,0,578200.29,572186.27,1,1,CUMPLE
AV-2025-001918,USD,1,0,256683.39,254779.56,1,1,CORREGIDO
AV-2025-001920,CRC,0,0,,,1,1,CUMPLE
AV-2025-001923,CRC,1,1,1695622586.24,1678240679.34,1,1,PERSISTENTE
AV-2025-001924,USD,0,0,193995.02,192447.44,1,1,CUMPLE
AV-2025-001927,CRC,1,0,574102450.32,570259566.82,1,1,CORREGIDO
AV-2025-001928,USD,0,0,143149.53,142624.36,1,1,CUMPLE
AV-2025-001929,CRC,1,0,152270991.74,150573587.48,1,1,CORREGIDO
AV-2025-001932,CRC,0,0,290770533.89,288793245.04,1,1,CUMPLE
AV-2025-001934,USD,0,0,95157.26,94464.10,1,1,CUMPLE
AV-2025-001935,CRC,0,0,484415861.01,479464438.05,1,1,CUMPLE
AV-2025-001936,CRC,0,0,243291417.57,242348893.27,1,1,CUMPLE
AV-2025-001937,USD,0,0,2643893.81,2629607.21,1,1,CUMPLE
AV-2025-001938,CRC,0,0,,,1,1,CUMPLE
AV-2025-001940,CRC,1,0,348618294.73,345770909.64,1,1,CORREGIDO
AV-2025-001941,USD,1,0,,,1,1,CORREGIDO
AV-2025-001942,CRC,0,1,,,1,1,NUEVO
AV-2025-001943,USD,1,0,84833.04,84092.90,1,1,CORREGIDO
AV-2025-001944,CRC,1,0,79268479.56,78723509.64,1,1,CORREGIDO
AV-2025-001945,USD,1,0,153493.15,152556.91,1,1,CORREGIDO
AV-2025-001946,USD,0,0,3006235.73,2994366.02,1,1,CUMPLE
AV-2025-001947,USD,0,0,126634.78,125883.41,1,1,CUMPLE
AV-2025-001948,CRC,0,0,,,1,1,CUMPLE
AV-2025-001950,CRC,1,1,82256097.29,81465405.63,1,1,PERSISTENTE
AV-2025-001951,USD,0,0,12923866.73,12815904.87,1,1,CUMPLE
AV-2025-001952,USD,1,0,83244.01,82573.29,1,1,CORREGIDO
AV-2025-001953,CRC,0,0,832923365.06,828015108.99,1,1,CUMPLE
AV-2025-001955,CRC,1,0,471724402.07,467719511.92,1,1,CORREGIDO
AV-2025-001956,CRC,0,1,86644350.51,85994291.88,1,1,NUEVO
AV-2025-001964,CRC,0,0,47734355.12,47487210.35,1,1,CUMPLE
AV-2025-001965,CRC,0,0,103505682.86,102918112.41,1,1,CUMPLE
AV-2025-001967,CRC,0,0,287500561.02,284149114.37,1,1,CUMPLE
AV-2025-001968,CRC,1,0,74082314.71,73547909.05,1,1,CORREGIDO
AV-2025-001969,USD,0,0,,,1,1,CUMPLE
AV-2025-001970,CRC,0,,332724225.24,,1,0,SALIO_CUMPLIENDO
AV-2025-001974,USD,1,0,7543161.02,7493661.55,1,1,CORREGIDO
AV-2025-001975,CRC,0,0,,,1,1,CUMPLE
AV-2025-001976,CRC,1,0,561702307.57,556253067.28,1,1,CORREGIDO
AV-2025-001979,CRC,0,0,4342481540.79,4327978980.23,1,1,CUMPLE
AV-2025-001980,CRC,0,0,179649233.63,178442539.05,1,1,CUMPLE
AV-2025-001981,CRC,0,0,713219756.60,705456010.42,1,1,CUMPLE
AV-2025-001984,CRC,1,0,22764107.58,22623993.38,1,1,CORREGIDO
AV-2025-001985,CRC,0,0,410858228.76,408383535.61,1,1,CUMPLE
AV-2025-001986,CRC,1,1,55364324.78,54860675.28,1,1,PERSISTENTE
AV-2025-001989,USD,0,0,63150.28,62844.04,1,1,CUMPLE
AV-2025-001990,CRC,0,0,412782233.18,409486774.22,1,1,CUMPLE
AV-2025-001992,USD,0,0,2256910.29,2242355.42,1,1,CUMPLE
AV-2025-001993,CRC,0,0,132064785.89,130639146.63,1,1,CUMPLE
AV-2025-001994,CRC,1,0,49621430.63,49118723.87,1,1,CORREGIDO
AV-2025-001995,CRC,0,0,151701996.80,150100394.92,1,1,CUMPLE
AV-2025-001996,USD,1,0,10889116.83,10814796.79,1,1,CORREGIDO
AV-2025-001998,CRC,0,0,136676240.46,136263252.92,1,1,CUMPLE
AV-2025-001999,USD,0,0,,,1,1,CUMPLE
AV-2025-002000,CRC,0,0,1474339273.13,1467067789.92,1,1,CUMPLE
AV-2025-002003,CRC,0,0,390327470.50,387450504.98,1,1,CUMPLE
AV-2025-002005,CRC,0,0,751000655.92,747508661.62,1,1,CUMPLE
AV-2025-002008,CRC,1,1,12369649751.64,12319493773.78,1,1,PERSISTENTE
AV-2025-002009,USD,0,0,141210.54,140785.90,1,1,CUMPLE
AV-2025-002011,USD,1,0,4496635.21,4456432.16,1,1,CORREGIDO
AV-2025-002012,CRC,0,0,62484445.71,61782448.87,1,1,CUMPLE
AV-2025-002016,CRC,0,0,88799762.09,87750169.11,1,1,CUMPLE
AV-2025-002021,CRC,1,0,357018250.17,352918923.43,1,1,CORREGIDO
AV-2025-002023,USD,0,0,1884697.79,1870558.94,1,1,CUMPLE
AV-2025-002024,CRC,0,0,56385520.95,55871443.71,1,1,CUMPLE
AV-2025-002025,CRC,1,1,101265832.65,100126968.93,1,1,PERSISTENTE
AV-2025-002026,USD,0,0,2696030.91,2684058.33,1,1,CUMPLE
AV-2025-002027,USD,0,0,134919.37,134299.84,1,1,CUMPLE
AV-2025-002030,CRC,0,0,33752102.07,33488858.24,1,1,CUMPLE
AV-2025-002031,CRC,1,0,966742514.47,958699240.58,1,1,CORREGIDO
AV-2025-002035,CRC,0,0,79383661.98,78768171.02,1,1,CUMPLE
AV-2025-002036,CRC,0,0,425124959.25,420846699.83,1,1,CUMPLE
AV-2025-002037,CRC,0,0,,,1,1,CUMPLE
AV-2025-002038,USD,0,0,,,1,1,CUMPLE
AV-2025-002042,CRC,0,0,341816322.30,339090897.77,1,1,CUMPLE
AV-2025-002043,USD,0,0,311140.24,309810.05,1,1,CUMPLE
AV-2025-002044,USD,1,1,3817426.38,3788822.19,1,1,PERSISTENTE
AV-2025-002045,USD,1,0,75513.87,74795.52,1,1,CORREGIDO
AV-2025-002046,USD,1,1,395165.56,390704.67,1,1,PERSISTENTE
AV-2025-002048,CRC,1,0,284128145.27,283150496.97,1,1,CORREGIDO
AV-2025-002049,USD,0,0,263073.00,261216.94,1,1,CUMPLE
AV-2025-002051,CRC,0,0,6660794704.23,6604317440.56,1,1,CUMPLE
AV-2025-002053,USD,1,0,897358.00,891106.89,1,1,CORREGIDO
AV-2025-002054,CRC,0,0,816860534.66,811788214.58,1,1,CUMPLE
AV-2025-002056,CRC,0,0,417334852.32,413436882.98,1,1,CUMPLE
AV-2025-002057,USD,1,0,942439.07,937551.42,1,1,CORREGIDO
AV-2025-002058,CRC,0,0,407358401.87,405614067.90,1,1,CUMPLE
AV-2025-002059,CRC,0,0,1583587852.50,1576131709.73,1,1,CUMPLE
AV-2025-002060,CRC,1,,340895935.54,,1,0,SALIO
AV-2025-002061,CRC,0,0,117044153.42,116459107.98,1,1,CUMPLE
AV-2025-002065,CRC,0,0,160370810.66,159603318.99,1,1,CUMPLE
AV-2025-002066,CRC,1,1,81093666.86,80737517.24,1,1,PERSISTENTE
AV-2025-002067,CRC,0,0,609039308.36,604434457.83,1,1,CUMPLE
AV-2025-002069,USD,0,0,67956.49,67277.70,1,1,CUMPLE
AV-2025-002071,CRC,0,0,514139989.46,509696195.03,1,1,CUMPLE
AV-2025-002072,USD,0,0,371205.94,369552.00,1,1,CUMPLE
AV-2025-002075,CRC,0,0,,,1,1,CUMPLE
AV-2025-002076,CRC,0,0,142640500.42,141547830.26,1,1,CUMPLE
AV-2025-002077,USD,0,0,,,1,1,CUMPLE
AV-2025-002080,CRC,0,0,60076293.89,59553688.92,1,1,CUMPLE
AV-2025-002081,CRC,0,0,193877349.91,193246734.76,1,1,CUMPLE
AV-2025-002083,USD,0,0,40379.35,40154.62,1,1,CUMPLE
AV-2025-002084,CRC,0,0,,,1,1,CUMPLE
AV-2025-002085,USD,1,0,179573.46,177481.40,1,1,CORREGIDO
AV-2025-002088,CRC,0,0,358595935.21,355903049.48,1,1,CUMPLE
AV-2025-002089,USD,0,0,2094672.64,2072940.91,1,1,CUMPLE
AV-2025-002092,CRC,1,1,241684069.47,240151190.44,1,1,PERSISTENTE
AV-2025-002093,CRC,0,,549035933.51,,1,0,SALIO_CUMPLIENDO
AV-2025-002095,USD,0,,336864.67,,1,0,SALIO_CUMPLIENDO
AV-2025-002096,CRC,0,0,118696095.06,117704357.15,1,1,CUMPLE
AV-2025-002098,USD,0,1,572023.44,566193.58,1,1,NUEVO
AV-2025-002099,CRC,0,0,127982819.46,127106783.61,1,1,CUMPLE
AV-2025-002100,USD,0,0,77686.11,77117.43,1,1,CUMPLE
AV-2025-002101,USD,0,0,177059.22,175725.54,1,1,CUMPLE
AV-2025-002102,CRC,0,0,90729291.91,90452782.04,1,1,CUMPLE
AV-2025-002103,USD,1,1,,,1,1,PERSISTENTE
AV-2025-002105,CRC,0,0,,,1,1,CUMPLE
AV-2025-002106,CRC,0,0,315883879.21,314456595.09,1,1,CUMPLE
AV-2025-002109,CRC,1,1,314325530.44,310848447.00,1,1,PERSISTENTE
AV-2025-002110,USD,0,0,,,1,1,CUMPLE
AV-2025-002111,USD,0,0,2552023.24,2537854.02,1,1,CUMPLE
AV-2025-002112,CRC,0,0,238575677.73,237162500.87,1,1,CUMPLE
AV-2025-002113,CRC,0,0,104509898.61,104107692.89,1,1,CUMPLE
AV-2025-002117,USD,1,0,262676.64,261410.77,1,1,CORREGIDO
AV-2025-002120,USD,0,0,5352491.78,5297754.85,1,1,CUMPLE
AV-2025-002121,USD,0,0,66519.06,66002.04,1,1,CUMPLE
AV-2025-002122,USD,0,0,250649.75,248769.48,1,1,CUMPLE
AV-2025-002124,CRC,1,0,68446327.39,68090453.26,1,1,CORREGIDO
AV-2025-002126,USD,,0,,50751.92,0,1,ENTRA_CUMPLIENDO
AV-2025-002128,CRC,0,0,55217966.89,54814721.38,1,1,CUMPLE
AV-2025-002129,CRC,0,1,194027830.69,192843222.31,1,1,NUEVO
AV-2025-002130,USD,0,0,438501.09,434410.38,1,1,CUMPLE
AV-2025-002133,CRC,1,1,2227268460.62,2208077675.29,1,1,PERSISTENTE
AV-2025-002135,USD,0,0,87455.27,86842.05,1,1,CUMPLE
AV-2025-002136,USD,0,0,1186382.80,1182160.73,1,1,CUMPLE
AV-2025-002139,CRC,0,0,,,1,1,CUMPLE
AV-2025-002140,CRC,0,0,101810709.22,101236421.43,1,1,CUMPLE
AV-2025-002141,USD,1,,22767331.86,,1,0,SALIO
AV-2025-002143,CRC,0,0,116769398.41,116194844.83,1,1,CUMPLE
AV-2025-002146,USD,1,0,1351880.22,1343009.35,1,1,CORREGIDO
AV-2025-002147,USD,0,0,1330132.32,1316948.39,1,1,CUMPLE
AV-2025-002148,USD,0,0,,,1,1,CUMPLE
AV-2025-002150,CRC,1,0,,,1,1,CORREGIDO
AV-2025-002151,USD,0,0,3709731.28,3673647.91,1,1,CUMPLE
AV-2025-002152,CRC,0,0,75046428.59,74450140.87,1,1,CUMPLE
AV-2025-002153,CRC,1,0,606499553.62,601521683.38,1,1,CORREGIDO
AV-2025-002154,CRC,0,0,380467126.70,378725061.27,1,1,CUMPLE
AV-2025-002156,CRC,1,0,789942939.33,780490968.34,1,1,CORREGIDO
AV-2025-002157,USD,1,0,203943.51,202405.18,1,1,CORREGIDO
AV-2025-002159,CRC,0,0,117860214.34,116659864.32,1,1,CUMPLE
AV-2025-002160,CRC,0,0,201150213.84,200524323.28,1,1,CUMPLE
AV-2025-002161,CRC,0,0,398082381.30,396439601.12,1,1,CUMPLE
AV-2025-002162,USD,1,,312907.44,,1,0,SALIO
AV-2025-002163,CRC,0,0,263711694.91,262033800.87,1,1,CUMPLE
AV-2025-002164,USD,0,0,2641255.96,2632574.42,1,1,CUMPLE
AV-2025-002165,CRC,1,0,449179983.82,446399975.20,1,1,CORREGIDO
AV-2025-002166,CRC,0,0,,,1,1,CUMPLE
AV-2025-002167,CRC,1,0,51175486.03,50798405.35,1,1,CORREGIDO
AV-2025-002170,CRC,0,0,,,1,1,CUMPLE
AV-2025-002171,USD,1,1,235947.89,234878.69,1,1,PERSISTENTE
AV-2025-002173,CRC,0,0,11800886065.64,11683175618.12,1,1,CUMPLE
AV-2025-002176,CRC,1,0,2509943833.53,2497609545.69,1,1,CORREGIDO
AV-2025-002177,CRC,1,1,15381893.49,15201698.40,1,1,PERSISTENTE
AV-2025-002178,USD,1,0,47753.50,47291.55,1,1,CORREGIDO
AV-2025-002180,CRC,0,,,,1,0,SALIO_CUMPLIENDO
AV-2025-002183,CRC,0,0,17210934.05,17096387.71,1,1,CUMPLE
AV-2025-002184,CRC,0,0,1611778346.84,1601815369.05,1,1,CUMPLE
AV-2025-002185,CRC,1,1,13330134084.98,13203620061.04,1,1,PERSISTENTE
AV-2025-002187,CRC,0,0,1334788672.16,1329274514.76,1,1,CUMPLE
AV-2025-002188,CRC,0,0,66225603.66,65896616.63,1,1,CUMPLE
AV-2025-002190,USD,0,1,211538.87,209421.55,1,1,NUEVO
AV-2025-002192,CRC,0,0,242096814.14,239747144.23,1,1,CUMPLE
AV-2025-002195,CRC,0,0,5327075845.28,5302644683.06,1,1,CUMPLE
AV-2025-002196,USD,0,0,,,1,1,CUMPLE
AV-2025-002197,CRC,0,0,,,1,1,CUMPLE
AV-2025-002199,CRC,0,0,282013719.75,279942208.63,1,1,CUMPLE
AV-2025-002200,CRC,1,,,,1,0,SALIO
AV-2025-002202,CRC,0,1,,,1,1,NUEVO
AV-2025-002205,USD,0,0,79451.41,78737.44,1,1,CUMPLE
AV-2025-002206,USD,1,,60957.63,,1,0,SALIO
AV-2025-002209,CRC,0,0,90080214.21,89221827.34,1,1,CUMPLE
AV-2025-002211,CRC,0,0,200406787.11,199303740.35,1,1,CUMPLE
AV-2025-002212,CRC,0,0,117255041.50,116681100.26,1,1,CUMPLE
AV-2025-002213,CRC,0,0,,,1,1,CUMPLE
AV-2025-002214,CRC,0,1,527384808.12,522553739.08,1,1,NUEVO
AV-2025-002215,USD,1,1,315076.87,311298.01,1,1,PERSISTENTE
AV-2025-002216,CRC,0,0,135907954.53,135072988.15,1,1,CUMPLE
AV-2025-002217,CRC,1,0,4341584668.67,4293320312.69,1,1,CORREGIDO
AV-2025-002218,CRC,1,0,,3177853613.11,2,1,CORREGIDO
AV-2025-002219,CRC,0,0,,,1,1,CUMPLE
AV-2025-002220,CRC,1,,295844503.73,,1,0,SALIO
AV-2025-002221,USD,0,0,106148.29,105288.10,1,1,CUMPLE
AV-2025-002223,CRC,0,0,851481182.21,842284943.28,1,1,CUMPLE
AV-2025-002225,CRC,0,0,,,1,1,CUMPLE
AV-2025-002226,CRC,0,0,1115758324.27,1111468361.84,1,1,CUMPLE
AV-2025-002228,USD,0,0,,,1,1,CUMPLE
AV-2025-002229,CRC,0,0,,,1,1,CUMPLE
AV-2025-002230,CRC,0,0,,,1,1,CUMPLE
AV-2025-002231,USD,1,1,353388.58,350113.39,1,1,PERSISTENTE
AV-2025-002232,USD,0,0,,,1,1,CUMPLE
AV-2025-002234,USD,1,0,4121031.44,4106936.10,1,1,CORREGIDO
AV-2025-002236,CRC,0,0,248981962.30,247923320.85,1,1,CUMPLE
AV-2025-002238,USD,1,1,,,1,1,PERSISTENTE
AV-2025-002239,USD,0,0,491304.52,487916.99,1,1,CUMPLE
AV-2025-002240,USD,0,0,4367190.36,4321171.91,1,1,CUMPLE
AV-2025-002241,CRC,0,0,77307870.30,76935496.99,1,1,CUMPLE
AV-2025-002242,CRC,0,0,355563009.90,351344418.35,1,1,CUMPLE
AV-2025-002244,CRC,0,0,49252807.87,48770375.73,1,1,CUMPLE
AV-2025-002247,CRC,0,0,310621568.64,307709795.26,1,1,CUMPLE
AV-2025-002248,USD,0,0,1815616.12,1809915.53,1,1,CUMPLE
AV-2025-002253,CRC,0,0,5521083298.56,5475404685.88,1,1,CUMPLE
AV-2025-002254,CRC,0,0,3550657.35,3523565.27,1,1,CUMPLE
AV-2025-002255,CRC,1,0,21581728981.82,21411869539.68,1,1,CORREGIDO
AV-2025-002256,USD,0,1,51289.48,50738.94,1,1,NUEVO
AV-2025-002258,USD,0,0,345669.29,343776.25,1,1,CUMPLE
AV-2025-002259,CRC,0,0,136301618.93,134700137.80,1,1,CUMPLE
AV-2025-002260,CRC,1,0,149237413.11,147755469.55,1,1,CORREGIDO
AV-2025-002261,CRC,1,,530637156.06,,1,0,SALIO
AV-2025-002263,CRC,1,0,,,1,1,CORREGIDO
AV-2025-002265,CRC,0,0,294749254.78,293385936.71,1,1,CUMPLE
AV-2025-002267,CRC,0,0,555432789.34,551973276.43,1,1,CUMPLE
AV-2025-002269,USD,0,0,617221.07,612300.48,1,1,CUMPLE
AV-2025-002271,CRC,0,0,,,1,1,CUMPLE
AV-2025-002272,CRC,0,0,201996932.21,199762974.40,1,1,CUMPLE
AV-2025-002274,USD,0,0,233133.42,232430.76,1,1,CUMPLE
AV-2025-002275,CRC,0,0,982032112.14,971791142.31,1,1,CUMPLE
AV-2025-002276,CRC,0,0,37373427.37,36961485.87,1,1,CUMPLE
AV-2025-002278,CRC,1,1,71962418.69,71525586.32,1,1,PERSISTENTE
AV-2025-002279,USD,1,1,821875.30,818239.35,1,1,PERSISTENTE
AV-2025-002280,CRC,0,0,,,1,1,CUMPLE
AV-2025-002281,CRC,1,0,191667524.92,190283753.62,1,1,CORREGIDO
AV-2025-002282,CRC,0,0,323554801.11,320876419.70,1,1,CUMPLE
AV-2025-002285,CRC,0,0,236774401.26,235488147.34,1,1,CUMPLE
AV-2025-002286,CRC,0,1,105084970.96,103951359.20,1,1,NUEVO
AV-2025-002287,USD,1,0,1533376.40,1527617.92,1,1,CORREGIDO
AV-2025-002288,USD,1,0,264042.84,263171.16,1,1,CORREGIDO
AV-2025-002289,CRC,1,0,282723257.63,280420977.67,1,1,CORREGIDO
AV-2025-002290,CRC,1,0,176419863.43,174417168.68,1,1,CORREGIDO
AV-2025-002291,CRC,0,0,756362317.47,748283165.83,1,1,CUMPLE
AV-2025-002292,CRC,0,0,111441033.22,110286017.49,1,1,CUMPLE
AV-2025-002293,USD,1,1,356300.74,352658.49,1,1,PERSISTENTE
AV-2025-002294,USD,0,0,101814.82,100713.23,1,1,CUMPLE
AV-2025-002297,CRC,0,0,182537844.65,181239125.19,1,1,CUMPLE
AV-2025-002298,CRC,0,0,171083839.48,170455409.66,1,1,CUMPLE
AV-2025-002300,CRC,0,0,344806337.23,343227883.20,1,1,CUMPLE
AV-2025-002302,CRC,0,0,468641578.07,466020105.56,1,1,CUMPLE
AV-2025-002303,USD,1,0,,,1,1,CORREGIDO
AV-2025-002306,CRC,0,0,1242946209.02,1237345194.29,1,1,CUMPLE
AV-2025-002307,USD,0,0,4230899.50,4196005.93,1,1,CUMPLE
AV-2025-002309,CRC,0,0,495855483.74,491621934.78,1,1,CUMPLE
AV-2025-002310,CRC,0,0,786742346.27,784375905.91,1,1,CUMPLE
AV-2025-002311,CRC,1,1,209152540.43,206978626.14,1,1,PERSISTENTE
AV-2025-002312,CRC,0,0,,,1,1,CUMPLE
AV-2025-002313,CRC,0,0,92030571.04,90969589.10,1,1,CUMPLE
AV-2025-002315,USD,1,0,4029293.78,4007243.93,1,1,CORREGIDO
AV-2025-002317,CRC,0,0,56468471.45,56162623.21,1,1,CUMPLE
AV-2025-002318,USD,0,0,195302.86,193580.78,1,1,CUMPLE
AV-2025-002319,CRC,0,0,448743541.80,443641812.57,1,1,CUMPLE
AV-2025-002320,USD,0,0,492358.62,489979.45,1,1,CUMPLE
AV-2025-002322,CRC,0,0,329024588.44,325622117.39,1,1,CUMPLE
AV-2025-002323,CRC,1,1,1659790636.76,1652326554.37,1,1,PERSISTENTE
AV-2025-002325,CRC,0,0,99412881.95,98548379.79,1,1,CUMPLE
AV-2025-002327,USD,1,0,,,1,1,CORREGIDO
AV-2025-002328,CRC,1,0,,,1,1,CORREGIDO
AV-2025-002329,CRC,0,0,12526061294.93,12378357255.06,1,1,CUMPLE
AV-2025-002330,CRC,0,0,1288364929.93,1277169590.02,1,1,CUMPLE
AV-2025-002333,CRC,0,0,410586973.04,405905964.21,1,1,CUMPLE
AV-2025-002334,CRC,1,,82598293.28,,1,0,SALIO
AV-2025-002336,CRC,0,0,79186432.31,78417423.52,1,1,CUMPLE
AV-2025-002339,USD,0,0,11385760.13,11328694.79,1,1,CUMPLE
AV-2025-002340,CRC,1,,,,1,0,SALIO
AV-2025-002341,CRC,0,0,24418294.22,24153921.21,1,1,CUMPLE
AV-2025-002342,CRC,0,0,,,1,1,CUMPLE
AV-2025-002344,CRC,1,0,328760968.18,327545655.79,1,1,CORREGIDO
AV-2025-002345,CRC,1,1,136312982.70,135640562.86,1,1,PERSISTENTE
AV-2025-002346,CRC,0,1,14147190975.88,14024341382.34,1,1,NUEVO
AV-2025-002348,CRC,0,0,1672852365.97,1660399574.43,1,1,CUMPLE
AV-2025-002349,USD,0,0,,,1,1,CUMPLE
AV-2025-002351,CRC,0,0,631248187.51,628546849.02,1,1,CUMPLE
AV-2025-002353,USD,0,0,1501177.63,1493639.12,1,1,CUMPLE
AV-2025-002354,CRC,1,0,168081257.52,167444245.01,1,1,CORREGIDO
AV-2025-002355,USD,0,0,403090.60,400938.75,1,1,CUMPLE
AV-2025-002356,CRC,1,0,268672779.72,267060571.09,1,1,CORREGIDO
AV-2025-002357,USD,1,0,,,1,1,CORREGIDO
AV-2025-002358,CRC,1,1,,,1,1,PERSISTENTE
AV-2025-002359,CRC,0,0,,,1,1,CUMPLE
AV-2025-002361,USD,0,0,3326165.81,3303233.59,1,1,CUMPLE
AV-2025-002363,USD,0,0,11332748.64,11210568.58,1,1,CUMPLE
AV-2025-002364,CRC,0,0,4283879.53,4262537.16,1,1,CUMPLE
AV-2025-002365,USD,1,0,129821.36,128894.88,1,1,CORREGIDO
AV-2025-002368,USD,0,,276848.77,,1,0,SALIO_CUMPLIENDO
AV-2025-002370,CRC,0,0,289713763.13,286511122.09,1,1,CUMPLE
AV-2025-002372,CRC,1,0,659622233.87,653485747.03,1,1,CORREGIDO
AV-2025-002374,CRC,0,0,1447312347.36,1431247676.74,1,1,CUMPLE
AV-2025-002375,CRC,0,0,98438926.16,97701646.36,1,1,CUMPLE
AV-2025-002376,CRC,1,0,224440675.95,223543227.09,1,1,CORREGIDO
AV-2025-002377,USD,0,0,386159.89,383898.65,1,1,CUMPLE
AV-2025-002378,CRC,0,0,473834752.96,471027821.68,1,1,CUMPLE
AV-2025-002379,CRC,1,1,,,1,1,PERSISTENTE
AV-2025-002380,CRC,1,0,,493882976.00,2,1,CORREGIDO
AV-2025-002381,CRC,0,0,99277514.03,98127079.10,1,1,CUMPLE
AV-2025-002382,CRC,0,1,207622267.25,205693691.48,1,1,NUEVO
AV-2025-002385,USD,0,0,113251.71,112599.42,1,1,CUMPLE
AV-2025-002386,USD,0,0,2056412.69,2042906.19,1,1,CUMPLE
AV-2025-002390,USD,0,0,,,1,1,CUMPLE
AV-2025-002391,CRC,0,0,172774635.58,171266845.59,1,1,CUMPLE
AV-2025-002392,USD,0,0,261074.09,258332.93,1,1,CUMPLE
AV-2025-002393,USD,1,0,1044239.52,1040557.46,1,1,CORREGIDO
AV-2025-002394,CRC,1,1,,,2,2,PERSISTENTE
AV-2025-002396,USD,0,0,367756.66,364654.28,1,1,CUMPLE
AV-2025-002397,CRC,1,1,154612239.96,152876121.82,1,1,PERSISTENTE
AV-2025-002398,USD,1,0,789404.49,781652.66,1,1,CORREGIDO
AV-2025-002399,CRC,0,0,482838568.08,478028295.62,1,1,CUMPLE
AV-2025-002400,CRC,0,0,664551165.11,660661512.88,1,1,CUMPLE
AV-2025-002402,CRC,0,0,94197653.09,93351272.67,1,1,CUMPLE
AV-2025-002403,CRC,0,0,248559883.63,246517628.26,1,1,CUMPLE
AV-2025-002405,CRC,0,0,160172782.59,158723410.29,1,1,CUMPLE
AV-2025-002406,CRC,0,0,231025273.05,228715955.00,1,1,CUMPLE
AV-2025-002408,CRC,1,0,1775137336.53,1763449184.97,1,1,CORREGIDO
AV-2025-002409,CRC,0,0,283676642.11,281830770.67,1,1,CUMPLE
AV-2025-002410,CRC,0,0,360479950.07,357708759.06,1,1,CUMPLE
AV-2025-002413,USD,0,0,774938.02,768243.37,1,1,CUMPLE
AV-2025-002414,USD,0,0,120635.06,119846.16,1,1,CUMPLE
AV-2025-002415,CRC,0,0,209537826.52,207949175.39,1,1,CUMPLE
AV-2025-002416,CRC,1,0,334704480.81,332337497.32,1,1,CORREGIDO
AV-2025-002417,CRC,0,0,45465798.98,44947683.02,1,1,CUMPLE
AV-2025-002418,CRC,1,1,111752725.08,111320759.10,1,1,PERSISTENTE
AV-2025-002419,CRC,0,0,121650285.48,120819013.74,1,1,CUMPLE
AV-2025-002420,CRC,0,0,260403656.01,257891808.97,1,1,CUMPLE
AV-2025-002421,USD,0,0,1869907.64,1863250.10,1,1,CUMPLE
AV-2025-002424,CRC,1,0,,,1,1,CORREGIDO
AV-2025-002430,CRC,0,0,400403487.20,397918531.10,1,1,CUMPLE
AV-2025-002431,CRC,0,0,40356731.84,40046908.62,1,1,CUMPLE
AV-2025-002432,USD,1,0,702027.09,699898.19,1,1,CORREGIDO
AV-2025-002433,USD,1,1,248942.80,247438.70,1,1,PERSISTENTE
AV-2025-002435,CRC,0,0,324450601.90,323027818.38,1,1,CUMPLE
AV-2025-002436,CRC,0,0,98526990.14,98195432.96,1,1,CUMPLE
AV-2025-002437,CRC,0,0,717767597.50,714757953.01,1,1,CUMPLE
AV-2025-002438,CRC,0,0,23821111.22,23666799.84,1,1,CUMPLE
AV-2025-002440,CRC,0,0,35649957.57,35439002.45,1,1,CUMPLE
AV-2025-002442,USD,0,0,240782.71,239152.68,1,1,CUMPLE
AV-2025-002443,CRC,0,0,329114954.15,327931864.39,1,1,CUMPLE
AV-2025-002444,CRC,0,0,107897741.59,107553422.70,1,1,CUMPLE
AV-2025-002445,USD,0,1,4957791.45,4907328.85,1,1,NUEVO
AV-2025-002447,CRC,0,0,,,1,1,CUMPLE
AV-2025-002448,USD,1,0,,,1,1,CORREGIDO
AV-2025-002450,CRC,0,0,,,1,1,CUMPLE
AV-2025-002451,CRC,0,0,386069926.20,382639758.02,1,1,CUMPLE
AV-2025-002452,CRC,1,0,,,1,1,CORREGIDO
AV-2025-002453,CRC,0,0,166003965.13,165447740.14,1,1,CUMPLE
AV-2025-002456,CRC,0,0,,,1,1,CUMPLE
AV-2025-002457,USD,0,0,213525.35,211950.72,1,1,CUMPLE
AV-2025-002458,USD,1,0,225620.41,223237.42,1,1,CORREGIDO
AV-2025-002459,USD,0,0,122285.99,121735.27,1,1,CUMPLE
AV-2025-002460,CRC,0,0,196626661.00,195647917.75,1,1,CUMPLE
AV-2025-002461,USD,1,0,289908.45,286626.41,1,1,CORREGIDO
AV-2025-002462,CRC,0,0,287576843.87,284650769.62,1,1,CUMPLE
AV-2025-002463,CRC,0,0,29415374.25,29149707.03,1,1,CUMPLE
AV-2025-002464,CRC,0,0,405845711.26,401804730.28,1,1,CUMPLE
AV-2025-002465,CRC,0,0,164658141.76,163880654.59,1,1,CUMPLE
AV-2025-002466,CRC,0,0,201848762.00,199717592.14,1,1,CUMPLE
AV-2025-002467,CRC,0,0,118066940.82,117078122.14,1,1,CUMPLE
AV-2025-002468,CRC,0,0,291975435.45,288974240.72,1,1,CUMPLE
AV-2025-002470,CRC,0,,285362072.25,,1,0,SALIO_CUMPLIENDO
AV-2025-002474,USD,1,0,,,1,1,CORREGIDO
AV-2025-002475,USD,0,0,394818.85,392553.73,1,1,CUMPLE
AV-2025-002476,CRC,0,0,144286157.69,143607472.98,1,1,CUMPLE
AV-2025-002477,USD,0,0,,,1,1,CUMPLE
AV-2025-002478,CRC,0,0,358982006.05,357829853.07,1,1,CUMPLE
AV-2025-002479,CRC,1,0,142440315.09,140801060.54,1,1,CORREGIDO
AV-2025-002480,CRC,1,0,1818366547.72,1802061866.62,1,1,CORREGIDO
AV-2025-002482,USD,0,0,183512.90,182807.98,1,1,CUMPLE
AV-2025-002485,CRC,0,0,781549015.56,776058381.53,1,1,CUMPLE
AV-2025-002487,CRC,0,0,,,1,1,CUMPLE
AV-2025-002489,CRC,1,0,,,1,1,CORREGIDO
AV-2025-002492,CRC,1,1,299541441.91,298466270.13,1,1,PERSISTENTE
AV-2025-002493,USD,0,0,176123.41,175568.54,1,1,CUMPLE
AV-2025-002494,CRC,0,0,160471060.35,159544334.27,1,1,CUMPLE
AV-2025-002495,USD,0,,85996.33,,1,0,SALIO_CUMPLIENDO
AV-2025-002497,CRC,0,0,194024366.92,192179153.57,1,1,CUMPLE
AV-2025-002498,CRC,0,0,134634594.21,133508575.33,1,1,CUMPLE
AV-2025-002499,CRC,,0,,7273886912.74,0,1,ENTRA_CUMPLIENDO
AV-2025-002500,CRC,0,0,186142438.12,184981307.30,1,1,CUMPLE
AV-2025-002501,CRC,0,0,,,1,1,CUMPLE
AV-2025-002502,USD,0,0,219374.10,218192.74,1,1,CUMPLE
AV-2025-002503,CRC,0,,221925167.55,,1,0,SALIO_CUMPLIENDO
AV-2025-002504,CRC,0,0,281223418.07,280238280.64,1,1,CUMPLE
AV-2025-002505,USD,0,0,373089.59,369321.46,1,1,CUMPLE
AV-2025-002506,CRC,1,,,,1,0,SALIO
AV-2025-002508,CRC,,0,,304896630.02,0,1,ENTRA_CUMPLIENDO
AV-2025-002510,CRC,0,0,236388416.01,233891955.69,1,1,CUMPLE
AV-2025-002511,USD,0,0,222622.03,221649.92,1,1,CUMPLE
AV-2025-002512,USD,0,0,167209.40,165982.17,1,1,CUMPLE
AV-2025-002513,CRC,1,0,351518078.77,349128787.71,1,1,CORREGIDO
AV-2025-002514,CRC,0,0,,,1,1,CUMPLE
AV-2025-002515,CRC,0,1,,,1,1,NUEVO
AV-2025-002516,CRC,0,0,335091932.21,332817609.83,1,1,CUMPLE
AV-2025-002519,CRC,1,0,,,1,1,CORREGIDO
AV-2025-002520,CRC,1,0,565422229.10,562220570.41,1,1,CORREGIDO
AV-2025-002522,USD,0,0,10114418.45,10055377.83,1,1,CUMPLE
AV-2025-002523,USD,0,0,226517.66,223946.88,1,1,CUMPLE
AV-2025-002524,CRC,1,1,1225869770.29,1219618888.99,1,1,PERSISTENTE
AV-2025-002525,USD,1,0,285303.87,283572.05,1,1,CORREGIDO
AV-2025-002528,CRC,1,,3428394448.34,,1,0,SALIO
AV-2025-002529,CRC,1,0,488732775.19,484472740.57,1,1,CORREGIDO
AV-2025-002532,CRC,1,0,2687718772.81,2658205781.37,1,1,CORREGIDO
AV-2025-002533,USD,1,1,486179.92,480816.23,1,1,PERSISTENTE
AV-2025-002535,CRC,0,0,,,1,1,CUMPLE
AV-2025-002536,CRC,1,,173365497.98,,1,0,SALIO
AV-2025-002538,CRC,1,1,798470122.59,795188517.72,1,1,PERSISTENTE
AV-2025-002539,CRC,1,0,240830006.11,239619050.49,1,1,CORREGIDO
AV-2025-002540,CRC,0,0,38758766.26,38419686.88,1,1,CUMPLE
AV-2025-002541,CRC,0,0,,,1,1,CUMPLE
AV-2025-002542,CRC,1,1,,,1,1,PERSISTENTE
AV-2025-002543,CRC,0,0,419958861.63,418432468.50,1,1,CUMPLE
AV-2025-002544,CRC,1,0,44776656.47,44612344.81,1,1,CORREGIDO
AV-2025-002545,CRC,0,0,73635457.12,73168600.69,1,1,CUMPLE
AV-2025-002547,CRC,1,0,,,1,1,CORREGIDO
AV-2025-002548,USD,1,0,3659891.37,3618015.91,1,1,CORREGIDO
AV-2025-002549,CRC,0,0,123140702.45,122739751.43,1,1,CUMPLE
AV-2025-002552,USD,0,0,,,1,1,CUMPLE
AV-2025-002553,CRC,0,0,,,1,1,CUMPLE
AV-2025-002554,CRC,0,0,82347005.16,81502199.99,1,1,CUMPLE
AV-2025-002556,CRC,0,1,233406208.08,232119739.74,1,1,NUEVO
AV-2025-002557,CRC,0,0,10565868.25,10476871.42,1,1,CUMPLE
AV-2025-002558,USD,1,1,574032.01,568444.16,1,1,PERSISTENTE
AV-2025-002559,USD,1,1,7830617.58,7742518.98,1,1,PERSISTENTE
AV-2025-002560,USD,0,0,355165.69,352228.18,1,1,CUMPLE
AV-2025-002561,CRC,0,0,98432878.79,97403916.13,1,1,CUMPLE
AV-2025-002562,CRC,0,0,,,1,1,CUMPLE
AV-2025-002563,CRC,1,0,162884865.77,161004674.27,1,1,CORREGIDO
AV-2025-002564,CRC,0,0,,,1,1,CUMPLE
AV-2025-002565,USD,1,1,458914.49,454949.64,1,1,PERSISTENTE
AV-2025-002567,USD,1,1,99341.27,98288.78,1,1,PERSISTENTE
AV-2025-002569,CRC,0,1,1747827996.42,1738604224.27,1,1,NUEVO
AV-2025-002571,USD,0,0,57898567.57,57310237.10,1,1,CUMPLE
AV-2025-002573,CRC,0,0,93718539.23,93237521.83,1,1,CUMPLE
AV-2025-002574,USD,0,0,433431.52,429731.22,1,1,CUMPLE
AV-2025-002575,USD,0,0,,,1,1,CUMPLE
AV-2025-002576,CRC,0,0,113503884.73,112435050.06,1,1,CUMPLE
AV-2025-002578,CRC,0,0,621089217.39,614337490.00,1,1,CUMPLE
AV-2025-002579,CRC,0,0,6747889538.21,6694623723.08,1,1,CUMPLE
AV-2025-002581,CRC,0,0,,,1,1,CUMPLE
AV-2025-002583,USD,0,0,156294.19,155541.99,1,1,CUMPLE
AV-2025-002584,CRC,0,0,448893745.03,444038695.60,1,1,CUMPLE
AV-2025-002585,CRC,0,0,6126813186.12,6065112263.84,1,1,CUMPLE
AV-2025-002588,CRC,1,0,170539319.19,169125392.38,1,1,CORREGIDO
AV-2025-002589,CRC,0,0,166566642.17,164714649.69,1,1,CUMPLE
AV-2025-002590,USD,0,0,337978.60,334508.94,1,1,CUMPLE
AV-2025-002591,CRC,0,0,169238967.84,168181618.80,1,1,CUMPLE
AV-2025-002594,USD,0,0,181373.59,180315.89,1,1,CUMPLE
AV-2025-002595,CRC,0,0,423547213.78,420343100.25,1,1,CUMPLE
AV-2025-002596,CRC,0,0,219351118.09,218066864.48,1,1,CUMPLE
AV-2025-002597,USD,0,0,88119.78,87188.74,1,1,CUMPLE
AV-2025-002599,CRC,1,0,298362491.78,295764014.67,1,1,CORREGIDO
AV-2025-002602,CRC,0,0,,,1,1,CUMPLE
AV-2025-002604,CRC,0,0,86792351.79,85914733.61,1,1,CUMPLE
AV-2025-002606,USD,0,0,185421.13,184503.22,1,1,CUMPLE
AV-2025-002609,CRC,0,,120804119.06,,1,0,SALIO_CUMPLIENDO
AV-2025-002610,CRC,1,0,447456841.58,443512468.28,1,1,CORREGIDO
AV-2025-002611,CRC,0,0,,,1,1,CUMPLE
AV-2025-002612,CRC,1,0,345030291.80,341437754.44,1,1,CORREGIDO
AV-2025-002613,CRC,0,0,273160694.86,271217350.29,1,1,CUMPLE
AV-2025-002614,USD,1,0,120490.15,119923.76,1,1,CORREGIDO
AV-2025-002615,CRC,0,0,89332461.04,88630137.34,1,1,CUMPLE
AV-2025-002617,CRC,0,0,,,1,1,CUMPLE
AV-2025-002618,CRC,0,0,242410765.44,240232251.63,1,1,CUMPLE
AV-2025-002621,USD,0,0,6081833.74,6020636.37,1,1,CUMPLE
AV-2025-002629,CRC,0,0,,,1,1,CUMPLE
AV-2025-002631,USD,1,0,187348.00,185691.84,1,1,CORREGIDO
AV-2025-002633,CRC,0,0,402812231.40,399520611.54,1,1,CUMPLE
AV-2025-002635,USD,1,1,,,1,1,PERSISTENTE
AV-2025-002636,CRC,1,0,304444353.73,302367778.80,1,1,CORREGIDO
AV-2025-002637,USD,0,0,271874.84,270389.83,1,1,CUMPLE
AV-2025-002639,USD,0,0,,,1,1,CUMPLE
AV-2025-002641,USD,1,0,198523.99,196459.84,1,1,CORREGIDO
AV-2025-002642,CRC,0,0,582132782.75,577732420.21,1,1,CUMPLE
AV-2025-002644,USD,0,0,63738.20,63140.11,1,1,CUMPLE
AV-2025-002645,CRC,0,0,7661358559.51,7613788607.09,1,1,CUMPLE
AV-2025-002646,USD,0,0,216862.83,215639.98,1,1,CUMPLE
AV-2025-002647,USD,1,,,,1,0,SALIO
AV-2025-002648,CRC,1,,164347191.09,,1,0,SALIO
AV-2025-002649,CRC,0,0,283157953.99,280414953.25,1,1,CUMPLE
AV-2025-002650,USD,0,0,730660.99,723450.86,1,1,CUMPLE
AV-2025-002653,USD,0,0,,,1,1,CUMPLE
AV-2025-002654,USD,0,0,1110673.21,1101269.96,1,1,CUMPLE
AV-2025-002655,USD,1,1,337165.55,334763.17,1,1,PERSISTENTE
AV-2025-002656,USD,0,0,450206.30,448171.14,1,1,CUMPLE
AV-2025-002657,USD,0,0,306341.81,303399.51,1,1,CUMPLE
AV-2025-002658,USD,0,0,3065761.35,3042827.47,1,1,CUMPLE
AV-2025-002660,USD,1,,153159.63,,1,0,SALIO
AV-2025-002661,USD,1,,202898.49,,1,0,SALIO
AV-2025-002663,CRC,1,0,31641546.33,31462005.28,1,1,CORREGIDO
AV-2025-002664,CRC,0,0,324541047.85,323153266.57,1,1,CUMPLE
AV-2025-002665,USD,0,0,253599.34,252541.00,1,1,CUMPLE
AV-2025-002666,USD,0,0,318226.24,316043.23,1,1,CUMPLE
AV-2025-002667,CRC,0,0,,,1,1,CUMPLE
AV-2025-002668,USD,0,0,484874.71,482327.95,1,1,CUMPLE
AV-2025-002669,CRC,1,,213938338.55,,1,0,SALIO
AV-2025-002670,CRC,0,0,,,1,1,CUMPLE
AV-2025-002671,USD,1,0,321750.31,318665.03,1,1,CORREGIDO
AV-2025-002672,CRC,1,0,,,1,1,CORREGIDO
AV-2025-002674,USD,1,0,665457.94,659597.73,1,1,CORREGIDO
AV-2025-002675,CRC,0,0,172206076.64,170545359.17,1,1,CUMPLE
AV-2025-002677,CRC,0,0,281818080.07,278727209.31,1,1,CUMPLE
AV-2025-002679,CRC,0,0,352036359.94,350816885.71,1,1,CUMPLE
AV-2025-002680,USD,1,1,83150.74,82527.20,1,1,PERSISTENTE
AV-2025-002682,USD,0,0,,,1,1,CUMPLE
AV-2025-002683,USD,0,0,,,1,1,CUMPLE
AV-2025-002684,USD,0,0,,,1,1,CUMPLE
AV-2025-002686,USD,0,0,7285456.94,7212055.28,1,1,CUMPLE
AV-2025-002687,USD,0,0,4158652.28,4138032.24,1,1,CUMPLE
AV-2025-002688,CRC,0,0,2847152039.44,2832537249.49,1,1,CUMPLE
AV-2025-002690,CRC,1,,5681587632.23,,1,0,SALIO
AV-2025-002691,CRC,0,0,541951165.40,535865779.79,1,1,CUMPLE
AV-2025-002692,CRC,0,1,364104739.66,361158973.48,1,1,NUEVO
AV-2025-002693,CRC,1,1,118859020.84,117631310.53,1,1,PERSISTENTE
AV-2025-002694,CRC,0,0,143929500.57,142868092.60,1,1,CUMPLE
AV-2025-002695,CRC,0,0,3338961312.66,3311510760.94,1,1,CUMPLE
AV-2025-002697,USD,0,0,7607407.93,7534481.33,1,1,CUMPLE
AV-2025-002699,CRC,0,0,3038265153.56,3021199396.64,1,1,CUMPLE
AV-2025-002701,CRC,0,0,204610685.56,203120475.41,1,1,CUMPLE
AV-2025-002702,CRC,1,1,217916678.88,215697513.25,1,1,PERSISTENTE
AV-2025-002703,USD,0,0,,,1,1,CUMPLE
AV-2025-002705,CRC,0,0,47723459.00,47493776.50,1,1,CUMPLE
AV-2025-002706,USD,1,1,267762.04,265474.75,1,1,PERSISTENTE
AV-2025-002710,CRC,0,0,83882097.87,83586690.54,1,1,CUMPLE
AV-2025-002713,USD,0,0,1696980.25,1691540.84,1,1,CUMPLE
AV-2025-002714,CRC,1,0,,,1,1,CORREGIDO
AV-2025-002718,CRC,0,0,126168950.26,124790275.20,1,1,CUMPLE
AV-2025-002719,CRC,0,0,63014359.86,62609158.46,1,1,CUMPLE
AV-2025-002721,CRC,0,0,135349710.52,134506362.77,1,1,CUMPLE
AV-2025-002722,USD,0,0,190284.27,188016.49,1,1,CUMPLE
AV-2025-002723,CRC,0,0,5336122385.21,5314207332.80,1,1,CUMPLE
AV-2025-002724,USD,0,0,2205125.24,2186587.78,1,1,CUMPLE
AV-2025-002726,USD,1,0,4179762.04,4140370.41,1,1,CORREGIDO
AV-2025-002727,USD,0,0,4256948.43,4241310.92,1,1,CUMPLE
AV-2025-002729,CRC,0,0,126561641.04,125957923.22,1,1,CUMPLE
AV-2025-002730,USD,0,0,218029.41,216502.33,1,1,CUMPLE
AV-2025-002731,USD,0,1,5806195.71,5741033.55,1,1,NUEVO
AV-2025-002733,CRC,1,1,308652952.36,307318823.54,1,1,PERSISTENTE
AV-2025-002734,USD,0,1,,,1,1,NUEVO
AV-2025-002737,CRC,1,0,397377173.64,393544278.67,1,1,CORREGIDO
AV-2025-002738,USD,1,0,406023.13,401206.94,1,1,CORREGIDO
AV-2025-002741,USD,0,0,303479.13,302058.55,1,1,CUMPLE
AV-2025-002742,CRC,0,0,240486790.07,238665959.41,1,1,CUMPLE
AV-2025-002743,CRC,0,0,467124736.24,464660351.66,1,1,CUMPLE
AV-2025-002744,USD,0,0,330670.81,329326.85,1,1,CUMPLE
AV-2025-002749,USD,0,0,160311.43,158993.75,1,1,CUMPLE
AV-2025-002750,CRC,0,0,136491715.62,135940691.43,1,1,CUMPLE
AV-2025-002751,USD,0,0,139256.36,138382.62,1,1,CUMPLE
AV-2025-002752,CRC,0,0,773211320.13,764379229.52,1,1,CUMPLE
AV-2025-002754,USD,0,0,477516.35,472867.79,1,1,CUMPLE
AV-2025-002756,CRC,0,0,3053530666.16,3035749854.72,1,1,CUMPLE
AV-2025-002757,CRC,0,0,,,1,1,CUMPLE
AV-2025-002758,CRC,1,0,,,1,1,CORREGIDO
AV-2025-002759,CRC,0,0,325453535.05,323496466.05,1,1,CUMPLE
AV-2025-002760,CRC,0,0,170855415.39,169475392.00,1,1,CUMPLE
AV-2025-002763,CRC,1,0,363532331.25,360803782.65,1,1,CORREGIDO
AV-2025-002764,CRC,1,0,435015119.41,430813381.24,1,1,CORREGIDO
AV-2025-002765,CRC,0,0,405174981.14,402236193.03,1,1,CUMPLE
AV-2025-002766,USD,0,0,98892.90,97786.80,1,1,CUMPLE
AV-2025-002769,USD,0,0,5138569.42,5082300.34,1,1,CUMPLE
AV-2025-002770,USD,0,0,105864.92,105078.10,1,1,CUMPLE
AV-2025-002772,CRC,1,1,181198577.83,179561336.92,1,1,PERSISTENTE
AV-2025-002773,USD,1,,2280395.65,,1,0,SALIO
AV-2025-002774,CRC,0,0,1244725207.55,1239618302.67,1,1,CUMPLE
AV-2025-002775,CRC,0,0,1327487304.48,1315628428.06,1,1,CUMPLE
AV-2025-002776,USD,0,0,131363.33,130349.46,1,1,CUMPLE
AV-2025-002780,CRC,1,,125794642.08,,1,0,SALIO
AV-2025-002782,CRC,1,0,30392773.62,30290240.48,1,1,CORREGIDO
AV-2025-002784,CRC,1,0,47844539.64,47638835.73,1,1,CORREGIDO
AV-2025-002786,USD,0,,254419.62,,1,0,SALIO_CUMPLIENDO
AV-2025-002787,USD,1,1,,,1,1,PERSISTENTE
AV-2025-002788,CRC,0,0,512591671.72,510922957.92,1,1,CUMPLE
AV-2025-002789,USD,0,0,244864.43,242645.74,1,1,CUMPLE
AV-2025-002790,CRC,0,1,41632876.13,41284501.63,1,1,NUEVO
AV-2025-002791,USD,0,0,11195816.24,11084953.03,1,1,CUMPLE
AV-2025-002794,CRC,0,0,1374371209.16,1368376624.86,1,1,CUMPLE
AV-2025-002796,CRC,1,0,202551230.84,200921312.90,1,1,CORREGIDO
AV-2025-002797,CRC,0,0,268950830.81,267197781.86,1,1,CUMPLE
AV-2025-002798,USD,1,0,526249.23,521969.92,1,1,CORREGIDO
AV-2025-002799,CRC,0,0,41147006.65,40873697.96,1,1,CUMPLE
AV-2025-002800,USD,0,,352496.12,,1,0,SALIO_CUMPLIENDO
AV-2025-002801,CRC,0,0,632493969.65,626640426.75,1,1,CUMPLE
AV-2025-002804,CRC,1,1,2938474958.34,2904728550.69,1,1,PERSISTENTE
AV-2025-002805,CRC,0,0,47709573.42,47525812.29,1,1,CUMPLE
AV-2025-002806,USD,0,0,10635553.69,10508161.20,1,1,CUMPLE
AV-2025-002811,CRC,0,0,4246171949.43,4230278925.49,1,1,CUMPLE
AV-2025-002812,CRC,0,1,263859729.47,262004298.93,1,1,NUEVO
AV-2025-002813,CRC,1,0,,,1,1,CORREGIDO
AV-2025-002817,USD,0,0,286407.56,283675.75,1,1,CUMPLE
AV-2025-002818,CRC,0,0,4108322450.37,4081021617.08,1,1,CUMPLE
AV-2025-002820,USD,1,1,134269.08,133762.27,1,1,PERSISTENTE
AV-2025-002821,CRC,0,0,288459226.93,285062594.36,1,1,CUMPLE
AV-2025-002822,CRC,0,0,,,1,1,CUMPLE
AV-2025-002825,CRC,1,0,487720929.55,482155284.71,1,1,CORREGIDO
AV-2025-002831,USD,0,0,149782.15,148344.82,1,1,CUMPLE
AV-2025-002832,CRC,0,0,313270343.54,310812207.26,1,1,CUMPLE
AV-2025-002833,CRC,0,0,873441533.69,869400993.21,1,1,CUMPLE
AV-2025-002834,CRC,0,0,109409211.87,108634779.86,1,1,CUMPLE
AV-2025-002835,USD,0,0,132780.64,131364.49,1,1,CUMPLE
AV-2025-002836,USD,1,1,426547.94,422938.86,1,1,PERSISTENTE
AV-2025-002837,USD,0,0,,,1,1,CUMPLE
AV-2025-002838,USD,0,0,225768.63,223257.66,1,1,CUMPLE
AV-2025-002844,USD,0,0,1119233.95,1107869.74,1,1,CUMPLE
AV-2025-002845,CRC,1,0,156264380.79,154474239.99,1,1,CORREGIDO
AV-2025-002847,USD,0,0,369550.37,367902.39,1,1,CUMPLE
AV-2025-002848,USD,0,0,,,1,1,CUMPLE
AV-2025-002849,USD,0,0,,,1,1,CUMPLE
AV-2025-002850,USD,0,0,,,1,1,CUMPLE
AV-2025-002851,USD,0,0,129528.47,128088.66,1,1,CUMPLE
AV-2025-002852,CRC,1,0,,,1,1,CORREGIDO
AV-2025-002856,CRC,0,,276822563.21,,1,0,SALIO_CUMPLIENDO
AV-2025-002860,USD,0,0,,,1,1,CUMPLE
AV-2025-002861,CRC,0,0,259100653.44,256761702.87,1,1,CUMPLE
AV-2025-002862,CRC,1,0,36782439.92,36615363.09,1,1,CORREGIDO
AV-2025-002863,CRC,1,1,589353037.80,583608023.68,1,1,PERSISTENTE
AV-2025-002865,CRC,0,0,66836772.22,66205519.44,1,1,CUMPLE
AV-2025-002866,CRC,0,0,,,1,1,CUMPLE
AV-2025-002867,CRC,0,0,252598861.72,250955832.71,1,1,CUMPLE
AV-2025-002869,CRC,0,0,152593541.60,151879179.57,1,1,CUMPLE
AV-2025-002870,USD,0,0,7362771.42,7289346.01,1,1,CUMPLE
AV-2025-002871,CRC,0,0,361366643.68,358943261.47,1,1,CUMPLE
AV-2025-002872,CRC,0,0,183709951.04,182492850.76,1,1,CUMPLE
AV-2025-002873,CRC,0,0,1185806465.94,1180899619.77,1,1,CUMPLE
AV-2025-002876,USD,0,0,337794.40,334707.49,1,1,CUMPLE
AV-2025-002877,USD,0,0,511037.03,507745.20,1,1,CUMPLE
AV-2025-002879,USD,0,0,233915.98,231525.48,1,1,CUMPLE
AV-2025-002880,USD,0,0,365477.29,361493.67,1,1,CUMPLE
AV-2025-002882,USD,1,0,8211790.43,8137940.09,1,1,CORREGIDO
AV-2025-002883,USD,0,0,115892.35,115149.72,1,1,CUMPLE
AV-2025-002884,USD,0,0,224772.83,223068.18,1,1,CUMPLE
AV-2025-002885,CRC,0,0,159345892.84,158673495.03,1,1,CUMPLE
AV-2025-002886,USD,1,0,121277.18,120519.47,1,1,CORREGIDO
AV-2025-002887,CRC,0,0,813419126.47,805873381.07,1,1,CUMPLE
AV-2025-002888,CRC,1,,47556486.59,,1,0,SALIO
AV-2025-002890,CRC,0,0,1296865448.38,1281805135.46,1,1,CUMPLE
AV-2025-002892,USD,0,0,,,1,1,CUMPLE
AV-2025-002893,USD,1,1,591534.16,589599.27,1,1,PERSISTENTE
AV-2025-002894,USD,1,1,,,2,2,PERSISTENTE
AV-2025-002895,CRC,0,0,339049210.22,335456574.00,1,1,CUMPLE
AV-2025-002896,CRC,0,0,712101893.45,703797597.73,1,1,CUMPLE
AV-2025-002897,CRC,0,0,398903479.36,397290048.46,1,1,CUMPLE
AV-2025-002898,CRC,0,0,6700594112.20,6679927629.96,1,1,CUMPLE
AV-2025-002899,CRC,0,0,71073832.88,70315766.84,1,1,CUMPLE
AV-2025-002900,CRC,1,1,,,1,1,PERSISTENTE
AV-2025-002901,CRC,0,0,257233609.33,254483417.19,1,1,CUMPLE
AV-2025-002904,CRC,1,0,588224068.51,585768943.67,1,1,CORREGIDO
AV-2025-002905,USD,1,0,1014473.95,1008917.37,1,1,CORREGIDO
AV-2025-002906,USD,0,0,335685.89,333851.93,1,1,CUMPLE
AV-2025-002907,CRC,0,0,139906653.54,138418644.06,1,1,CUMPLE
AV-2025-002908,CRC,0,0,574448792.24,569871552.74,1,1,CUMPLE
AV-2025-002911,USD,1,1,145296.08,143555.07,1,1,PERSISTENTE
AV-2025-002913,USD,1,,,,1,0,SALIO
AV-2025-002914,CRC,0,0,39175805.59,38975586.17,1,1,CUMPLE
AV-2025-002916,CRC,0,0,29327841.03,28986375.58,1,1,CUMPLE
AV-2025-002917,USD,0,0,628174.53,625135.11,1,1,CUMPLE
AV-2025-002921,CRC,0,0,1587387034.24,1571674068.98,1,1,CUMPLE
AV-2025-002922,CRC,1,,,,1,0,SALIO
AV-2025-002924,USD,0,0,104610.42,104163.89,1,1,CUMPLE
AV-2025-002925,USD,0,0,2891916.27,2862792.22,1,1,CUMPLE
AV-2025-002926,CRC,0,0,1633666116.45,1618297247.99,1,1,CUMPLE
AV-2025-002927,USD,0,0,,,1,1,CUMPLE
AV-2025-002928,CRC,0,0,,,1,1,CUMPLE
AV-2025-002930,USD,0,0,118210.97,117045.62,1,1,CUMPLE
AV-2025-002931,USD,0,0,362690.52,360240.25,1,1,CUMPLE
AV-2025-002933,USD,0,0,495295.61,492623.17,1,1,CUMPLE
AV-2025-002934,CRC,1,1,,,1,1,PERSISTENTE
AV-2025-002935,USD,0,0,,,1,1,CUMPLE
AV-2025-002936,USD,0,0,135448.30,134362.87,1,1,CUMPLE
AV-2025-002938,USD,0,0,5265380.79,5241322.44,1,1,CUMPLE
AV-2025-002941,CRC,0,1,175223761.07,174111844.68,1,1,NUEVO
AV-2025-002942,CRC,0,0,467129116.58,465366820.56,1,1,CUMPLE
AV-2025-002943,CRC,0,0,222575151.82,220114972.00,1,1,CUMPLE
AV-2025-002944,USD,1,,10639712.74,,1,0,SALIO
AV-2025-002946,CRC,0,0,66240160.44,65958906.29,1,1,CUMPLE
AV-2025-002948,CRC,0,0,1577341215.57,1570451433.38,1,1,CUMPLE
AV-2025-002949,CRC,0,0,160094184.15,159306587.33,1,1,CUMPLE
AV-2025-002950,CRC,0,0,109317179.83,108302565.10,1,1,CUMPLE
AV-2025-002951,USD,0,1,193637.35,191347.84,1,1,NUEVO
AV-2025-002952,USD,0,1,203860.48,201771.84,1,1,NUEVO
AV-2025-002953,CRC,1,0,115327960.50,114156843.93,1,1,CORREGIDO
AV-2025-002954,USD,0,0,3856454.63,3844726.34,1,1,CUMPLE
AV-2025-002955,CRC,0,0,1139209904.83,1129347708.79,1,1,CUMPLE
AV-2025-002958,USD,0,0,93536.02,92607.68,1,1,CUMPLE
AV-2025-002959,USD,0,0,814216.16,810918.46,1,1,CUMPLE
AV-2025-002961,CRC,0,0,133692886.07,132467192.41,1,1,CUMPLE
AV-2025-002965,CRC,0,0,133653151.34,132320955.44,1,1,CUMPLE
AV-2025-002966,CRC,0,1,182499295.92,180746516.28,1,1,NUEVO
AV-2025-002967,USD,0,0,240570.33,238150.99,1,1,CUMPLE
AV-2025-002968,USD,0,0,194355.11,193096.85,1,1,CUMPLE
AV-2025-002969,CRC,0,0,,,1,1,CUMPLE
AV-2025-002971,CRC,0,0,231492901.10,228988496.52,1,1,CUMPLE
AV-2025-002974,CRC,1,0,246214903.01,243982872.04,1,1,CORREGIDO
AV-2025-002976,CRC,0,0,109840868.79,108996585.78,1,1,CUMPLE
AV-2025-002977,CRC,0,0,507736234.36,501906531.65,1,1,CUMPLE
AV-2025-002981,CRC,0,0,,,1,1,CUMPLE
AV-2025-002982,CRC,0,0,190965602.32,189644865.19,1,1,CUMPLE
AV-2025-002984,CRC,0,,287332150.79,,1,0,SALIO_CUMPLIENDO
AV-2025-002985,CRC,0,0,423859176.73,419643867.78,1,1,CUMPLE
AV-2025-002987,CRC,0,0,206792924.27,204474375.67,1,1,CUMPLE
AV-2025-002988,USD,0,0,,,1,1,CUMPLE
AV-2025-002989,CRC,0,0,352042891.68,350873910.00,1,1,CUMPLE
AV-2025-002990,CRC,0,0,,,1,1,CUMPLE
AV-2025-002993,CRC,0,0,1359304698.18,1352218252.20,1,1,CUMPLE
AV-2025-002994,USD,1,0,155477.76,154167.92,1,1,CORREGIDO
AV-2025-002996,USD,1,0,205299.52,204546.52,1,1,CORREGIDO
AV-2025-003000,CRC,0,0,140052552.46,138556262.80,1,1,CUMPLE
AV-2025-003004,CRC,1,0,1015660277.49,1006981464.58,1,1,CORREGIDO
AV-2025-003005,USD,1,1,188310.71,186771.05,1,1,PERSISTENTE
AV-2025-003006,CRC,0,0,78456226.03,77773413.19,1,1,CUMPLE
AV-2025-003009,CRC,0,0,1286466935.25,1279478432.26,1,1,CUMPLE
AV-2025-003010,CRC,0,0,274777946.48,271489877.20,1,1,CUMPLE
AV-2025-003012,CRC,1,0,79273126.83,78843813.37,1,1,CORREGIDO
AV-2025-003013,CRC,0,0,,,1,1,CUMPLE
AV-2025-003014,USD,0,0,290297.89,287434.35,1,1,CUMPLE
AV-2025-003016,USD,1,1,82168.40,81538.03,1,1,PERSISTENTE
AV-2025-003018,USD,0,0,1563466.35,1557379.18,1,1,CUMPLE
AV-2025-003020,CRC,0,0,,,1,1,CUMPLE
AV-2025-003021,USD,0,0,436604.36,434296.46,1,1,CUMPLE
AV-2025-003022,USD,1,1,1164952.23,1161091.47,1,1,PERSISTENTE
AV-2025-003023,CRC,0,0,4510016216.76,4491556792.86,1,1,CUMPLE
AV-2025-003025,USD,1,0,232413.97,229959.42,1,1,CORREGIDO
AV-2025-003026,USD,0,,223729.37,,1,0,SALIO_CUMPLIENDO
AV-2025-003031,CRC,1,,,,1,0,SALIO
AV-2025-003032,USD,0,0,105053.58,104357.94,1,1,CUMPLE
AV-2025-003035,USD,0,0,109535.59,108488.55,1,1,CUMPLE
AV-2025-003036,USD,0,0,,,1,1,CUMPLE
AV-2025-003039,CRC,0,0,6542412816.57,6476800385.72,1,1,CUMPLE
AV-2025-003040,CRC,1,0,97321379.32,96905854.37,1,1,CORREGIDO
AV-2025-003042,USD,0,0,196127.98,194720.25,1,1,CUMPLE
AV-2025-003043,CRC,0,1,,,1,1,NUEVO
AV-2025-003044,CRC,0,0,235763766.51,233328337.69,1,1,CUMPLE
AV-2025-003046,USD,0,0,158153.81,156548.85,1,1,CUMPLE
AV-2025-003047,CRC,0,0,826774802.77,820553728.30,1,1,CUMPLE
AV-2025-003048,CRC,1,1,107902350.17,107226959.20,1,1,PERSISTENTE
AV-2025-003051,CRC,0,0,398282546.62,395045607.64,1,1,CUMPLE
AV-2025-003053,USD,0,0,288504.19,287220.60,1,1,CUMPLE
AV-2025-003055,USD,0,0,228440.10,227618.66,1,1,CUMPLE
AV-2025-003057,USD,0,0,144045.08,143244.44,1,1,CUMPLE
AV-2025-003058,CRC,0,0,1462315953.16,1445503265.00,1,1,CUMPLE
AV-2025-003062,CRC,0,0,4101227357.49,4060272488.91,1,1,CUMPLE
AV-2025-003066,CRC,0,0,116179589.81,115094387.02,1,1,CUMPLE
AV-2025-003067,USD,0,0,,,1,1,CUMPLE
AV-2025-003069,USD,0,0,,,1,1,CUMPLE
AV-2025-003070,CRC,0,0,363697599.35,360728737.06,1,1,CUMPLE
AV-2025-003071,USD,1,0,895023.09,891308.07,1,1,CORREGIDO
AV-2025-003072,USD,0,0,335238.58,332247.09,1,1,CUMPLE
AV-2025-003074,CRC,0,0,,,1,1,CUMPLE
AV-2025-003075,USD,0,0,,,1,1,CUMPLE
AV-2025-003076,CRC,0,0,,,1,1,CUMPLE
AV-2025-003080,CRC,1,0,290920485.85,287876752.56,1,1,CORREGIDO
AV-2025-003081,CRC,1,1,204913315.74,203439694.85,1,1,PERSISTENTE
AV-2025-003082,USD,0,0,2480144.42,2454126.67,1,1,CUMPLE
AV-2025-003083,USD,1,1,,,1,1,PERSISTENTE
AV-2025-003084,CRC,1,0,,,1,1,CORREGIDO
AV-2025-003087,CRC,0,0,,,1,1,CUMPLE
AV-2025-003088,CRC,1,0,254839302.92,252359814.82,1,1,CORREGIDO
AV-2025-003091,USD,0,0,4341237.21,4326414.09,1,1,CUMPLE
AV-2025-003093,CRC,0,0,,,1,1,CUMPLE
AV-2025-003094,USD,1,0,193989.43,192828.60,1,1,CORREGIDO
AV-2025-003097,USD,1,1,,,1,1,PERSISTENTE
AV-2025-003098,CRC,0,0,110460816.52,109351539.86,1,1,CUMPLE
AV-2025-003099,CRC,1,1,251611940.93,249232744.00,1,1,PERSISTENTE
AV-2025-003100,CRC,0,1,537797414.40,533121846.54,1,1,NUEVO
AV-2025-003101,CRC,0,0,,,1,1,CUMPLE
AV-2025-003102,CRC,0,,21262595.13,,1,0,SALIO_CUMPLIENDO
AV-2025-003104,CRC,0,0,1396170002.37,1386383285.05,1,1,CUMPLE
AV-2025-003105,USD,0,0,94362.28,93456.72,1,1,CUMPLE
AV-2025-003106,CRC,0,0,185338889.74,184613123.25,1,1,CUMPLE
AV-2025-003107,CRC,0,0,655634081.84,651253896.40,1,1,CUMPLE
AV-2025-003108,USD,0,0,,,1,1,CUMPLE
AV-2025-003109,CRC,0,0,,,1,1,CUMPLE
AV-2025-003110,CRC,0,0,51332834.72,50852000.99,1,1,CUMPLE
AV-2025-003112,USD,1,1,185995.49,185235.21,1,1,PERSISTENTE
AV-2025-003114,CRC,1,0,,,1,1,CORREGIDO
AV-2025-003116,USD,1,1,416419.52,412304.07,1,1,PERSISTENTE
AV-2025-003117,CRC,1,0,207345768.76,205036845.97,1,1,CORREGIDO
AV-2025-003119,USD,1,0,10085143.49,9972364.45,1,1,CORREGIDO
AV-2025-003120,USD,1,1,,,2,2,PERSISTENTE
AV-2025-003122,USD,0,0,490332.63,487617.00,1,1,CUMPLE
AV-2025-003123,CRC,0,0,36741366.54,36342018.34,1,1,CUMPLE
AV-2025-003124,USD,0,0,391136.89,388737.09,1,1,CUMPLE
AV-2025-003126,CRC,0,0,221255329.29,218822945.46,1,1,CUMPLE
AV-2025-003127,USD,1,0,302816.15,300445.15,1,1,CORREGIDO
AV-2025-003129,CRC,0,0,128050244.77,127370326.61,1,1,CUMPLE
AV-2025-003130,USD,0,0,197469.16,195374.65,1,1,CUMPLE
AV-2025-003133,CRC,0,0,,,1,1,CUMPLE
AV-2025-003134,CRC,0,0,3786793507.10,3761762476.35,1,1,CUMPLE
AV-2025-003135,CRC,0,0,98550724.81,97443680.78,1,1,CUMPLE
AV-2025-003138,CRC,1,1,3325271224.44,3304594918.15,1,1,PERSISTENTE
AV-2025-003143,CRC,0,0,169800946.54,168117141.13,1,1,CUMPLE
AV-2025-003144,CRC,0,0,606059936.84,599145175.65,1,1,CUMPLE
AV-2025-003146,USD,0,0,516173.82,512220.86,1,1,CUMPLE
AV-2025-003147,CRC,0,0,158304966.39,157509607.13,1,1,CUMPLE
AV-2025-003149,CRC,0,0,247012275.02,245047177.57,1,1,CUMPLE
AV-2025-003150,CRC,0,0,151040604.61,149305601.90,1,1,CUMPLE
AV-2025-003153,CRC,0,0,,,1,1,CUMPLE
AV-2025-003154,CRC,0,0,225506032.95,224595784.69,1,1,CUMPLE
AV-2025-003155,CRC,1,,,,1,0,SALIO
AV-2025-003157,CRC,0,0,1061271621.76,1048586654.01,1,1,CUMPLE
AV-2025-003158,CRC,0,0,,,1,1,CUMPLE
AV-2025-003159,CRC,1,0,,,1,1,CORREGIDO
AV-2025-003160,CRC,0,0,,,1,1,CUMPLE
AV-2025-003161,USD,0,0,129977.04,129427.25,1,1,CUMPLE
AV-2025-003163,CRC,0,0,147814160.38,146052724.09,1,1,CUMPLE
AV-2025-003165,CRC,0,0,218694823.44,217063399.08,1,1,CUMPLE
AV-2025-003167,CRC,1,0,2006979254.01,2000183626.01,1,1,CORREGIDO
AV-2025-003168,USD,0,0,14833013.63,14716547.74,1,1,CUMPLE
AV-2025-003169,CRC,1,0,,199213096.16,2,1,CORREGIDO
AV-2025-003170,USD,1,1,,,1,1,PERSISTENTE
AV-2025-003172,CRC,0,0,177249790.28,175723017.88,1,1,CUMPLE
AV-2025-003174,USD,1,0,732284.16,726297.65,1,1,CORREGIDO
AV-2025-003176,CRC,0,0,,,1,1,CUMPLE
AV-2025-003177,CRC,0,0,4274242560.05,4256887743.97,1,1,CUMPLE
AV-2025-003178,CRC,1,,2297678480.66,,1,0,SALIO
AV-2025-003179,CRC,0,0,774851747.96,771697953.37,1,1,CUMPLE
AV-2025-003180,USD,0,0,414452.48,410156.03,1,1,CUMPLE
AV-2025-003182,CRC,0,0,153281582.52,151962413.83,1,1,CUMPLE
AV-2025-003183,CRC,0,0,63437465.37,63075522.06,1,1,CUMPLE
AV-2025-003184,USD,0,0,,,1,1,CUMPLE
AV-2025-003185,USD,0,0,82533.23,81747.01,1,1,CUMPLE
AV-2025-003190,USD,0,0,119705.25,119153.47,1,1,CUMPLE
AV-2025-003191,USD,0,0,95827.20,94855.34,1,1,CUMPLE
AV-2025-003192,CRC,0,0,,,1,1,CUMPLE
AV-2025-003193,CRC,0,0,506556995.04,503949143.81,1,1,CUMPLE
AV-2025-003194,CRC,1,0,144801522.73,143333682.56,1,1,CORREGIDO
AV-2025-003195,CRC,0,0,12451633.97,12320963.85,1,1,CUMPLE
AV-2025-003196,CRC,0,0,1266902745.63,1257448942.06,1,1,CUMPLE
AV-2025-003199,CRC,0,0,434629086.33,433265145.21,1,1,CUMPLE
AV-2025-003200,CRC,0,0,2285700516.20,2275691337.97,1,1,CUMPLE
AV-2025-003201,USD,0,0,,,1,1,CUMPLE
AV-2025-003203,CRC,0,0,,,1,1,CUMPLE
AV-2025-003205,CRC,1,1,111656936.21,110950402.39,1,1,PERSISTENTE
AV-2025-003206,CRC,1,0,133721600.62,132330135.75,1,1,CORREGIDO
AV-2025-003207,CRC,0,0,132011276.04,130463977.62,1,1,CUMPLE
AV-2025-003208,USD,0,0,473174.17,468888.61,1,1,CUMPLE
AV-2025-003209,CRC,0,0,,,1,1,CUMPLE
AV-2025-003212,USD,0,0,,,1,1,CUMPLE
AV-2025-003213,CRC,0,0,,,1,1,CUMPLE
AV-2025-003215,USD,1,0,293798.30,292717.02,1,1,CORREGIDO
AV-2025-003216,CRC,0,0,444179123.59,440480237.03,1,1,CUMPLE
AV-2025-003217,CRC,1,1,53321922.52,52924373.98,1,1,PERSISTENTE
AV-2025-003219,USD,0,0,,,1,1,CUMPLE
AV-2025-003220,CRC,0,,118075054.17,,1,0,SALIO_CUMPLIENDO
AV-2025-003221,CRC,1,1,,,1,1,PERSISTENTE
AV-2025-003223,CRC,0,1,,,1,1,NUEVO
AV-2025-003224,CRC,0,0,197299412.77,196343783.84,1,1,CUMPLE
AV-2025-003225,CRC,0,0,256820396.57,254412109.07,1,1,CUMPLE
AV-2025-003226,USD,1,1,340478.19,339376.00,1,1,PERSISTENTE
AV-2025-003227,CRC,0,0,373966940.20,369967653.08,1,1,CUMPLE
AV-2025-003228,CRC,0,0,689082458.74,684514268.94,1,1,CUMPLE
AV-2025-003230,USD,0,0,73088.33,72281.08,1,1,CUMPLE
AV-2025-003231,USD,1,0,44902.53,44398.72,1,1,CORREGIDO
AV-2025-003232,USD,0,0,68919.29,68449.38,1,1,CUMPLE
AV-2025-003233,USD,0,0,267372.00,265759.06,1,1,CUMPLE
AV-2025-003234,CRC,0,0,23832137.35,23734882.21,1,1,CUMPLE
AV-2025-003236,USD,1,0,,,1,1,CORREGIDO
AV-2025-003237,USD,0,0,29744632.11,29582270.84,1,1,CUMPLE
AV-2025-003238,CRC,0,0,,,1,1,CUMPLE
AV-2025-003239,CRC,0,0,,,1,1,CUMPLE
AV-2025-003240,CRC,0,,219071858.46,,1,0,SALIO_CUMPLIENDO
AV-2025-003243,USD,0,0,177703.69,176164.81,1,1,CUMPLE
AV-2025-003244,USD,0,1,472095.50,467518.72,1,1,NUEVO
AV-2025-003245,CRC,1,0,,,1,1,CORREGIDO
AV-2025-003247,CRC,1,0,,,1,1,CORREGIDO
AV-2025-003248,USD,0,0,,,1,1,CUMPLE
AV-2025-003250,CRC,0,0,406490708.78,403568863.45,1,1,CUMPLE
AV-2025-003251,USD,0,0,169649.72,168898.37,1,1,CUMPLE
AV-2025-003252,USD,0,0,270785.34,268792.29,1,1,CUMPLE
AV-2025-003253,USD,1,0,149289.33,148336.65,1,1,CORREGIDO
AV-2025-003255,CRC,1,0,330328975.55,326486567.64,1,1,CORREGIDO
AV-2025-003256,CRC,1,0,,,1,1,CORREGIDO
AV-2025-003257,USD,1,0,5415196.89,5366612.86,1,1,CORREGIDO
AV-2025-003262,USD,0,0,48698.39,48414.19,1,1,CUMPLE
AV-2025-003263,USD,0,0,112264.05,111482.29,1,1,CUMPLE
AV-2025-003265,USD,0,0,213170.61,210702.57,1,1,CUMPLE
AV-2025-003266,USD,1,0,165633.40,164495.18,1,1,CORREGIDO
AV-2025-003268,USD,0,0,2977922.12,2966790.57,1,1,CUMPLE
AV-2025-003270,CRC,,0,,410628539.95,0,1,ENTRA_CUMPLIENDO
AV-2025-003271,CRC,0,0,92263063.64,91189896.47,1,1,CUMPLE
AV-2025-003272,USD,1,0,187551.15,186162.76,1,1,CORREGIDO
AV-2025-003273,CRC,1,0,,,1,1,CORREGIDO
AV-2025-003274,CRC,1,0,282278475.14,279027376.42,1,1,CORREGIDO
AV-2025-003277,CRC,0,0,204646338.01,202242407.52,1,1,CUMPLE
AV-2025-003278,CRC,1,,557227135.82,,1,0,SALIO
AV-2025-003280,USD,0,0,192305.47,190990.31,1,1,CUMPLE
AV-2025-003281,CRC,0,0,21704874.68,21593525.34,1,1,CUMPLE
AV-2025-003283,CRC,0,0,69660285.15,68943034.36,1,1,CUMPLE
AV-2025-003284,CRC,0,1,396440443.33,392729124.01,1,1,NUEVO
AV-2025-003285,USD,0,0,2335307.95,2310099.25,1,1,CUMPLE
AV-2025-003287,USD,0,0,1038823.65,1031758.74,1,1,CUMPLE
AV-2025-003288,CRC,0,0,288783215.74,286559620.89,1,1,CUMPLE
AV-2025-003289,CRC,0,0,197292357.72,196120396.88,1,1,CUMPLE
AV-2025-003290,USD,0,0,,,1,1,CUMPLE
AV-2025-003292,USD,0,0,410752.91,408712.55,1,1,CUMPLE
AV-2025-003293,CRC,0,0,36590176.46,36443596.34,1,1,CUMPLE
AV-2025-003295,CRC,1,0,476787537.36,473586482.70,1,1,CORREGIDO
AV-2025-003297,USD,1,1,127005.68,125861.06,1,1,PERSISTENTE
AV-2025-003299,CRC,0,0,195722272.96,194852431.85,1,1,CUMPLE
AV-2025-003300,CRC,0,0,279996298.06,276637905.81,1,1,CUMPLE
AV-2025-003301,CRC,0,0,,,1,1,CUMPLE
AV-2025-003302,USD,0,0,238616.81,235924.53,1,1,CUMPLE
AV-2025-003305,CRC,0,0,,,1,1,CUMPLE
AV-2025-003306,CRC,1,0,1097283696.69,1093460502.09,1,1,CORREGIDO
AV-2025-003307,CRC,0,0,,,1,1,CUMPLE
AV-2025-003309,CRC,0,0,366524457.40,363118662.49,1,1,CUMPLE
AV-2025-003310,CRC,1,1,293183085.14,291469712.78,1,1,PERSISTENTE
AV-2025-003311,CRC,0,0,14329664250.73,14211940822.71,1,1,CUMPLE
AV-2025-003314,CRC,0,0,,,1,1,CUMPLE
AV-2025-003316,CRC,1,0,586536272.53,583253907.22,1,1,CORREGIDO
AV-2025-003317,CRC,1,1,1027080939.13,1015766483.44,1,1,PERSISTENTE
AV-2025-003320,CRC,1,1,107521942.89,107086898.16,1,1,PERSISTENTE
AV-2025-003323,CRC,1,0,96864409.93,96549656.08,1,1,CORREGIDO
AV-2025-003324,USD,0,0,,,1,1,CUMPLE
AV-2025-003325,CRC,0,0,172872536.88,171997432.28,1,1,CUMPLE
AV-2025-003326,CRC,1,0,154910784.18,153566638.27,1,1,CORREGIDO
AV-2025-003327,USD,0,0,279034.71,275907.17,1,1,CUMPLE
AV-2025-003328,USD,1,0,438523.47,435797.71,1,1,CORREGIDO
AV-2025-003329,CRC,1,0,,,1,1,CORREGIDO
AV-2025-003330,CRC,1,1,542413755.30,537392172.18,1,1,PERSISTENTE
AV-2025-003331,CRC,1,0,,,1,1,CORREGIDO
AV-2025-003332,CRC,1,1,335954722.32,332289438.84,1,1,PERSISTENTE
AV-2025-003333,CRC,0,0,336840391.66,333029416.96,1,1,CUMPLE
AV-2025-003335,USD,0,0,228103.95,226560.21,1,1,CUMPLE
AV-2025-003337,CRC,0,0,526383618.80,520100391.86,1,1,CUMPLE
AV-2025-003338,USD,0,0,792346.17,783561.16,1,1,CUMPLE
AV-2025-003339,CRC,1,1,46980609.99,46737552.87,1,1,PERSISTENTE
AV-2025-003341,CRC,0,0,1963699585.85,1952385321.60,1,1,CUMPLE
AV-2025-003343,USD,0,0,,,1,1,CUMPLE
AV-2025-003344,USD,0,,565561.74,,1,0,SALIO_CUMPLIENDO
AV-2025-003345,USD,1,1,182803.82,181964.19,1,1,PERSISTENTE
AV-2025-003347,USD,0,0,254619.39,252584.49,1,1,CUMPLE
AV-2025-003348,CRC,1,0,679338825.22,672629580.82,1,1,CORREGIDO
AV-2025-003349,CRC,,0,,162122222.40,0,1,ENTRA_CUMPLIENDO
AV-2025-003350,CRC,1,0,5540450669.81,5519274286.35,1,1,CORREGIDO
AV-2025-003351,CRC,1,,,,1,0,SALIO
AV-2025-003352,CRC,1,0,,,1,1,CORREGIDO
AV-2025-003353,USD,0,0,253891.84,251036.93,1,1,CUMPLE
AV-2025-003354,USD,0,0,2986984.96,2953387.11,1,1,CUMPLE
AV-2025-003355,CRC,0,0,,,1,1,CUMPLE
AV-2025-003356,CRC,1,0,703618166.64,700198589.59,1,1,CORREGIDO
AV-2025-003358,CRC,0,0,191996737.75,190494834.65,1,1,CUMPLE
AV-2025-003361,CRC,0,0,592825079.93,590328512.80,1,1,CUMPLE
AV-2025-003362,CRC,0,0,11372164379.78,11332677090.78,1,1,CUMPLE
AV-2025-003363,CRC,0,0,136823780.72,135822397.75,1,1,CUMPLE
AV-2025-003365,CRC,0,0,698029130.27,693656344.03,1,1,CUMPLE
AV-2025-003367,CRC,0,0,133108103.36,132679753.96,1,1,CUMPLE
AV-2025-003370,USD,1,0,7097545.50,7027370.32,1,1,CORREGIDO
AV-2025-003376,USD,1,0,,,1,1,CORREGIDO
AV-2025-003377,CRC,0,0,242883681.19,241132669.58,1,1,CUMPLE
AV-2025-003378,USD,0,0,8273761.36,8229534.83,1,1,CUMPLE
AV-2025-003379,CRC,1,0,434804706.08,433349366.52,1,1,CORREGIDO
AV-2025-003380,CRC,0,0,36850144.25,36474321.90,1,1,CUMPLE
AV-2025-003381,CRC,1,0,155922479.06,154431054.17,1,1,CORREGIDO
AV-2025-003384,CRC,1,0,7114148258.30,7045185157.02,1,1,CORREGIDO
AV-2025-003386,CRC,1,1,567049466.18,560901806.38,1,1,PERSISTENTE
AV-2025-003387,USD,1,0,173609.12,173032.43,1,1,CORREGIDO
AV-2025-003389,CRC,0,0,,,1,1,CUMPLE
AV-2025-003390,USD,1,,1564831.84,,1,0,SALIO
AV-2025-003392,CRC,0,0,44268742.45,44118346.69,1,1,CUMPLE
AV-2025-003393,CRC,0,0,,,1,1,CUMPLE
AV-2025-003395,USD,0,0,182207.42,181578.14,1,1,CUMPLE
AV-2025-003397,USD,0,0,182645.56,180854.95,1,1,CUMPLE
AV-2025-003399,USD,0,0,401960.52,397253.55,1,1,CUMPLE
AV-2025-003401,CRC,1,0,2642284499.10,2630961077.10,1,1,CORREGIDO
AV-2025-003402,CRC,0,0,3396664901.61,3364744880.38,1,1,CUMPLE
AV-2025-003403,CRC,0,0,1892495961.90,1882093184.91,1,1,CUMPLE
AV-2025-003405,CRC,1,0,,,1,1,CORREGIDO
AV-2025-003406,USD,1,,165116.54,,1,0,SALIO
AV-2025-003407,CRC,0,1,260735643.68,258288456.35,1,1,NUEVO
AV-2025-003409,CRC,0,0,,,1,1,CUMPLE
AV-2025-003412,CRC,0,0,145533961.05,143946289.52,1,1,CUMPLE
AV-2025-003413,USD,0,1,454227.79,449832.27,1,1,NUEVO
AV-2025-003414,USD,0,0,,,1,1,CUMPLE
AV-2025-003415,USD,1,0,,,1,1,CORREGIDO
AV-2025-003418,CRC,0,1,386047977.92,383885259.69,1,1,NUEVO
AV-2025-003419,CRC,0,0,253884992.96,251899587.46,1,1,CUMPLE
AV-2025-003420,USD,0,0,547905.95,544991.38,1,1,CUMPLE
AV-2025-003422,CRC,0,0,120557151.97,120151131.36,1,1,CUMPLE
AV-2025-003423,CRC,0,0,960992956.58,957982117.00,1,1,CUMPLE
AV-2025-003424,CRC,1,0,420919129.29,418794012.35,1,1,CORREGIDO
AV-2025-003425,USD,0,0,184638.48,182685.50,1,1,CUMPLE
AV-2025-003427,CRC,0,0,90711388.59,89783193.23,1,1,CUMPLE
AV-2025-003429,CRC,0,0,,,1,1,CUMPLE
AV-2025-003432,USD,1,,23800471.05,,1,0,SALIO
AV-2025-003433,USD,1,,89961.36,,1,0,SALIO
AV-2025-003434,USD,0,0,157026.96,155884.22,1,1,CUMPLE
AV-2025-003436,CRC,0,,870335422.23,,1,0,SALIO_CUMPLIENDO
AV-2025-003438,USD,0,0,243607.97,241100.04,1,1,CUMPLE
AV-2025-003439,CRC,1,0,361491411.56,357649807.77,1,1,CORREGIDO
AV-2025-003442,USD,1,0,,,1,1,CORREGIDO
AV-2025-003444,USD,1,0,65305.51,65088.45,1,1,CORREGIDO
AV-2025-003447,CRC,0,0,354446537.39,350242732.03,1,1,CUMPLE
AV-2025-003449,USD,0,0,,,1,1,CUMPLE
AV-2025-003450,USD,0,0,221741.97,220964.10,1,1,CUMPLE
AV-2025-003451,CRC,0,0,,,1,1,CUMPLE
AV-2025-003452,CRC,0,0,1084424833.52,1072815727.29,1,1,CUMPLE
AV-2025-003453,CRC,0,0,60729927.57,60429295.28,1,1,CUMPLE
AV-2025-003454,USD,1,0,309376.43,307494.09,1,1,CORREGIDO
AV-2025-003455,CRC,0,,228077836.83,,1,0,SALIO_CUMPLIENDO
AV-2025-003459,CRC,0,0,270150574.34,267928203.90,1,1,CUMPLE
AV-2025-003460,USD,1,0,340455.36,338080.89,1,1,CORREGIDO
AV-2025-003461,CRC,1,0,,,1,1,CORREGIDO
AV-2025-003462,USD,0,0,11077989.26,11023192.86,1,1,CUMPLE
AV-2025-003465,USD,0,0,92274.27,91294.17,1,1,CUMPLE
AV-2025-003466,USD,0,0,276421.20,274550.97,1,1,CUMPLE
AV-2025-003468,CRC,0,0,2310422788.44,2291354080.75,1,1,CUMPLE
AV-2025-003469,CRC,0,0,,,1,1,CUMPLE
AV-2025-003470,CRC,0,0,642003785.92,636049599.01,1,1,CUMPLE
AV-2025-003471,CRC,1,0,,,1,1,CORREGIDO
AV-2025-003472,CRC,0,0,269459428.73,266469557.22,1,1,CUMPLE
AV-2025-003473,CRC,0,,128913365.40,,1,0,SALIO_CUMPLIENDO
AV-2025-003474,CRC,0,0,409934590.36,405169493.92,1,1,CUMPLE
AV-2025-003478,CRC,0,0,77405294.84,76794386.85,1,1,CUMPLE
AV-2025-003479,CRC,0,,59273433.78,,1,0,SALIO_CUMPLIENDO
AV-2025-003480,CRC,1,1,,,1,1,PERSISTENTE
AV-2025-003481,USD,0,0,431184.69,428756.16,1,1,CUMPLE
AV-2025-003483,CRC,0,,697776184.77,,1,0,SALIO_CUMPLIENDO
AV-2025-003484,CRC,1,1,108133873.26,107653142.85,1,1,PERSISTENTE
AV-2025-003485,CRC,1,0,,,1,1,CORREGIDO
AV-2025-003487,CRC,1,0,177804839.52,176367622.22,1,1,CORREGIDO
AV-2025-003488,CRC,0,0,96966390.55,96278687.77,1,1,CUMPLE
AV-2025-003489,CRC,1,0,47859171.87,47411766.56,1,1,CORREGIDO
AV-2025-003490,USD,0,0,440670.69,436424.21,1,1,CUMPLE
AV-2025-003491,CRC,1,,,,1,0,SALIO
AV-2025-003493,CRC,1,1,454890515.42,450629178.47,1,1,PERSISTENTE
AV-2025-003494,CRC,0,0,169264110.91,168028786.13,1,1,CUMPLE
AV-2025-003497,CRC,0,0,64210618.24,63467647.20,1,1,CUMPLE
AV-2025-003498,USD,0,0,,,1,1,CUMPLE
AV-2025-003499,CRC,1,0,780964144.99,774919125.91,1,1,CORREGIDO
AV-2025-003507,CRC,1,0,340071428.92,338355909.91,1,1,CORREGIDO
AV-2025-003508,USD,0,0,195464.52,193576.27,1,1,CUMPLE
AV-2025-003510,USD,0,0,161186.34,160094.92,1,1,CUMPLE
AV-2025-003511,CRC,1,1,243617247.26,241486657.77,1,1,PERSISTENTE
AV-2025-003513,CRC,1,0,119409144.03,118337945.19,1,1,CORREGIDO
AV-2025-003514,USD,1,1,110124.52,109757.77,1,1,PERSISTENTE
AV-2025-003515,USD,0,,200304.62,,1,0,SALIO_CUMPLIENDO
AV-2025-003516,CRC,1,0,,,1,1,CORREGIDO
AV-2025-003519,CRC,0,0,,,1,1,CUMPLE
AV-2025-003520,CRC,0,0,,,1,1,CUMPLE
AV-2025-003521,CRC,0,0,147670754.85,146870338.86,1,1,CUMPLE
AV-2025-003522,USD,1,,5688401.58,,1,0,SALIO
AV-2025-003523,CRC,0,0,333886652.38,331600740.70,1,1,CUMPLE
AV-2025-003524,USD,1,0,66342.64,65750.69,1,1,CORREGIDO
AV-2025-003525,USD,1,0,3260851.62,3250432.30,1,1,CORREGIDO
AV-2025-003526,CRC,0,0,2017353643.73,2000487564.68,1,1,CUMPLE
AV-2025-003528,USD,1,0,520225.00,518003.56,1,1,CORREGIDO
AV-2025-003529,USD,1,0,1144523.39,1135369.59,1,1,CORREGIDO
AV-2025-003530,CRC,0,1,,,1,1,NUEVO
AV-2025-003531,USD,0,0,2193012.01,2172801.03,1,1,CUMPLE
AV-2025-003532,CRC,0,0,46520511.58,46256534.84,1,1,CUMPLE
AV-2025-003533,CRC,0,0,898348132.22,887937971.62,1,1,CUMPLE
AV-2025-003534,USD,1,0,39606.00,39305.17,1,1,CORREGIDO
AV-2025-003537,USD,1,,1355651.95,,1,0,SALIO
AV-2025-003538,CRC,1,0,,,1,1,CORREGIDO
AV-2025-003539,USD,0,0,,,1,1,CUMPLE
AV-2025-003540,CRC,1,0,61810069.70,61600803.39,1,1,CORREGIDO
AV-2025-003541,CRC,0,0,719931383.76,711339764.32,1,1,CUMPLE
AV-2025-003542,USD,0,0,3148305.64,3114100.23,1,1,CUMPLE
AV-2025-003544,USD,0,0,1505107.07,1495245.72,1,1,CUMPLE
AV-2025-003545,CRC,0,0,226251481.68,225338205.77,1,1,CUMPLE
AV-2025-003546,USD,0,0,55487.75,55051.70,1,1,CUMPLE
AV-2025-003547,CRC,1,0,2580390505.65,2560482684.91,1,1,CORREGIDO
AV-2025-003548,CRC,0,0,323378523.98,321531225.72,1,1,CUMPLE
AV-2025-003550,CRC,1,0,127462307.42,126183201.55,1,1,CORREGIDO
AV-2025-003551,CRC,0,0,71338489.29,71021976.65,1,1,CUMPLE
AV-2025-003553,USD,0,0,,,1,1,CUMPLE
AV-2025-003554,CRC,0,0,364219007.65,361392999.87,1,1,CUMPLE
AV-2025-003555,USD,1,0,310851.77,309111.81,1,1,CORREGIDO
AV-2025-003557,USD,1,1,1375482.48,1371147.75,1,1,PERSISTENTE
AV-2025-003560,CRC,0,0,1313419835.63,1300201117.02,1,1,CUMPLE
AV-2025-003561,CRC,1,0,904705669.15,897643817.80,1,1,CORREGIDO
AV-2025-003562,CRC,0,0,147795577.87,147097469.19,1,1,CUMPLE
AV-2025-003563,USD,0,0,576265.77,572778.56,1,1,CUMPLE
AV-2025-003564,CRC,0,0,62352807.77,61783902.80,1,1,CUMPLE
AV-2025-003566,CRC,0,0,215299520.76,213552844.00,1,1,CUMPLE
AV-2025-003567,CRC,0,0,1080872050.59,1068995255.69,1,1,CUMPLE
AV-2025-003569,USD,0,0,2592755.18,2584228.45,1,1,CUMPLE
AV-2025-003570,CRC,0,0,,,1,1,CUMPLE
AV-2025-003571,CRC,1,0,387235520.03,383084919.04,1,1,CORREGIDO
AV-2025-003574,USD,0,0,,,1,1,CUMPLE
AV-2025-003575,USD,0,0,3316287.12,3294434.62,1,1,CUMPLE
AV-2025-003576,USD,0,0,5228147.47,5194485.29,1,1,CUMPLE
AV-2025-003577,CRC,0,0,502478628.99,498957339.99,1,1,CUMPLE
AV-2025-003578,CRC,0,0,353688976.79,350743069.92,1,1,CUMPLE
AV-2025-003582,CRC,0,0,,,1,1,CUMPLE
AV-2025-003583,USD,1,1,52675.17,52516.03,1,1,PERSISTENTE
AV-2025-003587,CRC,0,0,452472904.17,448108640.17,1,1,CUMPLE
AV-2025-003588,USD,0,,79907.55,,1,0,SALIO_CUMPLIENDO
AV-2025-003589,CRC,1,0,407695788.23,404996716.20,1,1,CORREGIDO
AV-2025-003590,CRC,0,0,,,1,1,CUMPLE
AV-2025-003591,USD,1,1,68395.85,67958.10,1,1,PERSISTENTE
AV-2025-003593,USD,0,0,7549588.93,7500118.09,1,1,CUMPLE
AV-2025-003594,CRC,1,1,244639627.29,241940987.81,1,1,PERSISTENTE
AV-2025-003596,CRC,0,0,452262297.00,448317212.60,1,1,CUMPLE
AV-2025-003597,CRC,1,0,262522318.88,260770290.54,1,1,CORREGIDO
AV-2025-003598,USD,1,,295805.55,,1,0,SALIO
AV-2025-003600,USD,0,0,,,1,1,CUMPLE
AV-2025-003603,CRC,1,,470170833.84,,1,0,SALIO
AV-2025-003604,USD,0,1,7268590.50,7242827.99,1,1,NUEVO
AV-2025-003605,USD,0,0,1712535.55,1695734.67,1,1,CUMPLE
AV-2025-003609,USD,1,1,99209.11,98603.40,1,1,PERSISTENTE
AV-2025-003610,USD,0,0,3009778.25,2987743.74,1,1,CUMPLE
AV-2025-003611,CRC,0,0,141761786.10,141241365.49,1,1,CUMPLE
AV-2025-003612,CRC,0,0,,,1,1,CUMPLE
AV-2025-003613,USD,0,0,1496562.55,1481079.45,1,1,CUMPLE
AV-2025-003614,USD,1,1,3940126.59,3896497.85,1,1,PERSISTENTE
AV-2025-003615,CRC,0,0,394593613.09,390410273.51,1,1,CUMPLE
AV-2025-003616,USD,1,0,187544.37,185430.69,1,1,CORREGIDO
AV-2025-003619,USD,0,0,128113.99,127282.31,1,1,CUMPLE
AV-2025-003620,USD,0,0,259096.09,256554.27,1,1,CUMPLE
AV-2025-003622,USD,0,0,13638406.34,13574515.40,1,1,CUMPLE
AV-2025-003623,USD,0,0,96030.90,95737.14,1,1,CUMPLE
AV-2025-003624,USD,0,0,,,1,1,CUMPLE
AV-2025-003626,CRC,1,0,631449655.86,629468341.32,1,1,CORREGIDO
AV-2025-003627,CRC,0,1,124418386.86,123121314.60,1,1,NUEVO
AV-2025-003628,CRC,1,1,1035286902.96,1027248098.11,1,1,PERSISTENTE
AV-2025-003629,USD,1,1,14703194.02,14620862.27,1,1,PERSISTENTE
AV-2025-003630,USD,0,0,233680.78,232007.55,1,1,CUMPLE
AV-2025-003631,CRC,0,0,273955820.23,272696113.82,1,1,CUMPLE
AV-2025-003632,CRC,0,0,19698557.70,19611765.37,1,1,CUMPLE
AV-2025-003633,USD,0,0,14077187.63,14034439.65,1,1,CUMPLE
AV-2025-003634,CRC,0,0,42911246.53,42701833.23,1,1,CUMPLE
AV-2025-003637,CRC,1,,240891057.05,,1,0,SALIO
AV-2025-003638,USD,0,0,122731.81,122019.85,1,1,CUMPLE
AV-2025-003639,CRC,1,1,90459684.18,89962347.08,1,1,PERSISTENTE
AV-2025-003641,CRC,0,0,711440810.48,705529618.72,1,1,CUMPLE
AV-2025-003642,CRC,0,0,,,1,1,CUMPLE
AV-2025-003643,CRC,0,0,506738847.09,503233884.67,1,1,CUMPLE
AV-2025-003646,CRC,0,0,3214877669.45,3201319505.95,1,1,CUMPLE
AV-2025-003648,USD,0,0,234868.75,232624.49,1,1,CUMPLE
AV-2025-003651,CRC,0,0,92995411.27,91981141.00,1,1,CUMPLE
AV-2025-003652,CRC,1,0,331334722.01,328050557.72,1,1,CORREGIDO
AV-2025-003653,CRC,0,0,29444492.18,29253963.96,1,1,CUMPLE
AV-2025-003654,CRC,0,0,,,1,1,CUMPLE
AV-2025-003655,CRC,1,0,30066456.69,29749673.81,1,1,CORREGIDO
AV-2025-003656,USD,1,,485843.36,,1,0,SALIO
AV-2025-003657,USD,0,0,393349.46,390466.53,1,1,CUMPLE
AV-2025-003659,USD,0,0,135113.53,134227.75,1,1,CUMPLE
AV-2025-003660,USD,0,0,498938.71,494979.80,1,1,CUMPLE
AV-2025-003661,CRC,0,0,368366547.33,364874821.83,1,1,CUMPLE
AV-2025-003662,USD,1,0,217679.84,217021.91,1,1,CORREGIDO
AV-2025-003665,USD,1,0,70579.59,70020.06,1,1,CORREGIDO
AV-2025-003667,CRC,0,0,177400899.30,175708132.47,1,1,CUMPLE
AV-2025-003668,CRC,1,0,613628334.91,610772739.48,1,1,CORREGIDO
AV-2025-003669,CRC,0,,327042537.37,,1,0,SALIO_CUMPLIENDO
AV-2025-003673,USD,0,0,4803075.73,4755531.16,1,1,CUMPLE
AV-2025-003674,CRC,1,0,,626604842.14,2,1,CORREGIDO
AV-2025-003675,USD,0,0,,,1,1,CUMPLE
AV-2025-003676,USD,1,0,4445721.61,4421578.35,1,1,CORREGIDO
AV-2025-003679,USD,0,0,5705834.18,5685586.26,1,1,CUMPLE
AV-2025-003681,CRC,0,0,,,1,1,CUMPLE
AV-2025-003682,CRC,0,0,153565169.29,151923088.23,1,1,CUMPLE
AV-2025-003683,CRC,1,0,311901193.44,308862140.73,1,1,CORREGIDO
AV-2025-003686,CRC,1,1,154106496.43,152405625.58,1,1,PERSISTENTE
AV-2025-003687,USD,0,0,210138.05,208001.33,1,1,CUMPLE
AV-2025-003689,CRC,1,0,173770718.92,173053563.75,1,1,CORREGIDO
AV-2025-003690,CRC,0,0,19919460142.25,19711819264.74,1,1,CUMPLE
AV-2025-003691,CRC,0,1,306898844.86,305173164.84,1,1,NUEVO
AV-2025-003692,CRC,0,0,108391256.91,107737554.83,1,1,CUMPLE
AV-2025-003693,USD,0,0,384569.77,381622.25,1,1,CUMPLE
AV-2025-003694,CRC,0,0,555266374.98,552538456.55,1,1,CUMPLE
AV-2025-003695,CRC,0,0,433912357.92,432327667.66,1,1,CUMPLE
AV-2025-003696,CRC,0,0,122923273.74,121635645.78,1,1,CUMPLE
AV-2025-003699,CRC,0,0,349199208.94,347158765.46,1,1,CUMPLE
AV-2025-003700,CRC,0,0,,,1,1,CUMPLE
AV-2025-003701,CRC,1,1,1024441181.08,1012923105.00,1,1,PERSISTENTE
AV-2025-003702,USD,0,0,137703.20,136484.45,1,1,CUMPLE
AV-2025-003703,USD,1,0,,,1,1,CORREGIDO
AV-2025-003704,CRC,0,0,,,1,1,CUMPLE
AV-2025-003705,CRC,1,0,12689932978.81,12566809291.34,1,1,CORREGIDO
AV-2025-003706,CRC,0,0,173443881.68,172652096.58,1,1,CUMPLE
AV-2025-003708,USD,0,0,137747.89,136602.60,1,1,CUMPLE
AV-2025-003709,USD,0,0,258189.59,255800.28,1,1,CUMPLE
AV-2025-003710,USD,0,0,180370.39,179413.24,1,1,CUMPLE
AV-2025-003711,CRC,0,0,696021706.06,691030516.85,1,1,CUMPLE
AV-2025-003713,USD,0,0,79596.29,78706.53,1,1,CUMPLE
AV-2025-003715,CRC,0,1,239394060.05,238381230.91,1,1,NUEVO
AV-2025-003717,CRC,0,0,,,1,1,CUMPLE
AV-2025-003718,CRC,0,0,268199086.23,265940769.16,1,1,CUMPLE
AV-2025-003719,USD,0,0,6830562.90,6750589.81,1,1,CUMPLE
AV-2025-003720,CRC,1,1,158362983.20,157110981.31,1,1,PERSISTENTE
AV-2025-003721,CRC,0,0,235246434.74,234473506.80,1,1,CUMPLE
AV-2025-003722,USD,0,0,192887.76,191263.56,1,1,CUMPLE
AV-2025-003725,CRC,0,0,64333880.78,64110838.18,1,1,CUMPLE
AV-2025-003727,USD,0,0,,,1,1,CUMPLE
AV-2025-003728,USD,0,0,115900.29,115194.63,1,1,CUMPLE
AV-2025-003730,CRC,0,0,119589886.26,118808280.75,1,1,CUMPLE
AV-2025-003732,USD,0,0,120231.79,119366.60,1,1,CUMPLE
AV-2025-003733,CRC,1,1,342783805.57,340295325.79,1,1,PERSISTENTE
AV-2025-003735,CRC,0,0,,,1,1,CUMPLE
AV-2025-003736,USD,0,1,,,1,1,NUEVO
AV-2025-003738,CRC,1,1,52031833.84,51417082.41,1,1,PERSISTENTE
AV-2025-003739,CRC,1,0,,,1,1,CORREGIDO
AV-2025-003741,CRC,1,1,791450160.72,782779323.88,1,1,PERSISTENTE
AV-2025-003742,CRC,0,0,1657103829.85,1639849942.03,1,1,CUMPLE
AV-2025-003743,USD,0,1,234320.39,232300.26,1,1,NUEVO
AV-2025-003744,CRC,0,0,74394651.50,73845767.07,1,1,CUMPLE
AV-2025-003747,CRC,0,0,,,1,1,CUMPLE
AV-2025-003748,CRC,0,1,361566121.34,358478533.64,1,1,NUEVO
AV-2025-003750,CRC,1,0,104400723.65,103647796.24,1,1,CORREGIDO
AV-2025-003752,USD,0,0,158832.53,158339.99,1,1,CUMPLE
AV-2025-003753,CRC,1,,764275096.69,,1,0,SALIO
AV-2025-003755,CRC,0,0,1359826188.80,1343941408.56,1,1,CUMPLE
AV-2025-003756,CRC,0,0,115554083.58,114989535.77,1,1,CUMPLE
AV-2025-003759,USD,1,0,1104049.26,1091357.38,1,1,CORREGIDO
AV-2025-003761,CRC,1,,435284352.42,,1,0,SALIO
AV-2025-003765,CRC,0,0,172201909.88,171170470.20,1,1,CUMPLE
AV-2025-003766,CRC,0,0,,,1,1,CUMPLE
AV-2025-003768,USD,1,1,174942.31,173884.36,1,1,PERSISTENTE
AV-2025-003769,USD,0,0,53195.84,52596.60,1,1,CUMPLE
AV-2025-003773,CRC,0,0,439671929.51,436102008.07,1,1,CUMPLE
AV-2025-003774,USD,0,0,115959.86,114573.63,1,1,CUMPLE
AV-2025-003775,USD,0,0,240864.28,238152.77,1,1,CUMPLE
AV-2025-003776,CRC,0,0,157013905.31,156126640.48,1,1,CUMPLE
AV-2025-003778,USD,1,,365245.84,,1,0,SALIO
AV-2025-003784,USD,1,0,,,1,1,CORREGIDO
AV-2025-003785,CRC,0,0,88067899.07,87556954.67,1,1,CUMPLE
AV-2025-003791,CRC,0,0,,,1,1,CUMPLE
AV-2025-003795,CRC,0,0,955979682.90,952188315.88,1,1,CUMPLE
AV-2025-003798,CRC,0,0,201367639.29,199594120.56,1,1,CUMPLE
AV-2025-003799,USD,0,0,367438.64,364123.68,1,1,CUMPLE
AV-2025-003801,CRC,1,1,,,1,1,PERSISTENTE
AV-2025-003802,USD,0,0,85208.98,84539.04,1,1,CUMPLE
AV-2025-003803,CRC,0,0,450511190.38,449088135.83,1,1,CUMPLE
AV-2025-003804,USD,0,1,105403.14,104974.97,1,1,NUEVO
AV-2025-003805,CRC,1,1,233505318.24,232742068.91,1,1,PERSISTENTE
AV-2025-003806,CRC,1,0,58076749.76,57774135.07,1,1,CORREGIDO
AV-2025-003808,CRC,1,1,19727740109.79,19590026697.54,1,1,PERSISTENTE
AV-2025-003809,CRC,0,0,568764587.07,562775968.28,1,1,CUMPLE
AV-2025-003810,CRC,0,0,214248931.40,212308387.66,1,1,CUMPLE
AV-2025-003812,CRC,1,1,70248630.69,69506664.96,1,1,PERSISTENTE
AV-2025-003813,CRC,0,0,44386408.24,44181148.76,1,1,CUMPLE
AV-2025-003815,CRC,1,0,,,1,1,CORREGIDO
AV-2025-003816,CRC,0,0,217072505.46,215715046.99,1,1,CUMPLE
AV-2025-003817,USD,0,0,328078.87,325339.73,1,1,CUMPLE
AV-2025-003818,USD,0,0,302213.59,300276.12,1,1,CUMPLE
AV-2025-003819,CRC,0,0,232679434.75,230221389.36,1,1,CUMPLE
AV-2025-003820,CRC,0,0,89522097.82,89043848.58,1,1,CUMPLE
AV-2025-003821,USD,0,0,79886.30,79566.21,1,1,CUMPLE
AV-2025-003822,CRC,1,0,700144054.64,695997851.35,1,1,CORREGIDO
AV-2025-003823,CRC,1,0,2077728070.28,2062837144.27,1,1,CORREGIDO
AV-2025-003824,USD,0,0,169000.69,167413.89,1,1,CUMPLE
AV-2025-003825,USD,0,0,446141.19,443388.40,1,1,CUMPLE
AV-2025-003826,CRC,0,0,109359215.54,108315895.16,1,1,CUMPLE
AV-2025-003828,CRC,0,0,463623311.53,458990001.75,1,1,CUMPLE
AV-2025-003829,CRC,0,0,1085294595.42,1079574907.80,1,1,CUMPLE
AV-2025-003830,CRC,0,0,6006946979.39,5945913975.35,1,1,CUMPLE
AV-2025-003831,CRC,1,0,59387678.18,58749271.31,1,1,CORREGIDO
AV-2025-003833,CRC,0,0,,,1,1,CUMPLE
AV-2025-003834,USD,0,0,4195052.89,4173028.81,1,1,CUMPLE
AV-2025-003835,USD,0,0,139844.18,138529.48,1,1,CUMPLE
AV-2025-003838,USD,1,0,91938.17,91038.59,1,1,CORREGIDO
AV-2025-003839,CRC,0,0,,,1,1,CUMPLE
AV-2025-003841,CRC,0,0,,,1,1,CUMPLE
AV-2025-003843,CRC,0,0,773374498.95,766287646.05,1,1,CUMPLE
AV-2025-003844,USD,0,0,3515720.99,3477498.49,1,1,CUMPLE
AV-2025-003847,CRC,0,0,,,1,1,CUMPLE
AV-2025-003849,USD,0,0,136020.27,134420.70,1,1,CUMPLE
AV-2025-003850,CRC,1,1,1793882148.83,1782536043.50,1,1,PERSISTENTE
AV-2025-003851,CRC,1,1,,,1,1,PERSISTENTE
AV-2025-003852,CRC,0,0,,,1,1,CUMPLE
AV-2025-003853,CRC,0,0,,,1,1,CUMPLE
AV-2025-003854,USD,0,0,9190442.06,9126525.99,1,1,CUMPLE
AV-2025-003856,CRC,0,0,123326909.01,122941819.59,1,1,CUMPLE
AV-2025-003859,CRC,0,0,1013840908.31,1006887936.16,1,1,CUMPLE
AV-2025-003860,CRC,0,0,1855169465.73,1837568028.14,1,1,CUMPLE
AV-2025-003861,CRC,0,0,1275752992.64,1268228430.09,1,1,CUMPLE
AV-2025-003862,USD,0,0,32335.11,32159.55,1,1,CUMPLE
AV-2025-003863,CRC,1,0,,74165.77,2,1,CORREGIDO
AV-2025-003864,CRC,1,0,476524347.06,470989710.43,1,1,CORREGIDO
AV-2025-003865,CRC,0,0,54145130.96,53669799.18,1,1,CUMPLE
AV-2025-003866,USD,0,0,,,1,1,CUMPLE
AV-2025-003867,CRC,1,,71014089.03,,1,0,SALIO
AV-2025-003869,USD,0,0,,,1,1,CUMPLE
AV-2025-003871,USD,0,0,6596102.33,6542367.83,1,1,CUMPLE
AV-2025-003872,CRC,1,1,,,2,2,PERSISTENTE
AV-2025-003873,CRC,1,0,189050756.33,188195770.16,1,1,CORREGIDO
AV-2025-003876,CRC,0,0,173040774.75,171341836.46,1,1,CUMPLE
AV-2025-003877,USD,1,0,,348160.58,2,1,CORREGIDO
AV-2025-003878,CRC,0,0,85576956.13,85225746.29,1,1,CUMPLE
AV-2025-003879,USD,0,0,,,1,1,CUMPLE
AV-2025-003881,CRC,0,0,398864650.82,395536664.56,1,1,CUMPLE
AV-2025-003882,USD,0,0,129895.62,128616.56,1,1,CUMPLE
AV-2025-003885,USD,1,0,1253119.17,1240643.94,1,1,CORREGIDO
AV-2025-003887,USD,1,0,285423.90,283287.48,1,1,CORREGIDO
AV-2025-003888,USD,0,0,,,1,1,CUMPLE
AV-2025-003889,CRC,1,1,64743580.23,64204961.00,1,1,PERSISTENTE
AV-2025-003890,CRC,1,0,96385955.90,95476271.98,1,1,CORREGIDO
AV-2025-003891,CRC,0,0,9809003239.85,9713992734.19,1,1,CUMPLE
AV-2025-003892,CRC,1,1,51413137.15,51001991.02,1,1,PERSISTENTE
AV-2025-003895,CRC,0,0,201286402.91,199055841.24,1,1,CUMPLE
AV-2025-003896,USD,1,0,1331701.81,1327123.75,1,1,CORREGIDO
AV-2025-003898,CRC,0,0,432705976.84,428102041.43,1,1,CUMPLE
AV-2025-003899,CRC,0,0,,,1,1,CUMPLE
AV-2025-003900,CRC,0,0,323371773.70,319918067.29,1,1,CUMPLE
AV-2025-003901,CRC,0,0,193892073.86,191922722.75,1,1,CUMPLE
AV-2025-003902,CRC,1,0,236328800.23,235378081.00,1,1,CORREGIDO
AV-2025-003903,USD,0,0,579491.55,575772.30,1,1,CUMPLE
AV-2025-003905,CRC,1,0,88821520.57,88448508.02,1,1,CORREGIDO
AV-2025-003907,CRC,1,0,360356245.96,357019901.41,1,1,CORREGIDO
AV-2025-003908,CRC,0,0,599475496.65,595911709.09,1,1,CUMPLE
AV-2025-003910,CRC,1,1,1250955562.39,1238929652.86,1,1,PERSISTENTE
AV-2025-003911,CRC,0,0,510163372.35,505516978.58,1,1,CUMPLE
AV-2025-003914,USD,0,0,238985.57,236311.00,1,1,CUMPLE
AV-2025-003918,USD,0,0,,,1,1,CUMPLE
AV-2025-003919,CRC,0,0,,,1,1,CUMPLE
AV-2025-003920,USD,0,0,220851.31,219439.53,1,1,CUMPLE
AV-2025-003921,CRC,0,0,271407679.60,269738817.79,1,1,CUMPLE
AV-2025-003923,CRC,0,0,125514723.82,124147547.59,1,1,CUMPLE
AV-2025-003924,USD,1,0,140732.98,139699.64,1,1,CORREGIDO
AV-2025-003927,CRC,0,0,242630963.00,240760680.49,1,1,CUMPLE
AV-2025-003930,USD,0,0,135255.38,133656.53,1,1,CUMPLE
AV-2025-003931,CRC,0,,84963756.82,,1,0,SALIO_CUMPLIENDO
AV-2025-003932,CRC,0,0,,,1,1,CUMPLE
AV-2025-003933,USD,1,1,,,1,1,PERSISTENTE
AV-2025-003934,CRC,0,0,,,1,1,CUMPLE
AV-2025-003935,USD,1,0,252344.45,251510.33,1,1,CORREGIDO
AV-2025-003938,CRC,0,0,81866505.64,80905204.66,1,1,CUMPLE
AV-2025-003939,USD,0,0,259782.17,257330.79,1,1,CUMPLE
AV-2025-003940,USD,0,,,,1,0,SALIO_CUMPLIENDO
AV-2025-003942,CRC,1,0,1291683974.96,1285316513.27,1,1,CORREGIDO
AV-2025-003943,CRC,1,0,106946256.86,105680243.45,1,1,CORREGIDO
AV-2025-003944,USD,0,0,310578.92,307505.74,1,1,CUMPLE
AV-2025-003945,USD,0,0,133233.60,132200.34,1,1,CUMPLE
AV-2025-003946,CRC,1,0,213515817.11,212779938.25,1,1,CORREGIDO
AV-2025-003950,USD,1,0,554822.14,551973.81,1,1,CORREGIDO
AV-2025-003952,USD,0,0,550139.09,544610.84,1,1,CUMPLE
AV-2025-003957,USD,1,,86222.77,,1,0,SALIO
AV-2025-003958,CRC,0,0,361102934.02,357667178.02,1,1,CUMPLE
AV-2025-003959,CRC,0,0,82037235.91,81672605.90,1,1,CUMPLE
AV-2025-003960,USD,0,0,201574.91,199850.68,1,1,CUMPLE
AV-2025-003962,CRC,0,0,,,1,1,CUMPLE
AV-2025-003963,CRC,0,0,418001945.45,415161371.13,1,1,CUMPLE
AV-2025-003966,USD,0,0,4568530.50,4520882.64,1,1,CUMPLE
AV-2025-003967,USD,0,0,181339.48,180449.27,1,1,CUMPLE
AV-2025-003969,CRC,1,0,630895940.29,628053377.55,1,1,CORREGIDO
AV-2025-003970,CRC,1,0,84426913.77,83450276.06,1,1,CORREGIDO
AV-2025-003971,CRC,0,0,229446329.66,228741881.39,1,1,CUMPLE
AV-2025-003972,CRC,1,0,348607755.02,346728061.66,1,1,CORREGIDO
AV-2025-003978,CRC,1,0,148239729.14,146549602.61,1,1,CORREGIDO
AV-2025-003979,CRC,0,0,,,1,1,CUMPLE
AV-2025-003980,USD,0,0,490615.20,484985.08,1,1,CUMPLE
AV-2025-003981,USD,0,0,,,1,1,CUMPLE
AV-2025-003983,CRC,0,0,,,1,1,CUMPLE
AV-2025-003984,USD,0,0,2381450.86,2361821.41,1,1,CUMPLE
AV-2025-003986,CRC,0,0,1227997073.74,1214930980.71,1,1,CUMPLE
AV-2025-003988,CRC,0,0,511921368.20,507248707.15,1,1,CUMPLE
AV-2025-003989,CRC,0,0,,,1,1,CUMPLE
AV-2025-003990,CRC,1,1,308083826.03,306578348.34,1,1,PERSISTENTE
AV-2025-003991,CRC,0,0,250685557.90,249432563.36,1,1,CUMPLE
AV-2025-003992,USD,0,0,3750203.23,3732442.82,1,1,CUMPLE
AV-2025-003993,CRC,0,0,239747541.74,237423434.19,1,1,CUMPLE
AV-2025-003994,CRC,0,0,190395146.64,189055814.67,1,1,CUMPLE
AV-2025-003996,USD,0,0,1164741.15,1159954.94,1,1,CUMPLE
AV-2025-003997,USD,0,0,,,1,1,CUMPLE
AV-2025-003999,CRC,0,0,520116191.29,516473496.68,1,1,CUMPLE
AV-2026-000007,USD,0,0,714793.49,712363.12,1,1,CUMPLE
AV-2026-000015,CRC,0,0,,,1,1,CUMPLE
AV-2026-000018,CRC,0,0,1209637764.98,1197941746.79,1,1,CUMPLE
AV-2026-000019,USD,1,,448753.87,,1,0,SALIO
AV-2026-000020,CRC,0,0,324179176.39,320867780.88,1,1,CUMPLE
AV-2026-000036,CRC,0,0,377619173.67,373605148.78,1,1,CUMPLE
AV-2026-000038,USD,0,0,1251802.86,1246324.76,1,1,CUMPLE
AV-2026-000046,CRC,0,0,504673378.44,500828980.94,1,1,CUMPLE
AV-2026-000066,CRC,1,1,253666245.39,251482756.69,1,1,PERSISTENTE
AV-2026-000072,USD,0,0,270484.05,269467.01,1,1,CUMPLE
AV-2026-000078,CRC,1,0,718724150.00,716067729.54,1,1,CORREGIDO
AV-2026-000094,USD,1,,6500674.68,,1,0,SALIO
AV-2026-000095,USD,0,0,,,1,1,CUMPLE
AV-2026-000098,CRC,0,0,33608625.79,33210940.05,1,1,CUMPLE
AV-2026-000106,USD,0,0,316336.68,314930.17,1,1,CUMPLE
AV-2026-000109,CRC,0,0,,,1,1,CUMPLE
AV-2026-000113,CRC,0,0,344607379.90,340946185.46,1,1,CUMPLE
AV-2026-000135,USD,0,0,,,1,1,CUMPLE
AV-2026-000137,USD,0,0,522409.82,520286.87,1,1,CUMPLE
AV-2026-000144,CRC,0,0,1201218545.75,1191793404.93,1,1,CUMPLE
AV-2026-000153,USD,0,0,229367.51,226703.62,1,1,CUMPLE
AV-2026-000161,USD,1,1,,,1,1,PERSISTENTE
AV-2026-000164,CRC,0,0,1516178203.11,1509842128.79,1,1,CUMPLE
AV-2026-000184,CRC,1,0,233087021.27,231508451.34,1,1,CORREGIDO
AV-2026-000185,CRC,1,0,144359059.87,143588809.54,1,1,CORREGIDO
AV-2026-000188,CRC,0,0,459458313.86,455921473.85,1,1,CUMPLE
AV-2026-000192,CRC,1,0,451331628.79,448804152.17,1,1,CORREGIDO
AV-2026-000209,CRC,0,0,87993496.27,87408929.68,1,1,CUMPLE
AV-2026-000212,CRC,0,0,178243853.98,177253248.94,1,1,CUMPLE
AV-2026-000217,CRC,0,0,223470158.67,222586126.81,1,1,CUMPLE
AV-2026-000231,USD,1,0,4282889.96,4234565.34,1,1,CORREGIDO
AV-2026-000234,USD,0,0,70160.52,69765.49,1,1,CUMPLE
AV-2026-000241,CRC,1,1,113043551.25,112442237.53,1,1,PERSISTENTE
AV-2026-000243,CRC,0,0,,,1,1,CUMPLE
AV-2026-000255,CRC,1,0,,,1,1,CORREGIDO
AV-2026-000264,CRC,0,0,,,1,1,CUMPLE
AV-2026-000265,USD,1,0,144611.22,143481.92,1,1,CORREGIDO
AV-2026-000267,USD,0,0,84038.54,83476.66,1,1,CUMPLE
AV-2026-000277,USD,1,0,394985.92,393088.04,1,1,CORREGIDO
AV-2026-000279,CRC,0,0,,,1,1,CUMPLE
AV-2026-000299,USD,0,0,,,1,1,CUMPLE
AV-2026-000308,USD,1,0,4246765.35,4211792.83,1,1,CORREGIDO
AV-2026-000323,USD,1,0,262818.29,261631.58,1,1,CORREGIDO
AV-2026-000330,CRC,1,0,,,1,1,CORREGIDO
AV-2026-000341,USD,1,,10135130.67,,1,0,SALIO
AV-2026-000352,USD,0,0,549210.36,546439.64,1,1,CUMPLE
AV-2026-000356,CRC,0,0,788476003.45,782841619.95,1,1,CUMPLE
AV-2026-000358,CRC,0,0,2491665990.47,2469093126.71,1,1,CUMPLE
AV-2026-000359,CRC,0,0,,,1,1,CUMPLE
AV-2026-000366,CRC,0,0,679784909.99,675918799.01,1,1,CUMPLE
AV-2026-000367,CRC,1,1,172118761.92,171578930.91,1,1,PERSISTENTE
AV-2026-000368,CRC,0,0,66762628.57,66191625.67,1,1,CUMPLE
AV-2026-000373,USD,0,0,182089.17,180058.58,1,1,CUMPLE
AV-2026-000385,USD,1,0,378668.19,375779.83,1,1,CORREGIDO
AV-2026-000391,USD,1,0,329328.03,325412.92,1,1,CORREGIDO
AV-2026-000415,CRC,0,0,237687792.29,236081861.29,1,1,CUMPLE
AV-2026-000420,CRC,0,0,,,1,1,CUMPLE
AV-2026-000427,CRC,0,0,,,1,1,CUMPLE
AV-2026-000430,CRC,0,0,17226589853.94,17103414064.80,1,1,CUMPLE
AV-2026-000431,CRC,0,0,,,1,1,CUMPLE
AV-2026-000438,CRC,1,,333387137.47,,1,0,SALIO
AV-2026-000451,USD,0,0,218603.29,216858.31,1,1,CUMPLE
AV-2026-000459,CRC,0,0,947813873.99,944084747.47,1,1,CUMPLE
AV-2026-000467,USD,0,0,,,1,1,CUMPLE
AV-2026-000468,USD,0,0,183409.35,182497.95,1,1,CUMPLE
AV-2026-000470,CRC,1,,124448882.01,,1,0,SALIO
AV-2026-000475,CRC,1,0,4595498292.93,4566754685.11,1,1,CORREGIDO
AV-2026-000496,CRC,0,0,,,1,1,CUMPLE
AV-2026-000497,USD,0,0,141677.96,140404.42,1,1,CUMPLE
AV-2026-000498,USD,0,0,208675.97,207495.31,1,1,CUMPLE
AV-2026-000499,CRC,0,0,366660515.79,362699826.90,1,1,CUMPLE
AV-2026-000525,CRC,1,0,52897889.35,52531597.86,1,1,CORREGIDO
AV-2026-000529,CRC,0,0,7477119368.47,7432501568.81,1,1,CUMPLE
AV-2026-000530,USD,0,0,146935.96,145596.44,1,1,CUMPLE
AV-2026-000546,USD,0,0,379226.28,376056.17,1,1,CUMPLE
AV-2026-000553,CRC,0,0,,,1,1,CUMPLE
AV-2026-000559,USD,1,0,80058.24,79725.51,1,1,CORREGIDO
AV-2026-000571,CRC,1,0,29713584348.40,29478837215.17,1,1,CORREGIDO
AV-2026-000577,CRC,0,0,460764587.60,455245307.39,1,1,CUMPLE
AV-2026-000585,CRC,1,1,112203891.73,111413123.66,1,1,PERSISTENTE
AV-2026-000586,CRC,0,0,,,1,1,CUMPLE
AV-2026-000591,CRC,1,0,,,1,1,CORREGIDO
AV-2026-000592,CRC,1,1,150787776.24,149299625.70,1,1,PERSISTENTE
AV-2026-000594,CRC,0,0,,,1,1,CUMPLE
AV-2026-000597,CRC,0,,215711761.87,,1,0,SALIO_CUMPLIENDO
AV-2026-000598,CRC,0,0,233622351.69,231907386.30,1,1,CUMPLE
AV-2026-000601,USD,0,0,176352.19,175563.01,1,1,CUMPLE
AV-2026-000610,CRC,1,0,64583292.90,64001002.91,1,1,CORREGIDO
AV-2026-000612,CRC,1,0,33718634.30,33569072.95,1,1,CORREGIDO
AV-2026-000628,CRC,1,1,126862941.25,126101847.45,1,1,PERSISTENTE
AV-2026-000640,USD,0,0,,,1,1,CUMPLE
AV-2026-000641,CRC,1,0,34749889.17,34587793.12,1,1,CORREGIDO
AV-2026-000644,USD,0,0,314658.18,312722.82,1,1,CUMPLE
AV-2026-000647,USD,0,0,198865.15,196584.07,1,1,CUMPLE
AV-2026-000654,CRC,0,0,530895035.20,526275303.56,1,1,CUMPLE
AV-2026-000655,CRC,0,0,145330869.12,144053476.99,1,1,CUMPLE
AV-2026-000668,CRC,0,0,30847253267.56,30542242047.04,1,1,CUMPLE
AV-2026-000681,CRC,0,0,313756152.71,310349495.18,1,1,CUMPLE
AV-2026-000699,CRC,0,,216025534.00,,1,0,SALIO_CUMPLIENDO
AV-2026-000701,CRC,0,0,9481210738.91,9398062616.37,1,1,CUMPLE
AV-2026-000708,USD,0,0,,,1,1,CUMPLE
AV-2026-000723,USD,0,0,251093.58,248555.74,1,1,CUMPLE
AV-2026-000734,CRC,0,0,,,1,1,CUMPLE
AV-2026-000739,CRC,1,0,861520223.44,852329084.35,1,1,CORREGIDO
AV-2026-000751,CRC,0,0,93676443.79,92654026.13,1,1,CUMPLE
AV-2026-000756,CRC,0,0,,,1,1,CUMPLE
AV-2026-000774,CRC,0,0,251168777.78,248947920.42,1,1,CUMPLE
AV-2026-000777,CRC,0,0,187562751.18,186109372.21,1,1,CUMPLE
AV-2026-000783,CRC,1,0,,,1,1,CORREGIDO
AV-2026-000785,CRC,0,0,90327422.09,89858647.02,1,1,CUMPLE
AV-2026-000792,USD,1,0,534353.84,528526.37,1,1,CORREGIDO
AV-2026-000797,USD,0,0,7418873.89,7373698.39,1,1,CUMPLE
AV-2026-000803,USD,0,0,2352933.06,2335746.35,1,1,CUMPLE
AV-2026-000812,CRC,0,1,,,1,1,NUEVO
AV-2026-000817,CRC,1,1,343978496.68,342283439.15,1,1,PERSISTENTE
AV-2026-000826,CRC,1,0,362911575.82,361048956.05,1,1,CORREGIDO
AV-2026-000831,CRC,0,0,282961887.41,281762994.17,1,1,CUMPLE
AV-2026-000833,USD,0,0,7646547.30,7563765.80,1,1,CUMPLE
AV-2026-000837,USD,0,0,,,1,1,CUMPLE
AV-2026-000840,CRC,0,0,2539461770.15,2517079437.57,1,1,CUMPLE
AV-2026-000848,CRC,0,,237355317.73,,1,0,SALIO_CUMPLIENDO
AV-2026-000857,USD,0,0,5058326.31,5041074.11,1,1,CUMPLE
AV-2026-000866,CRC,1,0,12950421171.12,12813466484.46,1,1,CORREGIDO
AV-2026-000867,USD,1,1,210036.27,208872.48,1,1,PERSISTENTE
AV-2026-000899,CRC,1,,,,1,0,SALIO
AV-2026-000902,CRC,0,0,,,1,1,CUMPLE
AV-2026-000912,USD,0,0,212697.11,211331.37,1,1,CUMPLE
AV-2026-000918,USD,0,0,273683.29,270679.98,1,1,CUMPLE
AV-2026-000919,CRC,0,0,310632839.35,307832800.99,1,1,CUMPLE
AV-2026-000920,USD,0,0,2153153.63,2133039.08,1,1,CUMPLE
AV-2026-000926,CRC,1,0,668912658.49,664847820.51,1,1,CORREGIDO
AV-2026-000929,CRC,0,0,3529185819.00,3503103340.46,1,1,CUMPLE
AV-2026-000930,CRC,0,0,177859237.42,176994823.48,1,1,CUMPLE
AV-2026-000940,USD,0,0,,,1,1,CUMPLE
AV-2026-000946,CRC,0,1,74934408.24,74665947.40,1,1,NUEVO
AV-2026-000954,CRC,0,0,201335865.02,199770572.79,1,1,CUMPLE
AV-2026-000960,USD,0,0,251392.66,250429.31,1,1,CUMPLE
AV-2026-000961,CRC,1,1,276314648.54,273169020.04,1,1,PERSISTENTE
AV-2026-000978,CRC,1,1,401589222.33,399046802.63,1,1,PERSISTENTE
AV-2026-000992,CRC,0,0,133130435.35,131583648.94,1,1,CUMPLE
AV-2026-000994,USD,0,0,522210.66,520548.15,1,1,CUMPLE
AV-2026-001029,CRC,1,0,596064669.91,592715041.09,1,1,CORREGIDO
AV-2026-001053,USD,0,0,394901.09,390540.99,1,1,CUMPLE
AV-2026-001063,USD,1,0,126832.76,126359.20,1,1,CORREGIDO
AV-2026-001065,USD,0,0,1970483.79,1958887.28,1,1,CUMPLE
AV-2026-001069,CRC,0,0,137091793.10,135646432.32,1,1,CUMPLE
AV-2026-001084,CRC,0,0,403884507.13,399170194.61,1,1,CUMPLE
AV-2026-001093,CRC,0,0,239622758.41,237673157.63,1,1,CUMPLE
AV-2026-001095,CRC,1,1,,,1,1,PERSISTENTE
AV-2026-001101,CRC,0,0,,,1,1,CUMPLE
AV-2026-001103,USD,0,0,410530.22,407853.71,1,1,CUMPLE
AV-2026-001125,CRC,0,0,287950960.02,284998085.60,1,1,CUMPLE
AV-2026-001131,CRC,0,0,,,1,1,CUMPLE
AV-2026-001134,USD,0,0,1745483.92,1725549.21,1,1,CUMPLE
AV-2026-001136,USD,1,1,6059070.05,6028435.90,1,1,PERSISTENTE
AV-2026-001146,CRC,1,0,,427761.30,2,1,CORREGIDO
AV-2026-001154,CRC,1,0,,,1,1,CORREGIDO
AV-2026-001159,CRC,0,0,,,1,1,CUMPLE
AV-2026-001160,CRC,0,0,,,1,1,CUMPLE
AV-2026-001168,USD,0,1,375531.29,372047.89,1,1,NUEVO
AV-2026-001181,CRC,1,,4482678926.03,,1,0,SALIO
AV-2026-001194,CRC,0,0,317637704.59,314596457.57,1,1,CUMPLE
AV-2026-001218,CRC,0,0,,,1,1,CUMPLE
AV-2026-001222,CRC,1,1,24551493.51,24390385.60,1,1,PERSISTENTE
AV-2026-001225,CRC,0,0,191807280.52,190514033.42,1,1,CUMPLE
AV-2026-001227,USD,0,0,294296.30,292184.51,1,1,CUMPLE
AV-2026-001247,USD,0,0,,,1,1,CUMPLE
AV-2026-001256,USD,1,0,290563.31,289372.72,1,1,CORREGIDO
AV-2026-001257,CRC,0,0,645729945.21,638286276.92,1,1,CUMPLE
AV-2026-001265,CRC,0,0,81463444.63,80798750.28,1,1,CUMPLE
AV-2026-001268,CRC,0,0,502982047.13,499337294.14,1,1,CUMPLE
AV-2026-001277,CRC,0,0,477538467.45,475567612.96,1,1,CUMPLE
AV-2026-001279,USD,0,0,306752.85,305168.90,1,1,CUMPLE
AV-2026-001283,CRC,0,0,,,1,1,CUMPLE
AV-2026-001298,USD,0,0,,,1,1,CUMPLE
AV-2026-001308,CRC,1,0,311907220.72,310425546.51,1,1,CORREGIDO
AV-2026-001310,CRC,1,0,87499261.24,86522278.97,1,1,CORREGIDO
AV-2026-001318,USD,1,0,137750.26,137140.37,1,1,CORREGIDO
AV-2026-001324,CRC,0,0,199765291.18,198802420.66,1,1,CUMPLE
AV-2026-001334,CRC,0,0,8701261.54,8636568.01,1,1,CUMPLE
AV-2026-001343,USD,0,0,146998.01,146022.99,1,1,CUMPLE
AV-2026-001368,CRC,0,0,112588584.95,111793806.85,1,1,CUMPLE
AV-2026-001374,CRC,0,0,,,1,1,CUMPLE
AV-2026-001393,CRC,0,0,113235662.28,112247054.97,1,1,CUMPLE
AV-2026-001397,CRC,0,0,739405919.31,732536666.64,1,1,CUMPLE
AV-2026-001418,CRC,0,0,695689902.52,691466802.63,1,1,CUMPLE
AV-2026-001431,CRC,1,0,487917536.40,484467705.26,1,1,CORREGIDO
AV-2026-001452,CRC,0,0,174357847.10,172851894.52,1,1,CUMPLE
AV-2026-001465,USD,0,0,226022.15,224819.35,1,1,CUMPLE
AV-2026-001480,CRC,0,0,120567522.00,120058022.58,1,1,CUMPLE
AV-2026-001484,CRC,0,0,665358462.50,662284453.23,1,1,CUMPLE
AV-2026-001490,CRC,0,0,164383341.62,162838365.42,1,1,CUMPLE
AV-2026-001499,CRC,1,1,,,2,2,PERSISTENTE
AV-2026-001507,USD,0,0,1058317.36,1051098.75,1,1,CUMPLE
AV-2026-001512,CRC,0,0,125273964.70,124804802.44,1,1,CUMPLE
AV-2026-001517,USD,0,0,1738998.72,1719206.88,1,1,CUMPLE
AV-2026-001544,CRC,1,0,239008922.27,237521930.54,1,1,CORREGIDO
AV-2026-001546,CRC,0,0,127989304.25,127238091.22,1,1,CUMPLE
AV-2026-001553,USD,0,0,12282803.25,12231675.38,1,1,CUMPLE
AV-2026-001576,USD,1,0,453904.80,448645.81,1,1,CORREGIDO
AV-2026-001612,CRC,0,0,943168651.49,937795442.24,1,1,CUMPLE
AV-2026-001616,CRC,0,0,271091410.39,267889692.27,1,1,CUMPLE
AV-2026-001646,CRC,1,0,55323182.54,54710949.74,1,1,CORREGIDO
AV-2026-001660,CRC,0,0,185496648.71,184766358.59,1,1,CUMPLE
AV-2026-001670,USD,0,0,354573.64,351372.72,1,1,CUMPLE
AV-2026-001673,CRC,0,0,877052371.93,866666886.32,1,1,CUMPLE
AV-2026-001677,CRC,0,0,465248746.88,462901122.43,1,1,CUMPLE
AV-2026-001685,USD,0,,589038.16,,1,0,SALIO_CUMPLIENDO
AV-2026-001703,CRC,0,0,422002768.65,420199379.12,1,1,CUMPLE
AV-2026-001705,CRC,0,0,1216971554.39,1206174673.40,1,1,CUMPLE
AV-2026-001706,CRC,1,0,276016651.42,273073971.57,1,1,CORREGIDO
AV-2026-001712,CRC,0,0,2106513444.86,2098737454.64,1,1,CUMPLE
AV-2026-001729,CRC,0,0,109257930.47,108579511.29,1,1,CUMPLE
AV-2026-001731,USD,1,1,121792.62,121196.22,1,1,PERSISTENTE
AV-2026-001741,CRC,1,0,405895748.69,401819543.18,1,1,CORREGIDO
AV-2026-001752,CRC,0,0,293905592.12,292896095.06,1,1,CUMPLE
AV-2026-001755,USD,0,0,354560.62,352410.07,1,1,CUMPLE
AV-2026-001758,USD,0,0,105933.06,105611.45,1,1,CUMPLE
AV-2026-001761,USD,0,0,2458969.61,2448948.48,1,1,CUMPLE
AV-2026-001768,USD,0,0,,,1,1,CUMPLE
AV-2026-001775,USD,0,0,,,1,1,CUMPLE
AV-2026-001778,USD,1,1,,,1,1,PERSISTENTE
AV-2026-001779,CRC,0,0,5006632214.61,4948118432.83,1,1,CUMPLE
AV-2026-001811,CRC,0,0,442641431.83,439272900.65,1,1,CUMPLE
AV-2026-001813,USD,0,0,206023.32,203870.46,1,1,CUMPLE
AV-2026-001819,USD,0,0,399859.45,395295.74,1,1,CUMPLE
AV-2026-001820,USD,1,0,603577.20,598369.00,1,1,CORREGIDO
AV-2026-001826,USD,0,0,315551.12,312491.16,1,1,CUMPLE
AV-2026-001827,USD,0,0,553427.51,549302.29,1,1,CUMPLE
AV-2026-001831,CRC,0,0,147461908.59,146128254.87,1,1,CUMPLE
AV-2026-001832,USD,1,1,307089.53,305950.46,1,1,PERSISTENTE
AV-2026-001833,CRC,0,0,90447029.44,89765336.56,1,1,CUMPLE
AV-2026-001843,USD,0,0,3778519.08,3755659.29,1,1,CUMPLE
AV-2026-001854,CRC,0,0,172487496.89,171536551.92,1,1,CUMPLE
AV-2026-001857,USD,0,0,245776.75,243534.09,1,1,CUMPLE
AV-2026-001872,CRC,1,1,436077576.50,433725481.61,1,1,PERSISTENTE
AV-2026-001879,USD,1,0,3520637.20,3496805.40,1,1,CORREGIDO
AV-2026-001888,CRC,0,0,1081601412.63,1077520451.26,1,1,CUMPLE
AV-2026-001891,CRC,0,0,,,1,1,CUMPLE
AV-2026-001894,CRC,0,0,1770201517.85,1760340796.63,1,1,CUMPLE
AV-2026-001897,CRC,1,0,8967553.78,8893773.34,1,1,CORREGIDO
AV-2026-001902,USD,0,0,4256195.48,4238378.03,1,1,CUMPLE
AV-2026-001922,CRC,0,0,,,1,1,CUMPLE
AV-2026-001925,CRC,0,0,836838529.88,829776086.80,1,1,CUMPLE
AV-2026-001926,CRC,1,0,,,1,1,CORREGIDO
AV-2026-001930,CRC,1,0,,,1,1,CORREGIDO
AV-2026-001933,USD,0,0,,,1,1,CUMPLE
AV-2026-001939,CRC,0,0,74164791.06,73791448.12,1,1,CUMPLE
AV-2026-001949,CRC,0,0,541823208.37,538398192.86,1,1,CUMPLE
AV-2026-001957,USD,0,1,151762.57,150031.87,1,1,NUEVO
AV-2026-001958,CRC,0,0,265452980.46,263459075.19,1,1,CUMPLE
AV-2026-001971,USD,0,0,6315771.96,6252944.35,1,1,CUMPLE
AV-2026-001972,CRC,0,0,209440710.55,208738039.33,1,1,CUMPLE
AV-2026-001973,CRC,0,,75427197.30,,1,0,SALIO_CUMPLIENDO
AV-2026-001988,CRC,0,0,377338329.35,374347537.56,1,1,CUMPLE
AV-2026-001991,CRC,0,0,2530886662.01,2522800856.71,1,1,CUMPLE
AV-2026-002002,USD,1,0,647458.71,645271.77,1,1,CORREGIDO
AV-2026-002004,CRC,1,0,763945310.17,759010289.07,1,1,CORREGIDO
AV-2026-002006,USD,1,0,,,1,1,CORREGIDO
AV-2026-002007,USD,1,0,11630845.50,11565738.21,1,1,CORREGIDO
AV-2026-002013,USD,1,1,471961.89,467348.14,1,1,PERSISTENTE
AV-2026-002020,CRC,0,0,439284730.58,437459039.47,1,1,CUMPLE
AV-2026-002028,CRC,1,0,2218672745.02,2193447579.38,1,1,CORREGIDO
AV-2026-002032,CRC,1,0,146782309.39,145084633.51,1,1,CORREGIDO
AV-2026-002047,CRC,0,0,772723650.14,768903550.49,1,1,CUMPLE
AV-2026-002062,CRC,1,0,192496581.98,191459997.06,1,1,CORREGIDO
AV-2026-002068,CRC,0,0,150736433.03,150258152.38,1,1,CUMPLE
AV-2026-002073,CRC,0,0,40396625.37,40055026.15,1,1,CUMPLE
AV-2026-002082,CRC,0,0,70903677.14,70462661.73,1,1,CUMPLE
AV-2026-002087,CRC,1,1,76196714.35,75799889.18,1,1,PERSISTENTE
AV-2026-002091,USD,0,1,58533.28,57860.98,1,1,NUEVO
AV-2026-002094,CRC,0,0,409966977.37,405240422.23,1,1,CUMPLE
AV-2026-002097,CRC,0,0,,,1,1,CUMPLE
AV-2026-002107,USD,0,0,246910.00,244834.17,1,1,CUMPLE
AV-2026-002115,CRC,1,0,1484992600.17,1476777376.94,1,1,CORREGIDO
AV-2026-002116,CRC,0,0,346238745.85,343741942.09,1,1,CUMPLE
AV-2026-002118,USD,0,0,342709.29,341451.74,1,1,CUMPLE
AV-2026-002123,USD,0,0,358931.85,357095.04,1,1,CUMPLE
AV-2026-002134,CRC,0,,38829695.39,,1,0,SALIO_CUMPLIENDO
AV-2026-002138,USD,0,0,3051954.85,3015389.50,1,1,CUMPLE
AV-2026-002144,USD,0,0,146445.14,145927.19,1,1,CUMPLE
AV-2026-002168,USD,0,0,9018912.63,8911410.55,1,1,CUMPLE
AV-2026-002169,USD,1,1,4389031.35,4340582.15,1,1,PERSISTENTE
AV-2026-002182,USD,0,0,364701.18,361116.33,1,1,CUMPLE
AV-2026-002189,CRC,0,0,1031637913.97,1020421886.50,1,1,CUMPLE
AV-2026-002193,CRC,1,1,,,1,1,PERSISTENTE
AV-2026-002201,CRC,0,0,11433717.70,11325056.57,1,1,CUMPLE
AV-2026-002203,CRC,1,0,160866668.46,159608447.08,1,1,CORREGIDO
AV-2026-002224,CRC,0,0,127682578.60,127259290.83,1,1,CUMPLE
AV-2026-002237,CRC,1,0,52126402.80,51629339.76,1,1,CORREGIDO
AV-2026-002249,USD,0,0,262948.87,261605.96,1,1,CUMPLE
AV-2026-002257,CRC,0,0,527356820.24,524934039.28,1,1,CUMPLE
AV-2026-002268,USD,0,0,772338.03,769129.77,1,1,CUMPLE
AV-2026-002277,USD,0,0,572713.75,568242.16,1,1,CUMPLE
AV-2026-002283,USD,0,0,141207.34,140764.04,1,1,CUMPLE
AV-2026-002295,USD,0,,206402.25,,1,0,SALIO_CUMPLIENDO
AV-2026-002296,CRC,1,1,11410179455.30,11355578792.49,1,1,PERSISTENTE
AV-2026-002308,CRC,1,,160048519.37,,1,0,SALIO
AV-2026-002316,USD,1,1,131402.19,130787.81,1,1,PERSISTENTE
AV-2026-002326,USD,0,0,323921.99,322831.31,1,1,CUMPLE
AV-2026-002338,USD,0,0,497030.78,494564.65,1,1,CUMPLE
AV-2026-002343,USD,0,0,12476264.02,12369938.76,1,1,CUMPLE
AV-2026-002367,CRC,0,0,352746027.84,351565149.44,1,1,CUMPLE
AV-2026-002371,USD,0,0,390174.12,385752.54,1,1,CUMPLE
AV-2026-002373,USD,0,0,,,1,1,CUMPLE
AV-2026-002401,USD,0,0,133225.26,132050.01,1,1,CUMPLE
AV-2026-002411,USD,0,0,,,1,1,CUMPLE
AV-2026-002412,USD,0,0,7847722.97,7759689.16,1,1,CUMPLE
AV-2026-002423,CRC,0,0,216427081.20,214145694.98,1,1,CUMPLE
AV-2026-002425,CRC,1,0,2730729443.48,2698201705.79,1,1,CORREGIDO
AV-2026-002426,CRC,0,0,149317200.63,147796858.22,1,1,CUMPLE
AV-2026-002429,CRC,1,1,,,1,1,PERSISTENTE
AV-2026-002439,USD,0,0,324072.53,320626.14,1,1,CUMPLE
AV-2026-002454,USD,0,0,,,1,1,CUMPLE
AV-2026-002471,CRC,0,0,175957670.49,175383799.61,1,1,CUMPLE
AV-2026-002472,CRC,0,0,265853000.45,263118667.73,1,1,CUMPLE
AV-2026-002486,CRC,1,,267796135.24,,1,0,SALIO
AV-2026-002488,CRC,1,1,97559009.55,96440960.92,1,1,PERSISTENTE
AV-2026-002527,CRC,0,0,259414046.61,257771442.93,1,1,CUMPLE
AV-2026-002546,CRC,0,0,128531974.59,127214951.08,1,1,CUMPLE
AV-2026-002550,CRC,0,0,,,1,1,CUMPLE
AV-2026-002551,CRC,0,0,63214795.20,62798434.17,1,1,CUMPLE
AV-2026-002566,CRC,0,0,621937284.06,620011551.84,1,1,CUMPLE
AV-2026-002582,CRC,0,0,2197391737.07,2189686272.76,1,1,CUMPLE
AV-2026-002587,USD,0,0,,,1,1,CUMPLE
AV-2026-002600,CRC,0,0,18715275.41,18642717.17,1,1,CUMPLE
AV-2026-002605,CRC,0,0,4620132541.17,4577292766.20,1,1,CUMPLE
AV-2026-002608,USD,1,0,,,1,1,CORREGIDO
AV-2026-002616,CRC,0,0,440451607.39,436836290.19,1,1,CUMPLE
AV-2026-002626,CRC,0,0,385435164.33,382762085.50,1,1,CUMPLE
AV-2026-002632,CRC,0,0,,,1,1,CUMPLE
AV-2026-002659,USD,0,0,2231307.82,2207783.64,1,1,CUMPLE
AV-2026-002673,CRC,0,0,444103041.12,441822375.18,1,1,CUMPLE
AV-2026-002681,CRC,0,0,,,1,1,CUMPLE
AV-2026-002700,CRC,0,0,1736404012.33,1724259901.08,1,1,CUMPLE
AV-2026-002704,CRC,0,0,1129207863.27,1124934879.03,1,1,CUMPLE
AV-2026-002709,USD,0,0,245933.44,244283.00,1,1,CUMPLE
AV-2026-002712,CRC,1,1,,,1,1,PERSISTENTE
AV-2026-002715,USD,0,0,124924.58,123936.44,1,1,CUMPLE
AV-2026-002720,CRC,0,0,344598782.00,341822608.25,1,1,CUMPLE
AV-2026-002725,CRC,0,0,,,1,1,CUMPLE
AV-2026-002739,USD,0,0,,,1,1,CUMPLE
AV-2026-002746,CRC,1,0,330377813.78,328924759.26,1,1,CORREGIDO
AV-2026-002753,CRC,0,0,431809681.21,427600684.51,1,1,CUMPLE
AV-2026-002762,CRC,0,0,,,1,1,CUMPLE
AV-2026-002768,CRC,1,0,1513574210.67,1498885592.24,1,1,CORREGIDO
AV-2026-002781,USD,0,0,605508.93,602284.55,1,1,CUMPLE
AV-2026-002785,CRC,0,0,96916554.42,95858766.90,1,1,CUMPLE
AV-2026-002793,CRC,0,0,375967945.88,373505323.68,1,1,CUMPLE
AV-2026-002807,USD,0,0,151345.62,149980.46,1,1,CUMPLE
AV-2026-002809,CRC,1,,,,1,0,SALIO
AV-2026-002819,USD,1,0,,,1,1,CORREGIDO
AV-2026-002826,USD,0,,78561.04,,1,0,SALIO_CUMPLIENDO
AV-2026-002827,CRC,0,,,,1,0,SALIO_CUMPLIENDO
AV-2026-002840,CRC,1,1,98640822.95,97821196.33,1,1,PERSISTENTE
AV-2026-002841,USD,0,0,129450.85,128176.68,1,1,CUMPLE
AV-2026-002842,CRC,1,1,190555100.45,189015067.63,1,1,PERSISTENTE
AV-2026-002857,CRC,0,0,15257403631.88,15190238685.24,1,1,CUMPLE
AV-2026-002859,CRC,0,0,509279451.60,506064115.25,1,1,CUMPLE
AV-2026-002875,CRC,1,1,,,1,1,PERSISTENTE
AV-2026-002878,CRC,1,,,,1,0,SALIO
AV-2026-002889,USD,1,0,115386.82,114202.51,1,1,CORREGIDO
AV-2026-002910,CRC,0,0,536661808.87,533325156.33,1,1,CUMPLE
AV-2026-002915,CRC,0,0,405045185.08,401786670.33,1,1,CUMPLE
AV-2026-002918,CRC,1,0,,,1,1,CORREGIDO
AV-2026-002920,CRC,0,0,240123171.35,238779216.28,1,1,CUMPLE
AV-2026-002960,CRC,0,0,897884307.06,894605066.73,1,1,CUMPLE
AV-2026-002970,CRC,1,0,254038580.40,252242246.52,1,1,CORREGIDO
AV-2026-002978,USD,1,1,210525.23,208367.25,1,1,PERSISTENTE
AV-2026-002983,USD,0,1,473791.85,468260.41,1,1,NUEVO
AV-2026-002992,CRC,0,0,,,1,1,CUMPLE
AV-2026-002998,CRC,0,0,3731067472.06,3695185693.21,1,1,CUMPLE
AV-2026-002999,CRC,0,0,77676960.38,77194853.41,1,1,CUMPLE
AV-2026-003007,CRC,0,0,,,1,1,CUMPLE
AV-2026-003008,CRC,0,0,445669272.76,441111691.35,1,1,CUMPLE
AV-2026-003015,USD,1,0,265564.22,264696.72,1,1,CORREGIDO
AV-2026-003024,USD,0,0,295057.02,293742.81,1,1,CUMPLE
AV-2026-003027,USD,0,0,,,1,1,CUMPLE
AV-2026-003028,USD,0,0,6618989.72,6554886.15,1,1,CUMPLE
AV-2026-003029,USD,1,0,351754.83,348812.11,1,1,CORREGIDO
AV-2026-003030,CRC,1,1,182615964.21,180668338.95,1,1,PERSISTENTE
AV-2026-003033,CRC,0,,378368405.66,,1,0,SALIO_CUMPLIENDO
AV-2026-003034,USD,0,0,1025857.99,1015964.65,1,1,CUMPLE
AV-2026-003045,CRC,1,1,3147113482.28,3119836182.09,1,1,PERSISTENTE
AV-2026-003054,CRC,1,0,2289038602.24,2277330818.37,1,1,CORREGIDO
AV-2026-003063,USD,0,0,1747060.10,1732362.32,1,1,CUMPLE
AV-2026-003073,CRC,0,0,,,1,1,CUMPLE
AV-2026-003078,CRC,0,0,740098909.19,736669337.08,1,1,CUMPLE
AV-2026-003085,USD,0,0,,,1,1,CUMPLE
AV-2026-003115,CRC,0,0,1566537097.97,1556450580.11,1,1,CUMPLE
AV-2026-003132,CRC,1,0,,,1,1,CORREGIDO
AV-2026-003139,CRC,0,0,251240463.62,249018454.34,1,1,CUMPLE
AV-2026-003164,CRC,0,0,674975302.14,669860723.56,1,1,CUMPLE
AV-2026-003166,CRC,1,1,,,1,1,PERSISTENTE
AV-2026-003173,CRC,1,1,140285647.50,138646574.40,1,1,PERSISTENTE
AV-2026-003175,CRC,0,0,3600883891.76,3557885658.05,1,1,CUMPLE
AV-2026-003187,CRC,0,0,1891841934.09,1878357604.97,1,1,CUMPLE
AV-2026-003189,CRC,0,0,,,1,1,CUMPLE
AV-2026-003211,CRC,0,0,,,1,1,CUMPLE
AV-2026-003214,USD,0,0,316513.77,315540.52,1,1,CUMPLE
AV-2026-003218,CRC,0,0,234011558.94,231524001.78,1,1,CUMPLE
AV-2026-003222,USD,1,,546986.21,,1,0,SALIO
AV-2026-003229,CRC,0,0,,,1,1,CUMPLE
AV-2026-003242,CRC,0,0,5505151.25,5483218.85,1,1,CUMPLE
AV-2026-003246,CRC,1,0,,,1,1,CORREGIDO
AV-2026-003249,CRC,1,0,,,1,1,CORREGIDO
AV-2026-003254,CRC,0,0,165499020.99,163930794.42,1,1,CUMPLE
AV-2026-003260,USD,0,0,,,1,1,CUMPLE
AV-2026-003279,USD,0,0,300437.32,298807.22,1,1,CUMPLE
AV-2026-003286,CRC,0,0,515587498.34,510449881.20,1,1,CUMPLE
AV-2026-003294,USD,1,0,1955443.52,1933917.85,1,1,CORREGIDO
AV-2026-003304,USD,1,0,1079382.32,1070173.07,1,1,CORREGIDO
AV-2026-003308,CRC,1,0,359432257.97,356623719.30,1,1,CORREGIDO
AV-2026-003315,CRC,0,0,,,1,1,CUMPLE
AV-2026-003318,USD,0,0,86892.02,86198.41,1,1,CUMPLE
AV-2026-003321,CRC,0,0,121477883.51,120885097.31,1,1,CUMPLE
AV-2026-003322,USD,0,0,3294376.41,3282235.64,1,1,CUMPLE
AV-2026-003336,CRC,0,0,295584708.77,292859523.02,1,1,CUMPLE
AV-2026-003342,CRC,1,1,1069802186.62,1061854355.20,1,1,PERSISTENTE
AV-2026-003346,USD,1,,4078233.82,,1,0,SALIO
AV-2026-003357,CRC,0,0,97083215.82,96386535.69,1,1,CUMPLE
AV-2026-003359,USD,0,0,338599.50,336549.86,1,1,CUMPLE
AV-2026-003360,USD,0,0,441024.49,435989.24,1,1,CUMPLE
AV-2026-003366,CRC,0,1,102947760.12,102288313.56,1,1,NUEVO
AV-2026-003371,USD,0,0,81868.85,81127.59,1,1,CUMPLE
AV-2026-003374,USD,1,0,421090.28,419115.79,1,1,CORREGIDO
AV-2026-003375,CRC,1,1,194563520.81,193963332.12,1,1,PERSISTENTE
AV-2026-003382,USD,1,0,332175.25,328998.98,1,1,CORREGIDO
AV-2026-003385,USD,0,0,128441.31,127643.97,1,1,CUMPLE
AV-2026-003391,USD,0,0,,,1,1,CUMPLE
AV-2026-003394,CRC,0,0,1090866521.77,1078588697.14,1,1,CUMPLE
AV-2026-003396,CRC,0,0,144279546.08,143219387.16,1,1,CUMPLE
AV-2026-003404,CRC,1,0,140990767.16,140162032.86,1,1,CORREGIDO
AV-2026-003408,USD,1,0,13367484.63,13213198.66,1,1,CORREGIDO
AV-2026-003426,CRC,0,0,117689487.09,116403934.46,1,1,CUMPLE
AV-2026-003440,CRC,1,,165381655.49,,1,0,SALIO
AV-2026-003441,USD,0,0,79933.75,79004.97,1,1,CUMPLE
AV-2026-003467,CRC,0,0,98092689.98,97388700.00,1,1,CUMPLE
AV-2026-003475,USD,0,0,107142.86,106821.07,1,1,CUMPLE
AV-2026-003477,USD,1,0,127086.09,125861.19,1,1,CORREGIDO
AV-2026-003486,CRC,1,,,,1,0,SALIO
AV-2026-003492,USD,0,0,,,1,1,CUMPLE
AV-2026-003495,CRC,0,0,624627342.97,617223806.29,1,1,CUMPLE
AV-2026-003500,USD,0,0,327873.95,325749.25,1,1,CUMPLE
AV-2026-003504,CRC,1,0,471670341.16,468948555.74,1,1,CORREGIDO
AV-2026-003505,CRC,1,1,211488614.85,210722876.49,1,1,PERSISTENTE
AV-2026-003517,CRC,0,0,247136436.69,246143337.46,1,1,CUMPLE
AV-2026-003527,USD,1,1,,,1,1,PERSISTENTE
AV-2026-003535,USD,1,1,3434738.31,3398364.25,1,1,PERSISTENTE
AV-2026-003543,CRC,0,0,184319273.10,182675816.62,1,1,CUMPLE
AV-2026-003549,CRC,0,0,64681550.88,64389114.90,1,1,CUMPLE
AV-2026-003556,CRC,0,0,192240638.23,191474322.18,1,1,CUMPLE
AV-2026-003580,CRC,0,0,1765747961.47,1747169525.68,1,1,CUMPLE
AV-2026-003581,CRC,0,0,,,1,1,CUMPLE
AV-2026-003584,CRC,0,0,94856844.48,93768789.26,1,1,CUMPLE
AV-2026-003585,CRC,0,0,434565037.49,430109364.04,1,1,CUMPLE
AV-2026-003607,USD,0,0,,,1,1,CUMPLE
AV-2026-003608,CRC,0,0,,,1,1,CUMPLE
AV-2026-003625,USD,0,0,,,1,1,CUMPLE
AV-2026-003635,CRC,1,0,210827522.39,209819796.99,1,1,CORREGIDO
AV-2026-003640,CRC,0,0,601562204.74,599493692.63,1,1,CUMPLE
AV-2026-003658,USD,0,0,3929408.47,3894739.71,1,1,CUMPLE
AV-2026-003664,CRC,0,0,201616551.96,200306425.59,1,1,CUMPLE
AV-2026-003672,CRC,1,0,,,1,1,CORREGIDO
AV-2026-003678,USD,1,1,,,1,1,PERSISTENTE
AV-2026-003688,CRC,0,0,11220502596.88,11177761286.02,1,1,CUMPLE
AV-2026-003698,USD,1,0,176168.93,175186.23,1,1,CORREGIDO
AV-2026-003712,CRC,0,0,,,1,1,CUMPLE
AV-2026-003726,CRC,1,1,222324116.82,220481671.75,1,1,PERSISTENTE
AV-2026-003737,USD,1,0,773077.32,770597.13,1,1,CORREGIDO
AV-2026-003745,CRC,1,0,,,1,1,CORREGIDO
AV-2026-003746,CRC,1,1,180799248.88,179392181.76,1,1,PERSISTENTE
AV-2026-003760,USD,1,0,104364.13,103658.75,1,1,CORREGIDO
AV-2026-003762,USD,1,0,,,1,1,CORREGIDO
AV-2026-003764,CRC,0,0,187956387.36,185825184.92,1,1,CUMPLE
AV-2026-003770,CRC,1,1,,,1,1,PERSISTENTE
AV-2026-003780,CRC,0,0,107600326.53,106501986.96,1,1,CUMPLE
AV-2026-003781,CRC,0,0,238691198.61,237938696.87,1,1,CUMPLE
AV-2026-003787,CRC,1,1,229853004.33,228917839.86,1,1,PERSISTENTE
AV-2026-003792,USD,1,1,4215479.29,4187519.84,1,1,PERSISTENTE
AV-2026-003793,CRC,0,0,386920675.59,383070356.38,1,1,CUMPLE
AV-2026-003800,CRC,0,0,91244650.73,90193163.66,1,1,CUMPLE
AV-2026-003832,CRC,0,0,232185057.82,230183986.46,1,1,CUMPLE
AV-2026-003842,CRC,1,0,,,1,1,CORREGIDO
AV-2026-003845,CRC,1,0,795244629.00,792418373.60,1,1,CORREGIDO
AV-2026-003855,USD,0,0,146184.58,145033.77,1,1,CUMPLE
AV-2026-003884,USD,0,0,,,1,1,CUMPLE
AV-2026-003906,USD,0,0,78554.62,78254.82,1,1,CUMPLE
AV-2026-003909,USD,1,1,220903.86,219473.95,1,1,PERSISTENTE
AV-2026-003913,CRC,0,0,2145967548.51,2130172427.82,1,1,CUMPLE
AV-2026-003937,USD,0,0,140845.99,139188.35,1,1,CUMPLE
AV-2026-003953,USD,1,1,296249.01,293162.47,1,1,PERSISTENTE
AV-2026-003954,USD,0,0,3364495.47,3343467.98,1,1,CUMPLE
AV-2026-003964,CRC,0,0,206074259.92,205374090.63,1,1,CUMPLE
AV-2026-003965,CRC,1,0,29118550.08,28821994.92,1,1,CORREGIDO
AV-2026-003976,CRC,1,,2193424209.27,,1,0,SALIO
AV-2026-003987,CRC,0,0,224110115.52,222768899.51,1,1,CUMPLE
AV-2026-003995,CRC,0,0,,,1,1,CUMPLE
AV-2026-004000,USD,0,0,4828074.46,4778895.00,1,1,CUMPLE
AV-2026-004001,USD,,0,,88292.00,0,1,ENTRA_CUMPLIENDO
AV-2026-004002,CRC,,0,,,0,1,ENTRA_CUMPLIENDO
AV-2026-004003,CRC,,0,,,0,1,ENTRA_CUMPLIENDO
AV-2026-004004,USD,,0,,299798.87,0,1,ENTRA_CUMPLIENDO
AV-2026-004005,CRC,,0,,1624672772.17,0,1,ENTRA_CUMPLIENDO
AV-2026-004006,USD,,0,,331508.61,0,1,ENTRA_CUMPLIENDO
AV-2026-004007,USD,,0,,,0,1,ENTRA_CUMPLIENDO
AV-2026-004008,CRC,,0,,6772844.61,0,1,ENTRA_CUMPLIENDO
AV-2026-004009,USD,,0,,8340148.84,0,1,ENTRA_CUMPLIENDO
AV-2026-004010,CRC,,1,,314328666.04,0,1,NUEVO
AV-2026-004011,USD,,0,,71088.86,0,1,ENTRA_CUMPLIENDO
AV-2026-004012,CRC,,1,,100047846.69,0,1,NUEVO
AV-2026-004013,CRC,,0,,659412599.35,0,1,ENTRA_CUMPLIENDO
AV-2026-004014,USD,,0,,1170734.31,0,1,ENTRA_CUMPLIENDO
AV-2026-004015,USD,,0,,123272.43,0,1,ENTRA_CUMPLIENDO
AV-2026-004016,CRC,,0,,342907455.56,0,1,ENTRA_CUMPLIENDO
AV-2026-004017,USD,,0,,743489.30,0,1,ENTRA_CUMPLIENDO
AV-2026-004018,USD,,0,,,0,1,ENTRA_CUMPLIENDO
AV-2026-004019,USD,,0,,84062.67,0,1,ENTRA_CUMPLIENDO
AV-2026-004020,USD,,0,,,0,1,ENTRA_CUMPLIENDO
AV-2026-004021,CRC,,0,,,0,1,ENTRA_CUMPLIENDO
AV-2026-004022,CRC,,0,,10326092778.13,0,1,ENTRA_CUMPLIENDO
AV-2026-004023,CRC,,0,,189606336.65,0,1,ENTRA_CUMPLIENDO
AV-2026-004024,CRC,,0,,,0,1,ENTRA_CUMPLIENDO
AV-2026-004025,CRC,,0,,130394965.99,0,1,ENTRA_CUMPLIENDO
AV-2026-004026,USD,,0,,,0,1,ENTRA_CUMPLIENDO
AV-2026-004027,CRC,,0,,1419186159.72,0,1,ENTRA_CUMPLIENDO
AV-2026-004028,CRC,,0,,23313537746.41,0,1,ENTRA_CUMPLIENDO
AV-2026-004029,CRC,,0,,476255891.81,0,1,ENTRA_CUMPLIENDO
AV-2026-004030,USD,,0,,2927099.63,0,1,ENTRA_CUMPLIENDO
AV-2026-004031,CRC,,0,,453006274.00,0,1,ENTRA_CUMPLIENDO
AV-2026-004032,CRC,,0,,29616435.22,0,1,ENTRA_CUMPLIENDO
AV-2026-004033,CRC,,0,,528520920.09,0,1,ENTRA_CUMPLIENDO
AV-2026-004034,USD,,0,,6733918.51,0,1,ENTRA_CUMPLIENDO
AV-2026-004035,CRC,,0,,87446888.57,0,1,ENTRA_CUMPLIENDO
AV-2026-004036,CRC,,0,,147687389.70,0,1,ENTRA_CUMPLIENDO
AV-2026-004037,USD,,0,,5408804.44,0,1,ENTRA_CUMPLIENDO
AV-2026-004038,CRC,,0,,,0,1,ENTRA_CUMPLIENDO
AV-2026-004039,USD,,1,,544331.92,0,1,NUEVO
AV-2026-004040,USD,,0,,,0,1,ENTRA_CUMPLIENDO
AV-2026-004041,CRC,,0,,389619892.67,0,1,ENTRA_CUMPLIENDO
AV-2026-004042,USD,,0,,370903.76,0,1,ENTRA_CUMPLIENDO
AV-2026-004043,CRC,,0,,447813859.56,0,1,ENTRA_CUMPLIENDO
AV-2026-004044,USD,,0,,,0,1,ENTRA_CUMPLIENDO
AV-2026-004045,CRC,,0,,157924281.42,0,1,ENTRA_CUMPLIENDO
AV-2026-004046,CRC,,0,,1015509239.58,0,1,ENTRA_CUMPLIENDO
AV-2026-004047,CRC,,0,,251582803.69,0,1,ENTRA_CUMPLIENDO
AV-2026-004048,CRC,,1,,221363430.96,0,1,NUEVO
AV-2026-004049,USD,,0,,121915.12,0,1,ENTRA_CUMPLIENDO
AV-2026-004050,USD,,0,,298795.11,0,1,ENTRA_CUMPLIENDO
AV-2026-004051,CRC,,0,,,0,1,ENTRA_CUMPLIENDO
AV-2026-004052,CRC,,0,,646969973.50,0,1,ENTRA_CUMPLIENDO
AV-2026-004053,CRC,,0,,2439004143.93,0,1,ENTRA_CUMPLIENDO
AV-2026-004054,CRC,,0,,731910462.21,0,1,ENTRA_CUMPLIENDO
AV-2026-004055,CRC,,0,,1151363160.34,0,1,ENTRA_CUMPLIENDO
AV-2026-004056,CRC,,0,,,0,1,ENTRA_CUMPLIENDO
AV-2026-004057,CRC,,0,,,0,1,ENTRA_CUMPLIENDO
AV-2026-004058,USD,,0,,7010685.29,0,1,ENTRA_CUMPLIENDO
AV-2026-004059,USD,,0,,558231.85,0,1,ENTRA_CUMPLIENDO
AV-2026-004060,USD,,0,,1650845.33,0,1,ENTRA_CUMPLIENDO
AV-2026-004061,CRC,,0,,73441933.50,0,1,ENTRA_CUMPLIENDO
AV-2026-004062,USD,,0,,904285.81,0,1,ENTRA_CUMPLIENDO
AV-2026-004063,CRC,,0,,337880395.32,0,1,ENTRA_CUMPLIENDO
AV-2026-004064,USD,,0,,128941.43,0,1,ENTRA_CUMPLIENDO
AV-2026-004065,CRC,,0,,508411794.17,0,1,ENTRA_CUMPLIENDO
AV-2026-004066,CRC,,0,,144087144.33,0,1,ENTRA_CUMPLIENDO
AV-2026-004067,CRC,,0,,113073403.99,0,1,ENTRA_CUMPLIENDO
AV-2026-004068,CRC,,0,,400848631.41,0,1,ENTRA_CUMPLIENDO
AV-2026-004069,CRC,,0,,180763228.46,0,1,ENTRA_CUMPLIENDO
AV-2026-004070,CRC,,0,,,0,1,ENTRA_CUMPLIENDO
AV-2026-004071,CRC,,0,,122337550.64,0,1,ENTRA_CUMPLIENDO
AV-2026-004072,USD,,0,,7899356.95,0,1,ENTRA_CUMPLIENDO
AV-2026-004073,USD,,0,,104717.81,0,1,ENTRA_CUMPLIENDO
AV-2026-004074,CRC,,0,,866358260.89,0,1,ENTRA_CUMPLIENDO
AV-2026-004075,CRC,,0,,124007301.32,0,1,ENTRA_CUMPLIENDO
AV-2026-004076,USD,,0,,109190.04,0,1,ENTRA_CUMPLIENDO
AV-2026-004077,USD,,0,,254344.24,0,1,ENTRA_CUMPLIENDO
AV-2026-004078,USD,,0,,,0,1,ENTRA_CUMPLIENDO
AV-2026-004079,CRC,,0,,172763853.31,0,1,ENTRA_CUMPLIENDO
AV-2026-004080,CRC,,0,,26537814.24,0,1,ENTRA_CUMPLIENDO
AV-2026-004081,CRC,,0,,62951370.96,0,1,ENTRA_CUMPLIENDO
AV-2026-004082,CRC,,0,,105907959.07,0,1,ENTRA_CUMPLIENDO
AV-2026-004083,USD,,0,,1426466.70,0,1,ENTRA_CUMPLIENDO
AV-2026-004084,USD,,0,,3225736.57,0,1,ENTRA_CUMPLIENDO
AV-2026-004085,CRC,,0,,26109779.61,0,1,ENTRA_CUMPLIENDO
AV-2026-004086,CRC,,0,,86490806.28,0,1,ENTRA_CUMPLIENDO
AV-2026-004087,USD,,0,,,0,1,ENTRA_CUMPLIENDO
AV-2026-004088,USD,,0,,297375.22,0,1,ENTRA_CUMPLIENDO
AV-2026-004089,CRC,,1,,205334583.81,0,1,NUEVO
AV-2026-004090,CRC,,0,,,0,1,ENTRA_CUMPLIENDO
AV-2026-004091,CRC,,0,,,0,1,ENTRA_CUMPLIENDO
AV-2026-004092,USD,,0,,623348.11,0,1,ENTRA_CUMPLIENDO
AV-2026-004093,CRC,,0,,561094369.09,0,1,ENTRA_CUMPLIENDO
AV-2026-004094,CRC,,0,,74713236.55,0,1,ENTRA_CUMPLIENDO
AV-2026-004095,USD,,0,,135566.90,0,1,ENTRA_CUMPLIENDO
AV-2026-004096,USD,,0,,,0,1,ENTRA_CUMPLIENDO
AV-2026-004097,USD,,0,,403254.47,0,1,ENTRA_CUMPLIENDO
AV-2026-004098,USD,,0,,,0,1,ENTRA_CUMPLIENDO
AV-2026-004099,USD,,0,,1998555.33,0,1,ENTRA_CUMPLIENDO
AV-2026-004100,CRC,,0,,,0,1,ENTRA_CUMPLIENDO
AV-2026-004101,USD,,0,,534251.58,0,1,ENTRA_CUMPLIENDO
AV-2026-004102,CRC,,0,,,0,1,ENTRA_CUMPLIENDO
AV-2026-004103,CRC,,0,,396229548.16,0,1,ENTRA_CUMPLIENDO
AV-2026-004104,USD,,0,,,0,1,ENTRA_CUMPLIENDO
AV-2026-004105,CRC,,0,,343227951.98,0,1,ENTRA_CUMPLIENDO
AV-2026-004106,CRC,,0,,1917689257.65,0,1,ENTRA_CUMPLIENDO
AV-2026-004107,USD,,0,,,0,1,ENTRA_CUMPLIENDO
AV-2026-004108,USD,,0,,,0,1,ENTRA_CUMPLIENDO
AV-2026-004109,CRC,,0,,84774985.51,0,1,ENTRA_CUMPLIENDO
AV-2026-004110,USD,,0,,415364.88,0,1,ENTRA_CUMPLIENDO
AV-2026-004111,CRC,,0,,,0,1,ENTRA_CUMPLIENDO
AV-2026-004112,USD,,0,,108662.10,0,1,ENTRA_CUMPLIENDO
AV-2026-004113,CRC,,0,,,0,1,ENTRA_CUMPLIENDO
AV-2026-004114,CRC,,0,,230211764.03,0,1,ENTRA_CUMPLIENDO
AV-2026-004115,CRC,,0,,,0,1,ENTRA_CUMPLIENDO
AV-2026-004116,CRC,,0,,1668554250.55,0,1,ENTRA_CUMPLIENDO
AV-2026-004117,CRC,,0,,247972988.31,0,1,ENTRA_CUMPLIENDO
AV-2026-004118,USD,,0,,80423.17,0,1,ENTRA_CUMPLIENDO
AV-2026-004119,CRC,,0,,62285081.88,0,1,ENTRA_CUMPLIENDO
AV-2026-004120,CRC,,0,,232421174.29,0,1,ENTRA_CUMPLIENDO
AV-2026-004121,USD,,0,,,0,1,ENTRA_CUMPLIENDO
AV-2026-004122,CRC,,0,,,0,1,ENTRA_CUMPLIENDO
AV-2026-004123,USD,,0,,292772.37,0,1,ENTRA_CUMPLIENDO
AV-2026-004124,USD,,0,,474568.30,0,1,ENTRA_CUMPLIENDO
AV-2026-004125,USD,,0,,198679.56,0,1,ENTRA_CUMPLIENDO
AV-2026-004126,CRC,,0,,145406529.84,0,1,ENTRA_CUMPLIENDO
AV-2026-004127,USD,,0,,,0,1,ENTRA_CUMPLIENDO
AV-2026-004128,CRC,,0,,420201182.99,0,1,ENTRA_CUMPLIENDO
AV-2026-004129,USD,,0,,12781377.21,0,1,ENTRA_CUMPLIENDO
AV-2026-004130,CRC,,1,,59330493.70,0,1,NUEVO
AV-2026-004131,CRC,,0,,99777837.30,0,1,ENTRA_CUMPLIENDO
AV-2026-004132,USD,,0,,207747.64,0,1,ENTRA_CUMPLIENDO
AV-2026-004133,CRC,,0,,460887180.77,0,1,ENTRA_CUMPLIENDO
AV-2026-004134,USD,,0,,330911.08,0,1,ENTRA_CUMPLIENDO
AV-2026-004135,CRC,,0,,2229794427.99,0,1,ENTRA_CUMPLIENDO
AV-2026-004136,USD,,0,,,0,1,ENTRA_CUMPLIENDO
AV-2026-004137,CRC,,0,,,0,1,ENTRA_CUMPLIENDO
AV-2026-004138,CRC,,0,,2330393845.68,0,1,ENTRA_CUMPLIENDO
AV-2026-004139,CRC,,0,,64015737.71,0,1,ENTRA_CUMPLIENDO
AV-2026-004140,CRC,,0,,242910312.55,0,1,ENTRA_CUMPLIENDO
AV-2026-004141,CRC,,0,,62601758.70,0,1,ENTRA_CUMPLIENDO
AV-2026-004142,CRC,,0,,,0,1,ENTRA_CUMPLIENDO
AV-2026-004143,CRC,,0,,896234722.83,0,1,ENTRA_CUMPLIENDO
AV-2026-004144,CRC,,0,,171078254.62,0,1,ENTRA_CUMPLIENDO
AV-2026-004145,CRC,,0,,903362730.06,0,1,ENTRA_CUMPLIENDO
AV-2026-004146,CRC,,0,,446395919.37,0,1,ENTRA_CUMPLIENDO
AV-2026-004147,CRC,,0,,176990410.85,0,1,ENTRA_CUMPLIENDO
AV-2026-004148,USD,,0,,505050.23,0,1,ENTRA_CUMPLIENDO
AV-2026-004149,USD,,1,,67412.00,0,1,NUEVO
AV-2026-004150,CRC,,0,,1613464951.85,0,1,ENTRA_CUMPLIENDO
AV-2026-004151,CRC,,0,,489303668.49,0,1,ENTRA_CUMPLIENDO
AV-2026-004152,CRC,,0,,3950958044.12,0,1,ENTRA_CUMPLIENDO
AV-2026-004153,CRC,,0,,240847686.06,0,1,ENTRA_CUMPLIENDO
AV-2026-004154,USD,,0,,307197.38,0,1,ENTRA_CUMPLIENDO
AV-2026-004155,USD,,0,,4683671.63,0,1,ENTRA_CUMPLIENDO
AV-2026-004156,USD,,0,,81498.32,0,1,ENTRA_CUMPLIENDO
AV-2026-004157,USD,,1,,762822.06,0,1,NUEVO
AV-2026-004158,CRC,,0,,26806177.83,0,1,ENTRA_CUMPLIENDO
AV-2026-004159,USD,,0,,58123.03,0,1,ENTRA_CUMPLIENDO
AV-2026-004160,CRC,,0,,,0,1,ENTRA_CUMPLIENDO
AV-2026-004161,CRC,,0,,359477871.82,0,1,ENTRA_CUMPLIENDO
AV-2026-004162,CRC,,0,,,0,1,ENTRA_CUMPLIENDO
AV-2026-004163,CRC,,0,,578157615.27,0,1,ENTRA_CUMPLIENDO
AV-2026-004164,CRC,,0,,258293504.67,0,1,ENTRA_CUMPLIENDO
AV-2026-004165,USD,,0,,111138.30,0,1,ENTRA_CUMPLIENDO
AV-2026-004166,USD,,0,,,0,1,ENTRA_CUMPLIENDO
AV-2026-004167,CRC,,0,,,0,1,ENTRA_CUMPLIENDO
AV-2026-004168,CRC,,0,,,0,1,ENTRA_CUMPLIENDO
AV-2026-004169,CRC,,0,,5352688000.50,0,1,ENTRA_CUMPLIENDO
AV-2026-004170,USD,,1,,,0,1,NUEVO
AV-2026-004171,CRC,,0,,41164947.33,0,1,ENTRA_CUMPLIENDO
AV-2026-004172,CRC,,0,,1467777168.77,0,1,ENTRA_CUMPLIENDO
AV-2026-004173,USD,,0,,84214.04,0,1,ENTRA_CUMPLIENDO
AV-2026-004174,CRC,,0,,313434847.27,0,1,ENTRA_CUMPLIENDO
AV-2026-004175,CRC,,0,,37561665042.24,0,1,ENTRA_CUMPLIENDO
AV-2026-004176,CRC,,0,,,0,1,ENTRA_CUMPLIENDO
AV-2026-004177,USD,,1,,230153.33,0,1,NUEVO
AV-2026-004178,CRC,,0,,1725210708.68,0,1,ENTRA_CUMPLIENDO
AV-2026-004179,CRC,,0,,2510461977.39,0,1,ENTRA_CUMPLIENDO
AV-2026-004180,CRC,,0,,,0,1,ENTRA_CUMPLIENDO
AV-2026-004181,CRC,,0,,348285036.85,0,1,ENTRA_CUMPLIENDO
AV-2026-004182,USD,,0,,465476.65,0,1,ENTRA_CUMPLIENDO
AV-2026-004183,CRC,,0,,1771878332.24,0,1,ENTRA_CUMPLIENDO
AV-2026-004184,CRC,,0,,89575091.20,0,1,ENTRA_CUMPLIENDO
AV-2026-004185,USD,,0,,3209230.96,0,1,ENTRA_CUMPLIENDO
AV-2026-004186,USD,,0,,379178.10,0,1,ENTRA_CUMPLIENDO
AV-2026-004187,USD,,0,,7356280.10,0,1,ENTRA_CUMPLIENDO
AV-2026-004188,CRC,,0,,821121270.19,0,1,ENTRA_CUMPLIENDO
AV-2026-004189,CRC,,0,,525707535.74,0,1,ENTRA_CUMPLIENDO
AV-2026-004190,CRC,,0,,,0,1,ENTRA_CUMPLIENDO
AV-2026-004191,USD,,0,,3717274.66,0,1,ENTRA_CUMPLIENDO
AV-2026-004192,USD,,0,,,0,1,ENTRA_CUMPLIENDO
AV-2026-004193,CRC,,0,,304069909.22,0,1,ENTRA_CUMPLIENDO
AV-2026-004194,CRC,,0,,58143043.53,0,1,ENTRA_CUMPLIENDO
AV-2026-004195,CRC,,0,,,0,1,ENTRA_CUMPLIENDO
AV-2026-004196,USD,,0,,373577.15,0,1,ENTRA_CUMPLIENDO
AV-2026-004197,USD,,0,,6950863.62,0,1,ENTRA_CUMPLIENDO
AV-2026-004198,CRC,,0,,,0,1,ENTRA_CUMPLIENDO
AV-2026-004199,CRC,,0,,,0,1,ENTRA_CUMPLIENDO
AV-2026-004200,CRC,,1,,307176075.21,0,1,NUEVO
