sk_corte,sk_regla,sk_fecha_valor,sk_geografia,sk_tipologia,sk_perito,sk_confiabilidad,id_avaluo,numero_finca,corte,rule_id,accion,campo,valor_observado,condicion_esperada,incidencias
1,1,20210811,30,7,3,3,AV-2025-000039,1-671342,2026-03,R-01,BLOQUEA,id_avaluo,AV-2025-000039,único dentro del corte,1
1,1,20210908,29,2,3,3,AV-2024-002337,1-389737,2026-03,R-01,BLOQUEA,id_avaluo,AV-2024-002337,único dentro del corte,1
1,1,20221217,1,3,2,3,AV-2025-002894,2-570604,2026-03,R-01,BLOQUEA,id_avaluo,AV-2025-002894,único dentro del corte,1
1,1,20230323,3,7,8,3,AV-2024-002337,2-684252,2026-03,R-01,BLOQUEA,id_avaluo,AV-2024-002337,único dentro del corte,1
1,1,20230421,30,3,4,3,AV-2024-003089,1-207580,2026-03,R-01,BLOQUEA,id_avaluo,AV-2024-003089,único dentro del corte,1
1,1,20230513,25,3,8,3,AV-2025-001122,6-961912,2026-03,R-01,BLOQUEA,id_avaluo,AV-2025-001122,único dentro del corte,1
1,1,20231013,7,3,2,3,AV-2025-003872,3-514641,2026-03,R-01,BLOQUEA,id_avaluo,AV-2025-003872,único dentro del corte,1
1,1,20240117,34,7,8,3,AV-2025-003674,1-517678,2026-03,R-01,BLOQUEA,id_avaluo,AV-2025-003674,único dentro del corte,1
1,1,20240203,33,9,3,3,AV-2025-002380,1-469014,2026-03,R-01,BLOQUEA,id_avaluo,AV-2025-002380,único dentro del corte,1
1,1,20240419,7,2,4,3,AV-2024-003089,3-960024,2026-03,R-01,BLOQUEA,id_avaluo,AV-2024-003089,único dentro del corte,1
1,1,20240613,18,3,7,3,AV-2025-002394,4-953510,2026-03,R-01,BLOQUEA,id_avaluo,AV-2025-002394,único dentro del corte,1
1,1,20240830,26,3,7,3,AV-2025-003863,1-881428,2026-03,R-01,BLOQUEA,id_avaluo,AV-2025-003863,único dentro del corte,1
1,1,20240916,16,5,2,3,AV-2024-000953,4-986439,2026-03,R-01,BLOQUEA,id_avaluo,AV-2024-000953,único dentro del corte,1
1,1,20241006,23,3,6,3,AV-2026-001499,6-665725,2026-03,R-01,BLOQUEA,id_avaluo,AV-2026-001499,único dentro del corte,1
1,1,20241101,31,6,1,3,AV-2025-001280,1-529519,2026-03,R-01,BLOQUEA,id_avaluo,AV-2025-001280,único dentro del corte,1
1,1,20241222,9,9,7,3,AV-2026-001146,3-332087,2026-03,R-01,BLOQUEA,id_avaluo,AV-2026-001146,único dentro del corte,1
1,1,20241225,24,6,3,3,AV-2024-000349,6-531641,2026-03,R-01,BLOQUEA,id_avaluo,AV-2024-000349,único dentro del corte,1
1,1,20250106,16,1,4,3,AV-2025-001190,4-347031-184,2026-03,R-01,BLOQUEA,id_avaluo,AV-2025-001190,único dentro del corte,1
1,1,20250118,16,3,3,3,AV-2025-001122,4-536875,2026-03,R-01,BLOQUEA,id_avaluo,AV-2025-001122,único dentro del corte,1
1,1,20250127,9,1,6,3,AV-2025-003872,3-378718-285,2026-03,R-01,BLOQUEA,id_avaluo,AV-2025-003872,único dentro del corte,1
1,1,20250218,29,9,8,3,AV-2024-000349,1-941765,2026-03,R-01,BLOQUEA,id_avaluo,AV-2024-000349,único dentro del corte,1
1,1,20250410,26,1,7,3,AV-2025-002894,1-521638-267,2026-03,R-01,BLOQUEA,id_avaluo,AV-2025-002894,único dentro del corte,1
1,1,20250414,17,3,7,3,AV-2024-000953,4-510479,2026-03,R-01,BLOQUEA,id_avaluo,AV-2024-000953,único dentro del corte,1
1,1,20250502,29,7,7,3,AV-2025-003169,1-622184,2026-03,R-01,BLOQUEA,id_avaluo,AV-2025-003169,único dentro del corte,1
1,1,20250506,23,3,3,3,AV-2025-002394,6-436775,2026-03,R-01,BLOQUEA,id_avaluo,AV-2025-002394,único dentro del corte,1
1,1,20250522,2,6,9,3,AV-2025-002218,2-566980,2026-03,R-01,BLOQUEA,id_avaluo,AV-2025-002218,único dentro del corte,1
1,1,20250610,8,7,5,3,AV-2025-001190,3-668289,2026-03,R-01,BLOQUEA,id_avaluo,AV-2025-001190,único dentro del corte,1
1,1,20250626,18,9,7,3,AV-2025-003169,4-518560,2026-03,R-01,BLOQUEA,id_avaluo,AV-2025-003169,único dentro del corte,1
1,1,20250725,22,1,6,3,AV-2025-003120,7-329132-271,2026-03,R-01,BLOQUEA,id_avaluo,AV-2025-003120,único dentro del corte,1
1,1,20250807,15,3,1,3,AV-2025-003674,4-435948,2026-03,R-01,BLOQUEA,id_avaluo,AV-2025-003674,único dentro del corte,1
1,1,20250812,22,4,2,3,AV-2025-003877,7-184159-353,2026-03,R-01,BLOQUEA,id_avaluo,AV-2025-003877,único dentro del corte,1
1,1,20250930,32,6,1,3,AV-2025-002218,1-961616,2026-03,R-01,BLOQUEA,id_avaluo,AV-2025-002218,único dentro del corte,1
1,1,20251001,7,1,1,3,AV-2025-003863,3-845024-209,2026-03,R-01,BLOQUEA,id_avaluo,AV-2025-003863,único dentro del corte,1
1,1,20251026,30,1,6,3,AV-2025-003877,1-132633-295,2026-03,R-01,BLOQUEA,id_avaluo,AV-2025-003877,único dentro del corte,1
1,1,20251108,24,3,3,3,AV-2025-000039,6-628672,2026-03,R-01,BLOQUEA,id_avaluo,AV-2025-000039,único dentro del corte,1
1,1,20251120,6,6,3,3,AV-2025-001280,2-658401,2026-03,R-01,BLOQUEA,id_avaluo,AV-2025-001280,único dentro del corte,1
1,1,20251218,15,7,2,3,AV-2025-002380,4-560285,2026-03,R-01,BLOQUEA,id_avaluo,AV-2025-002380,único dentro del corte,1
1,1,20260119,33,4,6,3,AV-2025-003120,1-103812-265,2026-03,R-01,BLOQUEA,id_avaluo,AV-2025-003120,único dentro del corte,1
1,1,20260201,23,4,7,3,AV-2026-001499,6-165763-035,2026-03,R-01,BLOQUEA,id_avaluo,AV-2026-001499,único dentro del corte,1
1,1,20260204,1,1,6,3,AV-2026-001146,2-411462-006,2026-03,R-01,BLOQUEA,id_avaluo,AV-2026-001146,único dentro del corte,1
1,2,20210620,26,1,-1,3,AV-2024-001382,1-274699-276,2026-03,R-02,BLOQUEA,perito_id,ausente,campo informado,1
1,2,20210928,7,1,-1,3,AV-2025-000263,3-886145-031,2026-03,R-02,BLOQUEA,perito_id,ausente,campo informado,1
1,2,20220420,20,3,7,3,AV-2024-001172,7-235979,2026-03,R-02,BLOQUEA,fecha_informe,ausente,campo informado,1
1,2,20220615,19,8,3,3,AV-2024-001246,4-437498,2026-03,R-02,BLOQUEA,valor_obras_complementarias,ausente,campo informado,1
1,2,20220814,35,5,1,3,AV-2024-000859,1-972708,2026-03,R-02,BLOQUEA,fecha_informe,ausente,campo informado,1
1,2,20220914,32,2,9,3,AV-2025-003071,1-335481,2026-03,R-02,BLOQUEA,valor_unitario_construccion_m2,ausente,campo informado,1
1,2,20220927,31,3,9,3,AV-2025-002738,N/A,2026-03,R-02,BLOQUEA,numero_finca,ausente,campo informado,1
1,2,20221020,14,9,3,3,AV-2025-000311,5-916031,2026-03,R-02,BLOQUEA,valor_obras_complementarias,ausente,campo informado,1
1,2,20221030,28,3,-1,3,AV-2024-002491,1-908149,2026-03,R-02,BLOQUEA,perito_id,ausente,campo informado,1
1,2,20221114,17,3,3,3,AV-2025-002263, ,2026-03,R-02,BLOQUEA,numero_finca,ausente,campo informado,1
1,2,20221115,28,5,3,3,AV-2025-000013,1-306654,2026-03,R-02,BLOQUEA,valor_unitario_construccion_m2,ausente,campo informado,1
1,2,20230202,1,1,3,3,AV-2026-000277,2-865208-020,2026-03,R-02,BLOQUEA,valor_unitario_construccion_m2,ausente,campo informado,1
1,2,20230428,11,1,3,3,AV-2024-001078,5-552439-014,2026-03,R-02,BLOQUEA,fecha_informe,ausente,campo informado,1
1,2,20230521,27,9,4,3,AV-2025-000901,1-664663,2026-03,R-02,BLOQUEA,fecha_informe,ausente,campo informado,1
1,2,20230615,8,1,3,3,AV-2024-001528,3-936713-082,2026-03,R-02,BLOQUEA,fecha_informe,ausente,campo informado,1
1,2,20230723,6,3,1,3,AV-2025-003274,2-756146,2026-03,R-02,BLOQUEA,valor_unitario_construccion_m2,ausente,campo informado,1
1,2,20230823,34,3,6,3,AV-2026-000391,1-238512,2026-03,R-02,BLOQUEA,valor_unitario_construccion_m2,ausente,campo informado,1
1,2,20231123,4,8,3,3,AV-2025-000551,2-648388,2026-03,R-02,BLOQUEA,fecha_informe,ausente,campo informado,1
1,2,20240105,11,9,-1,3,AV-2025-003025,5-197240,2026-03,R-02,BLOQUEA,perito_id,ausente,campo informado,1
1,2,20240216,31,3,8,3,AV-2026-002918,N/A,2026-03,R-02,BLOQUEA,numero_finca,ausente,campo informado,1
1,2,20240220,17,4,1,3,AV-2024-003198,N/A,2026-03,R-02,BLOQUEA,numero_finca,ausente,campo informado,1
1,2,20240421,15,3,7,3,AV-2024-002620,4-526166,2026-03,R-02,BLOQUEA,fecha_informe,ausente,campo informado,1
1,2,20240501,11,3,6,3,AV-2024-002555,5-561048,2026-03,R-02,BLOQUEA,valor_unitario_construccion_m2,ausente,campo informado,1
1,2,20240513,8,7,5,3,AV-2024-001931,3-447521,2026-03,R-02,BLOQUEA,valor_unitario_construccion_m2,ausente,campo informado,1
1,2,20240711,10,3,9,3,AV-2024-001707,3-565384,2026-03,R-02,BLOQUEA,valor_obras_complementarias,ausente,campo informado,1
1,2,20240713,7,4,6,3,AV-2024-002923,3-883865-218,2026-03,R-02,BLOQUEA,valor_obras_complementarias,ausente,campo informado,1
1,2,20240810,16,3,1,3,AV-2024-001788, ,2026-03,R-02,BLOQUEA,numero_finca,ausente,campo informado,1
1,2,20240811,24,7,7,3,AV-2024-003137,6-983218,2026-03,R-02,BLOQUEA,valor_obras_complementarias,ausente,campo informado,1
1,2,20240921,14,4,3,3,AV-2024-002496,5-817397-173,2026-03,R-02,BLOQUEA,valor_unitario_construccion_m2,ausente,campo informado,1
1,2,20240921,29,9,3,3,AV-2024-001455,,2026-03,R-02,BLOQUEA,numero_finca,ausente,campo informado,1
1,2,20241027,10,3,4,3,AV-2024-000428,N/A,2026-03,R-02,BLOQUEA,numero_finca,ausente,campo informado,1
1,2,20241105,29,3,1,3,AV-2024-001721,1-504655,2026-03,R-02,BLOQUEA,valor_obras_complementarias,ausente,campo informado,1
1,2,20241107,23,4,-1,3,AV-2024-002855,6-679919-255,2026-03,R-02,BLOQUEA,perito_id,ausente,campo informado,1
1,2,20241127,32,9,3,3,AV-2024-002119,1-283422,2026-03,R-02,BLOQUEA,valor_obras_complementarias,ausente,campo informado,1
1,2,20241217,6,8,-1,3,AV-2024-000595,2-809436,2026-03,R-02,BLOQUEA,perito_id,ausente,campo informado,1
1,2,20241227,16,4,7,3,AV-2024-001128,4-553914-225,2026-03,R-02,BLOQUEA,fecha_informe,ausente,campo informado,1
1,2,20241228,23,9,3,3,AV-2024-000875,N/A,2026-03,R-02,BLOQUEA,numero_finca,ausente,campo informado,1
1,2,20250105,13,9,7,3,AV-2025-003489,5-345427,2026-03,R-02,BLOQUEA,fecha_informe,ausente,campo informado,1
1,2,20250128,35,3,9,3,AV-2025-001692,1-779422,2026-03,R-02,BLOQUEA,valor_unitario_construccion_m2,ausente,campo informado,1
1,2,20250205,9,3,3,3,AV-2025-002974,3-896859,2026-03,R-02,BLOQUEA,valor_obras_complementarias,ausente,campo informado,1
1,2,20250213,15,5,3,3,AV-2025-000547,4-708216,2026-03,R-02,BLOQUEA,fecha_informe,ausente,campo informado,1
1,2,20250214,24,8,7,3,AV-2025-002153,,2026-03,R-02,BLOQUEA,numero_finca,ausente,campo informado,1
1,2,20250228,3,7,3,3,AV-2025-000532,2-524720,2026-03,R-02,BLOQUEA,valor_unitario_construccion_m2,ausente,campo informado,1
1,2,20250310,14,4,3,3,AV-2025-001713,5-132618-283,2026-03,R-02,BLOQUEA,valor_obras_complementarias,ausente,campo informado,1
1,2,20250316,27,3,6,3,AV-2025-000331,N/A,2026-03,R-02,BLOQUEA,numero_finca,ausente,campo informado,1
1,2,20250401,9,3,4,3,AV-2025-001940,3-685982,2026-03,R-02,BLOQUEA,valor_obras_complementarias,ausente,campo informado,1
1,2,20250403,16,3,2,3,AV-2025-002279,N/A,2026-03,R-02,BLOQUEA,numero_finca,ausente,campo informado,1
1,2,20250430,23,9,6,3,AV-2025-001600,6-246565,2026-03,R-02,BLOQUEA,fecha_informe,ausente,campo informado,1
1,2,20250523,14,9,-1,3,AV-2025-001945,5-930129,2026-03,R-02,BLOQUEA,perito_id,ausente,campo informado,1
1,2,20250526,22,3,4,3,AV-2025-003356,7-971953,2026-03,R-02,BLOQUEA,valor_unitario_construccion_m2,ausente,campo informado,1
1,2,20250616,15,3,-1,3,AV-2025-003538,4-160398,2026-03,R-02,BLOQUEA,perito_id,ausente,campo informado,1
1,2,20250626,29,7,3,3,AV-2025-002200,1-499379,2026-03,R-02,BLOQUEA,valor_obras_complementarias,ausente,campo informado,1
1,2,20250701,9,3,3,3,AV-2025-001497,3-147141,2026-03,R-02,BLOQUEA,fecha_informe,ausente,campo informado,1
1,2,20250703,35,3,2,3,AV-2025-002261,1-640503,2026-03,R-02,BLOQUEA,fecha_informe,ausente,campo informado,1
1,2,20250704,35,1,3,3,AV-2025-000772,1-503805-202,2026-03,R-02,BLOQUEA,valor_unitario_construccion_m2,ausente,campo informado,1
1,2,20250705,20,7,3,3,AV-2025-002323,7-334684,2026-03,R-02,BLOQUEA,fecha_informe,ausente,campo informado,1
1,2,20250706,3,3,-1,3,AV-2025-001023,2-412553,2026-03,R-02,BLOQUEA,perito_id,ausente,campo informado,1
1,2,20250709,11,9,3,3,AV-2025-000674,5-171321,2026-03,R-02,BLOQUEA,fecha_informe,ausente,campo informado,1
1,2,20250712,20,3,3,3,AV-2025-000698, ,2026-03,R-02,BLOQUEA,numero_finca,ausente,campo informado,1
1,2,20250713,29,1,1,3,AV-2025-000025,1-893139-085,2026-03,R-02,BLOQUEA,valor_obras_complementarias,ausente,campo informado,1
1,2,20250714,3,7,3,3,AV-2025-000146,2-866303,2026-03,R-02,BLOQUEA,valor_obras_complementarias,ausente,campo informado,1
1,2,20250717,29,9,7,3,AV-2025-001238,1-580785,2026-03,R-02,BLOQUEA,fecha_informe,ausente,campo informado,1
1,2,20250723,18,3,6,3,AV-2025-000116,4-714528,2026-03,R-02,BLOQUEA,valor_unitario_construccion_m2,ausente,campo informado,1
1,2,20250731,19,6,-1,3,AV-2025-002141,4-325069,2026-03,R-02,BLOQUEA,perito_id,ausente,campo informado,1
1,2,20250801,29,7,6,3,AV-2025-003628, ,2026-03,R-02,BLOQUEA,numero_finca,ausente,campo informado,1
1,2,20250807,15,3,3,3,AV-2025-001111,4-662026,2026-03,R-02,BLOQUEA,valor_obras_complementarias,ausente,campo informado,1
1,2,20250901,8,3,8,3,AV-2025-000755,3-668687,2026-03,R-02,BLOQUEA,valor_obras_complementarias,ausente,campo informado,1
1,2,20250907,5,6,-1,3,AV-2025-003808,2-869841,2026-03,R-02,BLOQUEA,perito_id,ausente,campo informado,1
1,2,20250918,4,3,-1,3,AV-2025-000750,2-312022,2026-03,R-02,BLOQUEA,perito_id,ausente,campo informado,1
1,2,20250926,34,3,9,3,AV-2025-002536,1-808425,2026-03,R-02,BLOQUEA,valor_unitario_construccion_m2,ausente,campo informado,1
1,2,20250928,1,3,7,3,AV-2025-000028,N/A,2026-03,R-02,BLOQUEA,numero_finca,ausente,campo informado,1
1,2,20251017,23,9,7,3,AV-2025-001028,6-340949,2026-03,R-02,BLOQUEA,valor_obras_complementarias,ausente,campo informado,1
1,2,20251023,12,9,4,3,AV-2025-000355, ,2026-03,R-02,BLOQUEA,numero_finca,ausente,campo informado,1
1,2,20251101,25,3,7,3,AV-2025-001346,6-539047,2026-03,R-02,BLOQUEA,valor_unitario_construccion_m2,ausente,campo informado,1
1,2,20251103,30,7,7,3,AV-2025-000984,1-216155,2026-03,R-02,BLOQUEA,valor_obras_complementarias,ausente,campo informado,1
1,2,20251104,12,7,3,3,AV-2025-003461,5-806968,2026-03,R-02,BLOQUEA,fecha_informe,ausente,campo informado,1
1,2,20251107,11,1,1,3,AV-2025-003226,5-103368-126,2026-03,R-02,BLOQUEA,valor_unitario_construccion_m2,ausente,campo informado,1
1,2,20251111,35,1,3,3,AV-2025-003406,1-846716-108,2026-03,R-02,BLOQUEA,valor_obras_complementarias,ausente,campo informado,1
1,2,20251116,13,9,-1,3,AV-2025-002167,5-279460,2026-03,R-02,BLOQUEA,perito_id,ausente,campo informado,1
1,2,20251120,30,1,-1,3,AV-2025-002238,1-567629-245,2026-03,R-02,BLOQUEA,perito_id,ausente,campo informado,1
1,2,20251122,2,6,3,3,AV-2025-003178,2-168849,2026-03,R-02,BLOQUEA,fecha_informe,ausente,campo informado,1
1,2,20251215,13,3,5,3,AV-2025-002358,5-562409,2026-03,R-02,BLOQUEA,valor_unitario_construccion_m2,ausente,campo informado,1
1,2,20251218,32,9,3,3,AV-2025-002544,1-468659,2026-03,R-02,BLOQUEA,fecha_informe,ausente,campo informado,1
1,2,20251228,8,3,7,3,AV-2025-003637,3-639763,2026-03,R-02,BLOQUEA,valor_unitario_construccion_m2,ausente,campo informado,1
1,2,20251228,13,7,7,3,AV-2025-000022,5-720329,2026-03,R-02,BLOQUEA,fecha_informe,ausente,campo informado,1
1,2,20260103,18,2,8,3,AV-2026-003535,4-661166,2026-03,R-02,BLOQUEA,fecha_informe,ausente,campo informado,1
1,2,20260110,5,3,9,3,AV-2026-003745,2-201949,2026-03,R-02,BLOQUEA,valor_obras_complementarias,ausente,campo informado,1
1,2,20260118,27,3,-1,3,AV-2026-003374,1-200666,2026-03,R-02,BLOQUEA,perito_id,ausente,campo informado,1
1,2,20260203,6,8,7,3,AV-2026-002006,2-378619,2026-03,R-02,BLOQUEA,fecha_informe,ausente,campo informado,1
1,2,20260207,17,3,7,3,AV-2026-002203,4-527252,2026-03,R-02,BLOQUEA,fecha_informe,ausente,campo informado,1
1,3,20210426,12,3,3,3,AV-2025-003048,5-909649,2026-03,R-03,BLOQUEA,valor_total_inmueble,253302000,211940562.9,1
1,3,20210713,1,1,3,3,AV-2025-003609,2-901163-013,2026-03,R-03,BLOQUEA,valor_total_inmueble,207899,188979.51,1
1,3,20220312,8,7,5,3,AV-2025-001909,3-860299,2026-03,R-03,BLOQUEA,valor_total_inmueble,1009530000,945277827.71,1
1,3,20220319,14,4,7,3,AV-2024-003445,5-692242-165,2026-03,R-03,BLOQUEA,valor_total_inmueble,351917,325587.47,1
1,3,20220609,8,1,6,3,AV-2024-003096,3-943365-237,2026-03,R-03,BLOQUEA,valor_total_inmueble,157943,168302.14,1
1,3,20221022,7,3,7,3,AV-2025-003493,3-948010,2026-03,R-03,BLOQUEA,valor_total_inmueble,619208000,691783453.38,1
1,3,20221105,26,2,4,3,AV-2026-002007,1-815678,2026-03,R-03,BLOQUEA,valor_total_inmueble,14800539,13845376.96,1
1,3,20221129,28,2,9,3,AV-2025-002217,1-233970,2026-03,R-03,BLOQUEA,valor_total_inmueble,7895721000,5129751841.47,1
1,3,20221231,9,1,3,3,AV-2024-003916,3-648997-265,2026-03,R-03,BLOQUEA,valor_total_inmueble,104546,96248.37,1
1,3,20230110,15,2,3,3,AV-2025-003629,4-213201,2026-03,R-03,BLOQUEA,valor_total_inmueble,19846101,15959137.92,1
1,3,20230131,22,1,5,3,AV-2025-001986,7-538525-331,2026-03,R-03,BLOQUEA,valor_total_inmueble,82095000,96991021.63,1
1,3,20230201,26,3,7,3,AV-2025-003116,1-436513,2026-03,R-03,BLOQUEA,valor_total_inmueble,723985,798207.44,1
1,3,20231126,17,3,1,3,AV-2026-000585,4-282676,2026-03,R-03,BLOQUEA,valor_total_inmueble,161046000,142946944.81,1
1,3,20240506,19,3,3,3,AV-2024-002973,4-741279,2026-03,R-03,BLOQUEA,valor_total_inmueble,207242000,184672855.76,1
1,3,20240514,17,4,7,3,AV-2024-001401,4-663522-391,2026-03,R-03,BLOQUEA,valor_total_inmueble,401142,479743.33,1
1,3,20240612,25,9,3,3,AV-2024-003276,6-657112,2026-03,R-03,BLOQUEA,valor_total_inmueble,181491000,153908929.93,1
1,3,20240618,16,1,5,3,AV-2024-000851,4-254662-125,2026-03,R-03,BLOQUEA,valor_total_inmueble,87724000,93371217.29,1
1,3,20240703,34,2,3,3,AV-2024-001603,1-634343,2026-03,R-03,BLOQUEA,valor_total_inmueble,8453252,5970776.2,1
1,3,20240728,7,3,3,3,AV-2024-000856,3-319185,2026-03,R-03,BLOQUEA,valor_total_inmueble,416988000,347547082.22,1
1,3,20240728,34,3,7,3,AV-2024-001983,1-964968,2026-03,R-03,BLOQUEA,valor_total_inmueble,439817000,418907376.04,1
1,3,20240805,16,1,2,3,AV-2024-000111,4-341659-124,2026-03,R-03,BLOQUEA,valor_total_inmueble,266827000,258024034.85,1
1,3,20240811,27,1,4,3,AV-2024-003448,1-400433-186,2026-03,R-03,BLOQUEA,valor_total_inmueble,927661,107516.06,1
1,3,20240921,6,8,7,3,AV-2024-003086,2-935775,2026-03,R-03,BLOQUEA,valor_total_inmueble,2427774000,2958692625.44,1
1,3,20241015,28,3,7,3,AV-2024-000408,1-313118,2026-03,R-03,BLOQUEA,valor_total_inmueble,1285001000,1019626896.57,1
1,3,20241026,17,9,7,3,AV-2024-002335,4-925160,2026-03,R-03,BLOQUEA,valor_total_inmueble,275663000,263768581.84,1
1,3,20241027,28,9,7,3,AV-2024-003573,1-731891,2026-03,R-03,BLOQUEA,valor_total_inmueble,209529000,181119265.3,1
1,3,20241027,31,8,1,3,AV-2024-001607,1-704060,2026-03,R-03,BLOQUEA,valor_total_inmueble,956099000,839171100.51,1
1,3,20241029,26,2,1,3,AV-2024-003731,1-812803,2026-03,R-03,BLOQUEA,valor_total_inmueble,12923898,11332102.12,1
1,3,20241103,19,6,3,3,AV-2024-000942,4-487506,2026-03,R-03,BLOQUEA,valor_total_inmueble,21999042000,19487869401.52,1
1,3,20241112,30,1,7,3,AV-2024-002651,1-383764-021,2026-03,R-03,BLOQUEA,valor_total_inmueble,120807000,125771031.72,1
1,3,20241120,14,3,1,3,AV-2024-001892,5-296339,2026-03,R-03,BLOQUEA,valor_total_inmueble,363160000,405669332.18,1
1,3,20241128,1,1,6,3,AV-2024-003435,2-805658-258,2026-03,R-03,BLOQUEA,valor_total_inmueble,281133,253791.74,1
1,3,20241229,8,3,3,3,AV-2024-001587,3-567720,2026-03,R-03,BLOQUEA,valor_total_inmueble,205826000,250718062.51,1
1,3,20250112,9,3,7,3,AV-2025-001155,3-823241,2026-03,R-03,BLOQUEA,valor_total_inmueble,130583000,95176420.1,1
1,3,20250122,19,3,3,3,AV-2025-001420,4-436816,2026-03,R-03,BLOQUEA,valor_total_inmueble,173853000,145628890.56,1
1,3,20250202,13,3,3,3,AV-2025-002220,5-241812,2026-03,R-03,BLOQUEA,valor_total_inmueble,237490000,213612538.14,1
1,3,20250227,19,6,9,3,AV-2025-001091,4-887319,2026-03,R-03,BLOQUEA,valor_total_inmueble,2462608000,2303115459.97,1
1,3,20250303,8,9,3,3,AV-2025-002784,3-671308,2026-03,R-03,BLOQUEA,valor_total_inmueble,56421000,64108824.58,1
1,3,20250307,1,3,3,3,AV-2025-001847,2-499361,2026-03,R-03,BLOQUEA,valor_total_inmueble,729973000,426229738.49,1
1,3,20250312,30,9,3,3,AV-2025-002416,1-336085,2026-03,R-03,BLOQUEA,valor_total_inmueble,476621000,518402291.3,1
1,3,20250401,14,4,7,3,AV-2025-003005,5-666540-179,2026-03,R-03,BLOQUEA,valor_total_inmueble,288528,308803.22,1
1,3,20250410,27,9,4,3,AV-2025-002782,1-662821,2026-03,R-03,BLOQUEA,valor_total_inmueble,55266000,115553568.23,1
1,3,20250414,29,3,1,3,AV-2025-002397,1-249275,2026-03,R-03,BLOQUEA,valor_total_inmueble,208734000,191948134.47,1
1,3,20250418,27,2,3,3,AV-2025-001024,1-211134,2026-03,R-03,BLOQUEA,valor_total_inmueble,11486854,13018500.23,1
1,3,20250420,30,4,8,3,AV-2025-000001,1-206214-301,2026-03,R-03,BLOQUEA,valor_total_inmueble,363482,432253.31,1
1,3,20250421,9,9,3,3,AV-2025-000731,3-990268,2026-03,R-03,BLOQUEA,valor_total_inmueble,181948000,190743491.9,1
1,3,20250421,11,3,3,3,AV-2025-001392,5-202269,2026-03,R-03,BLOQUEA,valor_total_inmueble,713917,627056.69,1
1,3,20250427,18,9,3,3,AV-2025-003540,4-111535,2026-03,R-03,BLOQUEA,valor_total_inmueble,127494000,180604827.69,1
1,3,20250429,9,2,9,3,AV-2025-002787,3-930535,2026-03,R-03,BLOQUEA,valor_total_inmueble,1670262,1928945.54,1
1,3,20250514,8,1,3,3,AV-2025-001106,3-691295-159,2026-03,R-03,BLOQUEA,valor_total_inmueble,101594,19635.1,1
1,3,20250514,17,3,4,3,AV-2025-002852,4-630715,2026-03,R-03,BLOQUEA,valor_total_inmueble,642284000,773513580.53,1
1,3,20250519,17,2,3,3,AV-2025-002044,4-562255,2026-03,R-03,BLOQUEA,valor_total_inmueble,6647525,7759857.88,1
1,3,20250522,24,3,3,3,AV-2025-003016,6-795311,2026-03,R-03,BLOQUEA,valor_total_inmueble,140242,147692.34,1
1,3,20250523,29,3,3,3,AV-2025-001535,1-317129,2026-03,R-03,BLOQUEA,valor_total_inmueble,1160923000,982847135.65,1
1,3,20250527,23,3,3,3,AV-2025-000246,6-334908,2026-03,R-03,BLOQUEA,valor_total_inmueble,703726000,868240926.95,1
1,3,20250528,34,4,3,3,AV-2025-000524,1-588780-136,2026-03,R-03,BLOQUEA,valor_total_inmueble,856152,352081.78,1
1,3,20250531,8,3,9,3,AV-2025-000448,3-349012,2026-03,R-03,BLOQUEA,valor_total_inmueble,371154,317766.66,1
1,3,20250531,12,3,3,3,AV-2025-002737,5-651932,2026-03,R-03,BLOQUEA,valor_total_inmueble,503076000,611189268.39,1
1,3,20250605,16,5,1,3,AV-2025-003401,4-408512,2026-03,R-03,BLOQUEA,valor_total_inmueble,4761327000,4040600732.49,1
1,3,20250610,3,7,8,3,AV-2025-000456,2-515003,2026-03,R-03,BLOQUEA,valor_total_inmueble,4607581000,4277005738.33,1
1,3,20250611,23,9,5,3,AV-2025-000363,6-171347,2026-03,R-03,BLOQUEA,valor_total_inmueble,528486,596038.65,1
1,3,20250614,7,7,9,3,AV-2025-001375,3-933266,2026-03,R-03,BLOQUEA,valor_total_inmueble,1916466000,1744112532.67,1
1,3,20250617,27,9,3,3,AV-2025-000705,1-553173,2026-03,R-03,BLOQUEA,valor_total_inmueble,369304000,405928766.09,1
1,3,20250620,22,8,3,3,AV-2025-000800,7-946546,2026-03,R-03,BLOQUEA,valor_total_inmueble,1143879000,1240909694.52,1
1,3,20250622,9,3,1,3,AV-2025-003205,3-376753,2026-03,R-03,BLOQUEA,valor_total_inmueble,222976000,192504930.0,1
1,3,20250702,2,9,7,3,AV-2025-001823,2-195242,2026-03,R-03,BLOQUEA,valor_total_inmueble,9034000,10074101.34,1
1,3,20250702,7,3,3,3,AV-2025-003598,3-699580,2026-03,R-03,BLOQUEA,valor_total_inmueble,342639,378045.57,1
1,3,20250703,17,3,6,3,AV-2025-003750,4-215814,2026-03,R-03,BLOQUEA,valor_total_inmueble,190282000,181749534.07,1
1,3,20250706,29,3,9,3,AV-2025-001976,1-149040,2026-03,R-03,BLOQUEA,valor_total_inmueble,733582000,785177319.29,1
1,3,20250712,18,2,1,3,AV-2025-001795,4-896140,2026-03,R-03,BLOQUEA,valor_total_inmueble,2740514,3080510.39,1
1,3,20250712,30,3,6,3,AV-2025-001759,1-760817,2026-03,R-03,BLOQUEA,valor_total_inmueble,332753000,296643096.84,1
1,3,20250809,24,3,7,3,AV-2025-002048,6-874608,2026-03,R-03,BLOQUEA,valor_total_inmueble,429862000,383610996.54,1
1,3,20250811,6,3,3,3,AV-2025-001013,2-255297,2026-03,R-03,BLOQUEA,valor_total_inmueble,866877000,774355762.12,1
1,3,20250816,23,1,1,3,AV-2025-001371,6-229819-108,2026-03,R-03,BLOQUEA,valor_total_inmueble,458956,200529.2,1
1,3,20250823,10,3,7,3,AV-2025-000216,3-518829,2026-03,R-03,BLOQUEA,valor_total_inmueble,366369000,394203544.86,1
1,3,20250823,13,6,6,3,AV-2025-003384,5-695873,2026-03,R-03,BLOQUEA,valor_total_inmueble,10014688000,11594870166.61,1
1,3,20250823,33,3,3,3,AV-2025-003310,1-504720,2026-03,R-03,BLOQUEA,valor_total_inmueble,474301000,503134871.37,1
1,3,20250826,10,3,8,3,AV-2025-003761,3-675271,2026-03,R-03,BLOQUEA,valor_total_inmueble,1313296000,1532685618.41,1
1,3,20250905,33,7,7,3,AV-2025-002372,1-647616,2026-03,R-03,BLOQUEA,valor_total_inmueble,1042177000,1006648358.85,1
1,3,20250909,31,6,8,3,AV-2025-003529,1-706655,2026-03,R-03,BLOQUEA,valor_total_inmueble,1683698,1461945.36,1
1,3,20250925,21,3,3,3,AV-2025-000067,7-323857,2026-03,R-03,BLOQUEA,valor_total_inmueble,137990000,143800730.86,1
1,3,20251002,1,4,1,3,AV-2025-000843,2-989100-257,2026-03,R-03,BLOQUEA,valor_total_inmueble,448170,423468.47,1
1,3,20251003,27,2,6,3,AV-2025-003370,1-537059,2026-03,R-03,BLOQUEA,valor_total_inmueble,9899853,11896839.27,1
1,3,20251006,28,1,1,3,AV-2025-002117,1-143949-368,2026-03,R-03,BLOQUEA,valor_total_inmueble,366374,162493.64,1
1,3,20251007,19,8,9,3,AV-2025-002567,4-569971,2026-03,R-03,BLOQUEA,valor_total_inmueble,181923,280047.75,1
1,3,20251017,34,4,7,3,AV-2025-000107,1-534833-172,2026-03,R-03,BLOQUEA,valor_total_inmueble,264020,283447.99,1
1,3,20251018,9,3,6,3,AV-2025-003004,3-507829,2026-03,R-03,BLOQUEA,valor_total_inmueble,1960192000,2334105783.65,1
1,3,20251023,29,3,8,3,AV-2025-002612,1-223164,2026-03,R-03,BLOQUEA,valor_total_inmueble,403046000,481131932.22,1
1,3,20251025,34,9,1,3,AV-2025-001470,1-517889,2026-03,R-03,BLOQUEA,valor_total_inmueble,3940571,3747994.43,1
1,3,20251102,13,9,1,3,AV-2025-003256,5-325412,2026-03,R-03,BLOQUEA,valor_total_inmueble,58149000,51877389.59,1
1,3,20251104,30,3,7,3,AV-2025-000464,1-751771,2026-03,R-03,BLOQUEA,valor_total_inmueble,649263000,575626377.37,1
1,3,20251110,3,7,2,3,AV-2025-003850,2-218004,2026-03,R-03,BLOQUEA,valor_total_inmueble,2019052000,2164345275.47,1
1,3,20251112,12,9,4,3,AV-2025-001251,5-800716,2026-03,R-03,BLOQUEA,valor_total_inmueble,20908000,19549041.74,1
1,3,20251116,27,4,2,3,AV-2025-000423,1-484230-340,2026-03,R-03,BLOQUEA,valor_total_inmueble,190880,234294.63,1
1,3,20251122,29,3,8,3,AV-2025-001815,1-666115,2026-03,R-03,BLOQUEA,valor_total_inmueble,208984000,199847190.74,1
1,3,20251203,33,7,5,3,AV-2025-001332,1-433211,2026-03,R-03,BLOQUEA,valor_total_inmueble,1879474000,1598565920.01,1
1,3,20251206,17,3,7,3,AV-2025-001032,4-399571,2026-03,R-03,BLOQUEA,valor_total_inmueble,733156000,668540770.06,1
1,3,20251209,1,9,3,3,AV-2025-001281,2-686404,2026-03,R-03,BLOQUEA,valor_total_inmueble,146397000,127998314.17,1
1,3,20251224,8,3,2,3,AV-2025-001007,3-680848,2026-03,R-03,BLOQUEA,valor_total_inmueble,801115000,827043645.06,1
1,3,20260101,20,3,5,3,AV-2026-002032,7-382116,2026-03,R-03,BLOQUEA,valor_total_inmueble,344056000,287538026.06,1
1,3,20260120,4,3,7,3,AV-2026-000559,2-865671,2026-03,R-03,BLOQUEA,valor_total_inmueble,173403,161293.74,1
1,3,20260127,9,4,1,3,AV-2026-003760,3-831670-252,2026-03,R-03,BLOQUEA,valor_total_inmueble,139598,171928.72,1
1,3,20260207,24,3,8,3,AV-2026-003308,6-677461,2026-03,R-03,BLOQUEA,valor_total_inmueble,522356000,449906747.83,1
1,3,20260211,20,9,3,3,AV-2026-001222,7-363329,2026-03,R-03,BLOQUEA,valor_total_inmueble,45702000,38868849.04,1
1,3,20260213,14,8,3,3,AV-2026-002002,5-128723,2026-03,R-03,BLOQUEA,valor_total_inmueble,900379,1048726.79,1
1,3,20260216,7,4,9,3,AV-2026-000241,3-974498-298,2026-03,R-03,BLOQUEA,valor_total_inmueble,242043000,143937747.46,1
1,3,20260219,11,9,3,3,AV-2026-000610,5-240585,2026-03,R-03,BLOQUEA,valor_total_inmueble,77522000,122377095.27,1
1,3,20260223,9,3,3,3,AV-2026-000265,3-268412,2026-03,R-03,BLOQUEA,valor_total_inmueble,263720,220234.29,1
1,3,20260225,16,9,6,3,AV-2026-000783,4-991360,2026-03,R-03,BLOQUEA,valor_total_inmueble,117862000,134666528.23,1
1,4,20210905,18,2,3,3,AV-2025-001845,4-569345,2026-03,R-04,BLOQUEA,area_construccion_m2,área 0.0 / vu 0.0,ambos mayores a cero: la tipología exige construcción,1
1,4,20211223,4,7,8,3,AV-2026-000899,2-222345,2026-03,R-04,BLOQUEA,area_construccion_m2,área 0.0 / vu 0.0,ambos mayores a cero: la tipología exige construcción,1
1,4,20221129,28,2,9,3,AV-2025-002217,1-233970,2026-03,R-04,BLOQUEA,area_construccion_m2,área 0.0 / vu 0.0,ambos mayores a cero: la tipología exige construcción,1
1,4,20230110,15,2,3,3,AV-2025-003629,4-213201,2026-03,R-04,BLOQUEA,area_construccion_m2,área 0.0 / vu 0.0,ambos mayores a cero: la tipología exige construcción,1
1,4,20230206,33,1,6,3,AV-2024-002947,1-486739-258,2026-03,R-04,BLOQUEA,area_construccion_m2,área 0.0 / vu 0.0,ambos mayores a cero: la tipología exige construcción,1
1,4,20231016,22,3,3,3,AV-2025-002764,7-407824,2026-03,R-04,BLOQUEA,area_construccion_m2,área 0.0 / vu 0.0,ambos mayores a cero: la tipología exige construcción,1
1,4,20240703,34,2,3,3,AV-2024-001603,1-634343,2026-03,R-04,BLOQUEA,area_construccion_m2,área 0.0 / vu 0.0,ambos mayores a cero: la tipología exige construcción,1
1,4,20240806,28,3,4,3,AV-2024-003707,1-705720,2026-03,R-04,BLOQUEA,area_construccion_m2,área 0.0 / vu 0.0,ambos mayores a cero: la tipología exige construcción,1
1,4,20240811,27,1,4,3,AV-2024-003448,1-400433-186,2026-03,R-04,BLOQUEA,area_construccion_m2,área 0.0 / vu 0.0,ambos mayores a cero: la tipología exige construcción,1
1,4,20240906,28,4,2,3,AV-2024-003204,1-728393-011,2026-03,R-04,BLOQUEA,area_construccion_m2,área 0.0 / vu 0.0,ambos mayores a cero: la tipología exige construcción,1
1,4,20240909,11,4,8,3,AV-2024-002802,5-269021-004,2026-03,R-04,BLOQUEA,area_construccion_m2,área 0.0 / vu 0.0,ambos mayores a cero: la tipología exige construcción,1
1,4,20241006,29,3,3,3,AV-2024-003210,1-372150,2026-03,R-04,BLOQUEA,area_construccion_m2,área 0.0 / vu 0.0,ambos mayores a cero: la tipología exige construcción,1
1,4,20241015,28,3,7,3,AV-2024-000408,1-313118,2026-03,R-04,BLOQUEA,area_construccion_m2,área 0.0 / vu 0.0,ambos mayores a cero: la tipología exige construcción,1
1,4,20241208,34,5,3,3,AV-2024-001250,1-286040,2026-03,R-04,BLOQUEA,area_construccion_m2,área 0.0 / vu 0.0,ambos mayores a cero: la tipología exige construcción,1
1,4,20241212,24,3,7,3,AV-2024-001977,6-104344,2026-03,R-04,BLOQUEA,area_construccion_m2,área 0.0 / vu 0.0,ambos mayores a cero: la tipología exige construcción,1
1,4,20241212,28,4,3,3,AV-2024-001568,1-627650-068,2026-03,R-04,BLOQUEA,area_construccion_m2,área 0.0 / vu 0.0,ambos mayores a cero: la tipología exige construcción,1
1,4,20250112,9,3,7,3,AV-2025-001155,3-823241,2026-03,R-04,BLOQUEA,area_construccion_m2,área 0.0 / vu 0.0,ambos mayores a cero: la tipología exige construcción,1
1,4,20250211,28,1,3,3,AV-2025-003583,1-139379-118,2026-03,R-04,BLOQUEA,area_construccion_m2,área 0.0 / vu 0.0,ambos mayores a cero: la tipología exige construcción,1
1,4,20250307,1,3,3,3,AV-2025-001847,2-499361,2026-03,R-04,BLOQUEA,area_construccion_m2,área 0.0 / vu 0.0,ambos mayores a cero: la tipología exige construcción,1
1,4,20250307,33,1,7,3,AV-2025-002066,1-441609-243,2026-03,R-04,BLOQUEA,area_construccion_m2,área 0.0 / vu 0.0,ambos mayores a cero: la tipología exige construcción,1
1,4,20250410,27,9,4,3,AV-2025-002782,1-662821,2026-03,R-04,BLOQUEA,area_construccion_m2,área 178.52 / vu 337708.8,ambos en cero: la tipología no contempla construcción,1
1,4,20250417,3,3,6,3,AV-2025-000579,2-163763,2026-03,R-04,BLOQUEA,area_construccion_m2,área 0.0 / vu 0.0,ambos mayores a cero: la tipología exige construcción,1
1,4,20250427,18,9,3,3,AV-2025-003540,4-111535,2026-03,R-04,BLOQUEA,area_construccion_m2,área 124.67 / vu 426012.91,ambos en cero: la tipología no contempla construcción,1
1,4,20250509,7,9,5,3,AV-2025-000142,3-233124,2026-03,R-04,BLOQUEA,area_construccion_m2,área 99.0 / vu 287398.94,ambos en cero: la tipología no contempla construcción,1
1,4,20250514,8,1,3,3,AV-2025-001106,3-691295-159,2026-03,R-04,BLOQUEA,area_construccion_m2,área 0.0 / vu 0.0,ambos mayores a cero: la tipología exige construcción,1
1,4,20250528,34,4,3,3,AV-2025-000524,1-588780-136,2026-03,R-04,BLOQUEA,area_construccion_m2,área 0.0 / vu 0.0,ambos mayores a cero: la tipología exige construcción,1
1,4,20250611,23,9,5,3,AV-2025-000363,6-171347,2026-03,R-04,BLOQUEA,area_construccion_m2,área 107.32 / vu 629.45,ambos en cero: la tipología no contempla construcción,1
1,4,20250617,27,9,3,3,AV-2025-000705,1-553173,2026-03,R-04,BLOQUEA,area_construccion_m2,área 108.25 / vu 338334.37,ambos en cero: la tipología no contempla construcción,1
1,4,20250619,28,1,9,3,AV-2025-002758,1-323473-251,2026-03,R-04,BLOQUEA,area_construccion_m2,área 0.0 / vu 0.0,ambos mayores a cero: la tipología exige construcción,1
1,4,20250711,18,1,3,3,AV-2025-001214,4-686987-017,2026-03,R-04,BLOQUEA,area_construccion_m2,área 0.0 / vu 0.0,ambos mayores a cero: la tipología exige construcción,1
1,4,20250806,16,4,3,3,AV-2025-003112,4-892369-089,2026-03,R-04,BLOQUEA,area_construccion_m2,área 0.0 / vu 0.0,ambos mayores a cero: la tipología exige construcción,1
1,4,20250811,6,3,3,3,AV-2025-001013,2-255297,2026-03,R-04,BLOQUEA,area_construccion_m2,área 0.0 / vu 0.0,ambos mayores a cero: la tipología exige construcción,1
1,4,20250812,11,4,7,3,AV-2025-003345,5-941173-025,2026-03,R-04,BLOQUEA,area_construccion_m2,área 0.0 / vu 0.0,ambos mayores a cero: la tipología exige construcción,1
1,4,20250816,23,1,1,3,AV-2025-001371,6-229819-108,2026-03,R-04,BLOQUEA,area_construccion_m2,área 0.0 / vu 0.0,ambos mayores a cero: la tipología exige construcción,1
1,4,20250930,8,3,7,3,AV-2025-000435,3-288449,2026-03,R-04,BLOQUEA,area_construccion_m2,área 0.0 / vu 0.0,ambos mayores a cero: la tipología exige construcción,1
1,4,20251006,28,1,1,3,AV-2025-002117,1-143949-368,2026-03,R-04,BLOQUEA,area_construccion_m2,área 0.0 / vu 0.0,ambos mayores a cero: la tipología exige construcción,1
1,4,20251006,34,1,4,3,AV-2025-002178,1-484538-299,2026-03,R-04,BLOQUEA,area_construccion_m2,área 0.0 / vu 0.0,ambos mayores a cero: la tipología exige construcción,1
1,4,20251007,19,8,9,3,AV-2025-002567,4-569971,2026-03,R-04,BLOQUEA,area_construccion_m2,área 75.98 / vu 1291.45,ambos en cero: la tipología no contempla construcción,1
1,4,20251014,9,4,1,3,AV-2025-000830,3-105207-214,2026-03,R-04,BLOQUEA,area_construccion_m2,área 0.0 / vu 0.0,ambos mayores a cero: la tipología exige construcción,1
1,4,20251123,27,9,1,3,AV-2025-000457,1-182379,2026-03,R-04,BLOQUEA,area_construccion_m2,área 73.36 / vu 829874.09,ambos en cero: la tipología no contempla construcción,1
1,4,20251204,16,5,2,3,AV-2025-001941,4-543589,2026-03,R-04,BLOQUEA,area_construccion_m2,área 0.0 / vu 0.0,ambos mayores a cero: la tipología exige construcción,1
1,4,20251205,35,9,5,3,AV-2025-003655,1-428455,2026-03,R-04,BLOQUEA,area_construccion_m2,área 95.45 / vu 787104.39,ambos en cero: la tipología no contempla construcción,1
1,4,20251211,35,9,7,3,AV-2025-000900,1-223851,2026-03,R-04,BLOQUEA,area_construccion_m2,área 148.08 / vu 1197.04,ambos en cero: la tipología no contempla construcción,1
1,4,20251215,3,3,6,3,AV-2025-002303,2-589831,2026-03,R-04,BLOQUEA,area_construccion_m2,área 0.0 / vu 0.0,ambos mayores a cero: la tipología exige construcción,1
1,4,20251221,17,7,1,3,AV-2025-001563,4-250913,2026-03,R-04,BLOQUEA,area_construccion_m2,área 0.0 / vu 0.0,ambos mayores a cero: la tipología exige construcción,1
1,4,20260109,21,9,8,3,AV-2026-003477,7-182490,2026-03,R-04,BLOQUEA,area_construccion_m2,área 160.75 / vu 1666.42,ambos en cero: la tipología no contempla construcción,1
1,4,20260116,17,7,1,3,AV-2026-000161,4-319228,2026-03,R-04,BLOQUEA,area_construccion_m2,área 0.0 / vu 0.0,ambos mayores a cero: la tipología exige construcción,1
1,4,20260216,7,4,9,3,AV-2026-000241,3-974498-298,2026-03,R-04,BLOQUEA,area_construccion_m2,área 0.0 / vu 0.0,ambos mayores a cero: la tipología exige construcción,1
1,4,20260216,35,1,2,3,AV-2026-002978,1-988219-266,2026-03,R-04,BLOQUEA,area_construccion_m2,área 0.0 / vu 0.0,ambos mayores a cero: la tipología exige construcción,1
1,4,20260219,11,9,3,3,AV-2026-000610,5-240585,2026-03,R-04,BLOQUEA,area_construccion_m2,área 165.31 / vu 271340.55,ambos en cero: la tipología no contempla construcción,1
1,5,20210430,18,7,6,3,AV-2025-000371,4-565674,2026-03,R-05,BLOQUEA,fecha_inspeccion; fecha_valor; fecha_informe,2021-05-05 / 2021-04-30 / 2021-05-04,inspección <= valor <= informe,1
1,5,20210826,17,3,7,3,AV-2025-003012,4-449060,2026-03,R-05,BLOQUEA,fecha_inspeccion; fecha_valor; fecha_informe,2021-08-14 / 2021-08-26 / 2026-07-16,fecha posterior al corte 2026-03-31,1
1,5,20210917,21,3,1,3,AV-2025-001212,7-905183,2026-03,R-05,BLOQUEA,fecha_inspeccion; fecha_valor; fecha_informe,2021-09-11 / 2021-09-17 / 2021-09-02,inspección <= valor <= informe,1
1,5,20211123,22,4,3,3,AV-2025-002357,7-834683-044,2026-03,R-05,BLOQUEA,fecha_inspeccion; fecha_valor; fecha_informe,2021-08-23 / 2021-11-23 / 2021-11-26,brecha mayor a 30/15 días,1
1,5,20220115,7,1,3,3,AV-2025-003376,3-532515-331,2026-03,R-05,BLOQUEA,fecha_inspeccion; fecha_valor; fecha_informe,2022-01-02 / 2022-01-15 / 2026-07-26,fecha posterior al corte 2026-03-31,1
1,5,20220207,7,1,9,3,AV-2025-001648,3-277831-070,2026-03,R-05,BLOQUEA,fecha_inspeccion; fecha_valor; fecha_informe,2022-01-23 / 2022-02-07 / 2022-02-01,inspección <= valor <= informe,1
1,5,20230619,20,3,1,3,AV-2025-003683,7-833199,2026-03,R-05,BLOQUEA,fecha_inspeccion; fecha_valor; fecha_informe,2023-06-26 / 2023-06-19 / 2023-06-21,inspección <= valor <= informe,1
1,5,20230714,24,6,3,3,AV-2025-002255,6-630886,2026-03,R-05,BLOQUEA,fecha_inspeccion; fecha_valor; fecha_informe,2023-07-26 / 2023-07-14 / 2023-07-24,inspección <= valor <= informe,1
1,5,20231117,20,9,7,3,AV-2026-003166,7-765840,2026-03,R-05,BLOQUEA,fecha_inspeccion; fecha_valor; fecha_informe,2023-11-07 / 2023-11-17 / 2023-10-26,inspección <= valor <= informe,1
1,5,20231216,16,5,3,3,AV-2025-000249,4-429825,2026-03,R-05,BLOQUEA,fecha_inspeccion; fecha_valor; fecha_informe,2023-10-17 / 2023-12-16 / 2023-12-22,brecha mayor a 30/15 días,1
1,5,20240725,26,4,1,3,AV-2024-001351,1-455525-053,2026-03,R-05,BLOQUEA,fecha_inspeccion; fecha_valor; fecha_informe,2024-07-09 / 2024-07-25 / 2024-07-16,inspección <= valor <= informe,1
1,5,20240830,23,3,3,3,AV-2024-002015,6-228355,2026-03,R-05,BLOQUEA,fecha_inspeccion; fecha_valor; fecha_informe,2024-06-06 / 2024-08-30 / 2024-09-11,brecha mayor a 30/15 días,1
1,5,20240831,34,1,1,3,AV-2024-000853,1-618548-012,2026-03,R-05,BLOQUEA,fecha_inspeccion; fecha_valor; fecha_informe,2024-08-24 / 2024-08-31 / 2024-08-27,inspección <= valor <= informe,1
1,5,20241004,16,4,3,3,AV-2024-002145,4-910645-163,2026-03,R-05,BLOQUEA,fecha_inspeccion; fecha_valor; fecha_informe,2024-10-10 / 2024-10-04 / 2024-10-16,inspección <= valor <= informe,1
1,5,20241019,17,4,7,3,AV-2024-003973,4-846031-095,2026-03,R-05,BLOQUEA,fecha_inspeccion; fecha_valor; fecha_informe,2024-10-27 / 2024-10-19 / 2024-10-26,inspección <= valor <= informe,1
1,5,20241108,35,2,3,3,AV-2024-003796,1-146195,2026-03,R-05,BLOQUEA,fecha_inspeccion; fecha_valor; fecha_informe,2024-11-02 / 2024-11-08 / 2026-08-09,fecha posterior al corte 2026-03-31,1
1,5,20241121,33,1,1,3,AV-2024-002064,1-481751-051,2026-03,R-05,BLOQUEA,fecha_inspeccion; fecha_valor; fecha_informe,2024-11-17 / 2024-11-21 / 2026-08-13,fecha posterior al corte 2026-03-31,1
1,5,20241128,22,9,3,3,AV-2024-002580,7-536050,2026-03,R-05,BLOQUEA,fecha_inspeccion; fecha_valor; fecha_informe,2024-12-24 / 2024-11-28 / 2024-12-06,inspección <= valor <= informe,1
1,5,20241210,2,3,2,3,AV-2024-000841,2-533016,2026-03,R-05,BLOQUEA,fecha_inspeccion; fecha_valor; fecha_informe,2024-11-25 / 2024-12-10 / 2024-11-12,inspección <= valor <= informe,1
1,5,20250110,8,4,3,3,AV-2025-002448,3-300202-358,2026-03,R-05,BLOQUEA,fecha_inspeccion; fecha_valor; fecha_informe,2025-01-29 / 2025-01-10 / 2025-01-13,inspección <= valor <= informe,1
1,5,20250131,15,4,2,3,AV-2025-002461,4-514631-317,2026-03,R-05,BLOQUEA,fecha_inspeccion; fecha_valor; fecha_informe,2025-01-14 / 2025-01-31 / 2025-01-13,inspección <= valor <= informe,1
1,5,20250214,28,4,4,3,AV-2025-000573,1-105045-338,2026-03,R-05,BLOQUEA,fecha_inspeccion; fecha_valor; fecha_informe,2024-10-29 / 2025-02-14 / 2025-02-16,brecha mayor a 30/15 días,1
1,5,20250318,4,3,7,3,AV-2025-001485,2-408522,2026-03,R-05,BLOQUEA,fecha_inspeccion; fecha_valor; fecha_informe,2025-04-04 / 2025-03-18 / 2025-03-30,inspección <= valor <= informe,1
1,5,20250324,29,1,3,3,AV-2025-002206,1-271294-006,2026-03,R-05,BLOQUEA,fecha_inspeccion; fecha_valor; fecha_informe,2025-04-17 / 2025-03-24 / 2025-04-04,inspección <= valor <= informe,1
1,5,20250328,16,4,7,3,AV-2025-000794,4-469751-203,2026-03,R-05,BLOQUEA,fecha_inspeccion; fecha_valor; fecha_informe,2025-03-27 / 2025-03-28 / 2025-03-01,inspección <= valor <= informe,1
1,5,20250422,18,4,3,3,AV-2025-002614,4-692025-019,2026-03,R-05,BLOQUEA,fecha_inspeccion; fecha_valor; fecha_informe,2025-04-18 / 2025-04-22 / 2026-09-11,fecha posterior al corte 2026-03-31,1
1,5,20250504,7,3,4,3,AV-2025-000907,3-946219,2026-03,R-05,BLOQUEA,fecha_inspeccion; fecha_valor; fecha_informe,2025-06-08 / 2025-05-04 / 2025-05-15,inspección <= valor <= informe,1
1,5,20250617,15,1,7,3,AV-2025-000768,4-157357-195,2026-03,R-05,BLOQUEA,fecha_inspeccion; fecha_valor; fecha_informe,2025-03-01 / 2025-06-17 / 2025-06-21,brecha mayor a 30/15 días,1
1,5,20250620,27,3,3,3,AV-2025-000556,1-875498,2026-03,R-05,BLOQUEA,fecha_inspeccion; fecha_valor; fecha_informe,2025-06-28 / 2025-06-20 / 2025-06-30,inspección <= valor <= informe,1
1,5,20250625,30,7,7,3,AV-2025-000058,1-799780,2026-03,R-05,BLOQUEA,fecha_inspeccion; fecha_valor; fecha_informe,2025-06-16 / 2025-06-25 / 2026-08-12,fecha posterior al corte 2026-03-31,1
1,5,20250707,1,4,3,3,AV-2025-002558,2-290299-180,2026-03,R-05,BLOQUEA,fecha_inspeccion; fecha_valor; fecha_informe,2025-07-30 / 2025-07-07 / 2025-07-12,inspección <= valor <= informe,1
1,5,20250714,29,3,4,3,AV-2025-000788,1-478075,2026-03,R-05,BLOQUEA,fecha_inspeccion; fecha_valor; fecha_informe,2025-07-13 / 2025-07-14 / 2026-07-25,fecha posterior al corte 2026-03-31,1
1,5,20250722,5,3,3,3,AV-2025-002513,2-165357,2026-03,R-05,BLOQUEA,fecha_inspeccion; fecha_valor; fecha_informe,2025-05-03 / 2025-07-22 / 2025-07-29,brecha mayor a 30/15 días,1
1,5,20250803,31,6,7,3,AV-2025-001812,1-523767,2026-03,R-05,BLOQUEA,fecha_inspeccion; fecha_valor; fecha_informe,2025-08-01 / 2025-08-03 / 2025-07-19,inspección <= valor <= informe,1
1,5,20250825,30,7,7,3,AV-2025-001322,1-249049,2026-03,R-05,BLOQUEA,fecha_inspeccion; fecha_valor; fecha_informe,2025-05-02 / 2025-08-25 / 2025-08-30,brecha mayor a 30/15 días,1
1,5,20250828,25,1,3,3,AV-2025-000298,6-424314-390,2026-03,R-05,BLOQUEA,fecha_inspeccion; fecha_valor; fecha_informe,2025-09-16 / 2025-08-28 / 2025-09-04,inspección <= valor <= informe,1
1,5,20250925,7,4,7,3,AV-2025-001216,3-794832-251,2026-03,R-05,BLOQUEA,fecha_inspeccion; fecha_valor; fecha_informe,2025-10-04 / 2025-09-25 / 2025-09-30,inspección <= valor <= informe,1
1,5,20250929,7,1,4,3,AV-2025-002911,3-647661-346,2026-03,R-05,BLOQUEA,fecha_inspeccion; fecha_valor; fecha_informe,2025-09-15 / 2025-09-29 / 2026-10-22,fecha posterior al corte 2026-03-31,1
1,5,20251007,9,7,7,3,AV-2025-001747,3-279517,2026-03,R-05,BLOQUEA,fecha_inspeccion; fecha_valor; fecha_informe,2025-09-26 / 2025-10-07 / 2025-09-29,inspección <= valor <= informe,1
1,5,20251019,25,9,7,3,AV-2025-000437,6-609658,2026-03,R-05,BLOQUEA,fecha_inspeccion; fecha_valor; fecha_informe,2025-11-13 / 2025-10-19 / 2025-10-23,inspección <= valor <= informe,1
1,5,20251024,34,1,2,3,AV-2025-001073,1-497021-212,2026-03,R-05,BLOQUEA,fecha_inspeccion; fecha_valor; fecha_informe,2025-10-22 / 2025-10-24 / 2025-10-09,inspección <= valor <= informe,1
1,5,20251029,15,4,4,3,AV-2025-000332,4-344993-103,2026-03,R-05,BLOQUEA,fecha_inspeccion; fecha_valor; fecha_informe,2025-11-08 / 2025-10-29 / 2025-10-31,inspección <= valor <= informe,1
1,5,20251116,12,7,7,3,AV-2025-001199,5-526148,2026-03,R-05,BLOQUEA,fecha_inspeccion; fecha_valor; fecha_informe,2025-12-10 / 2025-11-16 / 2025-11-28,inspección <= valor <= informe,1
1,5,20251213,16,9,7,3,AV-2025-001994,4-222772,2026-03,R-05,BLOQUEA,fecha_inspeccion; fecha_valor; fecha_informe,2025-12-31 / 2025-12-13 / 2025-12-24,inspección <= valor <= informe,1
1,5,20251230,7,3,6,3,AV-2025-000324,3-797770,2026-03,R-05,BLOQUEA,fecha_inspeccion; fecha_valor; fecha_informe,2025-09-21 / 2025-12-30 / 2026-01-01,brecha mayor a 30/15 días,1
1,5,20260102,17,3,7,3,AV-2026-003246,4-113443,2026-03,R-05,BLOQUEA,fecha_inspeccion; fecha_valor; fecha_informe,2025-12-14 / 2026-01-02 / 2025-12-28,inspección <= valor <= informe,1
1,5,20260105,35,1,7,3,AV-2026-000019,1-934706-133,2026-03,R-05,BLOQUEA,fecha_inspeccion; fecha_valor; fecha_informe,2026-01-04 / 2026-01-05 / 2025-12-06,inspección <= valor <= informe,1
1,5,20260120,19,3,3,3,AV-2026-002840,4-943700,2026-03,R-05,BLOQUEA,fecha_inspeccion; fecha_valor; fecha_informe,2026-01-14 / 2026-01-20 / 2026-01-09,inspección <= valor <= informe,1
1,5,20260211,29,2,6,3,AV-2026-003527,1-498439,2026-03,R-05,BLOQUEA,fecha_inspeccion; fecha_valor; fecha_informe,2026-03-06 / 2026-02-11 / 2026-02-18,inspección <= valor <= informe,1
1,5,20260226,28,3,3,3,AV-2026-001820,1-650304,2026-03,R-05,BLOQUEA,fecha_inspeccion; fecha_valor; fecha_informe,2026-03-05 / 2026-02-26 / 2026-03-07,inspección <= valor <= informe,1
1,6,20210331,24,2,3,2,AV-2024-002980,6-864514,2026-03,R-06,REVISA,latitud; longitud,"9.164744, -84.62201",a menos de 5 km del centroide; observado 93.2 km,1
1,6,20210403,10,7,4,2,AV-2025-002655,3-535617,2026-03,R-06,REVISA,latitud; longitud,"-83.670783, 9.935977",coordenada dentro del territorio nacional,1
1,6,20210412,8,3,3,2,AV-2025-001533,3-357422,2026-03,R-06,REVISA,latitud; longitud,"10.525444, -84.682256",a menos de 4 km del centroide; observado 102.6 km,1
1,6,20210413,25,9,7,2,AV-2026-000612,6-959754,2026-03,R-06,REVISA,latitud; longitud,"9.471452, -83.699399",a menos de 10 km del centroide; observado 50.9 km,1
1,6,20210414,10,8,6,2,AV-2025-003557,3-662538,2026-03,R-06,REVISA,latitud; longitud,"10.710948, -84.077059",a menos de 10 km del centroide; observado 99.4 km,1
1,6,20210517,9,7,8,2,AV-2024-002815,3-360691,2026-03,R-06,REVISA,latitud; longitud,"10.055175, -83.352865",a menos de 6 km del centroide; observado 61.3 km,1
1,6,20210624,15,1,1,2,AV-2025-001022,4-763220-369,2026-03,R-06,REVISA,latitud; longitud,"10.268265, -84.74224",a menos de 3 km del centroide; observado 69.2 km,1
1,6,20210812,33,5,7,2,AV-2024-000166,1-748812,2026-03,R-06,REVISA,latitud; longitud,"10.35442, -83.519559",a menos de 2 km del centroide; observado 76.4 km,1
1,6,20210821,30,7,3,2,AV-2024-003922,1-919989,2026-03,R-06,REVISA,latitud; longitud,"10.464291, -84.558229",a menos de 3 km del centroide; observado 81.1 km,1
1,6,20210830,25,4,8,2,AV-2026-003698,6-982161-342,2026-03,R-06,REVISA,latitud; longitud,"8.657382, -83.605894",a menos de 10 km del centroide; observado 105.6 km,1
1,6,20210903,16,2,3,2,AV-2025-001481,4-429477,2026-03,R-06,REVISA,latitud; longitud,"9.761732, -83.135481",a menos de 3 km del centroide; observado 110.7 km,1
1,6,20210922,2,8,3,2,AV-2026-002028,2-101789,2026-03,R-06,REVISA,latitud; longitud,"9.62779, -83.63636",a menos de 8 km del centroide; observado 90.3 km,1
1,6,20211018,29,3,1,2,AV-2025-000424,1-982729,2026-03,R-06,REVISA,latitud; longitud,"10.240618, -83.36932",a menos de 3 km del centroide; observado 81.2 km,1
1,6,20211024,1,3,6,2,AV-2025-001918,2-845866,2026-03,R-06,REVISA,latitud; longitud,"-84.207587, 10.001234",coordenada dentro del territorio nacional,1
1,6,20211025,28,4,8,2,AV-2025-001802,1-223425-187,2026-03,R-06,REVISA,latitud; longitud,"9.894004, -83.41618",a menos de 4 km del centroide; observado 79.3 km,1
1,6,20211111,16,1,2,2,AV-2025-000514,4-745864-373,2026-03,R-06,REVISA,latitud; longitud,"10.244469, -83.731128",a menos de 3 km del centroide; observado 50.4 km,1
1,6,20211209,18,3,1,2,AV-2024-000297,4-486309,2026-03,R-06,REVISA,latitud; longitud,"9.745851, -83.614751",a menos de 3 km del centroide; observado 58.2 km,1
1,6,20211211,25,9,8,2,AV-2025-001129,6-191382,2026-03,R-06,REVISA,latitud; longitud,"8.793659, -84.063815",a menos de 10 km del centroide; observado 71.8 km,1
1,6,20220125,23,1,7,2,AV-2025-000737,6-449218-070,2026-03,R-06,REVISA,latitud; longitud,"9.13263, -85.53076",a menos de 8 km del centroide; observado 112.6 km,1
1,6,20220201,33,4,3,2,AV-2025-003460,1-650143-310,2026-03,R-06,REVISA,latitud; longitud,"10.302175, -84.33636",a menos de 2 km del centroide; observado 49.7 km,1
1,6,20220221,20,2,2,2,AV-2025-000143,7-898219,2026-03,R-06,REVISA,latitud; longitud,"9.6001, -82.295403",coordenada dentro del territorio nacional,1
1,6,20220310,25,3,3,2,AV-2024-000477,6-883218,2026-03,R-06,REVISA,latitud; longitud,"-84.173929, 9.477089",coordenada dentro del territorio nacional,1
1,6,20220312,4,6,3,2,AV-2026-000591,2-705394,2026-03,R-06,REVISA,latitud; longitud,"10.830271, -83.668045",a menos de 10 km del centroide; observado 100.6 km,1
1,6,20220321,15,1,6,2,AV-2025-002661,4-925059-074,2026-03,R-06,REVISA,latitud; longitud,"10.681097, -84.860712",a menos de 3 km del centroide; observado 107.7 km,1
1,6,20220406,23,3,4,2,AV-2025-002900,6-995420,2026-03,R-06,REVISA,latitud; longitud,"9.548723, -85.237646",a menos de 8 km del centroide; observado 67.2 km,1
1,6,20220413,34,1,5,2,AV-2025-000400,1-185516-383,2026-03,R-06,REVISA,latitud; longitud,"10.495868, -83.844719",a menos de 4 km del centroide; observado 72.7 km,1
1,6,20220516,18,3,4,2,AV-2025-000354,4-494820,2026-03,R-06,REVISA,latitud; longitud,"10.060463, -83.563828",a menos de 3 km del centroide; observado 58.3 km,1
1,6,20220518,34,1,3,2,AV-2025-002635,1-881657-129,2026-03,R-06,REVISA,latitud; longitud,"9.445885, -84.254099",a menos de 4 km del centroide; observado 54.7 km,1
1,6,20220607,27,4,7,2,AV-2024-001171,1-237457-135,2026-03,R-06,REVISA,latitud; longitud,"-84.057788, 9.894584",coordenada dentro del territorio nacional,1
1,6,20220609,9,3,3,2,AV-2024-001850,3-195465,2026-03,R-06,REVISA,latitud; longitud,"10.266142, -83.771939",a menos de 6 km del centroide; observado 48.7 km,1
1,6,20220716,1,2,3,2,AV-2025-002882,2-306590,2026-03,R-06,REVISA,latitud; longitud,"9.569798, -85.200816",a menos de 4 km del centroide; observado 119.2 km,1
1,6,20220928,34,1,3,2,AV-2025-003924,1-950043-355,2026-03,R-06,REVISA,latitud; longitud,"10.335247, -84.440728",a menos de 4 km del centroide; observado 52.9 km,1
1,6,20221005,34,2,3,2,AV-2024-000394,1-593321,2026-03,R-06,REVISA,latitud; longitud,"9.482738, -84.198442",a menos de 4 km del centroide; observado 50.1 km,1
1,6,20221006,34,3,7,2,AV-2025-000639,1-891744,2026-03,R-06,REVISA,latitud; longitud,"9.385406, -83.486437",a menos de 4 km del centroide; observado 97.7 km,1
1,6,20221010,1,4,4,2,AV-2025-000911,2-387681-032,2026-03,R-06,REVISA,latitud; longitud,"9.828876, -84.60024",a menos de 4 km del centroide; observado 47.3 km,1
1,6,20221120,27,7,3,2,AV-2025-001463,1-854217,2026-03,R-06,REVISA,latitud; longitud,"10.016398, -83.096885",a menos de 4 km del centroide; observado 107.0 km,1
1,6,20221125,16,5,8,2,AV-2024-002929,4-980604,2026-03,R-06,REVISA,latitud; longitud,"9.74812, -83.590902",a menos de 3 km del centroide; observado 64.0 km,1
1,6,20221208,33,1,9,2,AV-2025-003778,1-343745-062,2026-03,R-06,REVISA,latitud; longitud,"-84.071708, 9.934487",coordenada dentro del territorio nacional,1
1,6,20221219,8,3,4,2,AV-2025-003851,3-369618,2026-03,R-06,REVISA,latitud; longitud,"9.15574, -83.456587",a menos de 4 km del centroide; observado 101.8 km,1
1,6,20221229,15,1,7,2,AV-2025-000753,4-552428-381,2026-03,R-06,REVISA,latitud; longitud,"9.493471, -83.698714",a menos de 3 km del centroide; observado 75.6 km,1
1,6,20230116,22,4,1,2,AV-2025-001887,7-202111-315,2026-03,R-06,REVISA,latitud; longitud,"10.31766, -83.537956",a menos de 12 km del centroide; observado 99.8 km,1
1,6,20230124,15,3,4,2,AV-2025-002542,4-747282,2026-03,R-06,REVISA,latitud; longitud,"-84.181062, 9.988747",coordenada dentro del territorio nacional,1
1,6,20230211,7,4,7,2,AV-2024-003052,3-476406-368,2026-03,R-06,REVISA,latitud; longitud,"10.231918, -84.183537",a menos de 3 km del centroide; observado 50.1 km,1
1,6,20230212,32,2,7,2,AV-2024-003038,1-805080,2026-03,R-06,REVISA,latitud; longitud,"-83.726128, 9.339787",coordenada dentro del territorio nacional,1
1,6,20230223,7,5,1,2,AV-2024-003501,3-362859,2026-03,R-06,REVISA,latitud; longitud,"9.018894, -83.607868",a menos de 3 km del centroide; observado 100.0 km,1
1,6,20230321,28,4,3,2,AV-2025-003935,1-760221-384,2026-03,R-06,REVISA,latitud; longitud,"10.237908, -84.480561",a menos de 4 km del centroide; observado 51.5 km,1
1,6,20230424,16,2,5,2,AV-2025-000210,4-337225,2026-03,R-06,REVISA,latitud; longitud,"9.234424, -84.466363",a menos de 3 km del centroide; observado 93.1 km,1
1,6,20230523,30,1,5,2,AV-2024-000923,1-442776-172,2026-03,R-06,REVISA,latitud; longitud,"9.218198, -83.480106",a menos de 3 km del centroide; observado 101.1 km,1
1,6,20230605,34,1,3,2,AV-2025-002996,1-413533-156,2026-03,R-06,REVISA,latitud; longitud,"-84.176607, 9.940213",coordenada dentro del territorio nacional,1
1,6,20230609,1,7,3,2,AV-2024-001009,2-426171,2026-03,R-06,REVISA,latitud; longitud,"-84.200321, 10.024186",coordenada dentro del territorio nacional,1
1,6,20230614,1,1,7,2,AV-2025-003534,2-992351-212,2026-03,R-06,REVISA,latitud; longitud,"10.475716, -83.737488",a menos de 4 km del centroide; observado 72.9 km,1
1,6,20230624,17,9,3,2,AV-2025-000075,4-127064,2026-03,R-06,REVISA,latitud; longitud,"-84.08156, 10.012435",coordenada dentro del territorio nacional,1
1,6,20230711,4,7,8,2,AV-2025-002804,2-664654,2026-03,R-06,REVISA,latitud; longitud,"-84.400067, 10.345762",coordenada dentro del territorio nacional,1
1,6,20230712,27,4,7,2,AV-2024-003649,1-828461-301,2026-03,R-06,REVISA,latitud; longitud,"10.19502, -83.617839",a menos de 4 km del centroide; observado 59.1 km,1
1,6,20230722,24,2,2,2,AV-2026-002608,6-728012,2026-03,R-06,REVISA,latitud; longitud,"9.839309, -84.135656",a menos de 5 km del centroide; observado 77.6 km,1
1,6,20230726,28,5,3,2,AV-2026-000231,1-667905,2026-03,R-06,REVISA,latitud; longitud,"10.373616, -83.279592",a menos de 4 km del centroide; observado 106.9 km,1
1,6,20230807,9,2,7,2,AV-2026-001136,3-449262,2026-03,R-06,REVISA,latitud; longitud,"9.577786, -84.732535",a menos de 6 km del centroide; observado 99.2 km,1
1,6,20230824,34,1,7,2,AV-2025-001952,1-545157-109,2026-03,R-06,REVISA,latitud; longitud,"-84.170613, 9.925001",coordenada dentro del territorio nacional,1
1,6,20230825,21,7,3,2,AV-2025-001240,7-241624,2026-03,R-06,REVISA,latitud; longitud,"9.792244, -83.484559",a menos de 10 km del centroide; observado 57.4 km,1
1,6,20230906,16,3,3,2,AV-2025-000273,4-282947,2026-03,R-06,REVISA,latitud; longitud,"9.240063, -84.105137",a menos de 3 km del centroide; observado 84.3 km,1
1,6,20230921,28,9,4,2,AV-2025-002334,1-667417,2026-03,R-06,REVISA,latitud; longitud,"9.446441, -84.15591",a menos de 4 km del centroide; observado 52.6 km,1
1,6,20230927,18,3,5,2,AV-2025-001623,4-456725,2026-03,R-06,REVISA,latitud; longitud,"10.028239, -83.424663",a menos de 3 km del centroide; observado 73.1 km,1
1,6,20231021,7,1,8,2,AV-2025-001121,3-212716-130,2026-03,R-06,REVISA,latitud; longitud,"9.637569, -84.2119",a menos de 3 km del centroide; observado 40.8 km,1
1,6,20231026,18,9,7,2,AV-2025-001582,4-119756,2026-03,R-06,REVISA,latitud; longitud,"10.896756, -83.69598",a menos de 3 km del centroide; observado 110.7 km,1
1,6,20231111,31,9,3,2,AV-2026-001897,1-723240,2026-03,R-06,REVISA,latitud; longitud,"10.136875, -83.816078",a menos de 15 km del centroide; observado 63.5 km,1
1,6,20231213,18,1,8,2,AV-2024-002634,4-789541-195,2026-03,R-06,REVISA,latitud; longitud,"9.821477, -85.15065",a menos de 3 km del centroide; observado 117.5 km,1
1,6,20240229,33,3,1,2,AV-2024-001315,1-975113,2026-03,R-06,REVISA,latitud; longitud,"9.908936, -84.536854",a menos de 2 km del centroide; observado 50.8 km,1
1,6,20240414,14,4,3,2,AV-2024-002208,5-998930-213,2026-03,R-06,REVISA,latitud; longitud,"9.471344, -86.055185",coordenada dentro del territorio nacional,1
1,6,20240421,16,7,5,2,AV-2024-001456,4-718035,2026-03,R-06,REVISA,latitud; longitud,"10.258561, -83.715469",a menos de 3 km del centroide; observado 52.6 km,1
1,6,20240510,33,3,7,2,AV-2024-002874,1-376477,2026-03,R-06,REVISA,latitud; longitud,"9.56457, -84.07007",a menos de 2 km del centroide; observado 41.4 km,1
1,6,20240517,26,3,4,2,AV-2024-003476,1-955663,2026-03,R-06,REVISA,latitud; longitud,"10.499941, -83.742329",a menos de 3 km del centroide; observado 72.2 km,1
1,6,20240520,11,4,4,2,AV-2024-001067,5-742547-121,2026-03,R-06,REVISA,latitud; longitud,"-85.66088, 10.551601",coordenada dentro del territorio nacional,1
1,6,20240523,15,2,6,2,AV-2024-001237,4-517503,2026-03,R-06,REVISA,latitud; longitud,"-84.174575, 9.981086",coordenada dentro del territorio nacional,1
1,6,20240528,18,4,8,2,AV-2024-001645,4-927315-009,2026-03,R-06,REVISA,latitud; longitud,"10.680238, -84.633055",a menos de 3 km del centroide; observado 97.9 km,1
1,6,20240703,30,7,3,2,AV-2024-001037,1-704255,2026-03,R-06,REVISA,latitud; longitud,"10.486147, -83.701233",a menos de 3 km del centroide; observado 72.4 km,1
1,6,20240704,22,3,1,2,AV-2024-000370,7-452099,2026-03,R-06,REVISA,latitud; longitud,"-82.881433, 9.700504",coordenada dentro del territorio nacional,1
1,6,20240711,10,3,9,3,AV-2024-001707,3-565384,2026-03,R-06,REVISA,latitud; longitud,"-83.722198, 9.925346",coordenada dentro del territorio nacional,1
1,6,20240721,8,4,5,2,AV-2024-000725,3-806276-175,2026-03,R-06,REVISA,latitud; longitud,"10.565028, -84.204815",a menos de 4 km del centroide; observado 77.0 km,1
1,6,20240725,26,4,1,3,AV-2024-001351,1-455525-053,2026-03,R-06,REVISA,latitud; longitud,"9.741375, -82.961331",a menos de 3 km del centroide; observado 119.0 km,1
1,6,20240729,11,1,3,2,AV-2024-003893,5-484487-357,2026-03,R-06,REVISA,latitud; longitud,"10.69602, -84.909127",a menos de 10 km del centroide; observado 85.2 km,1
1,6,20240808,34,1,1,2,AV-2024-003156,1-598076-197,2026-03,R-06,REVISA,latitud; longitud,"9.155031, -84.625448",a menos de 4 km del centroide; observado 99.2 km,1
1,6,20240809,17,9,7,2,AV-2024-001358,4-472741,2026-03,R-06,REVISA,latitud; longitud,"9.585379, -83.120287",a menos de 4 km del centroide; observado 116.5 km,1
1,6,20240821,16,1,1,2,AV-2024-003928,4-190235-030,2026-03,R-06,REVISA,latitud; longitud,"9.305246, -83.735522",a menos de 3 km del centroide; observado 87.6 km,1
1,6,20240906,28,4,2,3,AV-2024-003204,1-728393-011,2026-03,R-06,REVISA,latitud; longitud,"9.424516, -83.39752",a menos de 4 km del centroide; observado 98.2 km,1
1,6,20240909,11,4,8,3,AV-2024-002802,5-269021-004,2026-03,R-06,REVISA,latitud; longitud,"10.589422, -85.214935",a menos de 10 km del centroide; observado 50.2 km,1
1,6,20240911,7,1,6,2,AV-2024-001538,3-457809-373,2026-03,R-06,REVISA,latitud; longitud,"9.943961, -82.909721",a menos de 3 km del centroide; observado 110.9 km,1
1,6,20240911,8,3,8,2,AV-2024-002711,3-420644,2026-03,R-06,REVISA,latitud; longitud,"9.685948, -83.263109",a menos de 4 km del centroide; observado 83.0 km,1
1,6,20240911,13,3,3,2,AV-2024-000763,5-940740,2026-03,R-06,REVISA,latitud; longitud,"-85.491342, 10.130449",coordenada dentro del territorio nacional,1
1,6,20240913,9,9,3,2,AV-2024-002708,3-979647,2026-03,R-06,REVISA,latitud; longitud,"-83.887162, 9.836938",coordenada dentro del territorio nacional,1
1,6,20240922,8,3,1,2,AV-2024-000662,3-879605,2026-03,R-06,REVISA,latitud; longitud,"-83.982847, 9.910286",coordenada dentro del territorio nacional,1
1,6,20241002,26,4,3,2,AV-2024-000258,1-793119-348,2026-03,R-06,REVISA,latitud; longitud,"-84.029116, 9.930744",coordenada dentro del territorio nacional,1
1,6,20241004,20,3,7,2,AV-2024-000512,7-327158,2026-03,R-06,REVISA,latitud; longitud,"9.128976, -82.88264",a menos de 6 km del centroide; observado 97.3 km,1
1,6,20241009,17,4,2,2,AV-2024-001738,4-285585-097,2026-03,R-06,REVISA,latitud; longitud,"-84.096553, 9.99834",coordenada dentro del territorio nacional,1
1,6,20241017,34,7,5,2,AV-2024-001785,1-443589,2026-03,R-06,REVISA,latitud; longitud,"-84.164507, 9.936401",coordenada dentro del territorio nacional,1
1,6,20241026,17,9,7,3,AV-2024-002335,4-925160,2026-03,R-06,REVISA,latitud; longitud,"-84.092358, 10.028144",coordenada dentro del territorio nacional,1
1,6,20241027,29,1,4,2,AV-2024-002902,1-431572-129,2026-03,R-06,REVISA,latitud; longitud,"-84.044635, 9.949521",coordenada dentro del territorio nacional,1
1,6,20241027,34,3,4,2,AV-2024-002155,1-201184,2026-03,R-06,REVISA,latitud; longitud,"-84.188067, 9.951224",coordenada dentro del territorio nacional,1
1,6,20241105,13,7,2,2,AV-2024-000026,5-497653,2026-03,R-06,REVISA,latitud; longitud,"10.737573, -85.315795",a menos de 10 km del centroide; observado 67.2 km,1
1,6,20241108,26,7,7,2,AV-2024-000357,1-754013,2026-03,R-06,REVISA,latitud; longitud,"-84.032861, 9.911945",coordenada dentro del territorio nacional,1
1,6,20241113,2,9,4,2,AV-2024-002233,2-511911,2026-03,R-06,REVISA,latitud; longitud,"9.389434, -83.772352",a menos de 8 km del centroide; observado 93.4 km,1
1,6,20241123,2,3,7,2,AV-2024-002881,2-132643,2026-03,R-06,REVISA,latitud; longitud,"10.509585, -83.880913",a menos de 8 km del centroide; observado 80.5 km,1
1,6,20241126,28,9,6,2,AV-2024-003602,1-854097,2026-03,R-06,REVISA,latitud; longitud,"10.560576, -84.440237",a menos de 4 km del centroide; observado 78.5 km,1
1,6,20241129,18,7,3,2,AV-2024-003503,4-388625,2026-03,R-06,REVISA,latitud; longitud,"10.16166, -84.837643",a menos de 3 km del centroide; observado 84.3 km,1
1,6,20241201,30,9,3,2,AV-2024-000121,1-247630,2026-03,R-06,REVISA,latitud; longitud,"9.283223, -84.438363",a menos de 3 km del centroide; observado 83.9 km,1
1,6,20241204,19,8,8,2,AV-2024-001527,4-305699,2026-03,R-06,REVISA,latitud; longitud,"9.675332, -84.321647",a menos de 20 km del centroide; observado 94.2 km,1
1,6,20241204,32,8,9,2,AV-2024-003595,1-579136,2026-03,R-06,REVISA,latitud; longitud,"9.440012, -83.242384",a menos de 12 km del centroide; observado 50.7 km,1
1,6,20241212,28,4,3,3,AV-2024-001568,1-627650-068,2026-03,R-06,REVISA,latitud; longitud,"9.72839, -84.708696",a menos de 4 km del centroide; observado 65.8 km,1
1,6,20241218,16,3,1,2,AV-2024-002142,4-339088,2026-03,R-06,REVISA,latitud; longitud,"-84.106414, 9.986191",coordenada dentro del territorio nacional,1
1,6,20241219,34,2,4,2,AV-2024-003258,1-761303,2026-03,R-06,REVISA,latitud; longitud,"-84.197022, 9.938234",coordenada dentro del territorio nacional,1
1,6,20241223,32,3,9,2,AV-2024-000613,1-604192,2026-03,R-06,REVISA,latitud; longitud,"-83.672983, 9.388963",coordenada dentro del territorio nacional,1
1,6,20250102,18,1,2,2,AV-2025-003297,4-254214-247,2026-03,R-06,REVISA,latitud; longitud,"9.529082, -84.506313",a menos de 3 km del centroide; observado 67.8 km,1
1,6,20250108,15,2,1,2,AV-2025-001462,4-679451,2026-03,R-06,REVISA,latitud; longitud,"10.55143, -83.26571",a menos de 3 km del centroide; observado 118.9 km,1
1,6,20250108,27,3,3,2,AV-2025-003550,1-781452,2026-03,R-06,REVISA,latitud; longitud,"9.852634, -84.705921",a menos de 4 km del centroide; observado 70.2 km,1
1,6,20250115,17,7,7,2,AV-2025-001549,4-222371,2026-03,R-06,REVISA,latitud; longitud,"9.64916, -83.245731",a menos de 4 km del centroide; observado 101.1 km,1
1,6,20250116,18,1,4,2,AV-2025-000378,4-851918-351,2026-03,R-06,REVISA,latitud; longitud,"9.864214, -85.081914",a menos de 3 km del centroide; observado 109.4 km,1
1,6,20250118,7,4,7,2,AV-2025-002479,3-609182-252,2026-03,R-06,REVISA,latitud; longitud,"10.210101, -83.570143",a menos de 3 km del centroide; observado 54.2 km,1
1,6,20250118,16,3,3,3,AV-2025-001122,4-536875,2026-03,R-06,REVISA,latitud; longitud,"-84.128691, 9.999166",coordenada dentro del territorio nacional,1
1,6,20250120,12,7,3,2,AV-2025-000042,5-751971,2026-03,R-06,REVISA,latitud; longitud,"11.514155, -85.913867",coordenada dentro del territorio nacional,1
1,6,20250124,11,4,3,2,AV-2025-002674,5-445493-039,2026-03,R-06,REVISA,latitud; longitud,"-85.702233, 10.548473",coordenada dentro del territorio nacional,1
1,6,20250129,9,3,1,2,AV-2025-003689,3-950655,2026-03,R-06,REVISA,latitud; longitud,"-83.875026, 9.812656",coordenada dentro del territorio nacional,1
1,6,20250203,26,3,3,2,AV-2025-003597,1-581813,2026-03,R-06,REVISA,latitud; longitud,"9.856529, -84.985076",a menos de 3 km del centroide; observado 104.5 km,1
1,6,20250206,11,8,8,2,AV-2025-000543,5-598561,2026-03,R-06,REVISA,latitud; longitud,"9.809232, -84.871937",a menos de 10 km del centroide; observado 118.5 km,1
1,6,20250209,35,5,7,2,AV-2025-002548,1-430689,2026-03,R-06,REVISA,latitud; longitud,"10.230006, -84.413508",a menos de 3 km del centroide; observado 47.3 km,1
1,6,20250211,2,9,9,2,AV-2025-003665,2-516069,2026-03,R-06,REVISA,latitud; longitud,"9.898744, -83.817727",a menos de 8 km del centroide; observado 62.2 km,1
1,6,20250214,32,6,7,2,AV-2025-000333,1-300341,2026-03,R-06,REVISA,latitud; longitud,"9.933873, -84.09648",a menos de 12 km del centroide; observado 75.8 km,1
1,6,20250215,33,7,8,2,AV-2025-000886,1-120483,2026-03,R-06,REVISA,latitud; longitud,"-84.077932, 9.932343",coordenada dentro del territorio nacional,1
1,6,20250225,26,3,3,2,AV-2025-002092,1-342583,2026-03,R-06,REVISA,latitud; longitud,"10.195162, -84.521844",a menos de 3 km del centroide; observado 61.8 km,1
1,6,20250227,20,2,2,2,AV-2025-002340,7-700298,2026-03,R-06,REVISA,latitud; longitud,"10.375009, -82.800061",a menos de 6 km del centroide; observado 49.9 km,1
1,6,20250303,10,3,6,2,AV-2025-003272,3-242379,2026-03,R-06,REVISA,latitud; longitud,"-83.648493, 9.929972",coordenada dentro del territorio nacional,1
1,6,20250310,14,4,3,3,AV-2025-001713,5-132618-283,2026-03,R-06,REVISA,latitud; longitud,"10.934845, -86.236309",coordenada dentro del territorio nacional,1
1,6,20250310,15,9,3,2,AV-2025-003217,4-336693,2026-03,R-06,REVISA,latitud; longitud,"-84.18289, 9.983605",coordenada dentro del territorio nacional,1
1,6,20250311,8,7,9,2,AV-2025-002287,3-363061,2026-03,R-06,REVISA,latitud; longitud,"10.363706, -84.752284",a menos de 4 km del centroide; observado 98.0 km,1
1,6,20250313,23,4,2,2,AV-2025-002433,6-197721-024,2026-03,R-06,REVISA,latitud; longitud,"8.75711, -85.129372",a menos de 8 km del centroide; observado 110.1 km,1
1,6,20250317,34,2,6,2,AV-2025-002773,1-344508,2026-03,R-06,REVISA,latitud; longitud,"9.388175, -83.890253",a menos de 4 km del centroide; observado 68.6 km,1
1,6,20250318,33,5,1,2,AV-2025-003676,1-648320,2026-03,R-06,REVISA,latitud; longitud,"-84.083951, 9.933049",coordenada dentro del territorio nacional,1
1,6,20250327,34,4,9,2,AV-2025-001604,1-387288-220,2026-03,R-06,REVISA,latitud; longitud,"10.489808, -83.976608",a menos de 4 km del centroide; observado 65.9 km,1
1,6,20250401,16,1,6,2,AV-2025-001671,4-223457-286,2026-03,R-06,REVISA,latitud; longitud,"10.373818, -84.429444",a menos de 3 km del centroide; observado 54.0 km,1
1,6,20250406,9,1,1,2,AV-2025-003444,3-954324-335,2026-03,R-06,REVISA,latitud; longitud,"-83.892031, 9.824135",coordenada dentro del territorio nacional,1
1,6,20250406,26,3,7,2,AV-2025-002599,1-286287,2026-03,R-06,REVISA,latitud; longitud,"9.156123, -84.146577",a menos de 3 km del centroide; observado 85.5 km,1
1,6,20250411,3,3,1,2,AV-2025-000271,2-959764,2026-03,R-06,REVISA,latitud; longitud,"10.84548, -84.000989",a menos de 8 km del centroide; observado 92.4 km,1
1,6,20250412,18,1,6,2,AV-2025-002045,4-972867-394,2026-03,R-06,REVISA,latitud; longitud,"10.096036, -84.960973",a menos de 3 km del centroide; observado 96.2 km,1
1,6,20250412,31,8,5,2,AV-2025-003950,1-559908,2026-03,R-06,REVISA,latitud; longitud,"9.520657, -83.93385",a menos de 15 km del centroide; observado 55.7 km,1
1,6,20250419,4,8,2,2,AV-2025-001144,2-137582,2026-03,R-06,REVISA,latitud; longitud,"10.973678, -84.139074",a menos de 10 km del centroide; observado 79.0 km,1
1,6,20250420,30,4,8,3,AV-2025-000001,1-206214-301,2026-03,R-06,REVISA,latitud; longitud,"9.774689, -83.148196",a menos de 3 km del centroide; observado 100.4 km,1
1,6,20250421,26,4,8,2,AV-2025-002533,1-829913-042,2026-03,R-06,REVISA,latitud; longitud,"9.43102, -84.578052",a menos de 3 km del centroide; observado 80.6 km,1
1,6,20250425,33,1,8,2,AV-2025-003524,1-122100-080,2026-03,R-06,REVISA,latitud; longitud,"9.122977, -83.513259",a menos de 2 km del centroide; observado 109.4 km,1
1,6,20250502,16,1,4,2,AV-2025-002157,4-706875-232,2026-03,R-06,REVISA,latitud; longitud,"9.550544, -83.510348",a menos de 3 km del centroide; observado 83.0 km,1
1,6,20250505,20,6,5,2,AV-2025-001413,7-691826,2026-03,R-06,REVISA,latitud; longitud,"10.856735, -82.427222",coordenada dentro del territorio nacional,1
1,6,20250506,8,3,1,2,AV-2025-000935,3-754199,2026-03,R-06,REVISA,latitud; longitud,"9.097161, -84.441621",a menos de 4 km del centroide; observado 102.9 km,1
1,6,20250506,31,9,7,2,AV-2025-001769,1-897518,2026-03,R-06,REVISA,latitud; longitud,"9.372707, -83.499759",a menos de 15 km del centroide; observado 104.1 km,1
1,6,20250516,7,4,7,2,AV-2025-000816,3-351842-062,2026-03,R-06,REVISA,latitud; longitud,"-83.920341, 9.847949",coordenada dentro del territorio nacional,1
1,6,20250519,22,8,9,2,AV-2025-001781,7-767073,2026-03,R-06,REVISA,latitud; longitud,"9.518753, -83.307907",a menos de 12 km del centroide; observado 56.4 km,1
1,6,20250521,1,4,5,2,AV-2025-002893,2-123541-038,2026-03,R-06,REVISA,latitud; longitud,"9.739806, -84.900921",a menos de 4 km del centroide; observado 81.5 km,1
1,6,20250528,27,2,4,2,AV-2025-003119,1-718379,2026-03,R-06,REVISA,latitud; longitud,"9.947484, -84.646999",a menos de 4 km del centroide; observado 63.7 km,1
1,6,20250531,8,3,9,3,AV-2025-000448,3-349012,2026-03,R-06,REVISA,latitud; longitud,"9.081831, -84.101318",a menos de 4 km del centroide; observado 92.6 km,1
1,6,20250531,12,6,8,2,AV-2025-003405,5-629406,2026-03,R-06,REVISA,latitud; longitud,"11.526006, -85.193233",coordenada dentro del territorio nacional,1
1,6,20250531,18,3,5,2,AV-2025-002281,4-534066,2026-03,R-06,REVISA,latitud; longitud,"9.356219, -83.585506",a menos de 3 km del centroide; observado 88.7 km,1
1,6,20250531,32,6,6,2,AV-2025-000980,1-916508,2026-03,R-06,REVISA,latitud; longitud,"9.547191, -83.223096",a menos de 12 km del centroide; observado 55.7 km,1
1,6,20250601,35,2,7,2,AV-2025-000165,1-742581,2026-03,R-06,REVISA,latitud; longitud,"-84.067817, 9.95533",coordenada dentro del territorio nacional,1
1,6,20250604,17,3,3,2,AV-2025-003080,4-223259,2026-03,R-06,REVISA,latitud; longitud,"9.626608, -84.723782",a menos de 4 km del centroide; observado 81.8 km,1
1,6,20250613,17,4,3,2,AV-2025-003127,4-947052-175,2026-03,R-06,REVISA,latitud; longitud,"10.089729, -84.993821",a menos de 4 km del centroide; observado 99.3 km,1
1,6,20250617,35,9,5,2,AV-2025-003889,1-530748,2026-03,R-06,REVISA,latitud; longitud,"10.793408, -83.806359",a menos de 3 km del centroide; observado 97.4 km,1
1,6,20250619,30,2,1,2,AV-2025-000483,1-959677,2026-03,R-06,REVISA,latitud; longitud,"9.109693, -84.040049",a menos de 3 km del centroide; observado 91.6 km,1
1,6,20250627,16,3,2,2,AV-2025-002565,4-330468,2026-03,R-06,REVISA,latitud; longitud,"10.423628, -83.918204",a menos de 3 km del centroide; observado 52.1 km,1
1,6,20250702,2,9,7,3,AV-2025-001823,2-195242,2026-03,R-06,REVISA,latitud; longitud,"-84.400588, 9.975176",coordenada dentro del territorio nacional,1
1,6,20250702,30,4,7,2,AV-2025-003957,1-991122-012,2026-03,R-06,REVISA,latitud; longitud,"9.041352, -83.799676",a menos de 3 km del centroide; observado 102.9 km,1
1,6,20250705,8,4,3,2,AV-2025-001080,3-170615-207,2026-03,R-06,REVISA,latitud; longitud,"10.917005, -83.987901",a menos de 4 km del centroide; observado 112.3 km,1
1,6,20250705,13,3,3,2,AV-2025-001771,5-484088,2026-03,R-06,REVISA,latitud; longitud,"10.017082, -84.852014",a menos de 10 km del centroide; observado 67.3 km,1
1,6,20250706,29,3,9,3,AV-2025-001976,1-149040,2026-03,R-06,REVISA,latitud; longitud,"-84.057636, 9.963384",coordenada dentro del territorio nacional,1
1,6,20250709,34,5,6,2,AV-2025-002011,1-862776,2026-03,R-06,REVISA,latitud; longitud,"9.495009, -83.415348",a menos de 4 km del centroide; observado 97.2 km,1
1,6,20250717,18,3,7,2,AV-2025-002365,4-200323,2026-03,R-06,REVISA,latitud; longitud,"9.716311, -84.465381",a menos de 3 km del centroide; observado 50.5 km,1
1,6,20250718,21,3,1,2,AV-2025-001652,7-747619,2026-03,R-06,REVISA,latitud; longitud,"-83.821435, 10.197992",coordenada dentro del territorio nacional,1
1,6,20250725,15,7,4,2,AV-2025-001143,4-289380,2026-03,R-06,REVISA,latitud; longitud,"9.813098, -83.370696",a menos de 3 km del centroide; observado 90.8 km,1
1,6,20250726,25,4,7,2,AV-2025-001127,6-889111-107,2026-03,R-06,REVISA,latitud; longitud,"8.953633, -85.130467",a menos de 10 km del centroide; observado 118.9 km,1
1,6,20250727,34,4,7,2,AV-2025-003215,1-154663-096,2026-03,R-06,REVISA,latitud; longitud,"10.313531, -84.152365",a menos de 4 km del centroide; observado 42.4 km,1
1,6,20250801,35,1,7,2,AV-2025-000509,1-282501-217,2026-03,R-06,REVISA,latitud; longitud,"-84.074792, 9.974557",coordenada dentro del territorio nacional,1
1,6,20250801,35,2,3,2,AV-2025-001483,1-804526,2026-03,R-06,REVISA,latitud; longitud,"10.027129, -85.170525",a menos de 3 km del centroide; observado 119.7 km,1
1,6,20250804,6,8,7,2,AV-2025-003528,2-478464,2026-03,R-06,REVISA,latitud; longitud,"11.213142, -84.260481",a menos de 20 km del centroide; observado 89.7 km,1
1,6,20250804,17,2,7,2,AV-2025-002315,4-795885,2026-03,R-06,REVISA,latitud; longitud,"9.682085, -84.859146",a menos de 4 km del centroide; observado 92.1 km,1
1,6,20250808,16,2,7,2,AV-2025-003885,4-854504,2026-03,R-06,REVISA,latitud; longitud,"-84.110056, 10.00147",coordenada dentro del territorio nacional,1
1,6,20250811,20,7,3,2,AV-2025-002452,7-252378,2026-03,R-06,REVISA,latitud; longitud,"-83.046347, 10.01206",coordenada dentro del territorio nacional,1
1,6,20250811,30,4,1,2,AV-2025-001049,1-858987-178,2026-03,R-06,REVISA,latitud; longitud,"9.560759, -83.580792",a menos de 3 km del centroide; observado 66.0 km,1
1,6,20250818,23,8,7,2,AV-2025-001284,6-988594,2026-03,R-06,REVISA,latitud; longitud,"9.125353, -85.606961",a menos de 8 km del centroide; observado 120.4 km,1
1,6,20250819,17,1,3,2,AV-2025-001715,4-864129-262,2026-03,R-06,REVISA,latitud; longitud,"9.477139, -83.718349",a menos de 4 km del centroide; observado 72.5 km,1
1,6,20250822,26,5,4,2,AV-2025-003537,1-283500,2026-03,R-06,REVISA,latitud; longitud,"10.50682, -84.321474",a menos de 3 km del centroide; observado 72.8 km,1
1,6,20250823,13,6,6,3,AV-2025-003384,5-695873,2026-03,R-06,REVISA,latitud; longitud,"10.731011, -84.974275",a menos de 10 km del centroide; observado 83.3 km,1
1,6,20250823,34,9,7,2,AV-2025-000479,1-777515,2026-03,R-06,REVISA,latitud; longitud,"10.189184, -83.78087",a menos de 4 km del centroide; observado 52.4 km,1
1,6,20250824,4,9,7,2,AV-2025-001984,2-950969,2026-03,R-06,REVISA,latitud; longitud,"-84.415312, 10.359004",coordenada dentro del territorio nacional,1
1,6,20250825,30,7,7,3,AV-2025-001322,1-249049,2026-03,R-06,REVISA,latitud; longitud,"9.681285, -84.67629",a menos de 3 km del centroide; observado 74.1 km,1
1,6,20250827,31,3,2,2,AV-2025-000536,1-995647,2026-03,R-06,REVISA,latitud; longitud,"10.204647, -83.280686",a menos de 15 km del centroide; observado 120.1 km,1
1,6,20250828,2,8,7,2,AV-2025-001474,2-488029,2026-03,R-06,REVISA,latitud; longitud,"9.731663, -84.885226",a menos de 8 km del centroide; observado 61.8 km,1
1,6,20250901,10,3,6,2,AV-2025-001927,3-995650,2026-03,R-06,REVISA,latitud; longitud,"10.365228, -83.370574",a menos de 10 km del centroide; observado 61.5 km,1
1,6,20250903,1,3,3,2,AV-2025-002836,2-987693,2026-03,R-06,REVISA,latitud; longitud,"9.591743, -83.559482",a menos de 4 km del centroide; observado 85.7 km,1
1,6,20250907,31,3,4,2,AV-2025-000860,1-327809,2026-03,R-06,REVISA,latitud; longitud,"9.934184, -83.333274",a menos de 15 km del centroide; observado 108.2 km,1
1,6,20250907,33,4,7,2,AV-2025-000709,1-777187-309,2026-03,R-06,REVISA,latitud; longitud,"-84.075404, 9.942173",coordenada dentro del territorio nacional,1
1,6,20250911,1,1,8,2,AV-2025-000282,2-756566-354,2026-03,R-06,REVISA,latitud; longitud,"10.294023, -83.470265",a menos de 4 km del centroide; observado 86.9 km,1
1,6,20250911,22,1,4,2,AV-2025-001621,7-745334-136,2026-03,R-06,REVISA,latitud; longitud,"-82.857164, 9.799377",coordenada dentro del territorio nacional,1
1,6,20250913,18,9,3,2,AV-2025-000392,4-713062,2026-03,R-06,REVISA,latitud; longitud,"10.683407, -84.819158",a menos de 3 km del centroide; observado 111.7 km,1
1,6,20250914,27,3,9,2,AV-2025-003253,1-177231,2026-03,R-06,REVISA,latitud; longitud,"10.46923, -83.188927",a menos de 4 km del centroide; observado 115.1 km,1
1,6,20250915,17,3,7,2,AV-2025-002474,4-643069,2026-03,R-06,REVISA,latitud; longitud,"10.594586, -84.72238",a menos de 4 km del centroide; observado 94.5 km,1
1,6,20250917,34,3,5,2,AV-2025-002547,1-379359,2026-03,R-06,REVISA,latitud; longitud,"9.700568, -83.211037",a menos de 4 km del centroide; observado 109.6 km,1
1,6,20250919,9,4,3,2,AV-2025-003887,3-996029-269,2026-03,R-06,REVISA,latitud; longitud,"-83.848949, 9.858363",coordenada dentro del territorio nacional,1
1,6,20250920,25,8,2,2,AV-2025-000469,6-432817,2026-03,R-06,REVISA,latitud; longitud,"9.804391, -83.676681",a menos de 10 km del centroide; observado 67.4 km,1
1,6,20250925,29,3,3,2,AV-2025-001943,1-444258,2026-03,R-06,REVISA,latitud; longitud,"9.270246, -83.340604",a menos de 3 km del centroide; observado 108.5 km,1
1,6,20250926,26,5,6,2,AV-2025-000290,1-277862,2026-03,R-06,REVISA,latitud; longitud,"10.466017, -84.497842",a menos de 3 km del centroide; observado 79.5 km,1
1,6,20250928,27,4,1,2,AV-2025-001657,1-535205-023,2026-03,R-06,REVISA,latitud; longitud,"10.357037, -84.264259",a menos de 4 km del centroide; observado 55.2 km,1
1,6,20250928,34,2,1,2,AV-2025-002234,1-670657,2026-03,R-06,REVISA,latitud; longitud,"9.859359, -84.66264",a menos de 4 km del centroide; observado 53.2 km,1
1,6,20250929,20,7,3,2,AV-2025-003741,7-899039,2026-03,R-06,REVISA,latitud; longitud,"9.950155, -83.618114",a menos de 6 km del centroide; observado 63.9 km,1
1,6,20251001,34,5,4,2,AV-2025-000379,1-395045,2026-03,R-06,REVISA,latitud; longitud,"10.615449, -83.87451",a menos de 4 km del centroide; observado 83.1 km,1
1,6,20251008,31,3,4,2,AV-2025-000810,1-911388,2026-03,R-06,REVISA,latitud; longitud,"9.813005, -84.780192",a menos de 15 km del centroide; observado 50.9 km,1
1,6,20251011,18,2,9,2,AV-2025-003174,4-501071,2026-03,R-06,REVISA,latitud; longitud,"-84.094633, 9.983501",coordenada dentro del territorio nacional,1
1,6,20251013,26,1,8,2,AV-2025-000077,1-542214-330,2026-03,R-06,REVISA,latitud; longitud,"9.797659, -83.421752",a menos de 3 km del centroide; observado 68.3 km,1
1,6,20251015,1,4,7,2,AV-2025-002171,2-883048-268,2026-03,R-06,REVISA,latitud; longitud,"10.386127, -83.436599",a menos de 4 km del centroide; observado 94.3 km,1
1,6,20251016,30,4,1,2,AV-2025-002706,1-590998-197,2026-03,R-06,REVISA,latitud; longitud,"9.698119, -84.90793",a menos de 3 km del centroide; observado 97.6 km,1
1,6,20251020,15,2,7,2,AV-2025-002922,4-353684,2026-03,R-06,REVISA,latitud; longitud,"-84.188339, 9.980754",coordenada dentro del territorio nacional,1
1,6,20251020,33,4,8,2,AV-2025-002293,1-298127-042,2026-03,R-06,REVISA,latitud; longitud,"10.178304, -85.126109",a menos de 2 km del centroide; observado 118.3 km,1
1,6,20251023,1,1,1,2,AV-2025-002680,2-790797-239,2026-03,R-06,REVISA,latitud; longitud,"10.580882, -83.823771",a menos de 4 km del centroide; observado 75.8 km,1
1,6,20251027,34,4,1,2,AV-2025-002432,1-862218-115,2026-03,R-06,REVISA,latitud; longitud,"10.425736, -84.952746",a menos de 4 km del centroide; observado 100.5 km,1
1,6,20251028,9,3,9,2,AV-2025-003415,3-769857,2026-03,R-06,REVISA,latitud; longitud,"10.154169, -83.676413",a menos de 6 km del centroide; observado 40.9 km,1
1,6,20251029,15,4,4,3,AV-2025-000332,4-344993-103,2026-03,R-06,REVISA,latitud; longitud,"10.151855, -83.489445",a menos de 3 km del centroide; observado 78.4 km,1
1,6,20251030,32,2,4,2,AV-2025-001306,1-464927,2026-03,R-06,REVISA,latitud; longitud,"9.012299, -84.033146",a menos de 12 km del centroide; observado 54.4 km,1
1,6,20251101,18,7,7,2,AV-2025-003753,4-434699,2026-03,R-06,REVISA,latitud; longitud,"-84.085845, 9.983174",coordenada dentro del territorio nacional,1
1,6,20251103,23,3,7,2,AV-2025-003511,6-890574,2026-03,R-06,REVISA,latitud; longitud,"8.911425, -85.237613",a menos de 8 km del centroide; observado 102.9 km,1
1,6,20251104,5,3,3,2,AV-2025-003485,2-801958,2026-03,R-06,REVISA,latitud; longitud,"10.445278, -85.333117",a menos de 8 km del centroide; observado 102.5 km,1
1,6,20251108,26,2,1,2,AV-2025-002726,1-736519,2026-03,R-06,REVISA,latitud; longitud,"10.281464, -84.188495",a menos de 3 km del centroide; observado 44.0 km,1
1,6,20251110,26,2,1,2,AV-2025-002944,1-751137,2026-03,R-06,REVISA,latitud; longitud,"-84.036112, 9.921189",coordenada dentro del territorio nacional,1
1,6,20251112,28,2,9,2,AV-2025-001740,1-914143,2026-03,R-06,REVISA,latitud; longitud,"9.778016, -83.778978",a menos de 4 km del centroide; observado 42.5 km,1
1,6,20251113,27,1,6,2,AV-2025-003097,1-125844-122,2026-03,R-06,REVISA,latitud; longitud,"9.085048, -83.658669",a menos de 4 km del centroide; observado 101.1 km,1
1,6,20251114,15,3,9,2,AV-2025-000832,4-247480,2026-03,R-06,REVISA,latitud; longitud,"10.826438, -83.951598",a menos de 3 km del centroide; observado 97.7 km,1
1,6,20251114,29,4,1,2,AV-2025-000855,1-393840-194,2026-03,R-06,REVISA,latitud; longitud,"10.246138, -84.438228",a menos de 3 km del centroide; observado 53.8 km,1
1,6,20251115,7,2,6,2,AV-2025-003522,3-769327,2026-03,R-06,REVISA,latitud; longitud,"9.685711, -83.030595",a menos de 3 km del centroide; observado 99.3 km,1
1,6,20251121,7,1,4,2,AV-2025-000863,3-671686-183,2026-03,R-06,REVISA,latitud; longitud,"9.798966, -84.419577",a menos de 3 km del centroide; observado 55.3 km,1
1,6,20251122,27,3,6,2,AV-2025-000056,1-565517,2026-03,R-06,REVISA,latitud; longitud,"10.958049, -84.202183",a menos de 4 km del centroide; observado 118.6 km,1
1,6,20251125,27,3,5,2,AV-2025-002538,1-236510,2026-03,R-06,REVISA,latitud; longitud,"10.401628, -83.968246",a menos de 4 km del centroide; observado 56.8 km,1
1,6,20251126,18,2,7,2,AV-2025-002559,4-879413,2026-03,R-06,REVISA,latitud; longitud,"9.59075, -84.281884",a menos de 3 km del centroide; observado 48.1 km,1
1,6,20251129,15,1,2,2,AV-2025-003720,4-930947-235,2026-03,R-06,REVISA,latitud; longitud,"9.391371, -83.818575",a menos de 3 km del centroide; observado 76.5 km,1
1,6,20251130,33,1,3,2,AV-2025-001691,1-637049-083,2026-03,R-06,REVISA,latitud; longitud,"9.551333, -83.711163",a menos de 2 km del centroide; observado 58.5 km,1
1,6,20251203,9,7,9,2,AV-2025-000276,3-991209,2026-03,R-06,REVISA,latitud; longitud,"9.188791, -83.750458",a menos de 6 km del centroide; observado 73.3 km,1
1,6,20251203,11,1,8,2,AV-2025-002278,5-408156-345,2026-03,R-06,REVISA,latitud; longitud,"9.815581, -86.209164",coordenada dentro del territorio nacional,1
1,6,20251204,4,6,9,2,AV-2025-002156,2-857415,2026-03,R-06,REVISA,latitud; longitud,"10.902846, -84.279348",a menos de 10 km del centroide; observado 66.5 km,1
1,6,20251204,16,5,2,3,AV-2025-001941,4-543589,2026-03,R-06,REVISA,latitud; longitud,"10.298213, -83.529739",a menos de 3 km del centroide; observado 72.4 km,1
1,6,20251209,31,3,3,2,AV-2025-001421,1-182541,2026-03,R-06,REVISA,latitud; longitud,"9.030238, -83.988547",a menos de 15 km del centroide; observado 98.0 km,1
1,6,20251210,29,3,3,2,AV-2025-000445,1-140514,2026-03,R-06,REVISA,latitud; longitud,"9.970591, -84.692077",a menos de 3 km del centroide; observado 70.4 km,1
1,6,20251212,29,1,7,2,AV-2025-000520,1-714808-026,2026-03,R-06,REVISA,latitud; longitud,"10.613579, -83.783427",a menos de 3 km del centroide; observado 79.3 km,1
1,6,20251215,3,3,6,3,AV-2025-002303,2-589831,2026-03,R-06,REVISA,latitud; longitud,"-84.323011, 10.082708",coordenada dentro del territorio nacional,1
1,6,20251218,15,7,2,3,AV-2025-002380,4-560285,2026-03,R-06,REVISA,latitud; longitud,"10.237765, -84.871209",a menos de 3 km del centroide; observado 80.7 km,1
1,6,20251218,19,6,7,2,AV-2025-003350,4-741961,2026-03,R-06,REVISA,latitud; longitud,"11.270364, -83.619828",a menos de 20 km del centroide; observado 99.1 km,1
1,6,20251221,16,5,5,2,AV-2025-002103,4-585170,2026-03,R-06,REVISA,latitud; longitud,"10.12668, -84.761132",a menos de 3 km del centroide; observado 72.0 km,1
1,6,20251222,15,4,2,2,AV-2025-000140,4-423919-397,2026-03,R-06,REVISA,latitud; longitud,"10.082903, -83.527275",a menos de 3 km del centroide; observado 72.7 km,1
1,6,20251230,7,3,6,3,AV-2025-000324,3-797770,2026-03,R-06,REVISA,latitud; longitud,"8.803421, -83.799743",a menos de 3 km del centroide; observado 118.7 km,1
1,6,20260102,30,7,3,2,AV-2026-000961,1-264460,2026-03,R-06,REVISA,latitud; longitud,"9.529282, -84.114954",a menos de 3 km del centroide; observado 45.5 km,1
1,6,20260103,7,1,7,2,AV-2026-003015,3-907620-108,2026-03,R-06,REVISA,latitud; longitud,"9.094365, -84.661186",a menos de 3 km del centroide; observado 118.1 km,1
1,6,20260103,24,6,3,2,AV-2026-003249,6-720342,2026-03,R-06,REVISA,latitud; longitud,"-84.834118, 9.963213",coordenada dentro del territorio nacional,1
1,6,20260103,28,3,4,2,AV-2026-003304,1-958457,2026-03,R-06,REVISA,latitud; longitud,"10.709844, -83.839173",a menos de 4 km del centroide; observado 93.9 km,1
1,6,20260107,18,3,1,2,AV-2026-002889,4-692419,2026-03,R-06,REVISA,latitud; longitud,"9.684005, -83.420051",a menos de 3 km del centroide; observado 80.4 km,1
1,6,20260107,21,6,1,2,AV-2026-000571,7-899666,2026-03,R-06,REVISA,latitud; longitud,"10.197537, -84.777251",a menos de 10 km del centroide; observado 108.8 km,1
1,6,20260109,8,2,7,2,AV-2026-003792,3-343848,2026-03,R-06,REVISA,latitud; longitud,"9.73349, -83.186305",a menos de 4 km del centroide; observado 89.8 km,1
1,6,20260110,18,9,6,2,AV-2026-002875,4-880003,2026-03,R-06,REVISA,latitud; longitud,"9.05953, -83.902706",a menos de 3 km del centroide; observado 104.4 km,1
1,6,20260113,1,4,7,2,AV-2026-003222,2-929223-315,2026-03,R-06,REVISA,latitud; longitud,"-84.222708, 10.012654",coordenada dentro del territorio nacional,1
1,6,20260116,17,7,1,3,AV-2026-000161,4-319228,2026-03,R-06,REVISA,latitud; longitud,"10.689185, -83.939265",a menos de 4 km del centroide; observado 76.6 km,1
1,6,20260121,7,4,3,2,AV-2026-003029,3-587849-111,2026-03,R-06,REVISA,latitud; longitud,"9.38383, -84.223856",a menos de 3 km del centroide; observado 63.0 km,1
1,6,20260121,15,1,1,2,AV-2026-001832,4-736614-243,2026-03,R-06,REVISA,latitud; longitud,"10.830971, -84.420145",a menos de 3 km del centroide; observado 98.3 km,1
1,6,20260125,20,3,6,2,AV-2026-000185,7-373452,2026-03,R-06,REVISA,latitud; longitud,"9.589106, -83.199755",a menos de 6 km del centroide; observado 48.2 km,1
1,6,20260125,35,3,3,2,AV-2026-001544,1-181338,2026-03,R-06,REVISA,latitud; longitud,"-84.082172, 9.95741",coordenada dentro del territorio nacional,1
1,6,20260206,3,6,7,2,AV-2026-000866,2-174780,2026-03,R-06,REVISA,latitud; longitud,"9.841092, -84.78306",a menos de 8 km del centroide; observado 57.6 km,1
1,6,20260207,17,3,7,3,AV-2026-002203,4-527252,2026-03,R-06,REVISA,latitud; longitud,"10.193325, -84.52962",a menos de 4 km del centroide; observado 52.0 km,1
1,6,20260207,30,7,1,2,AV-2026-003030,1-411134,2026-03,R-06,REVISA,latitud; longitud,"9.798829, -84.617751",a menos de 3 km del centroide; observado 64.0 km,1
1,6,20260209,33,1,3,2,AV-2026-002819,1-882115-322,2026-03,R-06,REVISA,latitud; longitud,"9.918451, -83.51162",a menos de 2 km del centroide; observado 61.6 km,1
1,6,20260210,34,2,7,2,AV-2026-000094,1-528363,2026-03,R-06,REVISA,latitud; longitud,"10.314274, -83.60383",a menos de 4 km del centroide; observado 76.3 km,1
1,6,20260211,12,8,3,2,AV-2026-001181,5-717961,2026-03,R-06,REVISA,latitud; longitud,"10.238228, -84.854549",a menos de 8 km del centroide; observado 77.4 km,1
1,6,20260213,2,6,7,2,AV-2026-000926,2-366741,2026-03,R-06,REVISA,latitud; longitud,"9.910332, -84.045998",a menos de 8 km del centroide; observado 37.3 km,1
1,6,20260213,14,8,3,3,AV-2026-002002,5-128723,2026-03,R-06,REVISA,latitud; longitud,"-85.828053, 10.331771",coordenada dentro del territorio nacional,1
1,6,20260216,35,1,2,3,AV-2026-002978,1-988219-266,2026-03,R-06,REVISA,latitud; longitud,"9.508457, -84.256831",a menos de 3 km del centroide; observado 53.8 km,1
1,6,20260220,2,3,3,2,AV-2026-000066,2-272775,2026-03,R-06,REVISA,latitud; longitud,"-84.353584, 9.994934",coordenada dentro del territorio nacional,1
1,6,20260221,15,1,4,2,AV-2026-001256,4-249974-246,2026-03,R-06,REVISA,latitud; longitud,"-84.194715, 9.983773",coordenada dentro del territorio nacional,1
1,6,20260221,16,1,2,2,AV-2026-000323,4-140913-177,2026-03,R-06,REVISA,latitud; longitud,"-84.102102, 9.997394",coordenada dentro del territorio nacional,1
1,6,20260223,18,2,7,2,AV-2026-002169,4-522091,2026-03,R-06,REVISA,latitud; longitud,"9.38159, -84.209045",a menos de 3 km del centroide; observado 67.8 km,1
1,6,20260223,35,4,5,2,AV-2026-002013,1-999716-359,2026-03,R-06,REVISA,latitud; longitud,"-84.086389, 9.963418",coordenada dentro del territorio nacional,1
1,6,20260225,10,2,3,2,AV-2026-003953,3-445310,2026-03,R-06,REVISA,latitud; longitud,"9.362838, -83.618017",a menos de 10 km del centroide; observado 60.7 km,1
1,6,20260226,30,7,3,2,AV-2026-001310,1-563672,2026-03,R-06,REVISA,latitud; longitud,"9.733386, -83.515365",a menos de 3 km del centroide; observado 62.6 km,1
1,7,20210307,16,1,7,2,AV-2025-002418,4-370674-230,2026-03,R-07,REVISA,valor_unitario_terreno_m2,2931832.72,"entre 500000.0 y 1600000.0 (GAM_CENTRO, CRC)",1
1,7,20210311,5,3,9,2,AV-2025-002376,2-566238,2026-03,R-07,REVISA,valor_unitario_terreno_m2,82326.63,"entre 200000.0 y 750000.0 (CIUDAD_INTERMEDIA, CRC)",1
1,7,20210326,8,3,1,2,AV-2024-002034,3-212943,2026-03,R-07,REVISA,valor_unitario_terreno_m2,3788428.52,"entre 250000.0 y 950000.0 (GAM_PERIFERIA, CRC)",1
1,7,20210409,1,7,3,2,AV-2025-002532,2-850541,2026-03,R-07,REVISA,valor_unitario_terreno_m2,2720684.34,"entre 350000.0 y 1400000.0 (GAM_CENTRO, CRC)",1
1,7,20210517,11,1,7,2,AV-2026-000792,5-523728-057,2026-03,R-07,REVISA,valor_unitario_terreno_m2,14577.5,"entre 800.0 y 4000.0 (COSTA, USD)",1
1,7,20210530,33,3,4,2,AV-2024-002956,1-653494,2026-03,R-07,REVISA,valor_unitario_terreno_m2,112360.4,"entre 400000.0 y 1350000.0 (GAM_CENTRO, CRC)",1
1,7,20210621,30,3,8,2,AV-2026-001431,1-135657,2026-03,R-07,REVISA,valor_unitario_terreno_m2,5122899.24,"entre 400000.0 y 1350000.0 (GAM_CENTRO, CRC)",1
1,7,20210805,22,1,3,2,AV-2025-000124,7-786695-235,2026-03,R-07,REVISA,valor_unitario_terreno_m2,15215.84,"entre 800.0 y 4000.0 (COSTA, USD)",1
1,7,20211013,34,3,7,2,AV-2026-001930,1-613001,2026-03,R-07,REVISA,valor_unitario_terreno_m2,194037.21,"entre 400000.0 y 1350000.0 (GAM_CENTRO, CRC)",1
1,7,20220116,20,9,3,2,AV-2025-001219,7-923578,2026-03,R-07,REVISA,valor_unitario_terreno_m2,877.05,"entre 75.0 y 390.0 (CIUDAD_INTERMEDIA, USD)",1
1,7,20220320,16,3,3,2,AV-2025-001702,4-174066,2026-03,R-07,REVISA,valor_unitario_terreno_m2,84772.03,"entre 400000.0 y 1350000.0 (GAM_CENTRO, CRC)",1
1,7,20220321,29,3,8,2,AV-2025-003943,1-714627,2026-03,R-07,REVISA,valor_unitario_terreno_m2,3295650.68,"entre 250000.0 y 950000.0 (GAM_PERIFERIA, CRC)",1
1,7,20220322,23,9,6,2,AV-2025-001071,6-609129,2026-03,R-07,REVISA,valor_unitario_terreno_m2,1230784.17,"entre 35000.0 y 345000.0 (COSTA, CRC)",1
1,7,20220324,27,3,7,2,AV-2026-002429,1-457235,2026-03,R-07,REVISA,valor_unitario_terreno_m2,127460.68,"entre 250000.0 y 950000.0 (GAM_PERIFERIA, CRC)",1
1,7,20220511,30,9,3,2,AV-2025-001234,1-555322,2026-03,R-07,REVISA,valor_unitario_terreno_m2,34659.73,"entre 100000.0 y 550000.0 (GAM_CENTRO, CRC)",1
1,7,20220513,34,3,9,2,AV-2026-001706,1-326331,2026-03,R-07,REVISA,valor_unitario_terreno_m2,3031086.45,"entre 400000.0 y 1350000.0 (GAM_CENTRO, CRC)",1
1,7,20220610,18,9,3,2,AV-2025-003513,4-828681,2026-03,R-07,REVISA,valor_unitario_terreno_m2,14233.53,"entre 50000.0 y 300000.0 (GAM_PERIFERIA, CRC)",1
1,7,20220812,21,7,9,2,AV-2025-001760,7-763650,2026-03,R-07,REVISA,valor_unitario_terreno_m2,2770289.96,"entre 200000.0 y 800000.0 (CIUDAD_INTERMEDIA, CRC)",1
1,7,20221218,8,3,9,2,AV-2025-001108,3-136903,2026-03,R-07,REVISA,valor_unitario_terreno_m2,1977945.08,"entre 250000.0 y 950000.0 (GAM_PERIFERIA, CRC)",1
1,7,20230125,18,9,4,2,AV-2025-003812,4-754142,2026-03,R-07,REVISA,valor_unitario_terreno_m2,21888.07,"entre 50000.0 y 300000.0 (GAM_PERIFERIA, CRC)",1
1,7,20230215,5,3,4,2,AV-2026-003842,2-752157,2026-03,R-07,REVISA,valor_unitario_terreno_m2,59948.33,"entre 200000.0 y 750000.0 (CIUDAD_INTERMEDIA, CRC)",1
1,7,20230215,12,3,6,2,AV-2025-000372,5-407113,2026-03,R-07,REVISA,valor_unitario_terreno_m2,2439705.07,"entre 200000.0 y 750000.0 (CIUDAD_INTERMEDIA, CRC)",1
1,7,20230312,6,3,7,2,AV-2025-001629,2-147217,2026-03,R-07,REVISA,valor_unitario_terreno_m2,69214.13,"entre 150000.0 y 550000.0 (RURAL, CRC)",1
1,7,20230320,11,9,1,2,AV-2025-002663,5-798277,2026-03,R-07,REVISA,valor_unitario_terreno_m2,1072440.12,"entre 35000.0 y 345000.0 (COSTA, CRC)",1
1,7,20230610,26,3,7,2,AV-2026-002308,1-405969,2026-03,R-07,REVISA,valor_unitario_terreno_m2,3364862.32,"entre 400000.0 y 1350000.0 (GAM_CENTRO, CRC)",1
1,7,20230825,33,3,9,2,AV-2024-003757,1-852455,2026-03,R-07,REVISA,valor_unitario_terreno_m2,5207881.77,"entre 400000.0 y 1350000.0 (GAM_CENTRO, CRC)",1
1,7,20230917,27,3,1,2,AV-2026-000826,1-519306,2026-03,R-07,REVISA,valor_unitario_terreno_m2,132101.81,"entre 250000.0 y 950000.0 (GAM_PERIFERIA, CRC)",1
1,7,20230920,22,3,3,2,AV-2025-001135,7-297229,2026-03,R-07,REVISA,valor_unitario_terreno_m2,4713342.24,"entre 300000.0 y 1500000.0 (COSTA, CRC)",1
1,7,20231205,2,6,3,2,AV-2025-003705,2-320289,2026-03,R-07,REVISA,valor_unitario_terreno_m2,91585.33,"entre 1500.0 y 30000.0 (RURAL, CRC)",1
1,7,20240104,31,3,3,2,AV-2025-000730,1-870162,2026-03,R-07,REVISA,valor_unitario_terreno_m2,1472955.59,"entre 150000.0 y 550000.0 (RURAL, CRC)",1
1,7,20240128,9,3,3,2,AV-2026-003375,3-871833,2026-03,R-07,REVISA,valor_unitario_terreno_m2,2848509.94,"entre 250000.0 y 950000.0 (GAM_PERIFERIA, CRC)",1
1,7,20240214,20,7,9,2,AV-2024-003925,7-881018,2026-03,R-07,REVISA,valor_unitario_terreno_m2,2814722.73,"entre 200000.0 y 800000.0 (CIUDAD_INTERMEDIA, CRC)",1
1,7,20240507,29,3,3,2,AV-2024-000401,1-926426,2026-03,R-07,REVISA,valor_unitario_terreno_m2,3454941.26,"entre 250000.0 y 950000.0 (GAM_PERIFERIA, CRC)",1
1,7,20240508,35,7,9,2,AV-2024-000847,1-422369,2026-03,R-07,REVISA,valor_unitario_terreno_m2,152699.74,"entre 350000.0 y 1400000.0 (GAM_CENTRO, CRC)",1
1,7,20240510,33,3,7,2,AV-2024-002874,1-376477,2026-03,R-07,REVISA,valor_unitario_terreno_m2,3993267.08,"entre 400000.0 y 1350000.0 (GAM_CENTRO, CRC)",1
1,7,20240706,26,3,6,2,AV-2024-001722,1-405848,2026-03,R-07,REVISA,valor_unitario_terreno_m2,3470710.5,"entre 400000.0 y 1350000.0 (GAM_CENTRO, CRC)",1
1,7,20240706,33,1,3,2,AV-2024-000465,1-324123-383,2026-03,R-07,REVISA,valor_unitario_terreno_m2,3708619.86,"entre 500000.0 y 1600000.0 (GAM_CENTRO, CRC)",1
1,7,20240711,8,3,7,2,AV-2024-002816,3-910235,2026-03,R-07,REVISA,valor_unitario_terreno_m2,105705.19,"entre 250000.0 y 950000.0 (GAM_PERIFERIA, CRC)",1
1,7,20240717,35,7,1,2,AV-2024-003017,1-253344,2026-03,R-07,REVISA,valor_unitario_terreno_m2,4370175.64,"entre 350000.0 y 1400000.0 (GAM_CENTRO, CRC)",1
1,7,20240731,35,3,3,2,AV-2024-002050,1-529442,2026-03,R-07,REVISA,valor_unitario_terreno_m2,3166800.09,"entre 400000.0 y 1350000.0 (GAM_CENTRO, CRC)",1
1,7,20240803,30,3,8,2,AV-2024-002909,1-332379,2026-03,R-07,REVISA,valor_unitario_terreno_m2,104839.24,"entre 400000.0 y 1350000.0 (GAM_CENTRO, CRC)",1
1,7,20240813,7,3,7,2,AV-2024-001399,3-747665,2026-03,R-07,REVISA,valor_unitario_terreno_m2,3630839.22,"entre 400000.0 y 1350000.0 (GAM_CENTRO, CRC)",1
1,7,20240819,26,9,2,2,AV-2024-000985,1-804116,2026-03,R-07,REVISA,valor_unitario_terreno_m2,1366112.36,"entre 100000.0 y 550000.0 (GAM_CENTRO, CRC)",1
1,7,20240823,29,3,8,2,AV-2024-003388,1-186132,2026-03,R-07,REVISA,valor_unitario_terreno_m2,1671120.9,"entre 250000.0 y 950000.0 (GAM_PERIFERIA, CRC)",1
1,7,20240826,15,3,9,2,AV-2024-001471,4-107355,2026-03,R-07,REVISA,valor_unitario_terreno_m2,4401398.9,"entre 400000.0 y 1350000.0 (GAM_CENTRO, CRC)",1
1,7,20240831,7,3,7,2,AV-2024-002018,3-616455,2026-03,R-07,REVISA,valor_unitario_terreno_m2,5356078.68,"entre 400000.0 y 1350000.0 (GAM_CENTRO, CRC)",1
1,7,20240913,9,9,3,2,AV-2024-002708,3-979647,2026-03,R-07,REVISA,valor_unitario_terreno_m2,25039.42,"entre 50000.0 y 300000.0 (GAM_PERIFERIA, CRC)",1
1,7,20240913,29,9,3,2,AV-2024-003857,1-661745,2026-03,R-07,REVISA,valor_unitario_terreno_m2,1172117.32,"entre 50000.0 y 300000.0 (GAM_PERIFERIA, CRC)",1
1,7,20240914,8,9,2,2,AV-2024-000337,3-777291,2026-03,R-07,REVISA,valor_unitario_terreno_m2,1464.81,"entre 110.0 y 650.0 (GAM_PERIFERIA, USD)",1
1,7,20240921,29,9,3,3,AV-2024-001455,,2026-03,R-07,REVISA,valor_unitario_terreno_m2,530112.12,"entre 50000.0 y 300000.0 (GAM_PERIFERIA, CRC)",1
1,7,20240929,8,7,6,2,AV-2024-003496,3-655910,2026-03,R-07,REVISA,valor_unitario_terreno_m2,124933.13,"entre 250000.0 y 900000.0 (GAM_PERIFERIA, CRC)",1
1,7,20240930,1,3,1,2,AV-2024-003241,2-548094,2026-03,R-07,REVISA,valor_unitario_terreno_m2,2984284.29,"entre 400000.0 y 1350000.0 (GAM_CENTRO, CRC)",1
1,7,20241005,8,9,3,2,AV-2024-001260,3-559923,2026-03,R-07,REVISA,valor_unitario_terreno_m2,14548.11,"entre 50000.0 y 300000.0 (GAM_PERIFERIA, CRC)",1
1,7,20241006,23,3,6,3,AV-2026-001499,6-665725,2026-03,R-07,REVISA,valor_unitario_terreno_m2,3636620.32,"entre 300000.0 y 1500000.0 (COSTA, CRC)",1
1,7,20241012,15,5,9,2,AV-2024-002055,4-550223,2026-03,R-07,REVISA,valor_unitario_terreno_m2,136951.32,"entre 400000.0 y 1500000.0 (GAM_CENTRO, CRC)",1
1,7,20241016,33,3,9,2,AV-2024-002305,1-526160,2026-03,R-07,REVISA,valor_unitario_terreno_m2,3826031.02,"entre 400000.0 y 1350000.0 (GAM_CENTRO, CRC)",1
1,7,20241017,33,3,8,2,AV-2024-003926,1-803830,2026-03,R-07,REVISA,valor_unitario_terreno_m2,2796618.81,"entre 400000.0 y 1350000.0 (GAM_CENTRO, CRC)",1
1,7,20241017,34,7,5,2,AV-2024-001785,1-443589,2026-03,R-07,REVISA,valor_unitario_terreno_m2,4219144.3,"entre 350000.0 y 1400000.0 (GAM_CENTRO, CRC)",1
1,7,20241023,9,9,4,2,AV-2024-003188,3-841297,2026-03,R-07,REVISA,valor_unitario_terreno_m2,775623.13,"entre 50000.0 y 300000.0 (GAM_PERIFERIA, CRC)",1
1,7,20241103,19,6,3,3,AV-2024-000942,4-487506,2026-03,R-07,REVISA,valor_unitario_terreno_m2,102174.61,"entre 1500.0 y 30000.0 (RURAL, CRC)",1
1,7,20241105,29,3,1,3,AV-2024-001721,1-504655,2026-03,R-07,REVISA,valor_unitario_terreno_m2,2638389.32,"entre 250000.0 y 950000.0 (GAM_PERIFERIA, CRC)",1
1,7,20241111,24,7,7,2,AV-2024-001716,6-756795,2026-03,R-07,REVISA,valor_unitario_terreno_m2,3001557.44,"entre 200000.0 y 800000.0 (CIUDAD_INTERMEDIA, CRC)",1
1,7,20241111,24,9,6,2,AV-2024-002957,6-356475,2026-03,R-07,REVISA,valor_unitario_terreno_m2,647165.64,"entre 35000.0 y 180000.0 (CIUDAD_INTERMEDIA, CRC)",1
1,7,20241118,28,7,3,2,AV-2024-000576,1-679811,2026-03,R-07,REVISA,valor_unitario_terreno_m2,4886866.85,"entre 350000.0 y 1400000.0 (GAM_CENTRO, CRC)",1
1,7,20241123,2,3,7,2,AV-2024-002881,2-132643,2026-03,R-07,REVISA,valor_unitario_terreno_m2,63295.37,"entre 150000.0 y 550000.0 (RURAL, CRC)",1
1,7,20241126,28,9,6,2,AV-2024-003602,1-854097,2026-03,R-07,REVISA,valor_unitario_terreno_m2,1806521.95,"entre 100000.0 y 550000.0 (GAM_CENTRO, CRC)",1
1,7,20241126,33,7,1,2,AV-2024-001987,1-106760,2026-03,R-07,REVISA,valor_unitario_terreno_m2,2478154.14,"entre 350000.0 y 1400000.0 (GAM_CENTRO, CRC)",1
1,7,20241127,4,7,2,2,AV-2024-000565,2-166752,2026-03,R-07,REVISA,valor_unitario_terreno_m2,3043673.39,"entre 200000.0 y 800000.0 (CIUDAD_INTERMEDIA, CRC)",1
1,7,20241128,16,9,9,2,AV-2024-003880,4-308635,2026-03,R-07,REVISA,valor_unitario_terreno_m2,1821828.35,"entre 100000.0 y 550000.0 (GAM_CENTRO, CRC)",1
1,7,20241129,28,7,6,2,AV-2024-002509,1-475469,2026-03,R-07,REVISA,valor_unitario_terreno_m2,2329149.76,"entre 350000.0 y 1400000.0 (GAM_CENTRO, CRC)",1
1,7,20241130,27,3,7,2,AV-2024-001515,1-833968,2026-03,R-07,REVISA,valor_unitario_terreno_m2,2094922.88,"entre 250000.0 y 950000.0 (GAM_PERIFERIA, CRC)",1
1,7,20241130,31,3,6,2,AV-2024-000849,1-676951,2026-03,R-07,REVISA,valor_unitario_terreno_m2,1742999.66,"entre 150000.0 y 550000.0 (RURAL, CRC)",1
1,7,20241201,30,9,3,2,AV-2024-000121,1-247630,2026-03,R-07,REVISA,valor_unitario_terreno_m2,1896549.09,"entre 100000.0 y 550000.0 (GAM_CENTRO, CRC)",1
1,7,20241202,2,3,9,2,AV-2024-002273,2-765857,2026-03,R-07,REVISA,valor_unitario_terreno_m2,1298653.63,"entre 150000.0 y 550000.0 (RURAL, CRC)",1
1,7,20241203,16,3,1,2,AV-2024-003874,4-996589,2026-03,R-07,REVISA,valor_unitario_terreno_m2,2974254.99,"entre 400000.0 y 1350000.0 (GAM_CENTRO, CRC)",1
1,7,20241204,31,6,4,2,AV-2024-001799,1-861148,2026-03,R-07,REVISA,valor_unitario_terreno_m2,79561.33,"entre 1500.0 y 30000.0 (RURAL, CRC)",1
1,7,20241211,1,7,3,2,AV-2024-000086,2-716120,2026-03,R-07,REVISA,valor_unitario_terreno_m2,4825295.47,"entre 350000.0 y 1400000.0 (GAM_CENTRO, CRC)",1
1,7,20241211,18,3,9,2,AV-2024-000254,4-984713,2026-03,R-07,REVISA,valor_unitario_terreno_m2,3523683.05,"entre 250000.0 y 950000.0 (GAM_PERIFERIA, CRC)",1
1,7,20241217,6,8,-1,3,AV-2024-000595,2-809436,2026-03,R-07,REVISA,valor_unitario_terreno_m2,233285.54,"entre 15000.0 y 100000.0 (RURAL, CRC)",1
1,7,20241218,21,3,4,2,AV-2024-003312,7-506119,2026-03,R-07,REVISA,valor_unitario_terreno_m2,2557647.05,"entre 200000.0 y 750000.0 (CIUDAD_INTERMEDIA, CRC)",1
1,7,20241230,31,8,1,2,AV-2024-003458,1-646370,2026-03,R-07,REVISA,valor_unitario_terreno_m2,395765.63,"entre 15000.0 y 100000.0 (RURAL, CRC)",1
1,7,20250105,13,9,7,3,AV-2025-003489,5-345427,2026-03,R-07,REVISA,valor_unitario_terreno_m2,12503.82,"entre 35000.0 y 180000.0 (CIUDAD_INTERMEDIA, CRC)",1
1,7,20250106,35,3,3,2,AV-2025-002588,1-500925,2026-03,R-07,REVISA,valor_unitario_terreno_m2,134333.99,"entre 400000.0 y 1350000.0 (GAM_CENTRO, CRC)",1
1,7,20250108,27,3,3,2,AV-2025-003550,1-781452,2026-03,R-07,REVISA,valor_unitario_terreno_m2,3108536.42,"entre 250000.0 y 950000.0 (GAM_PERIFERIA, CRC)",1
1,7,20250111,4,3,2,2,AV-2025-000002,2-696951,2026-03,R-07,REVISA,valor_unitario_terreno_m2,2863081.27,"entre 200000.0 y 750000.0 (CIUDAD_INTERMEDIA, CRC)",1
1,7,20250112,16,5,3,2,AV-2025-003910,4-406954,2026-03,R-07,REVISA,valor_unitario_terreno_m2,4177030.67,"entre 400000.0 y 1500000.0 (GAM_CENTRO, CRC)",1
1,7,20250113,12,3,7,2,AV-2025-003320,5-466659,2026-03,R-07,REVISA,valor_unitario_terreno_m2,1899498.01,"entre 200000.0 y 750000.0 (CIUDAD_INTERMEDIA, CRC)",1
1,7,20250114,33,7,4,2,AV-2025-002176,1-122618,2026-03,R-07,REVISA,valor_unitario_terreno_m2,4445487.63,"entre 350000.0 y 1400000.0 (GAM_CENTRO, CRC)",1
1,7,20250115,9,3,3,2,AV-2025-000603,3-271447,2026-03,R-07,REVISA,valor_unitario_terreno_m2,87081.11,"entre 250000.0 y 950000.0 (GAM_PERIFERIA, CRC)",1
1,7,20250115,17,7,7,2,AV-2025-001549,4-222371,2026-03,R-07,REVISA,valor_unitario_terreno_m2,2569107.21,"entre 250000.0 y 900000.0 (GAM_PERIFERIA, CRC)",1
1,7,20250123,13,3,3,2,AV-2025-002733,5-307938,2026-03,R-07,REVISA,valor_unitario_terreno_m2,2022313.19,"entre 200000.0 y 750000.0 (CIUDAD_INTERMEDIA, CRC)",1
1,7,20250129,9,3,1,2,AV-2025-003689,3-950655,2026-03,R-07,REVISA,valor_unitario_terreno_m2,2514480.96,"entre 250000.0 y 950000.0 (GAM_PERIFERIA, CRC)",1
1,7,20250129,12,3,7,2,AV-2025-003487,5-516407,2026-03,R-07,REVISA,valor_unitario_terreno_m2,2679602.41,"entre 200000.0 y 750000.0 (CIUDAD_INTERMEDIA, CRC)",1
1,7,20250201,18,9,7,2,AV-2025-000453,4-641273,2026-03,R-07,REVISA,valor_unitario_terreno_m2,954252.44,"entre 50000.0 y 300000.0 (GAM_PERIFERIA, CRC)",1
1,7,20250202,13,3,3,3,AV-2025-002220,5-241812,2026-03,R-07,REVISA,valor_unitario_terreno_m2,84837.65,"entre 200000.0 y 750000.0 (CIUDAD_INTERMEDIA, CRC)",1
1,7,20250210,27,9,1,2,AV-2025-000623,1-221814,2026-03,R-07,REVISA,valor_unitario_terreno_m2,635364.12,"entre 50000.0 y 300000.0 (GAM_PERIFERIA, CRC)",1
1,7,20250216,31,6,7,2,AV-2025-001428,1-698939,2026-03,R-07,REVISA,valor_unitario_terreno_m2,803.72,"entre 1500.0 y 30000.0 (RURAL, CRC)",1
1,7,20250216,34,3,1,2,AV-2025-000528,1-643940,2026-03,R-07,REVISA,valor_unitario_terreno_m2,194749.19,"entre 400000.0 y 1350000.0 (GAM_CENTRO, CRC)",1
1,7,20250224,31,6,5,2,AV-2025-002398,1-844667,2026-03,R-07,REVISA,valor_unitario_terreno_m2,212.44,"entre 3.0 y 65.0 (RURAL, USD)",1
1,7,20250225,26,3,3,2,AV-2025-002092,1-342583,2026-03,R-07,REVISA,valor_unitario_terreno_m2,4669680.3,"entre 400000.0 y 1350000.0 (GAM_CENTRO, CRC)",1
1,7,20250227,18,3,4,2,AV-2025-000426,4-746716,2026-03,R-07,REVISA,valor_unitario_terreno_m2,100713.99,"entre 250000.0 y 950000.0 (GAM_PERIFERIA, CRC)",1
1,7,20250307,33,1,7,3,AV-2025-002066,1-441609-243,2026-03,R-07,REVISA,valor_unitario_terreno_m2,271854.8,"entre 500000.0 y 1600000.0 (GAM_CENTRO, CRC)",1
1,7,20250310,21,3,7,2,AV-2025-001148,7-834349,2026-03,R-07,REVISA,valor_unitario_terreno_m2,2664934.31,"entre 200000.0 y 750000.0 (CIUDAD_INTERMEDIA, CRC)",1
1,7,20250312,18,9,8,2,AV-2025-002862,4-491014,2026-03,R-07,REVISA,valor_unitario_terreno_m2,14111.3,"entre 50000.0 y 300000.0 (GAM_PERIFERIA, CRC)",1
1,7,20250315,2,6,9,2,AV-2025-002327,2-564685,2026-03,R-07,REVISA,valor_unitario_terreno_m2,0.98,"entre 3.0 y 65.0 (RURAL, USD)",1
1,7,20250327,19,8,7,2,AV-2025-000619,4-655910,2026-03,R-07,REVISA,valor_unitario_terreno_m2,172554.99,"entre 15000.0 y 100000.0 (RURAL, CRC)",1
1,7,20250330,4,7,7,2,AV-2025-002489,2-173016,2026-03,R-07,REVISA,valor_unitario_terreno_m2,1789559.25,"entre 200000.0 y 800000.0 (CIUDAD_INTERMEDIA, CRC)",1
1,7,20250331,5,3,3,2,AV-2025-002345,2-179033,2026-03,R-07,REVISA,valor_unitario_terreno_m2,50924.77,"entre 200000.0 y 750000.0 (CIUDAD_INTERMEDIA, CRC)",1
1,7,20250331,29,7,3,2,AV-2025-003117,1-953058,2026-03,R-07,REVISA,valor_unitario_terreno_m2,3341944.22,"entre 250000.0 y 900000.0 (GAM_PERIFERIA, CRC)",1
1,7,20250331,30,7,8,2,AV-2025-000969,1-369742,2026-03,R-07,REVISA,valor_unitario_terreno_m2,2270444.85,"entre 350000.0 y 1400000.0 (GAM_CENTRO, CRC)",1
1,7,20250401,7,3,2,2,AV-2025-002344,3-694787,2026-03,R-07,REVISA,valor_unitario_terreno_m2,4258503.94,"entre 400000.0 y 1350000.0 (GAM_CENTRO, CRC)",1
1,7,20250401,24,3,3,2,AV-2025-003155,6-151924,2026-03,R-07,REVISA,valor_unitario_terreno_m2,2040510.29,"entre 200000.0 y 750000.0 (CIUDAD_INTERMEDIA, CRC)",1
1,7,20250403,8,3,7,2,AV-2025-001043,3-306424,2026-03,R-07,REVISA,valor_unitario_terreno_m2,1710579.27,"entre 250000.0 y 950000.0 (GAM_PERIFERIA, CRC)",1
1,7,20250408,28,3,8,2,AV-2025-001133,1-137629,2026-03,R-07,REVISA,valor_unitario_terreno_m2,177819.48,"entre 400000.0 y 1350000.0 (GAM_CENTRO, CRC)",1
1,7,20250412,1,3,3,2,AV-2025-001232,2-872175,2026-03,R-07,REVISA,valor_unitario_terreno_m2,4945864.89,"entre 400000.0 y 1350000.0 (GAM_CENTRO, CRC)",1
1,7,20250412,35,7,7,2,AV-2025-002863,1-712221,2026-03,R-07,REVISA,valor_unitario_terreno_m2,3861415.58,"entre 350000.0 y 1400000.0 (GAM_CENTRO, CRC)",1
1,7,20250418,26,2,4,2,AV-2025-000580,1-598876,2026-03,R-07,REVISA,valor_unitario_terreno_m2,89888.95,"entre 225000.0 y 750000.0 (GAM_CENTRO, CRC)",1
1,7,20250422,14,9,3,2,AV-2025-002563,5-569207,2026-03,R-07,REVISA,valor_unitario_terreno_m2,7723.26,"entre 35000.0 y 345000.0 (COSTA, CRC)",1
1,7,20250430,23,9,6,3,AV-2025-001600,6-246565,2026-03,R-07,REVISA,valor_unitario_terreno_m2,20698.59,"entre 35000.0 y 345000.0 (COSTA, CRC)",1
1,7,20250430,25,3,7,2,AV-2025-000928,6-392432,2026-03,R-07,REVISA,valor_unitario_terreno_m2,2947691.89,"entre 300000.0 y 1500000.0 (COSTA, CRC)",1
1,7,20250501,4,3,7,2,AV-2025-001177,2-220954,2026-03,R-07,REVISA,valor_unitario_terreno_m2,2525902.79,"entre 200000.0 y 750000.0 (CIUDAD_INTERMEDIA, CRC)",1
1,7,20250501,7,9,3,2,AV-2025-000422,3-610752,2026-03,R-07,REVISA,valor_unitario_terreno_m2,81.2,"entre 220.0 y 1200.0 (GAM_CENTRO, USD)",1
1,7,20250501,32,3,7,2,AV-2025-001451,1-453445,2026-03,R-07,REVISA,valor_unitario_terreno_m2,63946.27,"entre 200000.0 y 750000.0 (CIUDAD_INTERMEDIA, CRC)",1
1,7,20250501,33,9,3,2,AV-2025-002780,1-682383,2026-03,R-07,REVISA,valor_unitario_terreno_m2,1980118.17,"entre 100000.0 y 550000.0 (GAM_CENTRO, CRC)",1
1,7,20250502,29,7,7,3,AV-2025-003169,1-622184,2026-03,R-07,REVISA,valor_unitario_terreno_m2,3196844.96,"entre 250000.0 y 900000.0 (GAM_PERIFERIA, CRC)",1
1,7,20250506,23,3,3,3,AV-2025-002394,6-436775,2026-03,R-07,REVISA,valor_unitario_terreno_m2,4844362.24,"entre 300000.0 y 1500000.0 (COSTA, CRC)",1
1,7,20250506,31,3,1,2,AV-2025-002796,1-656188,2026-03,R-07,REVISA,valor_unitario_terreno_m2,1733840.53,"entre 150000.0 y 550000.0 (RURAL, CRC)",1
1,7,20250518,31,3,6,2,AV-2025-000736,1-124796,2026-03,R-07,REVISA,valor_unitario_terreno_m2,886789.54,"entre 150000.0 y 550000.0 (RURAL, CRC)",1
1,7,20250519,17,3,6,2,AV-2025-002888,4-324831,2026-03,R-07,REVISA,valor_unitario_terreno_m2,3513255.36,"entre 250000.0 y 950000.0 (GAM_PERIFERIA, CRC)",1
1,7,20250522,2,6,9,3,AV-2025-002218,2-566980,2026-03,R-07,REVISA,valor_unitario_terreno_m2,49193.84,"entre 1500.0 y 30000.0 (RURAL, CRC)",1
1,7,20250523,29,3,3,3,AV-2025-001535,1-317129,2026-03,R-07,REVISA,valor_unitario_terreno_m2,3149036.43,"entre 250000.0 y 950000.0 (GAM_PERIFERIA, CRC)",1
1,7,20250524,19,6,9,2,AV-2025-001226,4-834729,2026-03,R-07,REVISA,valor_unitario_terreno_m2,402.06,"entre 1500.0 y 30000.0 (RURAL, CRC)",1
1,7,20250528,27,3,6,2,AV-2025-003331,1-506195,2026-03,R-07,REVISA,valor_unitario_terreno_m2,3095358.31,"entre 250000.0 y 950000.0 (GAM_PERIFERIA, CRC)",1
1,7,20250531,18,3,9,2,AV-2025-003946,4-100694,2026-03,R-07,REVISA,valor_unitario_terreno_m2,2783677.87,"entre 250000.0 y 950000.0 (GAM_PERIFERIA, CRC)",1
1,7,20250605,33,1,1,2,AV-2025-003905,1-446917-238,2026-03,R-07,REVISA,valor_unitario_terreno_m2,279202.76,"entre 500000.0 y 1600000.0 (GAM_CENTRO, CRC)",1
1,7,20250610,3,7,8,3,AV-2025-000456,2-515003,2026-03,R-07,REVISA,valor_unitario_terreno_m2,1470213.35,"entre 200000.0 y 800000.0 (CIUDAD_INTERMEDIA, CRC)",1
1,7,20250610,8,7,5,3,AV-2025-001190,3-668289,2026-03,R-07,REVISA,valor_unitario_terreno_m2,2962425.23,"entre 250000.0 y 900000.0 (GAM_PERIFERIA, CRC)",1
1,7,20250611,1,7,7,2,AV-2025-002636,2-544404,2026-03,R-07,REVISA,valor_unitario_terreno_m2,176878.11,"entre 350000.0 y 1400000.0 (GAM_CENTRO, CRC)",1
1,7,20250614,19,6,7,2,AV-2025-002008,4-393240,2026-03,R-07,REVISA,valor_unitario_terreno_m2,595.07,"entre 1500.0 y 30000.0 (RURAL, CRC)",1
1,7,20250615,23,3,1,2,AV-2025-003902,6-881563,2026-03,R-07,REVISA,valor_unitario_terreno_m2,110247.73,"entre 300000.0 y 1500000.0 (COSTA, CRC)",1
1,7,20250616,19,3,4,2,AV-2025-000103,4-358528,2026-03,R-07,REVISA,valor_unitario_terreno_m2,1703733.7,"entre 150000.0 y 550000.0 (RURAL, CRC)",1
1,7,20250623,26,3,9,2,AV-2025-003088,1-283873,2026-03,R-07,REVISA,valor_unitario_terreno_m2,100161.39,"entre 400000.0 y 1350000.0 (GAM_CENTRO, CRC)",1
1,7,20250623,31,6,8,2,AV-2025-002690,1-402841,2026-03,R-07,REVISA,valor_unitario_terreno_m2,843.7,"entre 1500.0 y 30000.0 (RURAL, CRC)",1
1,7,20250627,29,3,6,2,AV-2025-001653,1-869317,2026-03,R-07,REVISA,valor_unitario_terreno_m2,1829348.51,"entre 250000.0 y 950000.0 (GAM_PERIFERIA, CRC)",1
1,7,20250628,9,2,4,2,AV-2025-000868,3-543655,2026-03,R-07,REVISA,valor_unitario_terreno_m2,1059709.29,"entre 180000.0 y 650000.0 (GAM_PERIFERIA, CRC)",1
1,7,20250704,5,3,5,2,AV-2025-001929,2-182281,2026-03,R-07,REVISA,valor_unitario_terreno_m2,53588.03,"entre 200000.0 y 750000.0 (CIUDAD_INTERMEDIA, CRC)",1
1,7,20250704,14,3,3,2,AV-2025-003626,5-263819,2026-03,R-07,REVISA,valor_unitario_terreno_m2,5312931.33,"entre 300000.0 y 1500000.0 (COSTA, CRC)",1
1,7,20250705,13,3,3,2,AV-2025-001771,5-484088,2026-03,R-07,REVISA,valor_unitario_terreno_m2,2846950.79,"entre 200000.0 y 750000.0 (CIUDAD_INTERMEDIA, CRC)",1
1,7,20250712,15,3,3,2,AV-2025-003652,4-375870,2026-03,R-07,REVISA,valor_unitario_terreno_m2,2858378.92,"entre 400000.0 y 1350000.0 (GAM_CENTRO, CRC)",1
1,7,20250715,7,3,2,2,AV-2025-003491,3-139687,2026-03,R-07,REVISA,valor_unitario_terreno_m2,2854383.83,"entre 400000.0 y 1350000.0 (GAM_CENTRO, CRC)",1
1,7,20250715,15,9,8,2,AV-2025-003972,4-798531,2026-03,R-07,REVISA,valor_unitario_terreno_m2,914940.63,"entre 100000.0 y 550000.0 (GAM_CENTRO, CRC)",1
1,7,20250719,28,3,3,2,AV-2025-000963,1-731556,2026-03,R-07,REVISA,valor_unitario_terreno_m2,177611.51,"entre 400000.0 y 1350000.0 (GAM_CENTRO, CRC)",1
1,7,20250723,17,3,7,2,AV-2025-002953,4-713728,2026-03,R-07,REVISA,valor_unitario_terreno_m2,2259843.35,"entre 250000.0 y 950000.0 (GAM_PERIFERIA, CRC)",1
1,7,20250731,5,3,6,2,AV-2025-000061,2-550243,2026-03,R-07,REVISA,valor_unitario_terreno_m2,1579752.28,"entre 200000.0 y 750000.0 (CIUDAD_INTERMEDIA, CRC)",1
1,7,20250802,29,3,3,2,AV-2025-003739,1-413017,2026-03,R-07,REVISA,valor_unitario_terreno_m2,2795130.62,"entre 250000.0 y 950000.0 (GAM_PERIFERIA, CRC)",1
1,7,20250802,35,3,8,2,AV-2025-003686,1-729950,2026-03,R-07,REVISA,valor_unitario_terreno_m2,3751099.62,"entre 400000.0 y 1350000.0 (GAM_CENTRO, CRC)",1
1,7,20250806,22,9,3,2,AV-2025-001183,7-743314,2026-03,R-07,REVISA,valor_unitario_terreno_m2,37.88,"entre 75.0 y 750.0 (COSTA, USD)",1
1,7,20250807,16,3,2,2,AV-2025-000557,4-625648,2026-03,R-07,REVISA,valor_unitario_terreno_m2,5139017.62,"entre 400000.0 y 1350000.0 (GAM_CENTRO, CRC)",1
1,7,20250811,6,3,3,3,AV-2025-001013,2-255297,2026-03,R-07,REVISA,valor_unitario_terreno_m2,1472074.73,"entre 150000.0 y 550000.0 (RURAL, CRC)",1
1,7,20250811,20,7,3,2,AV-2025-002452,7-252378,2026-03,R-07,REVISA,valor_unitario_terreno_m2,72133.12,"entre 200000.0 y 800000.0 (CIUDAD_INTERMEDIA, CRC)",1
1,7,20250813,24,7,3,2,AV-2025-001885,6-468599,2026-03,R-07,REVISA,valor_unitario_terreno_m2,2995113.22,"entre 200000.0 y 800000.0 (CIUDAD_INTERMEDIA, CRC)",1
1,7,20250822,7,3,2,2,AV-2025-000220,3-438244,2026-03,R-07,REVISA,valor_unitario_terreno_m2,119061.47,"entre 400000.0 y 1350000.0 (GAM_CENTRO, CRC)",1
1,7,20250822,30,7,8,2,AV-2025-000313,1-120044,2026-03,R-07,REVISA,valor_unitario_terreno_m2,166055.46,"entre 350000.0 y 1400000.0 (GAM_CENTRO, CRC)",1
1,7,20250823,34,9,7,2,AV-2025-000479,1-777515,2026-03,R-07,REVISA,valor_unitario_terreno_m2,1801732.93,"entre 100000.0 y 550000.0 (GAM_CENTRO, CRC)",1
1,7,20250824,6,6,3,2,AV-2025-001487,2-374892,2026-03,R-07,REVISA,valor_unitario_terreno_m2,202.46,"entre 3.0 y 65.0 (RURAL, USD)",1
1,7,20250826,10,3,8,3,AV-2025-003761,3-675271,2026-03,R-07,REVISA,valor_unitario_terreno_m2,1675940.18,"entre 200000.0 y 750000.0 (CIUDAD_INTERMEDIA, CRC)",1
1,7,20250827,1,3,7,2,AV-2025-000301,2-415114,2026-03,R-07,REVISA,valor_unitario_terreno_m2,3228873.46,"entre 400000.0 y 1350000.0 (GAM_CENTRO, CRC)",1
1,7,20250906,31,6,7,2,AV-2025-003390,1-370583,2026-03,R-07,REVISA,valor_unitario_terreno_m2,1.03,"entre 3.0 y 65.0 (RURAL, USD)",1
1,7,20250908,12,7,3,2,AV-2025-001636,5-469068,2026-03,R-07,REVISA,valor_unitario_terreno_m2,1388926.64,"entre 200000.0 y 800000.0 (CIUDAD_INTERMEDIA, CRC)",1
1,7,20250908,19,6,3,2,AV-2025-003907,4-895870,2026-03,R-07,REVISA,valor_unitario_terreno_m2,101810.13,"entre 1500.0 y 30000.0 (RURAL, CRC)",1
1,7,20250910,29,7,9,2,AV-2025-000925,1-327508,2026-03,R-07,REVISA,valor_unitario_terreno_m2,70954.83,"entre 250000.0 y 900000.0 (GAM_PERIFERIA, CRC)",1
1,7,20250912,7,9,7,2,AV-2025-000380,3-667836,2026-03,R-07,REVISA,valor_unitario_terreno_m2,886044.47,"entre 100000.0 y 550000.0 (GAM_CENTRO, CRC)",1
1,7,20250913,18,9,3,2,AV-2025-000392,4-713062,2026-03,R-07,REVISA,valor_unitario_terreno_m2,1685.94,"entre 110.0 y 650.0 (GAM_PERIFERIA, USD)",1
1,7,20250914,11,3,7,2,AV-2025-000700,5-583390,2026-03,R-07,REVISA,valor_unitario_terreno_m2,136469.11,"entre 300000.0 y 1500000.0 (COSTA, CRC)",1
1,7,20250915,8,3,6,2,AV-2025-003867,3-629495,2026-03,R-07,REVISA,valor_unitario_terreno_m2,1888983.2,"entre 250000.0 y 950000.0 (GAM_PERIFERIA, CRC)",1
1,7,20250916,16,3,4,2,AV-2025-000622,4-554474,2026-03,R-07,REVISA,valor_unitario_terreno_m2,3011476.25,"entre 400000.0 y 1350000.0 (GAM_CENTRO, CRC)",1
1,7,20250917,34,3,5,2,AV-2025-002547,1-379359,2026-03,R-07,REVISA,valor_unitario_terreno_m2,4539396.65,"entre 400000.0 y 1350000.0 (GAM_CENTRO, CRC)",1
1,7,20250922,11,3,6,2,AV-2025-003603,5-188308,2026-03,R-07,REVISA,valor_unitario_terreno_m2,132982.68,"entre 300000.0 y 1500000.0 (COSTA, CRC)",1
1,7,20250930,9,7,9,2,AV-2025-001923,3-371214,2026-03,R-07,REVISA,valor_unitario_terreno_m2,2076717.54,"entre 250000.0 y 900000.0 (GAM_PERIFERIA, CRC)",1
1,7,20251001,6,3,3,2,AV-2025-000167,2-119915,2026-03,R-07,REVISA,valor_unitario_terreno_m2,1114167.6,"entre 150000.0 y 550000.0 (RURAL, CRC)",1
1,7,20251002,1,9,7,2,AV-2025-003326,2-836270,2026-03,R-07,REVISA,valor_unitario_terreno_m2,1379864.22,"entre 100000.0 y 550000.0 (GAM_CENTRO, CRC)",1
1,7,20251005,11,3,6,2,AV-2025-000284,5-834174,2026-03,R-07,REVISA,valor_unitario_terreno_m2,123765.5,"entre 300000.0 y 1500000.0 (COSTA, CRC)",1
1,7,20251006,8,3,5,2,AV-2025-002539,3-766200,2026-03,R-07,REVISA,valor_unitario_terreno_m2,1726607.97,"entre 250000.0 y 950000.0 (GAM_PERIFERIA, CRC)",1
1,7,20251010,7,3,3,2,AV-2025-003864,3-594692,2026-03,R-07,REVISA,valor_unitario_terreno_m2,4385153.95,"entre 400000.0 y 1350000.0 (GAM_CENTRO, CRC)",1
1,7,20251013,4,3,8,2,AV-2025-000219,2-141010,2026-03,R-07,REVISA,valor_unitario_terreno_m2,2944530.9,"entre 200000.0 y 750000.0 (CIUDAD_INTERMEDIA, CRC)",1
1,7,20251017,23,9,7,3,AV-2025-001028,6-340949,2026-03,R-07,REVISA,valor_unitario_terreno_m2,1020278.1,"entre 35000.0 y 345000.0 (COSTA, CRC)",1
1,7,20251017,26,3,3,2,AV-2025-001261,1-446708,2026-03,R-07,REVISA,valor_unitario_terreno_m2,180933.77,"entre 400000.0 y 1350000.0 (GAM_CENTRO, CRC)",1
1,7,20251018,9,3,6,3,AV-2025-003004,3-507829,2026-03,R-07,REVISA,valor_unitario_terreno_m2,1563906.78,"entre 250000.0 y 950000.0 (GAM_PERIFERIA, CRC)",1
1,7,20251019,25,9,7,2,AV-2025-002124,6-669303,2026-03,R-07,REVISA,valor_unitario_terreno_m2,737857.29,"entre 35000.0 y 345000.0 (COSTA, CRC)",1
1,7,20251020,5,9,3,2,AV-2025-002025,2-318121,2026-03,R-07,REVISA,valor_unitario_terreno_m2,17602.51,"entre 35000.0 y 180000.0 (CIUDAD_INTERMEDIA, CRC)",1
1,7,20251022,23,1,4,2,AV-2025-002994,6-724115-212,2026-03,R-07,REVISA,valor_unitario_terreno_m2,14915.67,"entre 800.0 y 4000.0 (COSTA, USD)",1
1,7,20251025,17,2,9,2,AV-2025-000050,4-960038,2026-03,R-07,REVISA,valor_unitario_terreno_m2,1403281.64,"entre 180000.0 y 650000.0 (GAM_PERIFERIA, CRC)",1
1,7,20251025,34,9,1,3,AV-2025-001470,1-517889,2026-03,R-07,REVISA,valor_unitario_terreno_m2,3431.45,"entre 220.0 y 1200.0 (GAM_CENTRO, USD)",1
1,7,20251027,6,6,2,2,AV-2025-003547,2-837495,2026-03,R-07,REVISA,valor_unitario_terreno_m2,61016.56,"entre 1500.0 y 30000.0 (RURAL, CRC)",1
1,7,20251031,8,9,3,2,AV-2025-002150,3-933590,2026-03,R-07,REVISA,valor_unitario_terreno_m2,1015033.14,"entre 50000.0 y 300000.0 (GAM_PERIFERIA, CRC)",1
1,7,20251104,5,3,3,2,AV-2025-003485,2-801958,2026-03,R-07,REVISA,valor_unitario_terreno_m2,1439575.3,"entre 200000.0 y 750000.0 (CIUDAD_INTERMEDIA, CRC)",1
1,7,20251104,12,7,3,3,AV-2025-003461,5-806968,2026-03,R-07,REVISA,valor_unitario_terreno_m2,74556.63,"entre 200000.0 y 800000.0 (CIUDAD_INTERMEDIA, CRC)",1
1,7,20251104,30,3,1,2,AV-2025-002763,1-241492,2026-03,R-07,REVISA,valor_unitario_terreno_m2,3750710.37,"entre 400000.0 y 1350000.0 (GAM_CENTRO, CRC)",1
1,7,20251105,21,7,3,2,AV-2025-003805,7-847513,2026-03,R-07,REVISA,valor_unitario_terreno_m2,86939.27,"entre 200000.0 y 800000.0 (CIUDAD_INTERMEDIA, CRC)",1
1,7,20251106,32,3,3,2,AV-2025-000157,1-286122,2026-03,R-07,REVISA,valor_unitario_terreno_m2,1291105.99,"entre 200000.0 y 750000.0 (CIUDAD_INTERMEDIA, CRC)",1
1,7,20251112,14,9,7,2,AV-2025-003329,5-333150,2026-03,R-07,REVISA,valor_unitario_terreno_m2,623751.88,"entre 35000.0 y 345000.0 (COSTA, CRC)",1
1,7,20251113,27,3,9,2,AV-2025-000695,1-570874,2026-03,R-07,REVISA,valor_unitario_terreno_m2,3321327.42,"entre 250000.0 y 950000.0 (GAM_PERIFERIA, CRC)",1
1,7,20251115,27,3,7,2,AV-2025-001469,1-492689,2026-03,R-07,REVISA,valor_unitario_terreno_m2,102922.52,"entre 250000.0 y 950000.0 (GAM_PERIFERIA, CRC)",1
1,7,20251120,6,6,3,3,AV-2025-001280,2-658401,2026-03,R-07,REVISA,valor_unitario_terreno_m2,71272.74,"entre 1500.0 y 30000.0 (RURAL, CRC)",1
1,7,20251121,7,1,2,2,AV-2025-001711,3-870784-140,2026-03,R-07,REVISA,valor_unitario_terreno_m2,178936.84,"entre 500000.0 y 1600000.0 (GAM_CENTRO, CRC)",1
1,7,20251121,23,9,1,2,AV-2025-003838,6-994806,2026-03,R-07,REVISA,valor_unitario_terreno_m2,2243.77,"entre 75.0 y 750.0 (COSTA, USD)",1
1,7,20251123,14,3,3,2,AV-2025-002165,5-934114,2026-03,R-07,REVISA,valor_unitario_terreno_m2,4980492.46,"entre 300000.0 y 1500000.0 (COSTA, CRC)",1
1,7,20251123,14,9,4,2,AV-2025-002702,5-143931,2026-03,R-07,REVISA,valor_unitario_terreno_m2,686775.39,"entre 35000.0 y 345000.0 (COSTA, CRC)",1
1,7,20251124,27,3,1,2,AV-2025-003379,1-452249,2026-03,R-07,REVISA,valor_unitario_terreno_m2,2217244.42,"entre 250000.0 y 950000.0 (GAM_PERIFERIA, CRC)",1
1,7,20251129,3,3,8,2,AV-2025-003159,2-329588,2026-03,R-07,REVISA,valor_unitario_terreno_m2,60345.03,"entre 200000.0 y 750000.0 (CIUDAD_INTERMEDIA, CRC)",1
1,7,20251201,29,1,3,2,AV-2025-001697,1-299708-340,2026-03,R-07,REVISA,valor_unitario_terreno_m2,80009.73,"entre 350000.0 y 1200000.0 (GAM_PERIFERIA, CRC)",1
1,7,20251205,5,3,3,2,AV-2025-000087,2-298321,2026-03,R-07,REVISA,valor_unitario_terreno_m2,1705204.75,"entre 200000.0 y 750000.0 (CIUDAD_INTERMEDIA, CRC)",1
1,7,20251207,18,3,1,2,AV-2025-002506,4-707316,2026-03,R-07,REVISA,valor_unitario_terreno_m2,2712500.22,"entre 250000.0 y 950000.0 (GAM_PERIFERIA, CRC)",1
1,7,20251212,28,9,9,2,AV-2025-001262,1-486804,2026-03,R-07,REVISA,valor_unitario_terreno_m2,1727807.88,"entre 100000.0 y 550000.0 (GAM_CENTRO, CRC)",1
1,7,20251213,34,2,1,2,AV-2025-003701,1-438979,2026-03,R-07,REVISA,valor_unitario_terreno_m2,79673.87,"entre 225000.0 y 750000.0 (GAM_CENTRO, CRC)",1
1,7,20251215,6,6,5,2,AV-2025-001338,2-195604,2026-03,R-07,REVISA,valor_unitario_terreno_m2,113318.59,"entre 1500.0 y 30000.0 (RURAL, CRC)",1
1,7,20251216,33,9,1,2,AV-2025-002354,1-485464,2026-03,R-07,REVISA,valor_unitario_terreno_m2,25252.41,"entre 100000.0 y 550000.0 (GAM_CENTRO, CRC)",1
1,7,20251219,12,3,8,2,AV-2025-001337,5-301325,2026-03,R-07,REVISA,valor_unitario_terreno_m2,74689.75,"entre 200000.0 y 750000.0 (CIUDAD_INTERMEDIA, CRC)",1
1,7,20251224,2,6,1,2,AV-2025-003114,2-121573,2026-03,R-07,REVISA,valor_unitario_terreno_m2,74027.22,"entre 1500.0 y 30000.0 (RURAL, CRC)",1
1,7,20251225,11,3,6,2,AV-2025-001289,5-342499,2026-03,R-07,REVISA,valor_unitario_terreno_m2,158.95,"entre 650.0 y 3250.0 (COSTA, USD)",1
1,7,20251227,6,6,1,2,AV-2025-002408,2-227807,2026-03,R-07,REVISA,valor_unitario_terreno_m2,89787.63,"entre 1500.0 y 30000.0 (RURAL, CRC)",1
1,7,20251227,9,9,7,2,AV-2025-003892,3-142965,2026-03,R-07,REVISA,valor_unitario_terreno_m2,28570.49,"entre 50000.0 y 300000.0 (GAM_PERIFERIA, CRC)",1
1,7,20251230,9,7,1,2,AV-2025-003167,3-220378,2026-03,R-07,REVISA,valor_unitario_terreno_m2,3425382.02,"entre 250000.0 y 900000.0 (GAM_PERIFERIA, CRC)",1
1,7,20251231,26,7,3,2,AV-2025-003317,1-332137,2026-03,R-07,REVISA,valor_unitario_terreno_m2,4126053.88,"entre 350000.0 y 1400000.0 (GAM_CENTRO, CRC)",1
1,7,20260106,7,9,8,2,AV-2026-003737,3-454540,2026-03,R-07,REVISA,valor_unitario_terreno_m2,80.73,"entre 220.0 y 1200.0 (GAM_CENTRO, USD)",1
1,7,20260109,21,9,8,3,AV-2026-003477,7-182490,2026-03,R-07,REVISA,valor_unitario_terreno_m2,22.98,"entre 75.0 y 390.0 (CIUDAD_INTERMEDIA, USD)",1
1,7,20260110,3,9,3,2,AV-2026-003965,2-679511,2026-03,R-07,REVISA,valor_unitario_terreno_m2,12248.76,"entre 35000.0 y 180000.0 (CIUDAD_INTERMEDIA, CRC)",1
1,7,20260118,19,6,7,2,AV-2026-003408,4-155815,2026-03,R-07,REVISA,valor_unitario_terreno_m2,132.1,"entre 3.0 y 65.0 (RURAL, USD)",1
1,7,20260118,20,3,1,2,AV-2026-000628,7-933837,2026-03,R-07,REVISA,valor_unitario_terreno_m2,2466664.3,"entre 200000.0 y 750000.0 (CIUDAD_INTERMEDIA, CRC)",1
1,7,20260120,33,3,4,2,AV-2026-002062,1-441424,2026-03,R-07,REVISA,valor_unitario_terreno_m2,4758681.78,"entre 400000.0 y 1350000.0 (GAM_CENTRO, CRC)",1
1,7,20260122,17,3,3,2,AV-2026-002878,4-428837,2026-03,R-07,REVISA,valor_unitario_terreno_m2,3478445.19,"entre 250000.0 y 950000.0 (GAM_PERIFERIA, CRC)",1
1,7,20260123,28,3,2,2,AV-2026-003672,1-612356,2026-03,R-07,REVISA,valor_unitario_terreno_m2,210887.69,"entre 400000.0 y 1350000.0 (GAM_CENTRO, CRC)",1
1,7,20260123,29,7,3,2,AV-2026-001095,1-865662,2026-03,R-07,REVISA,valor_unitario_terreno_m2,3241374.26,"entre 250000.0 y 900000.0 (GAM_PERIFERIA, CRC)",1
1,7,20260125,15,3,3,2,AV-2026-001308,4-821591,2026-03,R-07,REVISA,valor_unitario_terreno_m2,154793.75,"entre 400000.0 y 1350000.0 (GAM_CENTRO, CRC)",1
1,7,20260126,19,6,7,2,AV-2026-000475,4-891247,2026-03,R-07,REVISA,valor_unitario_terreno_m2,92001.44,"entre 1500.0 y 30000.0 (RURAL, CRC)",1
1,7,20260126,21,3,4,2,AV-2026-002486,7-518481,2026-03,R-07,REVISA,valor_unitario_terreno_m2,1763199.08,"entre 200000.0 y 750000.0 (CIUDAD_INTERMEDIA, CRC)",1
1,7,20260129,30,7,9,2,AV-2026-000330,1-695111,2026-03,R-07,REVISA,valor_unitario_terreno_m2,79629.39,"entre 350000.0 y 1400000.0 (GAM_CENTRO, CRC)",1
1,7,20260205,31,6,3,2,AV-2026-002768,1-640730,2026-03,R-07,REVISA,valor_unitario_terreno_m2,61955.68,"entre 1500.0 y 30000.0 (RURAL, CRC)",1
1,7,20260207,30,7,1,2,AV-2026-003030,1-411134,2026-03,R-07,REVISA,valor_unitario_terreno_m2,2270052.52,"entre 350000.0 y 1400000.0 (GAM_CENTRO, CRC)",1
1,7,20260210,18,3,4,2,AV-2026-000592,4-979784,2026-03,R-07,REVISA,valor_unitario_terreno_m2,1951932.44,"entre 250000.0 y 950000.0 (GAM_PERIFERIA, CRC)",1
1,7,20260212,10,3,3,2,AV-2026-002712,3-513914,2026-03,R-07,REVISA,valor_unitario_terreno_m2,115555.5,"entre 200000.0 y 750000.0 (CIUDAD_INTERMEDIA, CRC)",1
1,7,20260212,18,3,7,2,AV-2026-002842,4-415919,2026-03,R-07,REVISA,valor_unitario_terreno_m2,87771.46,"entre 250000.0 y 950000.0 (GAM_PERIFERIA, CRC)",1
1,7,20260220,2,3,3,2,AV-2026-000066,2-272775,2026-03,R-07,REVISA,valor_unitario_terreno_m2,1959549.21,"entre 150000.0 y 550000.0 (RURAL, CRC)",1
1,7,20260221,27,9,9,2,AV-2026-000470,1-745966,2026-03,R-07,REVISA,valor_unitario_terreno_m2,505474.68,"entre 50000.0 y 300000.0 (GAM_PERIFERIA, CRC)",1
1,7,20260224,28,7,9,2,AV-2026-003845,1-895524,2026-03,R-07,REVISA,valor_unitario_terreno_m2,112510.78,"entre 350000.0 y 1400000.0 (GAM_CENTRO, CRC)",1
1,7,20260226,27,3,9,2,AV-2026-001646,1-696789,2026-03,R-07,REVISA,valor_unitario_terreno_m2,2205230.66,"entre 250000.0 y 950000.0 (GAM_PERIFERIA, CRC)",1
1,7,20260226,30,7,3,2,AV-2026-001310,1-563672,2026-03,R-07,REVISA,valor_unitario_terreno_m2,3282127.33,"entre 350000.0 y 1400000.0 (GAM_CENTRO, CRC)",1
1,8,20210307,16,1,7,2,AV-2025-002418,4-370674-230,2026-03,R-08,REVISA,fecha_valor,2021-03-07,no anterior a 2024-03-31 (24 meses),1
1,8,20210307,28,3,3,2,AV-2026-003505,1-868612,2026-03,R-08,REVISA,fecha_valor,2021-03-07,no anterior a 2024-03-31 (24 meses),1
1,8,20210308,28,7,9,2,AV-2025-003022,1-145917,2026-03,R-08,REVISA,fecha_valor,2021-03-08,no anterior a 2024-03-31 (24 meses),1
1,8,20210311,5,3,9,2,AV-2025-002376,2-566238,2026-03,R-08,REVISA,fecha_valor,2021-03-11,no anterior a 2024-03-31 (24 meses),1
1,8,20210312,4,9,4,2,AV-2025-001690,2-377437,2026-03,R-08,REVISA,fecha_valor,2021-03-12,no anterior a 2024-03-31 (24 meses),1
1,8,20210314,7,3,3,2,AV-2025-000092,3-260841,2026-03,R-08,REVISA,fecha_valor,2021-03-14,no anterior a 2024-03-31 (24 meses),1
1,8,20210314,18,4,3,2,AV-2025-001700,4-481450-334,2026-03,R-08,REVISA,fecha_valor,2021-03-14,no anterior a 2024-03-31 (24 meses),1
1,8,20210314,21,3,3,2,AV-2025-001822,7-921985,2026-03,R-08,REVISA,fecha_valor,2021-03-14,no anterior a 2024-03-31 (24 meses),1
1,8,20210317,2,3,8,2,AV-2026-000255,2-864922,2026-03,R-08,REVISA,fecha_valor,2021-03-17,no anterior a 2024-03-31 (24 meses),1
1,8,20210322,20,3,3,2,AV-2025-001290,7-393394,2026-03,R-08,REVISA,fecha_valor,2021-03-22,no anterior a 2024-03-31 (24 meses),1
1,8,20210322,32,8,9,2,AV-2025-003733,1-814545,2026-03,R-08,REVISA,fecha_valor,2021-03-22,no anterior a 2024-03-31 (24 meses),1
1,8,20210325,27,3,1,2,AV-2025-003194,1-623930,2026-03,R-08,REVISA,fecha_valor,2021-03-25,no anterior a 2024-03-31 (24 meses),1
1,8,20210326,8,3,1,2,AV-2024-002034,3-212943,2026-03,R-08,REVISA,fecha_valor,2021-03-26,no anterior a 2024-03-31 (24 meses),1
1,8,20210331,24,2,3,2,AV-2024-002980,6-864514,2026-03,R-08,REVISA,fecha_valor,2021-03-31,no anterior a 2024-03-31 (24 meses),1
1,8,20210403,10,7,4,2,AV-2025-002655,3-535617,2026-03,R-08,REVISA,fecha_valor,2021-04-03,no anterior a 2024-03-31 (24 meses),1
1,8,20210407,8,3,4,2,AV-2024-003636,3-179347,2026-03,R-08,REVISA,fecha_valor,2021-04-07,no anterior a 2024-03-31 (24 meses),1
1,8,20210407,8,4,3,2,AV-2026-001063,3-315757-229,2026-03,R-08,REVISA,fecha_valor,2021-04-07,no anterior a 2024-03-31 (24 meses),1
1,8,20210407,16,4,3,2,AV-2025-002641,4-396163-051,2026-03,R-08,REVISA,fecha_valor,2021-04-07,no anterior a 2024-03-31 (24 meses),1
1,8,20210409,1,7,3,2,AV-2025-002532,2-850541,2026-03,R-08,REVISA,fecha_valor,2021-04-09,no anterior a 2024-03-31 (24 meses),1
1,8,20210410,27,1,4,2,AV-2025-002671,1-690434-374,2026-03,R-08,REVISA,fecha_valor,2021-04-10,no anterior a 2024-03-31 (24 meses),1
1,8,20210412,8,3,3,2,AV-2025-001533,3-357422,2026-03,R-08,REVISA,fecha_valor,2021-04-12,no anterior a 2024-03-31 (24 meses),1
1,8,20210413,25,9,7,2,AV-2026-000612,6-959754,2026-03,R-08,REVISA,fecha_valor,2021-04-13,no anterior a 2024-03-31 (24 meses),1
1,8,20210414,10,8,6,2,AV-2025-003557,3-662538,2026-03,R-08,REVISA,fecha_valor,2021-04-14,no anterior a 2024-03-31 (24 meses),1
1,8,20210417,31,6,3,2,AV-2025-001590,1-331464,2026-03,R-08,REVISA,fecha_valor,2021-04-17,no anterior a 2024-03-31 (24 meses),1
1,8,20210426,2,3,7,2,AV-2025-003040,2-501430,2026-03,R-08,REVISA,fecha_valor,2021-04-26,no anterior a 2024-03-31 (24 meses),1
1,8,20210426,12,3,3,3,AV-2025-003048,5-909649,2026-03,R-08,REVISA,fecha_valor,2021-04-26,no anterior a 2024-03-31 (24 meses),1
1,8,20210426,18,3,1,2,AV-2025-003507,4-884160,2026-03,R-08,REVISA,fecha_valor,2021-04-26,no anterior a 2024-03-31 (24 meses),1
1,8,20210427,6,6,2,2,AV-2025-003969,2-392222,2026-03,R-08,REVISA,fecha_valor,2021-04-27,no anterior a 2024-03-31 (24 meses),1
1,8,20210427,12,3,8,2,AV-2026-003635,5-399918,2026-03,R-08,REVISA,fecha_valor,2021-04-27,no anterior a 2024-03-31 (24 meses),1
1,8,20210429,19,3,2,2,AV-2025-003801,4-594674,2026-03,R-08,REVISA,fecha_valor,2021-04-29,no anterior a 2024-03-31 (24 meses),1
1,8,20210430,18,7,6,3,AV-2025-000371,4-565674,2026-03,R-08,REVISA,fecha_valor,2021-04-30,no anterior a 2024-03-31 (24 meses),1
1,8,20210506,21,6,1,2,AV-2025-000044,7-986641,2026-03,R-08,REVISA,fecha_valor,2021-05-06,no anterior a 2024-03-31 (24 meses),1
1,8,20210510,1,3,7,2,AV-2025-001782,2-353199,2026-03,R-08,REVISA,fecha_valor,2021-05-10,no anterior a 2024-03-31 (24 meses),1
1,8,20210513,13,7,9,2,AV-2025-003571,5-608553,2026-03,R-08,REVISA,fecha_valor,2021-05-13,no anterior a 2024-03-31 (24 meses),1
1,8,20210515,26,3,4,2,AV-2025-001449,1-225689,2026-03,R-08,REVISA,fecha_valor,2021-05-15,no anterior a 2024-03-31 (24 meses),1
1,8,20210517,9,7,8,2,AV-2024-002815,3-360691,2026-03,R-08,REVISA,fecha_valor,2021-05-17,no anterior a 2024-03-31 (24 meses),1
1,8,20210517,11,1,7,2,AV-2026-000792,5-523728-057,2026-03,R-08,REVISA,fecha_valor,2021-05-17,no anterior a 2024-03-31 (24 meses),1
1,8,20210519,8,4,9,2,AV-2025-003454,3-415630-357,2026-03,R-08,REVISA,fecha_valor,2021-05-19,no anterior a 2024-03-31 (24 meses),1
1,8,20210520,11,3,4,2,AV-2025-000296,5-834615,2026-03,R-08,REVISA,fecha_valor,2021-05-20,no anterior a 2024-03-31 (24 meses),1
1,8,20210521,33,7,7,2,AV-2025-000126,1-316844,2026-03,R-08,REVISA,fecha_valor,2021-05-21,no anterior a 2024-03-31 (24 meses),1
1,8,20210526,1,3,9,2,AV-2024-000269,2-694960,2026-03,R-08,REVISA,fecha_valor,2021-05-26,no anterior a 2024-03-31 (24 meses),1
1,8,20210526,34,3,3,2,AV-2025-000905,1-743434,2026-03,R-08,REVISA,fecha_valor,2021-05-26,no anterior a 2024-03-31 (24 meses),1
1,8,20210528,34,7,6,2,AV-2025-003348,1-674517,2026-03,R-08,REVISA,fecha_valor,2021-05-28,no anterior a 2024-03-31 (24 meses),1
1,8,20210529,8,9,2,2,AV-2025-002714,3-759685,2026-03,R-08,REVISA,fecha_valor,2021-05-29,no anterior a 2024-03-31 (24 meses),1
1,8,20210530,33,3,4,2,AV-2024-002956,1-653494,2026-03,R-08,REVISA,fecha_valor,2021-05-30,no anterior a 2024-03-31 (24 meses),1
1,8,20210603,26,4,6,2,AV-2025-002162,1-397591-384,2026-03,R-08,REVISA,fecha_valor,2021-06-03,no anterior a 2024-03-31 (24 meses),1
1,8,20210605,18,2,5,2,AV-2026-003294,4-130091,2026-03,R-08,REVISA,fecha_valor,2021-06-05,no anterior a 2024-03-31 (24 meses),1
1,8,20210606,34,1,8,2,AV-2025-002458,1-877101-190,2026-03,R-08,REVISA,fecha_valor,2021-06-06,no anterior a 2024-03-31 (24 meses),1
1,8,20210614,26,1,3,2,AV-2025-002231,1-704190-079,2026-03,R-08,REVISA,fecha_valor,2021-06-14,no anterior a 2024-03-31 (24 meses),1
1,8,20210615,26,7,2,2,AV-2025-003561,1-271122,2026-03,R-08,REVISA,fecha_valor,2021-06-15,no anterior a 2024-03-31 (24 meses),1
1,8,20210620,26,1,-1,3,AV-2024-001382,1-274699-276,2026-03,R-08,REVISA,fecha_valor,2021-06-20,no anterior a 2024-03-31 (24 meses),1
1,8,20210621,9,9,6,2,AV-2026-000817,3-152891,2026-03,R-08,REVISA,fecha_valor,2021-06-21,no anterior a 2024-03-31 (24 meses),1
1,8,20210621,30,3,8,2,AV-2026-001431,1-135657,2026-03,R-08,REVISA,fecha_valor,2021-06-21,no anterior a 2024-03-31 (24 meses),1
1,8,20210622,28,9,1,2,AV-2025-001170,1-936679,2026-03,R-08,REVISA,fecha_valor,2021-06-22,no anterior a 2024-03-31 (24 meses),1
1,8,20210623,11,9,3,2,AV-2025-002913,5-580323,2026-03,R-08,REVISA,fecha_valor,2021-06-23,no anterior a 2024-03-31 (24 meses),1
1,8,20210624,9,9,4,2,AV-2024-000041,3-563828,2026-03,R-08,REVISA,fecha_valor,2021-06-24,no anterior a 2024-03-31 (24 meses),1
1,8,20210624,15,1,1,2,AV-2025-001022,4-763220-369,2026-03,R-08,REVISA,fecha_valor,2021-06-24,no anterior a 2024-03-31 (24 meses),1
1,8,20210627,14,9,8,2,AV-2024-003599,5-569236,2026-03,R-08,REVISA,fecha_valor,2021-06-27,no anterior a 2024-03-31 (24 meses),1
1,8,20210704,24,3,7,2,AV-2025-000207,6-254558,2026-03,R-08,REVISA,fecha_valor,2021-07-04,no anterior a 2024-03-31 (24 meses),1
1,8,20210704,26,4,6,2,AV-2025-002886,1-328744-033,2026-03,R-08,REVISA,fecha_valor,2021-07-04,no anterior a 2024-03-31 (24 meses),1
1,8,20210708,15,1,2,2,AV-2025-003768,4-710515-197,2026-03,R-08,REVISA,fecha_valor,2021-07-08,no anterior a 2024-03-31 (24 meses),1
1,8,20210713,1,1,3,3,AV-2025-003609,2-901163-013,2026-03,R-08,REVISA,fecha_valor,2021-07-13,no anterior a 2024-03-31 (24 meses),1
1,8,20210714,6,9,3,2,AV-2024-002748,2-962104,2026-03,R-08,REVISA,fecha_valor,2021-07-14,no anterior a 2024-03-31 (24 meses),1
1,8,20210716,31,6,4,2,AV-2026-001872,1-652909,2026-03,R-08,REVISA,fecha_valor,2021-07-16,no anterior a 2024-03-31 (24 meses),1
1,8,20210717,28,7,9,2,AV-2025-001019,1-409230,2026-03,R-08,REVISA,fecha_valor,2021-07-17,no anterior a 2024-03-31 (24 meses),1
1,8,20210719,7,5,3,2,AV-2024-002387,3-509559,2026-03,R-08,REVISA,fecha_valor,2021-07-19,no anterior a 2024-03-31 (24 meses),1
1,8,20210721,21,9,4,2,AV-2025-000885,7-958564,2026-03,R-08,REVISA,fecha_valor,2021-07-21,no anterior a 2024-03-31 (24 meses),1
1,8,20210723,28,7,6,2,AV-2025-001294,1-916773,2026-03,R-08,REVISA,fecha_valor,2021-07-23,no anterior a 2024-03-31 (24 meses),1
1,8,20210726,15,1,8,2,AV-2025-001016,4-361979-140,2026-03,R-08,REVISA,fecha_valor,2021-07-26,no anterior a 2024-03-31 (24 meses),1
1,8,20210804,29,9,4,2,AV-2025-001968,1-212757,2026-03,R-08,REVISA,fecha_valor,2021-08-04,no anterior a 2024-03-31 (24 meses),1
1,8,20210805,22,1,3,2,AV-2025-000124,7-786695-235,2026-03,R-08,REVISA,fecha_valor,2021-08-05,no anterior a 2024-03-31 (24 meses),1
1,8,20210811,16,3,3,2,AV-2025-001221,4-978295,2026-03,R-08,REVISA,fecha_valor,2021-08-11,no anterior a 2024-03-31 (24 meses),1
1,8,20210811,30,7,3,3,AV-2025-000039,1-671342,2026-03,R-08,REVISA,fecha_valor,2021-08-11,no anterior a 2024-03-31 (24 meses),1
1,8,20210812,33,5,7,2,AV-2024-000166,1-748812,2026-03,R-08,REVISA,fecha_valor,2021-08-12,no anterior a 2024-03-31 (24 meses),1
1,8,20210814,13,9,9,2,AV-2025-000501,5-636985,2026-03,R-08,REVISA,fecha_valor,2021-08-14,no anterior a 2024-03-31 (24 meses),1
1,8,20210817,3,6,1,2,AV-2024-002624,2-428010,2026-03,R-08,REVISA,fecha_valor,2021-08-17,no anterior a 2024-03-31 (24 meses),1
1,8,20210819,35,2,3,2,AV-2025-001834,1-868220,2026-03,R-08,REVISA,fecha_valor,2021-08-19,no anterior a 2024-03-31 (24 meses),1
1,8,20210821,27,3,8,2,AV-2024-000490,1-471621,2026-03,R-08,REVISA,fecha_valor,2021-08-21,no anterior a 2024-03-31 (24 meses),1
1,8,20210821,30,7,3,2,AV-2024-003922,1-919989,2026-03,R-08,REVISA,fecha_valor,2021-08-21,no anterior a 2024-03-31 (24 meses),1
1,8,20210826,17,3,7,3,AV-2025-003012,4-449060,2026-03,R-08,REVISA,fecha_valor,2021-08-26,no anterior a 2024-03-31 (24 meses),1
1,8,20210829,14,1,7,2,AV-2025-000815,5-891479-119,2026-03,R-08,REVISA,fecha_valor,2021-08-29,no anterior a 2024-03-31 (24 meses),1
1,8,20210830,25,4,8,2,AV-2026-003698,6-982161-342,2026-03,R-08,REVISA,fecha_valor,2021-08-30,no anterior a 2024-03-31 (24 meses),1
1,8,20210903,8,9,3,2,AV-2024-002846,3-181667,2026-03,R-08,REVISA,fecha_valor,2021-09-03,no anterior a 2024-03-31 (24 meses),1
1,8,20210903,16,2,3,2,AV-2025-001481,4-429477,2026-03,R-08,REVISA,fecha_valor,2021-09-03,no anterior a 2024-03-31 (24 meses),1
1,8,20210904,34,1,9,2,AV-2025-002647,1-725396-182,2026-03,R-08,REVISA,fecha_valor,2021-09-04,no anterior a 2024-03-31 (24 meses),1
1,8,20210905,18,2,3,3,AV-2025-001845,4-569345,2026-03,R-08,REVISA,fecha_valor,2021-09-05,no anterior a 2024-03-31 (24 meses),1
1,8,20210907,10,6,7,2,AV-2024-001572,3-393393,2026-03,R-08,REVISA,fecha_valor,2021-09-07,no anterior a 2024-03-31 (24 meses),1
1,8,20210908,29,2,3,3,AV-2024-002337,1-389737,2026-03,R-08,REVISA,fecha_valor,2021-09-08,no anterior a 2024-03-31 (24 meses),1
1,8,20210909,24,3,7,2,AV-2025-002492,6-144410,2026-03,R-08,REVISA,fecha_valor,2021-09-09,no anterior a 2024-03-31 (24 meses),1
1,8,20210914,35,3,3,2,AV-2025-003295,1-504897,2026-03,R-08,REVISA,fecha_valor,2021-09-14,no anterior a 2024-03-31 (24 meses),1
1,8,20210916,4,2,7,2,AV-2025-001996,2-340925,2026-03,R-08,REVISA,fecha_valor,2021-09-16,no anterior a 2024-03-31 (24 meses),1
1,8,20210917,21,3,1,3,AV-2025-001212,7-905183,2026-03,R-08,REVISA,fecha_valor,2021-09-17,no anterior a 2024-03-31 (24 meses),1
1,8,20210918,12,9,3,2,AV-2025-002046,5-488061,2026-03,R-08,REVISA,fecha_valor,2021-09-18,no anterior a 2024-03-31 (24 meses),1
1,8,20210922,2,8,3,2,AV-2026-002028,2-101789,2026-03,R-08,REVISA,fecha_valor,2021-09-22,no anterior a 2024-03-31 (24 meses),1
1,8,20210922,26,1,8,2,AV-2026-000385,1-201693-214,2026-03,R-08,REVISA,fecha_valor,2021-09-22,no anterior a 2024-03-31 (24 meses),1
1,8,20210924,13,9,6,2,AV-2025-001537,5-993683,2026-03,R-08,REVISA,fecha_valor,2021-09-24,no anterior a 2024-03-31 (24 meses),1
1,8,20210924,18,1,9,2,AV-2024-000693,4-133407-381,2026-03,R-08,REVISA,fecha_valor,2021-09-24,no anterior a 2024-03-31 (24 meses),1
1,8,20210925,3,3,2,2,AV-2024-003431,2-939308,2026-03,R-08,REVISA,fecha_valor,2021-09-25,no anterior a 2024-03-31 (24 meses),1
1,8,20210928,5,9,9,2,AV-2025-001613,2-272040,2026-03,R-08,REVISA,fecha_valor,2021-09-28,no anterior a 2024-03-31 (24 meses),1
1,8,20210928,7,1,-1,3,AV-2025-000263,3-886145-031,2026-03,R-08,REVISA,fecha_valor,2021-09-28,no anterior a 2024-03-31 (24 meses),1
1,8,20211007,28,3,9,2,AV-2025-001453,1-906169,2026-03,R-08,REVISA,fecha_valor,2021-10-07,no anterior a 2024-03-31 (24 meses),1
1,8,20211012,5,3,9,2,AV-2024-002304,2-567949,2026-03,R-08,REVISA,fecha_valor,2021-10-12,no anterior a 2024-03-31 (24 meses),1
1,8,20211013,33,1,2,2,AV-2025-000309,1-908549-395,2026-03,R-08,REVISA,fecha_valor,2021-10-13,no anterior a 2024-03-31 (24 meses),1
1,8,20211013,34,3,7,2,AV-2026-001930,1-613001,2026-03,R-08,REVISA,fecha_valor,2021-10-13,no anterior a 2024-03-31 (24 meses),1
1,8,20211014,35,4,6,2,AV-2024-000824,1-485457-134,2026-03,R-08,REVISA,fecha_valor,2021-10-14,no anterior a 2024-03-31 (24 meses),1
1,8,20211018,29,3,1,2,AV-2025-000424,1-982729,2026-03,R-08,REVISA,fecha_valor,2021-10-18,no anterior a 2024-03-31 (24 meses),1
1,8,20211019,11,3,4,2,AV-2025-002825,5-475202,2026-03,R-08,REVISA,fecha_valor,2021-10-19,no anterior a 2024-03-31 (24 meses),1
1,8,20211021,7,5,3,2,AV-2024-001209,3-659342,2026-03,R-08,REVISA,fecha_valor,2021-10-21,no anterior a 2024-03-31 (24 meses),1
1,8,20211021,11,1,3,2,AV-2024-000487,5-750544-362,2026-03,R-08,REVISA,fecha_valor,2021-10-21,no anterior a 2024-03-31 (24 meses),1
1,8,20211022,28,1,6,2,AV-2024-001774,1-817624-374,2026-03,R-08,REVISA,fecha_valor,2021-10-22,no anterior a 2024-03-31 (24 meses),1
1,8,20211024,1,3,6,2,AV-2025-001918,2-845866,2026-03,R-08,REVISA,fecha_valor,2021-10-24,no anterior a 2024-03-31 (24 meses),1
1,8,20211025,28,4,8,2,AV-2025-001802,1-223425-187,2026-03,R-08,REVISA,fecha_valor,2021-10-25,no anterior a 2024-03-31 (24 meses),1
1,8,20211026,10,3,1,2,AV-2025-000836,3-782102,2026-03,R-08,REVISA,fecha_valor,2021-10-26,no anterior a 2024-03-31 (24 meses),1
1,8,20211028,16,9,3,2,AV-2026-003173,4-263548,2026-03,R-08,REVISA,fecha_valor,2021-10-28,no anterior a 2024-03-31 (24 meses),1
1,8,20211103,16,3,4,2,AV-2025-001184,4-559852,2026-03,R-08,REVISA,fecha_valor,2021-11-03,no anterior a 2024-03-31 (24 meses),1
1,8,20211104,11,1,1,2,AV-2025-003831,5-838664-331,2026-03,R-08,REVISA,fecha_valor,2021-11-04,no anterior a 2024-03-31 (24 meses),1
1,8,20211104,12,3,4,2,AV-2025-003806,5-410892,2026-03,R-08,REVISA,fecha_valor,2021-11-04,no anterior a 2024-03-31 (24 meses),1
1,8,20211104,29,3,7,2,AV-2025-002289,1-211298,2026-03,R-08,REVISA,fecha_valor,2021-11-04,no anterior a 2024-03-31 (24 meses),1
1,8,20211110,7,7,7,2,AV-2025-000302,3-496468,2026-03,R-08,REVISA,fecha_valor,2021-11-10,no anterior a 2024-03-31 (24 meses),1
1,8,20211110,35,1,3,2,AV-2026-001576,1-753264-287,2026-03,R-08,REVISA,fecha_valor,2021-11-10,no anterior a 2024-03-31 (24 meses),1
1,8,20211111,16,1,2,2,AV-2025-000514,4-745864-373,2026-03,R-08,REVISA,fecha_valor,2021-11-11,no anterior a 2024-03-31 (24 meses),1
1,8,20211115,12,8,9,2,AV-2026-002193,5-582858,2026-03,R-08,REVISA,fecha_valor,2021-11-15,no anterior a 2024-03-31 (24 meses),1
1,8,20211118,14,3,3,2,AV-2025-002669,5-563692,2026-03,R-08,REVISA,fecha_valor,2021-11-18,no anterior a 2024-03-31 (24 meses),1
1,8,20211119,11,4,4,2,AV-2025-003484,5-840775-066,2026-03,R-08,REVISA,fecha_valor,2021-11-19,no anterior a 2024-03-31 (24 meses),1
1,8,20211120,24,8,9,2,AV-2025-002528,6-897496,2026-03,R-08,REVISA,fecha_valor,2021-11-20,no anterior a 2024-03-31 (24 meses),1
1,8,20211121,9,9,3,2,AV-2025-001744,3-339080,2026-03,R-08,REVISA,fecha_valor,2021-11-21,no anterior a 2024-03-31 (24 meses),1
1,8,20211123,22,4,3,3,AV-2025-002357,7-834683-044,2026-03,R-08,REVISA,fecha_valor,2021-11-23,no anterior a 2024-03-31 (24 meses),1
1,8,20211124,16,1,7,2,AV-2024-000838,4-609029-114,2026-03,R-08,REVISA,fecha_valor,2021-11-24,no anterior a 2024-03-31 (24 meses),1
1,8,20211125,35,3,2,2,AV-2025-001366,1-630542,2026-03,R-08,REVISA,fecha_valor,2021-11-25,no anterior a 2024-03-31 (24 meses),1
1,8,20211128,17,7,7,2,AV-2024-003714,4-193441,2026-03,R-08,REVISA,fecha_valor,2021-11-28,no anterior a 2024-03-31 (24 meses),1
1,8,20211204,1,3,7,2,AV-2025-000904,2-484925,2026-03,R-08,REVISA,fecha_valor,2021-12-04,no anterior a 2024-03-31 (24 meses),1
1,8,20211205,1,5,3,2,AV-2025-000950,2-944416,2026-03,R-08,REVISA,fecha_valor,2021-12-05,no anterior a 2024-03-31 (24 meses),1
1,8,20211208,5,9,3,2,AV-2025-002177,2-334611,2026-03,R-08,REVISA,fecha_valor,2021-12-08,no anterior a 2024-03-31 (24 meses),1
1,8,20211209,18,3,1,2,AV-2024-000297,4-486309,2026-03,R-08,REVISA,fecha_valor,2021-12-09,no anterior a 2024-03-31 (24 meses),1
1,8,20211211,25,9,8,2,AV-2025-001129,6-191382,2026-03,R-08,REVISA,fecha_valor,2021-12-11,no anterior a 2024-03-31 (24 meses),1
1,8,20211212,26,3,6,2,AV-2025-003273,1-824668,2026-03,R-08,REVISA,fecha_valor,2021-12-12,no anterior a 2024-03-31 (24 meses),1
1,8,20211213,9,9,6,2,AV-2025-003639,3-508601,2026-03,R-08,REVISA,fecha_valor,2021-12-13,no anterior a 2024-03-31 (24 meses),1
1,8,20211213,22,1,4,2,AV-2025-003662,7-565828-300,2026-03,R-08,REVISA,fecha_valor,2021-12-13,no anterior a 2024-03-31 (24 meses),1
1,8,20211213,34,3,9,2,AV-2025-000099,1-144025,2026-03,R-08,REVISA,fecha_valor,2021-12-13,no anterior a 2024-03-31 (24 meses),1
1,8,20211218,1,1,4,2,AV-2024-001750,2-218485-214,2026-03,R-08,REVISA,fecha_valor,2021-12-18,no anterior a 2024-03-31 (24 meses),1
1,8,20211218,18,3,3,2,AV-2025-000631,4-855040,2026-03,R-08,REVISA,fecha_valor,2021-12-18,no anterior a 2024-03-31 (24 meses),1
1,8,20211218,27,9,6,2,AV-2026-001778,1-649769,2026-03,R-08,REVISA,fecha_valor,2021-12-18,no anterior a 2024-03-31 (24 meses),1
1,8,20211218,30,3,3,2,AV-2025-002934,1-450726,2026-03,R-08,REVISA,fecha_valor,2021-12-18,no anterior a 2024-03-31 (24 meses),1
1,8,20211221,21,8,6,2,AV-2025-000542,7-757614,2026-03,R-08,REVISA,fecha_valor,2021-12-21,no anterior a 2024-03-31 (24 meses),1
1,8,20211221,26,7,9,2,AV-2025-000516,1-452356,2026-03,R-08,REVISA,fecha_valor,2021-12-21,no anterior a 2024-03-31 (24 meses),1
1,8,20211223,4,7,8,3,AV-2026-000899,2-222345,2026-03,R-08,REVISA,fecha_valor,2021-12-23,no anterior a 2024-03-31 (24 meses),1
1,8,20211223,29,3,3,2,AV-2025-003278,1-284165,2026-03,R-08,REVISA,fecha_valor,2021-12-23,no anterior a 2024-03-31 (24 meses),1
1,8,20211224,34,5,2,2,AV-2025-000563,1-621519,2026-03,R-08,REVISA,fecha_valor,2021-12-24,no anterior a 2024-03-31 (24 meses),1
1,8,20211226,1,4,3,2,AV-2025-000251,2-611205-092,2026-03,R-08,REVISA,fecha_valor,2021-12-26,no anterior a 2024-03-31 (24 meses),1
1,8,20211228,16,3,7,2,AV-2024-002517,4-812171,2026-03,R-08,REVISA,fecha_valor,2021-12-28,no anterior a 2024-03-31 (24 meses),1
1,8,20220104,17,3,3,2,AV-2024-003148,4-471647,2026-03,R-08,REVISA,fecha_valor,2022-01-04,no anterior a 2024-03-31 (24 meses),1
1,8,20220104,32,3,3,2,AV-2025-000909,1-423164,2026-03,R-08,REVISA,fecha_valor,2022-01-04,no anterior a 2024-03-31 (24 meses),1
1,8,20220106,4,8,3,2,AV-2025-001726,2-489240,2026-03,R-08,REVISA,fecha_valor,2022-01-06,no anterior a 2024-03-31 (24 meses),1
1,8,20220106,27,9,3,2,AV-2025-001309,1-367137,2026-03,R-08,REVISA,fecha_valor,2022-01-06,no anterior a 2024-03-31 (24 meses),1
1,8,20220114,30,7,3,2,AV-2026-003054,1-470895,2026-03,R-08,REVISA,fecha_valor,2022-01-14,no anterior a 2024-03-31 (24 meses),1
1,8,20220115,7,1,3,3,AV-2025-003376,3-532515-331,2026-03,R-08,REVISA,fecha_valor,2022-01-15,no anterior a 2024-03-31 (24 meses),1
1,8,20220116,20,9,3,2,AV-2025-001219,7-923578,2026-03,R-08,REVISA,fecha_valor,2022-01-16,no anterior a 2024-03-31 (24 meses),1
1,8,20220116,25,9,9,2,AV-2024-003758,6-412551,2026-03,R-08,REVISA,fecha_valor,2022-01-16,no anterior a 2024-03-31 (24 meses),1
1,8,20220122,29,4,1,2,AV-2024-001661,1-285547-381,2026-03,R-08,REVISA,fecha_valor,2022-01-22,no anterior a 2024-03-31 (24 meses),1
1,8,20220124,35,3,8,2,AV-2025-000104,1-832379,2026-03,R-08,REVISA,fecha_valor,2022-01-24,no anterior a 2024-03-31 (24 meses),1
1,8,20220125,9,3,3,2,AV-2025-000707,3-163994,2026-03,R-08,REVISA,fecha_valor,2022-01-25,no anterior a 2024-03-31 (24 meses),1
1,8,20220125,23,1,7,2,AV-2025-000737,6-449218-070,2026-03,R-08,REVISA,fecha_valor,2022-01-25,no anterior a 2024-03-31 (24 meses),1
1,8,20220128,26,4,4,2,AV-2026-003909,1-674997-321,2026-03,R-08,REVISA,fecha_valor,2022-01-28,no anterior a 2024-03-31 (24 meses),1
1,8,20220129,27,7,7,2,AV-2025-000138,1-167395,2026-03,R-08,REVISA,fecha_valor,2022-01-29,no anterior a 2024-03-31 (24 meses),1
1,8,20220201,33,4,3,2,AV-2025-003460,1-650143-310,2026-03,R-08,REVISA,fecha_valor,2022-02-01,no anterior a 2024-03-31 (24 meses),1
1,8,20220202,11,9,9,2,AV-2025-003031,5-713933,2026-03,R-08,REVISA,fecha_valor,2022-02-02,no anterior a 2024-03-31 (24 meses),1
1,8,20220204,13,3,1,2,AV-2025-001955,5-130762,2026-03,R-08,REVISA,fecha_valor,2022-02-04,no anterior a 2024-03-31 (24 meses),1
1,8,20220207,7,1,9,3,AV-2025-001648,3-277831-070,2026-03,R-08,REVISA,fecha_valor,2022-02-07,no anterior a 2024-03-31 (24 meses),1
1,8,20220207,22,9,8,2,AV-2025-001504,7-537777,2026-03,R-08,REVISA,fecha_valor,2022-02-07,no anterior a 2024-03-31 (24 meses),1
1,8,20220210,29,9,3,2,AV-2025-001617,1-806626,2026-03,R-08,REVISA,fecha_valor,2022-02-10,no anterior a 2024-03-31 (24 meses),1
1,8,20220213,1,1,9,2,AV-2025-000215,2-107489-173,2026-03,R-08,REVISA,fecha_valor,2022-02-13,no anterior a 2024-03-31 (24 meses),1
1,8,20220213,29,1,3,2,AV-2026-000867,1-302752-046,2026-03,R-08,REVISA,fecha_valor,2022-02-13,no anterior a 2024-03-31 (24 meses),1
1,8,20220217,17,3,9,2,AV-2024-003772,4-249964,2026-03,R-08,REVISA,fecha_valor,2022-02-17,no anterior a 2024-03-31 (24 meses),1
1,8,20220217,19,3,6,2,AV-2026-003787,4-527241,2026-03,R-08,REVISA,fecha_valor,2022-02-17,no anterior a 2024-03-31 (24 meses),1
1,8,20220221,20,2,2,2,AV-2025-000143,7-898219,2026-03,R-08,REVISA,fecha_valor,2022-02-21,no anterior a 2024-03-31 (24 meses),1
1,8,20220224,10,9,6,2,AV-2025-001249,3-866150,2026-03,R-08,REVISA,fecha_valor,2022-02-24,no anterior a 2024-03-31 (24 meses),1
1,8,20220224,27,4,9,2,AV-2024-001844,1-586811-389,2026-03,R-08,REVISA,fecha_valor,2022-02-24,no anterior a 2024-03-31 (24 meses),1
1,8,20220225,15,1,2,2,AV-2024-000405,4-629328-125,2026-03,R-08,REVISA,fecha_valor,2022-02-25,no anterior a 2024-03-31 (24 meses),1
1,8,20220310,25,3,3,2,AV-2024-000477,6-883218,2026-03,R-08,REVISA,fecha_valor,2022-03-10,no anterior a 2024-03-31 (24 meses),1
1,8,20220312,4,6,3,2,AV-2026-000591,2-705394,2026-03,R-08,REVISA,fecha_valor,2022-03-12,no anterior a 2024-03-31 (24 meses),1
1,8,20220312,8,7,5,3,AV-2025-001909,3-860299,2026-03,R-08,REVISA,fecha_valor,2022-03-12,no anterior a 2024-03-31 (24 meses),1
1,8,20220313,14,1,2,2,AV-2025-001052,5-673971-081,2026-03,R-08,REVISA,fecha_valor,2022-03-13,no anterior a 2024-03-31 (24 meses),1
1,8,20220319,14,4,7,3,AV-2024-003445,5-692242-165,2026-03,R-08,REVISA,fecha_valor,2022-03-19,no anterior a 2024-03-31 (24 meses),1
1,8,20220320,16,3,3,2,AV-2025-001702,4-174066,2026-03,R-08,REVISA,fecha_valor,2022-03-20,no anterior a 2024-03-31 (24 meses),1
1,8,20220321,15,1,6,2,AV-2025-002661,4-925059-074,2026-03,R-08,REVISA,fecha_valor,2022-03-21,no anterior a 2024-03-31 (24 meses),1
1,8,20220321,29,3,7,2,AV-2024-000829,1-512586,2026-03,R-08,REVISA,fecha_valor,2022-03-21,no anterior a 2024-03-31 (24 meses),1
1,8,20220321,29,3,8,2,AV-2025-003943,1-714627,2026-03,R-08,REVISA,fecha_valor,2022-03-21,no anterior a 2024-03-31 (24 meses),1
1,8,20220322,23,9,6,2,AV-2025-001071,6-609129,2026-03,R-08,REVISA,fecha_valor,2022-03-22,no anterior a 2024-03-31 (24 meses),1
1,8,20220322,35,3,3,2,AV-2026-003486,1-110394,2026-03,R-08,REVISA,fecha_valor,2022-03-22,no anterior a 2024-03-31 (24 meses),1
1,8,20220323,30,3,9,2,AV-2025-000136,1-465456,2026-03,R-08,REVISA,fecha_valor,2022-03-23,no anterior a 2024-03-31 (24 meses),1
1,8,20220324,27,3,7,2,AV-2026-002429,1-457235,2026-03,R-08,REVISA,fecha_valor,2022-03-24,no anterior a 2024-03-31 (24 meses),1
1,8,20220324,33,1,3,2,AV-2025-002660,1-399580-019,2026-03,R-08,REVISA,fecha_valor,2022-03-24,no anterior a 2024-03-31 (24 meses),1
1,8,20220325,1,5,7,2,AV-2025-003432,2-696035,2026-03,R-08,REVISA,fecha_valor,2022-03-25,no anterior a 2024-03-31 (24 meses),1
1,8,20220325,28,4,2,2,AV-2025-000329,1-636225-327,2026-03,R-08,REVISA,fecha_valor,2022-03-25,no anterior a 2024-03-31 (24 meses),1
1,8,20220326,8,7,3,2,AV-2026-003342,3-475880,2026-03,R-08,REVISA,fecha_valor,2022-03-26,no anterior a 2024-03-31 (24 meses),1
1,8,20220328,7,1,8,2,AV-2025-001253,3-719399-024,2026-03,R-08,REVISA,fecha_valor,2022-03-28,no anterior a 2024-03-31 (24 meses),1
1,8,20220330,16,5,7,2,AV-2024-003267,4-682504,2026-03,R-08,REVISA,fecha_valor,2022-03-30,no anterior a 2024-03-31 (24 meses),1
1,8,20220331,35,3,3,2,AV-2025-000976,1-494308,2026-03,R-08,REVISA,fecha_valor,2022-03-31,no anterior a 2024-03-31 (24 meses),1
1,8,20220405,29,1,1,2,AV-2025-003591,1-165041-084,2026-03,R-08,REVISA,fecha_valor,2022-04-05,no anterior a 2024-03-31 (24 meses),1
1,8,20220406,23,3,4,2,AV-2025-002900,6-995420,2026-03,R-08,REVISA,fecha_valor,2022-04-06,no anterior a 2024-03-31 (24 meses),1
1,8,20220409,17,4,5,2,AV-2026-003678,4-822547-058,2026-03,R-08,REVISA,fecha_valor,2022-04-09,no anterior a 2024-03-31 (24 meses),1
1,8,20220409,27,3,7,2,AV-2024-001599,1-595931,2026-03,R-08,REVISA,fecha_valor,2022-04-09,no anterior a 2024-03-31 (24 meses),1
1,8,20220413,34,1,5,2,AV-2025-000400,1-185516-383,2026-03,R-08,REVISA,fecha_valor,2022-04-13,no anterior a 2024-03-31 (24 meses),1
1,8,20220418,8,3,2,2,AV-2025-002529,3-984189,2026-03,R-08,REVISA,fecha_valor,2022-04-18,no anterior a 2024-03-31 (24 meses),1
1,8,20220418,14,3,3,2,AV-2024-002979,5-672419,2026-03,R-08,REVISA,fecha_valor,2022-04-18,no anterior a 2024-03-31 (24 meses),1
1,8,20220420,20,3,7,3,AV-2024-001172,7-235979,2026-03,R-08,REVISA,fecha_valor,2022-04-20,no anterior a 2024-03-31 (24 meses),1
1,8,20220429,17,9,6,2,AV-2024-003506,4-170971,2026-03,R-08,REVISA,fecha_valor,2022-04-29,no anterior a 2024-03-31 (24 meses),1
1,8,20220430,23,4,6,2,AV-2025-002085,6-970646-123,2026-03,R-08,REVISA,fecha_valor,2022-04-30,no anterior a 2024-03-31 (24 meses),1
1,8,20220504,29,1,7,2,AV-2025-003231,1-170030-068,2026-03,R-08,REVISA,fecha_valor,2022-05-04,no anterior a 2024-03-31 (24 meses),1
1,8,20220504,32,3,3,2,AV-2025-001861,1-330743,2026-03,R-08,REVISA,fecha_valor,2022-05-04,no anterior a 2024-03-31 (24 meses),1
1,8,20220508,30,9,3,2,AV-2025-003206,1-869353,2026-03,R-08,REVISA,fecha_valor,2022-05-08,no anterior a 2024-03-31 (24 meses),1
1,8,20220510,8,3,7,2,AV-2025-003822,3-749951,2026-03,R-08,REVISA,fecha_valor,2022-05-10,no anterior a 2024-03-31 (24 meses),1
1,8,20220511,30,9,3,2,AV-2025-001234,1-555322,2026-03,R-08,REVISA,fecha_valor,2022-05-11,no anterior a 2024-03-31 (24 meses),1
1,8,20220512,27,3,4,2,AV-2024-000922,1-642734,2026-03,R-08,REVISA,fecha_valor,2022-05-12,no anterior a 2024-03-31 (24 meses),1
1,8,20220513,34,3,9,2,AV-2026-001706,1-326331,2026-03,R-08,REVISA,fecha_valor,2022-05-13,no anterior a 2024-03-31 (24 meses),1
1,8,20220514,35,2,7,2,AV-2026-003346,1-430580,2026-03,R-08,REVISA,fecha_valor,2022-05-14,no anterior a 2024-03-31 (24 meses),1
1,8,20220515,16,1,7,2,AV-2024-000476,4-785764-355,2026-03,R-08,REVISA,fecha_valor,2022-05-15,no anterior a 2024-03-31 (24 meses),1
1,8,20220516,10,2,3,2,AV-2026-001879,3-815157,2026-03,R-08,REVISA,fecha_valor,2022-05-16,no anterior a 2024-03-31 (24 meses),1
1,8,20220516,15,3,3,2,AV-2026-002316,4-557968,2026-03,R-08,REVISA,fecha_valor,2022-05-16,no anterior a 2024-03-31 (24 meses),1
1,8,20220516,18,3,4,2,AV-2025-000354,4-494820,2026-03,R-08,REVISA,fecha_valor,2022-05-16,no anterior a 2024-03-31 (24 meses),1
1,8,20220517,20,8,1,2,AV-2025-002053,7-758128,2026-03,R-08,REVISA,fecha_valor,2022-05-17,no anterior a 2024-03-31 (24 meses),1
1,8,20220518,34,1,3,2,AV-2025-002635,1-881657-129,2026-03,R-08,REVISA,fecha_valor,2022-05-18,no anterior a 2024-03-31 (24 meses),1
1,8,20220520,12,3,7,2,AV-2025-002290,5-451781,2026-03,R-08,REVISA,fecha_valor,2022-05-20,no anterior a 2024-03-31 (24 meses),1
1,8,20220520,27,9,5,2,AV-2025-003339,1-552222,2026-03,R-08,REVISA,fecha_valor,2022-05-20,no anterior a 2024-03-31 (24 meses),1
1,8,20220522,19,3,2,2,AV-2025-001519,4-541458,2026-03,R-08,REVISA,fecha_valor,2022-05-22,no anterior a 2024-03-31 (24 meses),1
1,8,20220523,28,7,9,2,AV-2025-001835,1-103163,2026-03,R-08,REVISA,fecha_valor,2022-05-23,no anterior a 2024-03-31 (24 meses),1
1,8,20220525,16,7,7,2,AV-2025-003138,4-147822,2026-03,R-08,REVISA,fecha_valor,2022-05-25,no anterior a 2024-03-31 (24 meses),1
1,8,20220525,30,1,1,2,AV-2024-001901,1-752201-388,2026-03,R-08,REVISA,fecha_valor,2022-05-25,no anterior a 2024-03-31 (24 meses),1
1,8,20220526,31,3,4,2,AV-2025-003245,1-490094,2026-03,R-08,REVISA,fecha_valor,2022-05-26,no anterior a 2024-03-31 (24 meses),1
1,8,20220527,18,3,1,2,AV-2025-000325,4-677186,2026-03,R-08,REVISA,fecha_valor,2022-05-27,no anterior a 2024-03-31 (24 meses),1
1,8,20220528,26,3,9,2,AV-2025-000261,1-953109,2026-03,R-08,REVISA,fecha_valor,2022-05-28,no anterior a 2024-03-31 (24 meses),1
1,8,20220529,27,2,9,2,AV-2026-000341,1-497060,2026-03,R-08,REVISA,fecha_valor,2022-05-29,no anterior a 2024-03-31 (24 meses),1
1,8,20220530,28,3,7,2,AV-2024-001960,1-710625,2026-03,R-08,REVISA,fecha_valor,2022-05-30,no anterior a 2024-03-31 (24 meses),1
1,8,20220603,19,3,9,2,AV-2025-002525,4-641660,2026-03,R-08,REVISA,fecha_valor,2022-06-03,no anterior a 2024-03-31 (24 meses),1
1,8,20220607,27,4,7,2,AV-2024-001171,1-237457-135,2026-03,R-08,REVISA,fecha_valor,2022-06-07,no anterior a 2024-03-31 (24 meses),1
1,8,20220609,8,1,6,3,AV-2024-003096,3-943365-237,2026-03,R-08,REVISA,fecha_valor,2022-06-09,no anterior a 2024-03-31 (24 meses),1
1,8,20220609,9,3,3,2,AV-2024-001850,3-195465,2026-03,R-08,REVISA,fecha_valor,2022-06-09,no anterior a 2024-03-31 (24 meses),1
1,8,20220610,18,9,3,2,AV-2025-003513,4-828681,2026-03,R-08,REVISA,fecha_valor,2022-06-10,no anterior a 2024-03-31 (24 meses),1
1,8,20220610,24,6,7,2,AV-2026-002296,6-822966,2026-03,R-08,REVISA,fecha_valor,2022-06-10,no anterior a 2024-03-31 (24 meses),1
1,8,20220611,6,8,3,2,AV-2025-003471,2-879892,2026-03,R-08,REVISA,fecha_valor,2022-06-11,no anterior a 2024-03-31 (24 meses),1
1,8,20220615,19,8,3,3,AV-2024-001246,4-437498,2026-03,R-08,REVISA,fecha_valor,2022-06-15,no anterior a 2024-03-31 (24 meses),1
1,8,20220615,29,3,3,2,AV-2025-003656,1-401316,2026-03,R-08,REVISA,fecha_valor,2022-06-15,no anterior a 2024-03-31 (24 meses),1
1,8,20220623,9,3,3,2,AV-2025-003873,3-609539,2026-03,R-08,REVISA,fecha_valor,2022-06-23,no anterior a 2024-03-31 (24 meses),1
1,8,20220623,16,2,4,2,AV-2025-003236,4-252141,2026-03,R-08,REVISA,fecha_valor,2022-06-23,no anterior a 2024-03-31 (24 meses),1
1,8,20220627,1,3,4,2,AV-2024-000820,2-463929,2026-03,R-08,REVISA,fecha_valor,2022-06-27,no anterior a 2024-03-31 (24 meses),1
1,8,20220705,31,3,3,2,AV-2025-002311,1-987614,2026-03,R-08,REVISA,fecha_valor,2022-07-05,no anterior a 2024-03-31 (24 meses),1
1,8,20220716,1,2,3,2,AV-2025-002882,2-306590,2026-03,R-08,REVISA,fecha_valor,2022-07-16,no anterior a 2024-03-31 (24 meses),1
1,8,20220717,17,7,7,2,AV-2025-000771,4-970273,2026-03,R-08,REVISA,fecha_valor,2022-07-17,no anterior a 2024-03-31 (24 meses),1
1,8,20220719,5,3,2,2,AV-2025-001156,2-457277,2026-03,R-08,REVISA,fecha_valor,2022-07-19,no anterior a 2024-03-31 (24 meses),1
1,8,20220720,22,4,7,2,AV-2025-002631,7-839630-108,2026-03,R-08,REVISA,fecha_valor,2022-07-20,no anterior a 2024-03-31 (24 meses),1
1,8,20220723,8,3,3,2,AV-2025-002845,3-722106,2026-03,R-08,REVISA,fecha_valor,2022-07-23,no anterior a 2024-03-31 (24 meses),1
1,8,20220723,16,3,4,2,AV-2025-002693,4-124585,2026-03,R-08,REVISA,fecha_valor,2022-07-23,no anterior a 2024-03-31 (24 meses),1
1,8,20220724,1,4,3,2,AV-2025-003933,2-565538-151,2026-03,R-08,REVISA,fecha_valor,2022-07-24,no anterior a 2024-03-31 (24 meses),1
1,8,20220728,9,3,3,2,AV-2025-000910,3-242265,2026-03,R-08,REVISA,fecha_valor,2022-07-28,no anterior a 2024-03-31 (24 meses),1
1,8,20220806,16,3,3,2,AV-2025-002519,4-789748,2026-03,R-08,REVISA,fecha_valor,2022-08-06,no anterior a 2024-03-31 (24 meses),1
1,8,20220806,35,5,4,2,AV-2026-000308,1-224039,2026-03,R-08,REVISA,fecha_valor,2022-08-06,no anterior a 2024-03-31 (24 meses),1
1,8,20220811,5,8,7,2,AV-2024-003974,2-634251,2026-03,R-08,REVISA,fecha_valor,2022-08-11,no anterior a 2024-03-31 (24 meses),1
1,8,20220811,18,7,3,2,AV-2026-001029,4-657535,2026-03,R-08,REVISA,fecha_valor,2022-08-11,no anterior a 2024-03-31 (24 meses),1
1,8,20220812,21,7,9,2,AV-2025-001760,7-763650,2026-03,R-08,REVISA,fecha_valor,2022-08-12,no anterior a 2024-03-31 (24 meses),1
1,8,20220813,20,3,7,2,AV-2025-001557,7-625220,2026-03,R-08,REVISA,fecha_valor,2022-08-13,no anterior a 2024-03-31 (24 meses),1
1,8,20220814,35,5,1,3,AV-2024-000859,1-972708,2026-03,R-08,REVISA,fecha_valor,2022-08-14,no anterior a 2024-03-31 (24 meses),1
1,8,20220815,33,3,5,2,AV-2025-003330,1-413509,2026-03,R-08,REVISA,fecha_valor,2022-08-15,no anterior a 2024-03-31 (24 meses),1
1,8,20220822,16,3,3,2,AV-2024-003684,4-422816,2026-03,R-08,REVISA,fecha_valor,2022-08-22,no anterior a 2024-03-31 (24 meses),1
1,8,20220824,26,5,7,2,AV-2025-001974,1-535213,2026-03,R-08,REVISA,fecha_valor,2022-08-24,no anterior a 2024-03-31 (24 meses),1
1,8,20220826,26,1,7,2,AV-2025-003738,1-150900-365,2026-03,R-08,REVISA,fecha_valor,2022-08-26,no anterior a 2024-03-31 (24 meses),1
1,8,20220827,6,9,9,2,AV-2024-000892,2-908573,2026-03,R-08,REVISA,fecha_valor,2022-08-27,no anterior a 2024-03-31 (24 meses),1
1,8,20220828,34,9,9,2,AV-2025-002057,1-442790,2026-03,R-08,REVISA,fecha_valor,2022-08-28,no anterior a 2024-03-31 (24 meses),1
1,8,20220829,1,9,9,2,AV-2025-002813,2-562718,2026-03,R-08,REVISA,fecha_valor,2022-08-29,no anterior a 2024-03-31 (24 meses),1
1,8,20220830,21,7,6,2,AV-2025-000404,7-195127,2026-03,R-08,REVISA,fecha_valor,2022-08-30,no anterior a 2024-03-31 (24 meses),1
1,8,20220906,7,9,6,2,AV-2025-002109,3-874418,2026-03,R-08,REVISA,fecha_valor,2022-09-06,no anterior a 2024-03-31 (24 meses),1
1,8,20220908,15,3,9,2,AV-2025-003978,4-760638,2026-03,R-08,REVISA,fecha_valor,2022-09-08,no anterior a 2024-03-31 (24 meses),1
1,8,20220909,1,3,9,2,AV-2025-001383,2-308754,2026-03,R-08,REVISA,fecha_valor,2022-09-09,no anterior a 2024-03-31 (24 meses),1
1,8,20220910,32,9,3,2,AV-2025-003970,1-760448,2026-03,R-08,REVISA,fecha_valor,2022-09-10,no anterior a 2024-03-31 (24 meses),1
1,8,20220913,34,1,3,2,AV-2024-000569,1-591547-131,2026-03,R-08,REVISA,fecha_valor,2022-09-13,no anterior a 2024-03-31 (24 meses),1
1,8,20220914,32,2,9,3,AV-2025-003071,1-335481,2026-03,R-08,REVISA,fecha_valor,2022-09-14,no anterior a 2024-03-31 (24 meses),1
1,8,20220915,15,7,7,2,AV-2025-003942,4-153104,2026-03,R-08,REVISA,fecha_valor,2022-09-15,no anterior a 2024-03-31 (24 meses),1
1,8,20220921,25,3,7,2,AV-2025-002356,6-278695,2026-03,R-08,REVISA,fecha_valor,2022-09-21,no anterior a 2024-03-31 (24 meses),1
1,8,20220923,15,3,9,2,AV-2025-000244,4-999990,2026-03,R-08,REVISA,fecha_valor,2022-09-23,no anterior a 2024-03-31 (24 meses),1
1,8,20220927,31,3,9,3,AV-2025-002738,N/A,2026-03,R-08,REVISA,fecha_valor,2022-09-27,no anterior a 2024-03-31 (24 meses),1
1,8,20220928,34,1,3,2,AV-2025-003924,1-950043-355,2026-03,R-08,REVISA,fecha_valor,2022-09-28,no anterior a 2024-03-31 (24 meses),1
1,8,20220929,17,3,7,2,AV-2026-003404,4-119449,2026-03,R-08,REVISA,fecha_valor,2022-09-29,no anterior a 2024-03-31 (24 meses),1
1,8,20221005,34,2,3,2,AV-2024-000394,1-593321,2026-03,R-08,REVISA,fecha_valor,2022-10-05,no anterior a 2024-03-31 (24 meses),1
1,8,20221006,34,3,7,2,AV-2025-000639,1-891744,2026-03,R-08,REVISA,fecha_valor,2022-10-06,no anterior a 2024-03-31 (24 meses),1
1,8,20221007,16,2,2,2,AV-2024-002174,4-878863,2026-03,R-08,REVISA,fecha_valor,2022-10-07,no anterior a 2024-03-31 (24 meses),1
1,8,20221009,16,7,7,2,AV-2025-003480,4-641613,2026-03,R-08,REVISA,fecha_valor,2022-10-09,no anterior a 2024-03-31 (24 meses),1
1,8,20221010,1,4,4,2,AV-2025-000911,2-387681-032,2026-03,R-08,REVISA,fecha_valor,2022-10-10,no anterior a 2024-03-31 (24 meses),1
1,8,20221011,7,1,3,2,AV-2025-003784,3-704349-237,2026-03,R-08,REVISA,fecha_valor,2022-10-11,no anterior a 2024-03-31 (24 meses),1
1,8,20221013,13,6,1,2,AV-2025-000169,5-179998,2026-03,R-08,REVISA,fecha_valor,2022-10-13,no anterior a 2024-03-31 (24 meses),1
1,8,20221013,17,3,8,2,AV-2025-001641,4-221821,2026-03,R-08,REVISA,fecha_valor,2022-10-13,no anterior a 2024-03-31 (24 meses),1
1,8,20221017,19,6,7,2,AV-2025-003823,4-153328,2026-03,R-08,REVISA,fecha_valor,2022-10-17,no anterior a 2024-03-31 (24 meses),1
1,8,20221017,32,3,9,2,AV-2025-003332,1-893663,2026-03,R-08,REVISA,fecha_valor,2022-10-17,no anterior a 2024-03-31 (24 meses),1
1,8,20221019,32,3,3,2,AV-2024-002779,1-327555,2026-03,R-08,REVISA,fecha_valor,2022-10-19,no anterior a 2024-03-31 (24 meses),1
1,8,20221020,14,9,3,3,AV-2025-000311,5-916031,2026-03,R-08,REVISA,fecha_valor,2022-10-20,no anterior a 2024-03-31 (24 meses),1
1,8,20221022,7,3,7,3,AV-2025-003493,3-948010,2026-03,R-08,REVISA,fecha_valor,2022-10-22,no anterior a 2024-03-31 (24 meses),1
1,8,20221022,15,1,3,2,AV-2024-000915,4-180961-040,2026-03,R-08,REVISA,fecha_valor,2022-10-22,no anterior a 2024-03-31 (24 meses),1
1,8,20221022,16,3,3,2,AV-2025-001680,4-778918,2026-03,R-08,REVISA,fecha_valor,2022-10-22,no anterior a 2024-03-31 (24 meses),1
1,8,20221025,9,3,1,2,AV-2025-003433,3-498814,2026-03,R-08,REVISA,fecha_valor,2022-10-25,no anterior a 2024-03-31 (24 meses),1
1,8,20221026,31,6,4,2,AV-2025-000315,1-877794,2026-03,R-08,REVISA,fecha_valor,2022-10-26,no anterior a 2024-03-31 (24 meses),1
1,8,20221030,28,3,-1,3,AV-2024-002491,1-908149,2026-03,R-08,REVISA,fecha_valor,2022-10-30,no anterior a 2024-03-31 (24 meses),1
1,8,20221105,26,2,4,3,AV-2026-002007,1-815678,2026-03,R-08,REVISA,fecha_valor,2022-11-05,no anterior a 2024-03-31 (24 meses),1
1,8,20221106,17,2,7,2,AV-2024-002601,4-566213,2026-03,R-08,REVISA,fecha_valor,2022-11-06,no anterior a 2024-03-31 (24 meses),1
1,8,20221106,25,3,4,2,AV-2025-001422,6-715705,2026-03,R-08,REVISA,fecha_valor,2022-11-06,no anterior a 2024-03-31 (24 meses),1
1,8,20221108,19,9,8,2,AV-2025-000646,4-926855,2026-03,R-08,REVISA,fecha_valor,2022-11-08,no anterior a 2024-03-31 (24 meses),1
1,8,20221111,31,8,6,2,AV-2025-002520,1-349945,2026-03,R-08,REVISA,fecha_valor,2022-11-11,no anterior a 2024-03-31 (24 meses),1
1,8,20221111,32,9,6,2,AV-2025-001668,1-547897,2026-03,R-08,REVISA,fecha_valor,2022-11-11,no anterior a 2024-03-31 (24 meses),1
1,8,20221112,13,7,6,2,AV-2025-000588,5-196034,2026-03,R-08,REVISA,fecha_valor,2022-11-12,no anterior a 2024-03-31 (24 meses),1
1,8,20221114,17,3,3,3,AV-2025-002263, ,2026-03,R-08,REVISA,fecha_valor,2022-11-14,no anterior a 2024-03-31 (24 meses),1
1,8,20221114,29,3,3,2,AV-2025-002904,1-663457,2026-03,R-08,REVISA,fecha_valor,2022-11-14,no anterior a 2024-03-31 (24 meses),1
1,8,20221115,26,3,9,2,AV-2025-001361,1-651024,2026-03,R-08,REVISA,fecha_valor,2022-11-15,no anterior a 2024-03-31 (24 meses),1
1,8,20221115,28,5,3,3,AV-2025-000013,1-306654,2026-03,R-08,REVISA,fecha_valor,2022-11-15,no anterior a 2024-03-31 (24 meses),1
1,8,20221117,34,4,8,2,AV-2025-001224,1-620650-308,2026-03,R-08,REVISA,fecha_valor,2022-11-17,no anterior a 2024-03-31 (24 meses),1
1,8,20221120,27,7,3,2,AV-2025-001463,1-854217,2026-03,R-08,REVISA,fecha_valor,2022-11-20,no anterior a 2024-03-31 (24 meses),1
1,8,20221121,29,3,6,2,AV-2025-001876,1-656428,2026-03,R-08,REVISA,fecha_valor,2022-11-21,no anterior a 2024-03-31 (24 meses),1
1,8,20221123,4,7,8,2,AV-2026-001731,2-301784,2026-03,R-08,REVISA,fecha_valor,2022-11-23,no anterior a 2024-03-31 (24 meses),1
1,8,20221123,26,4,3,2,AV-2025-001165,1-211983-379,2026-03,R-08,REVISA,fecha_valor,2022-11-23,no anterior a 2024-03-31 (24 meses),1
1,8,20221125,2,8,6,2,AV-2026-000739,2-503155,2026-03,R-08,REVISA,fecha_valor,2022-11-25,no anterior a 2024-03-31 (24 meses),1
1,8,20221125,16,5,8,2,AV-2024-002929,4-980604,2026-03,R-08,REVISA,fecha_valor,2022-11-25,no anterior a 2024-03-31 (24 meses),1
1,8,20221126,5,3,3,2,AV-2025-003323,2-420089,2026-03,R-08,REVISA,fecha_valor,2022-11-26,no anterior a 2024-03-31 (24 meses),1
1,8,20221128,20,2,7,2,AV-2025-001153,7-329031,2026-03,R-08,REVISA,fecha_valor,2022-11-28,no anterior a 2024-03-31 (24 meses),1
1,8,20221129,28,2,9,3,AV-2025-002217,1-233970,2026-03,R-08,REVISA,fecha_valor,2022-11-29,no anterior a 2024-03-31 (24 meses),1
1,8,20221208,33,1,9,2,AV-2025-003778,1-343745-062,2026-03,R-08,REVISA,fecha_valor,2022-12-08,no anterior a 2024-03-31 (24 meses),1
1,8,20221209,19,8,7,2,AV-2025-002610,4-644550,2026-03,R-08,REVISA,fecha_valor,2022-12-09,no anterior a 2024-03-31 (24 meses),1
1,8,20221212,31,6,3,2,AV-2025-001417,1-462157,2026-03,R-08,REVISA,fecha_valor,2022-12-12,no anterior a 2024-03-31 (24 meses),1
1,8,20221213,30,9,3,2,AV-2026-003440,1-387926,2026-03,R-08,REVISA,fecha_valor,2022-12-13,no anterior a 2024-03-31 (24 meses),1
1,8,20221216,4,8,6,2,AV-2026-003762,2-950868,2026-03,R-08,REVISA,fecha_valor,2022-12-16,no anterior a 2024-03-31 (24 meses),1
1,8,20221217,1,3,2,3,AV-2025-002894,2-570604,2026-03,R-08,REVISA,fecha_valor,2022-12-17,no anterior a 2024-03-31 (24 meses),1
1,8,20221218,8,3,9,2,AV-2025-001108,3-136903,2026-03,R-08,REVISA,fecha_valor,2022-12-18,no anterior a 2024-03-31 (24 meses),1
1,8,20221219,8,3,4,2,AV-2025-003851,3-369618,2026-03,R-08,REVISA,fecha_valor,2022-12-19,no anterior a 2024-03-31 (24 meses),1
1,8,20221220,1,1,3,2,AV-2025-000789,2-916213-173,2026-03,R-08,REVISA,fecha_valor,2022-12-20,no anterior a 2024-03-31 (24 meses),1
1,8,20221220,18,7,1,2,AV-2024-002912,4-107174,2026-03,R-08,REVISA,fecha_valor,2022-12-20,no anterior a 2024-03-31 (24 meses),1
1,8,20221220,29,7,7,2,AV-2025-000766,1-810649,2026-03,R-08,REVISA,fecha_valor,2022-12-20,no anterior a 2024-03-31 (24 meses),1
1,8,20221225,15,4,3,2,AV-2024-000906,4-919091-397,2026-03,R-08,REVISA,fecha_valor,2022-12-25,no anterior a 2024-03-31 (24 meses),1
1,8,20221226,2,6,9,2,AV-2026-002115,2-249225,2026-03,R-08,REVISA,fecha_valor,2022-12-26,no anterior a 2024-03-31 (24 meses),1
1,8,20221227,24,7,5,2,AV-2024-003446,6-271883,2026-03,R-08,REVISA,fecha_valor,2022-12-27,no anterior a 2024-03-31 (24 meses),1
1,8,20221228,35,5,4,2,AV-2025-003257,1-854983,2026-03,R-08,REVISA,fecha_valor,2022-12-28,no anterior a 2024-03-31 (24 meses),1
1,8,20221229,15,1,7,2,AV-2025-000753,4-552428-381,2026-03,R-08,REVISA,fecha_valor,2022-12-29,no anterior a 2024-03-31 (24 meses),1
1,8,20221229,27,9,3,2,AV-2025-001701,1-763481,2026-03,R-08,REVISA,fecha_valor,2022-12-29,no anterior a 2024-03-31 (24 meses),1
1,8,20221230,18,3,6,2,AV-2025-001561,4-390081,2026-03,R-08,REVISA,fecha_valor,2022-12-30,no anterior a 2024-03-31 (24 meses),1
1,8,20221231,9,1,3,3,AV-2024-003916,3-648997-265,2026-03,R-08,REVISA,fecha_valor,2022-12-31,no anterior a 2024-03-31 (24 meses),1
1,8,20230105,20,7,4,2,AV-2025-003499,7-645490,2026-03,R-08,REVISA,fecha_valor,2023-01-05,no anterior a 2024-03-31 (24 meses),1
1,8,20230110,15,2,3,3,AV-2025-003629,4-213201,2026-03,R-08,REVISA,fecha_valor,2023-01-10,no anterior a 2024-03-31 (24 meses),1
1,8,20230110,23,8,2,2,AV-2025-000883,6-497681,2026-03,R-08,REVISA,fecha_valor,2023-01-10,no anterior a 2024-03-31 (24 meses),1
1,8,20230113,20,7,7,2,AV-2026-000078,7-769883,2026-03,R-08,REVISA,fecha_valor,2023-01-13,no anterior a 2024-03-31 (24 meses),1
1,8,20230114,8,3,6,2,AV-2025-003266,3-826778,2026-03,R-08,REVISA,fecha_valor,2023-01-14,no anterior a 2024-03-31 (24 meses),1
1,8,20230114,13,3,3,2,AV-2026-002087,5-450970,2026-03,R-08,REVISA,fecha_valor,2023-01-14,no anterior a 2024-03-31 (24 meses),1
1,8,20230114,16,1,4,2,AV-2025-003083,4-750979-008,2026-03,R-08,REVISA,fecha_valor,2023-01-14,no anterior a 2024-03-31 (24 meses),1
1,8,20230114,16,3,7,2,AV-2025-000174,4-376105,2026-03,R-08,REVISA,fecha_valor,2023-01-14,no anterior a 2024-03-31 (24 meses),1
1,8,20230116,22,4,1,2,AV-2025-001887,7-202111-315,2026-03,R-08,REVISA,fecha_valor,2023-01-16,no anterior a 2024-03-31 (24 meses),1
1,8,20230117,27,3,2,2,AV-2026-002004,1-583074,2026-03,R-08,REVISA,fecha_valor,2023-01-17,no anterior a 2024-03-31 (24 meses),1
1,8,20230118,25,4,6,2,AV-2025-003094,6-502854-108,2026-03,R-08,REVISA,fecha_valor,2023-01-18,no anterior a 2024-03-31 (24 meses),1
1,8,20230121,23,4,7,2,AV-2024-001663,6-622258-390,2026-03,R-08,REVISA,fecha_valor,2023-01-21,no anterior a 2024-03-31 (24 meses),1
1,8,20230123,2,6,7,2,AV-2025-000805,2-662344,2026-03,R-08,REVISA,fecha_valor,2023-01-23,no anterior a 2024-03-31 (24 meses),1
1,8,20230123,14,3,1,2,AV-2026-000438,5-310536,2026-03,R-08,REVISA,fecha_valor,2023-01-23,no anterior a 2024-03-31 (24 meses),1
1,8,20230123,14,8,9,2,AV-2025-002424,5-950720,2026-03,R-08,REVISA,fecha_valor,2023-01-23,no anterior a 2024-03-31 (24 meses),1
1,8,20230123,15,3,5,2,AV-2025-001622,4-697037,2026-03,R-08,REVISA,fecha_valor,2023-01-23,no anterior a 2024-03-31 (24 meses),1
1,8,20230124,15,3,4,2,AV-2025-002542,4-747282,2026-03,R-08,REVISA,fecha_valor,2023-01-24,no anterior a 2024-03-31 (24 meses),1
1,8,20230125,1,9,7,2,AV-2026-000367,2-953812,2026-03,R-08,REVISA,fecha_valor,2023-01-25,no anterior a 2024-03-31 (24 meses),1
1,8,20230125,18,9,4,2,AV-2025-003812,4-754142,2026-03,R-08,REVISA,fecha_valor,2023-01-25,no anterior a 2024-03-31 (24 meses),1
1,8,20230128,17,3,3,2,AV-2026-002970,4-653798,2026-03,R-08,REVISA,fecha_valor,2023-01-28,no anterior a 2024-03-31 (24 meses),1
1,8,20230128,35,2,3,2,AV-2025-001708,1-440260,2026-03,R-08,REVISA,fecha_valor,2023-01-28,no anterior a 2024-03-31 (24 meses),1
1,8,20230131,22,1,5,3,AV-2025-001986,7-538525-331,2026-03,R-08,REVISA,fecha_valor,2023-01-31,no anterior a 2024-03-31 (24 meses),1
1,8,20230131,28,9,7,2,AV-2024-003724,1-878812,2026-03,R-08,REVISA,fecha_valor,2023-01-31,no anterior a 2024-03-31 (24 meses),1
1,8,20230201,26,3,7,3,AV-2025-003116,1-436513,2026-03,R-08,REVISA,fecha_valor,2023-02-01,no anterior a 2024-03-31 (24 meses),1
1,8,20230201,27,7,3,2,AV-2025-003352,1-692438,2026-03,R-08,REVISA,fecha_valor,2023-02-01,no anterior a 2024-03-31 (24 meses),1
1,8,20230202,1,1,3,3,AV-2026-000277,2-865208-020,2026-03,R-08,REVISA,fecha_valor,2023-02-02,no anterior a 2024-03-31 (24 meses),1
1,8,20230205,19,3,6,2,AV-2026-003726,4-439937,2026-03,R-08,REVISA,fecha_valor,2023-02-05,no anterior a 2024-03-31 (24 meses),1
1,8,20230206,16,3,2,2,AV-2025-003668,4-560136,2026-03,R-08,REVISA,fecha_valor,2023-02-06,no anterior a 2024-03-31 (24 meses),1
1,8,20230206,33,1,6,3,AV-2024-002947,1-486739-258,2026-03,R-08,REVISA,fecha_valor,2023-02-06,no anterior a 2024-03-31 (24 meses),1
1,8,20230208,34,4,3,2,AV-2025-002215,1-476515-315,2026-03,R-08,REVISA,fecha_valor,2023-02-08,no anterior a 2024-03-31 (24 meses),1
1,8,20230210,25,9,7,2,AV-2026-002237,6-604083,2026-03,R-08,REVISA,fecha_valor,2023-02-10,no anterior a 2024-03-31 (24 meses),1
1,8,20230211,1,1,3,2,AV-2025-001286,2-188590-292,2026-03,R-08,REVISA,fecha_valor,2023-02-11,no anterior a 2024-03-31 (24 meses),1
1,8,20230211,7,4,7,2,AV-2024-003052,3-476406-368,2026-03,R-08,REVISA,fecha_valor,2023-02-11,no anterior a 2024-03-31 (24 meses),1
1,8,20230212,10,7,7,2,AV-2024-000274,3-390426,2026-03,R-08,REVISA,fecha_valor,2023-02-12,no anterior a 2024-03-31 (24 meses),1
1,8,20230212,15,1,3,2,AV-2024-003410,4-798002-096,2026-03,R-08,REVISA,fecha_valor,2023-02-12,no anterior a 2024-03-31 (24 meses),1
1,8,20230212,32,2,7,2,AV-2024-003038,1-805080,2026-03,R-08,REVISA,fecha_valor,2023-02-12,no anterior a 2024-03-31 (24 meses),1
1,8,20230214,10,3,8,2,AV-2025-002328,3-460019,2026-03,R-08,REVISA,fecha_valor,2023-02-14,no anterior a 2024-03-31 (24 meses),1
1,8,20230214,13,9,5,2,AV-2024-000951,5-965258,2026-03,R-08,REVISA,fecha_valor,2023-02-14,no anterior a 2024-03-31 (24 meses),1
1,8,20230215,5,3,4,2,AV-2026-003842,2-752157,2026-03,R-08,REVISA,fecha_valor,2023-02-15,no anterior a 2024-03-31 (24 meses),1
1,8,20230215,12,3,6,2,AV-2025-000372,5-407113,2026-03,R-08,REVISA,fecha_valor,2023-02-15,no anterior a 2024-03-31 (24 meses),1
1,8,20230215,27,3,3,2,AV-2026-001154,1-767028,2026-03,R-08,REVISA,fecha_valor,2023-02-15,no anterior a 2024-03-31 (24 meses),1
1,8,20230218,9,3,7,2,AV-2024-003645,3-246050,2026-03,R-08,REVISA,fecha_valor,2023-02-18,no anterior a 2024-03-31 (24 meses),1
1,8,20230223,7,5,1,2,AV-2024-003501,3-362859,2026-03,R-08,REVISA,fecha_valor,2023-02-23,no anterior a 2024-03-31 (24 meses),1
1,8,20230226,26,2,7,2,AV-2024-003136,1-336492,2026-03,R-08,REVISA,fecha_valor,2023-02-26,no anterior a 2024-03-31 (24 meses),1
1,8,20230312,6,3,7,2,AV-2025-001629,2-147217,2026-03,R-08,REVISA,fecha_valor,2023-03-12,no anterior a 2024-03-31 (24 meses),1
1,8,20230312,34,9,7,2,AV-2025-001075,1-528574,2026-03,R-08,REVISA,fecha_valor,2023-03-12,no anterior a 2024-03-31 (24 meses),1
1,8,20230315,18,3,1,2,AV-2025-000762,4-894437,2026-03,R-08,REVISA,fecha_valor,2023-03-15,no anterior a 2024-03-31 (24 meses),1
1,8,20230318,20,6,4,2,AV-2026-002425,7-812280,2026-03,R-08,REVISA,fecha_valor,2023-03-18,no anterior a 2024-03-31 (24 meses),1
1,8,20230318,23,1,4,2,AV-2025-002798,6-119777-035,2026-03,R-08,REVISA,fecha_valor,2023-03-18,no anterior a 2024-03-31 (24 meses),1
1,8,20230320,11,9,1,2,AV-2025-002663,5-798277,2026-03,R-08,REVISA,fecha_valor,2023-03-20,no anterior a 2024-03-31 (24 meses),1
1,8,20230320,15,1,3,2,AV-2025-003514,4-482035-336,2026-03,R-08,REVISA,fecha_valor,2023-03-20,no anterior a 2024-03-31 (24 meses),1
1,8,20230321,28,4,3,2,AV-2025-003935,1-760221-384,2026-03,R-08,REVISA,fecha_valor,2023-03-21,no anterior a 2024-03-31 (24 meses),1
1,8,20230322,14,9,2,2,AV-2025-000414,5-235509,2026-03,R-08,REVISA,fecha_valor,2023-03-22,no anterior a 2024-03-31 (24 meses),1
1,8,20230323,3,7,8,3,AV-2024-002337,2-684252,2026-03,R-08,REVISA,fecha_valor,2023-03-23,no anterior a 2024-03-31 (24 meses),1
1,8,20230330,8,7,3,2,AV-2025-003990,3-784103,2026-03,R-08,REVISA,fecha_valor,2023-03-30,no anterior a 2024-03-31 (24 meses),1
1,8,20230404,11,1,2,2,AV-2024-002251,5-668248-357,2026-03,R-08,REVISA,fecha_valor,2023-04-04,no anterior a 2024-03-31 (24 meses),1
1,8,20230410,34,1,7,2,AV-2025-001236,1-300641-045,2026-03,R-08,REVISA,fecha_valor,2023-04-10,no anterior a 2024-03-31 (24 meses),1
1,8,20230411,9,7,3,2,AV-2024-002803,3-104602,2026-03,R-08,REVISA,fecha_valor,2023-04-11,no anterior a 2024-03-31 (24 meses),1
1,8,20230419,33,1,5,2,AV-2025-000114,1-337593-022,2026-03,R-08,REVISA,fecha_valor,2023-04-19,no anterior a 2024-03-31 (24 meses),1
1,8,20230420,9,3,2,2,AV-2024-001651,3-679834,2026-03,R-08,REVISA,fecha_valor,2023-04-20,no anterior a 2024-03-31 (24 meses),1
1,8,20230420,13,3,7,2,AV-2025-000150,5-369142,2026-03,R-08,REVISA,fecha_valor,2023-04-20,no anterior a 2024-03-31 (24 meses),1
1,8,20230421,8,9,6,2,AV-2025-000511,3-500074,2026-03,R-08,REVISA,fecha_valor,2023-04-21,no anterior a 2024-03-31 (24 meses),1
1,8,20230421,30,3,4,3,AV-2024-003089,1-207580,2026-03,R-08,REVISA,fecha_valor,2023-04-21,no anterior a 2024-03-31 (24 meses),1
1,8,20230423,19,3,9,2,AV-2026-001926,4-760845,2026-03,R-08,REVISA,fecha_valor,2023-04-23,no anterior a 2024-03-31 (24 meses),1
1,8,20230424,16,2,5,2,AV-2025-000210,4-337225,2026-03,R-08,REVISA,fecha_valor,2023-04-24,no anterior a 2024-03-31 (24 meses),1
1,8,20230427,7,2,3,2,AV-2025-003525,3-348174,2026-03,R-08,REVISA,fecha_valor,2023-04-27,no anterior a 2024-03-31 (24 meses),1
1,8,20230427,15,1,5,2,AV-2024-002808,4-943514-159,2026-03,R-08,REVISA,fecha_valor,2023-04-27,no anterior a 2024-03-31 (24 meses),1
1,8,20230427,31,6,4,2,AV-2026-003770,1-810892,2026-03,R-08,REVISA,fecha_valor,2023-04-27,no anterior a 2024-03-31 (24 meses),1
1,8,20230428,11,1,3,3,AV-2024-001078,5-552439-014,2026-03,R-08,REVISA,fecha_valor,2023-04-28,no anterior a 2024-03-31 (24 meses),1
1,8,20230428,15,7,1,2,AV-2025-003759,4-719878,2026-03,R-08,REVISA,fecha_valor,2023-04-28,no anterior a 2024-03-31 (24 meses),1
1,8,20230429,33,3,6,2,AV-2024-003416,1-660004,2026-03,R-08,REVISA,fecha_valor,2023-04-29,no anterior a 2024-03-31 (24 meses),1
1,8,20230505,12,3,3,2,AV-2024-000682,5-820549,2026-03,R-08,REVISA,fecha_valor,2023-05-05,no anterior a 2024-03-31 (24 meses),1
1,8,20230507,11,3,3,2,AV-2025-003255,5-965162,2026-03,R-08,REVISA,fecha_valor,2023-05-07,no anterior a 2024-03-31 (24 meses),1
1,8,20230508,9,3,3,2,AV-2025-001693,3-755286,2026-03,R-08,REVISA,fecha_valor,2023-05-08,no anterior a 2024-03-31 (24 meses),1
1,8,20230508,9,3,5,2,AV-2025-002288,3-708581,2026-03,R-08,REVISA,fecha_valor,2023-05-08,no anterior a 2024-03-31 (24 meses),1
1,8,20230510,10,6,1,2,AV-2025-001846,3-368741,2026-03,R-08,REVISA,fecha_valor,2023-05-10,no anterior a 2024-03-31 (24 meses),1
1,8,20230510,27,9,1,2,AV-2025-003381,1-420467,2026-03,R-08,REVISA,fecha_valor,2023-05-10,no anterior a 2024-03-31 (24 meses),1
1,8,20230511,30,9,8,2,AV-2025-003099,1-742222,2026-03,R-08,REVISA,fecha_valor,2023-05-11,no anterior a 2024-03-31 (24 meses),1
1,8,20230513,25,3,8,3,AV-2025-001122,6-961912,2026-03,R-08,REVISA,fecha_valor,2023-05-13,no anterior a 2024-03-31 (24 meses),1
1,8,20230514,1,7,9,2,AV-2025-003386,2-266039,2026-03,R-08,REVISA,fecha_valor,2023-05-14,no anterior a 2024-03-31 (24 meses),1
1,8,20230515,28,7,9,2,AV-2024-003518,1-711344,2026-03,R-08,REVISA,fecha_valor,2023-05-15,no anterior a 2024-03-31 (24 meses),1
1,8,20230519,32,7,2,2,AV-2026-003504,1-398474,2026-03,R-08,REVISA,fecha_valor,2023-05-19,no anterior a 2024-03-31 (24 meses),1
1,8,20230519,34,1,8,2,AV-2025-001086,1-365436-231,2026-03,R-08,REVISA,fecha_valor,2023-05-19,no anterior a 2024-03-31 (24 meses),1
1,8,20230521,27,9,4,3,AV-2025-000901,1-664663,2026-03,R-08,REVISA,fecha_valor,2023-05-21,no anterior a 2024-03-31 (24 meses),1
1,8,20230523,3,3,7,2,AV-2025-002672,2-432995,2026-03,R-08,REVISA,fecha_valor,2023-05-23,no anterior a 2024-03-31 (24 meses),1
1,8,20230523,30,1,5,2,AV-2024-000923,1-442776-172,2026-03,R-08,REVISA,fecha_valor,2023-05-23,no anterior a 2024-03-31 (24 meses),1
1,8,20230524,4,3,3,2,AV-2024-002125,2-557969,2026-03,R-08,REVISA,fecha_valor,2023-05-24,no anterior a 2024-03-31 (24 meses),1
1,8,20230525,13,2,1,2,AV-2025-003351,5-452191,2026-03,R-08,REVISA,fecha_valor,2023-05-25,no anterior a 2024-03-31 (24 meses),1
1,8,20230525,15,2,7,2,AV-2025-001695,4-776969,2026-03,R-08,REVISA,fecha_valor,2023-05-25,no anterior a 2024-03-31 (24 meses),1
1,8,20230605,34,1,3,2,AV-2025-002996,1-413533-156,2026-03,R-08,REVISA,fecha_valor,2023-06-05,no anterior a 2024-03-31 (24 meses),1
1,8,20230609,1,7,3,2,AV-2024-001009,2-426171,2026-03,R-08,REVISA,fecha_valor,2023-06-09,no anterior a 2024-03-31 (24 meses),1
1,8,20230609,27,3,1,2,AV-2025-002648,1-506648,2026-03,R-08,REVISA,fecha_valor,2023-06-09,no anterior a 2024-03-31 (24 meses),1
1,8,20230610,26,3,7,2,AV-2026-002308,1-405969,2026-03,R-08,REVISA,fecha_valor,2023-06-10,no anterior a 2024-03-31 (24 meses),1
1,8,20230611,29,3,2,2,AV-2026-002488,1-417116,2026-03,R-08,REVISA,fecha_valor,2023-06-11,no anterior a 2024-03-31 (24 meses),1
1,8,20230613,2,3,8,2,AV-2024-002270,2-351070,2026-03,R-08,REVISA,fecha_valor,2023-06-13,no anterior a 2024-03-31 (24 meses),1
1,8,20230613,7,2,1,2,AV-2025-001094,3-539447,2026-03,R-08,REVISA,fecha_valor,2023-06-13,no anterior a 2024-03-31 (24 meses),1
1,8,20230613,18,1,7,2,AV-2025-001719,4-497479-030,2026-03,R-08,REVISA,fecha_valor,2023-06-13,no anterior a 2024-03-31 (24 meses),1
1,8,20230614,1,1,7,2,AV-2025-003534,2-992351-212,2026-03,R-08,REVISA,fecha_valor,2023-06-14,no anterior a 2024-03-31 (24 meses),1
1,8,20230614,27,4,4,2,AV-2025-003442,1-184171-251,2026-03,R-08,REVISA,fecha_valor,2023-06-14,no anterior a 2024-03-31 (24 meses),1
1,8,20230615,8,1,3,3,AV-2024-001528,3-936713-082,2026-03,R-08,REVISA,fecha_valor,2023-06-15,no anterior a 2024-03-31 (24 meses),1
1,8,20230618,18,3,4,2,AV-2024-001858,4-929619,2026-03,R-08,REVISA,fecha_valor,2023-06-18,no anterior a 2024-03-31 (24 meses),1
1,8,20230619,20,3,1,3,AV-2025-003683,7-833199,2026-03,R-08,REVISA,fecha_valor,2023-06-19,no anterior a 2024-03-31 (24 meses),1
1,8,20230620,35,5,7,2,AV-2024-000924,1-411274,2026-03,R-08,REVISA,fecha_valor,2023-06-20,no anterior a 2024-03-31 (24 meses),1
1,8,20230622,13,8,9,2,AV-2025-000999,5-880033,2026-03,R-08,REVISA,fecha_valor,2023-06-22,no anterior a 2024-03-31 (24 meses),1
1,8,20230624,17,9,3,2,AV-2025-000075,4-127064,2026-03,R-08,REVISA,fecha_valor,2023-06-24,no anterior a 2024-03-31 (24 meses),1
1,8,20230624,34,7,2,2,AV-2026-003976,1-749883,2026-03,R-08,REVISA,fecha_valor,2023-06-24,no anterior a 2024-03-31 (24 meses),1
1,8,20230705,29,1,9,2,AV-2024-000653,1-507773-250,2026-03,R-08,REVISA,fecha_valor,2023-07-05,no anterior a 2024-03-31 (24 meses),1
1,8,20230706,9,9,7,2,AV-2025-003594,3-860948,2026-03,R-08,REVISA,fecha_valor,2023-07-06,no anterior a 2024-03-31 (24 meses),1
1,8,20230706,35,7,3,2,AV-2024-002262,1-314897,2026-03,R-08,REVISA,fecha_valor,2023-07-06,no anterior a 2024-03-31 (24 meses),1
1,8,20230707,21,7,8,2,AV-2025-002905,7-457098,2026-03,R-08,REVISA,fecha_valor,2023-07-07,no anterior a 2024-03-31 (24 meses),1
1,8,20230711,4,7,8,2,AV-2025-002804,2-664654,2026-03,R-08,REVISA,fecha_valor,2023-07-11,no anterior a 2024-03-31 (24 meses),1
1,8,20230712,27,4,7,2,AV-2024-003649,1-828461-301,2026-03,R-08,REVISA,fecha_valor,2023-07-12,no anterior a 2024-03-31 (24 meses),1
1,8,20230714,3,3,1,2,AV-2025-002820,2-502593,2026-03,R-08,REVISA,fecha_valor,2023-07-14,no anterior a 2024-03-31 (24 meses),1
1,8,20230714,24,6,3,3,AV-2025-002255,6-630886,2026-03,R-08,REVISA,fecha_valor,2023-07-14,no anterior a 2024-03-31 (24 meses),1
1,8,20230719,29,7,4,2,AV-2024-000154,1-332092,2026-03,R-08,REVISA,fecha_valor,2023-07-19,no anterior a 2024-03-31 (24 meses),1
1,8,20230720,33,7,9,2,AV-2025-002480,1-167615,2026-03,R-08,REVISA,fecha_valor,2023-07-20,no anterior a 2024-03-31 (24 meses),1
1,8,20230722,22,4,3,2,AV-2025-003328,7-231744-047,2026-03,R-08,REVISA,fecha_valor,2023-07-22,no anterior a 2024-03-31 (24 meses),1
1,8,20230722,24,2,2,2,AV-2026-002608,6-728012,2026-03,R-08,REVISA,fecha_valor,2023-07-22,no anterior a 2024-03-31 (24 meses),1
1,8,20230723,6,3,1,3,AV-2025-003274,2-756146,2026-03,R-08,REVISA,fecha_valor,2023-07-23,no anterior a 2024-03-31 (24 meses),1
1,8,20230724,26,9,2,2,AV-2025-003589,1-939619,2026-03,R-08,REVISA,fecha_valor,2023-07-24,no anterior a 2024-03-31 (24 meses),1
1,8,20230726,1,3,3,2,AV-2026-000192,2-561865,2026-03,R-08,REVISA,fecha_valor,2023-07-26,no anterior a 2024-03-31 (24 meses),1
1,8,20230726,28,5,3,2,AV-2026-000231,1-667905,2026-03,R-08,REVISA,fecha_valor,2023-07-26,no anterior a 2024-03-31 (24 meses),1
1,8,20230726,33,9,3,2,AV-2025-003247,1-416116,2026-03,R-08,REVISA,fecha_valor,2023-07-26,no anterior a 2024-03-31 (24 meses),1
1,8,20230727,33,9,1,2,AV-2025-000482,1-958774,2026-03,R-08,REVISA,fecha_valor,2023-07-27,no anterior a 2024-03-31 (24 meses),1
1,8,20230731,1,5,7,2,AV-2024-001848,2-529032,2026-03,R-08,REVISA,fecha_valor,2023-07-31,no anterior a 2024-03-31 (24 meses),1
1,8,20230731,29,3,9,2,AV-2024-002243,1-262047,2026-03,R-08,REVISA,fecha_valor,2023-07-31,no anterior a 2024-03-31 (24 meses),1
1,8,20230731,33,3,3,2,AV-2025-003439,1-880781,2026-03,R-08,REVISA,fecha_valor,2023-07-31,no anterior a 2024-03-31 (24 meses),1
1,8,20230805,15,3,9,2,AV-2025-003555,4-941889,2026-03,R-08,REVISA,fecha_valor,2023-08-05,no anterior a 2024-03-31 (24 meses),1
1,8,20230806,19,3,6,2,AV-2024-000242,4-222358,2026-03,R-08,REVISA,fecha_valor,2023-08-06,no anterior a 2024-03-31 (24 meses),1
1,8,20230806,23,3,1,2,AV-2025-001235,6-839340,2026-03,R-08,REVISA,fecha_valor,2023-08-06,no anterior a 2024-03-31 (24 meses),1
1,8,20230806,30,7,7,2,AV-2025-003221,1-892195,2026-03,R-08,REVISA,fecha_valor,2023-08-06,no anterior a 2024-03-31 (24 meses),1
1,8,20230807,1,1,7,2,AV-2025-001743,2-378853-245,2026-03,R-08,REVISA,fecha_valor,2023-08-07,no anterior a 2024-03-31 (24 meses),1
1,8,20230807,4,3,7,2,AV-2025-002060,2-231741,2026-03,R-08,REVISA,fecha_valor,2023-08-07,no anterior a 2024-03-31 (24 meses),1
1,8,20230807,9,2,7,2,AV-2026-001136,3-449262,2026-03,R-08,REVISA,fecha_valor,2023-08-07,no anterior a 2024-03-31 (24 meses),1
1,8,20230810,17,2,7,2,AV-2025-000660,4-932860,2026-03,R-08,REVISA,fecha_valor,2023-08-10,no anterior a 2024-03-31 (24 meses),1
1,8,20230821,33,4,9,2,AV-2025-003170,1-725276-357,2026-03,R-08,REVISA,fecha_valor,2023-08-21,no anterior a 2024-03-31 (24 meses),1
1,8,20230823,34,3,6,3,AV-2026-000391,1-238512,2026-03,R-08,REVISA,fecha_valor,2023-08-23,no anterior a 2024-03-31 (24 meses),1
1,8,20230824,34,1,7,2,AV-2025-001952,1-545157-109,2026-03,R-08,REVISA,fecha_valor,2023-08-24,no anterior a 2024-03-31 (24 meses),1
1,8,20230825,21,7,3,2,AV-2025-001240,7-241624,2026-03,R-08,REVISA,fecha_valor,2023-08-25,no anterior a 2024-03-31 (24 meses),1
1,8,20230825,27,1,3,2,AV-2025-003387,1-900829-371,2026-03,R-08,REVISA,fecha_valor,2023-08-25,no anterior a 2024-03-31 (24 meses),1
1,8,20230825,33,3,9,2,AV-2024-003757,1-852455,2026-03,R-08,REVISA,fecha_valor,2023-08-25,no anterior a 2024-03-31 (24 meses),1
1,8,20230827,18,9,3,2,AV-2026-000641,4-459607,2026-03,R-08,REVISA,fecha_valor,2023-08-27,no anterior a 2024-03-31 (24 meses),1
1,8,20230904,6,6,3,2,AV-2025-002524,2-807751,2026-03,R-08,REVISA,fecha_valor,2023-09-04,no anterior a 2024-03-31 (24 meses),1
1,8,20230904,7,7,8,2,AV-2025-002133,3-897475,2026-03,R-08,REVISA,fecha_valor,2023-09-04,no anterior a 2024-03-31 (24 meses),1
1,8,20230904,24,6,7,2,AV-2025-002185,6-935660,2026-03,R-08,REVISA,fecha_valor,2023-09-04,no anterior a 2024-03-31 (24 meses),1
1,8,20230905,26,9,4,2,AV-2025-001944,1-550969,2026-03,R-08,REVISA,fecha_valor,2023-09-05,no anterior a 2024-03-31 (24 meses),1
1,8,20230906,16,3,3,2,AV-2025-000273,4-282947,2026-03,R-08,REVISA,fecha_valor,2023-09-06,no anterior a 2024-03-31 (24 meses),1
1,8,20230907,1,5,2,2,AV-2025-001099,2-803559,2026-03,R-08,REVISA,fecha_valor,2023-09-07,no anterior a 2024-03-31 (24 meses),1
1,8,20230908,13,7,3,2,AV-2025-000032,5-888463,2026-03,R-08,REVISA,fecha_valor,2023-09-08,no anterior a 2024-03-31 (24 meses),1
1,8,20230910,33,7,2,2,AV-2025-002146,1-320839,2026-03,R-08,REVISA,fecha_valor,2023-09-10,no anterior a 2024-03-31 (24 meses),1
1,8,20230911,16,3,8,2,AV-2025-003516,4-174643,2026-03,R-08,REVISA,fecha_valor,2023-09-11,no anterior a 2024-03-31 (24 meses),1
1,8,20230917,27,3,1,2,AV-2026-000826,1-519306,2026-03,R-08,REVISA,fecha_valor,2023-09-17,no anterior a 2024-03-31 (24 meses),1
1,8,20230919,5,9,3,2,AV-2026-000525,2-943544,2026-03,R-08,REVISA,fecha_valor,2023-09-19,no anterior a 2024-03-31 (24 meses),1
1,8,20230920,22,3,3,2,AV-2025-001135,7-297229,2026-03,R-08,REVISA,fecha_valor,2023-09-20,no anterior a 2024-03-31 (24 meses),1
1,8,20230921,28,9,4,2,AV-2025-002334,1-667417,2026-03,R-08,REVISA,fecha_valor,2023-09-21,no anterior a 2024-03-31 (24 meses),1
1,8,20230921,30,7,6,2,AV-2025-003306,1-313713,2026-03,R-08,REVISA,fecha_valor,2023-09-21,no anterior a 2024-03-31 (24 meses),1
1,8,20230922,27,9,7,2,AV-2025-001818,1-652805,2026-03,R-08,REVISA,fecha_valor,2023-09-22,no anterior a 2024-03-31 (24 meses),1
1,8,20230927,18,3,5,2,AV-2025-001623,4-456725,2026-03,R-08,REVISA,fecha_valor,2023-09-27,no anterior a 2024-03-31 (24 meses),1
1,8,20230930,4,3,3,2,AV-2025-002772,2-656293,2026-03,R-08,REVISA,fecha_valor,2023-09-30,no anterior a 2024-03-31 (24 meses),1
1,8,20231008,26,2,2,2,AV-2025-000727,1-594315,2026-03,R-08,REVISA,fecha_valor,2023-10-08,no anterior a 2024-03-31 (24 meses),1
1,8,20231008,29,3,3,2,AV-2025-003084,1-840058,2026-03,R-08,REVISA,fecha_valor,2023-10-08,no anterior a 2024-03-31 (24 meses),1
1,8,20231010,16,7,7,2,AV-2025-001725,4-635289,2026-03,R-08,REVISA,fecha_valor,2023-10-10,no anterior a 2024-03-31 (24 meses),1
1,8,20231013,7,3,2,3,AV-2025-003872,3-514641,2026-03,R-08,REVISA,fecha_valor,2023-10-13,no anterior a 2024-03-31 (24 meses),1
1,8,20231015,29,1,2,2,AV-2024-003131,1-582833-099,2026-03,R-08,REVISA,fecha_valor,2023-10-15,no anterior a 2024-03-31 (24 meses),1
1,8,20231016,22,3,3,3,AV-2025-002764,7-407824,2026-03,R-08,REVISA,fecha_valor,2023-10-16,no anterior a 2024-03-31 (24 meses),1
1,8,20231021,5,8,1,2,AV-2025-002393,2-623587,2026-03,R-08,REVISA,fecha_valor,2023-10-21,no anterior a 2024-03-31 (24 meses),1
1,8,20231021,7,1,8,2,AV-2025-001121,3-212716-130,2026-03,R-08,REVISA,fecha_valor,2023-10-21,no anterior a 2024-03-31 (24 meses),1
1,8,20231021,33,3,3,2,AV-2024-002962,1-763487,2026-03,R-08,REVISA,fecha_valor,2023-10-21,no anterior a 2024-03-31 (24 meses),1
1,8,20231022,18,3,9,2,AV-2024-001787,4-963537,2026-03,R-08,REVISA,fecha_valor,2023-10-22,no anterior a 2024-03-31 (24 meses),1
1,8,20231022,34,9,3,2,AV-2025-000102,1-673886,2026-03,R-08,REVISA,fecha_valor,2023-10-22,no anterior a 2024-03-31 (24 meses),1
1,8,20231023,21,3,7,2,AV-2026-001741,7-147365,2026-03,R-08,REVISA,fecha_valor,2023-10-23,no anterior a 2024-03-31 (24 meses),1
1,8,20231024,29,3,9,2,AV-2024-002149,1-374388,2026-03,R-08,REVISA,fecha_valor,2023-10-24,no anterior a 2024-03-31 (24 meses),1
1,8,20231026,18,9,7,2,AV-2025-001582,4-119756,2026-03,R-08,REVISA,fecha_valor,2023-10-26,no anterior a 2024-03-31 (24 meses),1
1,8,20231030,7,7,1,2,AV-2025-003081,3-508376,2026-03,R-08,REVISA,fecha_valor,2023-10-30,no anterior a 2024-03-31 (24 meses),1
1,8,20231030,27,7,3,2,AV-2024-002332,1-105754,2026-03,R-08,REVISA,fecha_valor,2023-10-30,no anterior a 2024-03-31 (24 meses),1
1,8,20231104,14,3,6,2,AV-2025-002379,5-188130,2026-03,R-08,REVISA,fecha_valor,2023-11-04,no anterior a 2024-03-31 (24 meses),1
1,8,20231107,33,3,3,2,AV-2025-000844,1-915045,2026-03,R-08,REVISA,fecha_valor,2023-11-07,no anterior a 2024-03-31 (24 meses),1
1,8,20231110,4,7,2,2,AV-2024-003807,2-923495,2026-03,R-08,REVISA,fecha_valor,2023-11-10,no anterior a 2024-03-31 (24 meses),1
1,8,20231111,31,9,3,2,AV-2026-001897,1-723240,2026-03,R-08,REVISA,fecha_valor,2023-11-11,no anterior a 2024-03-31 (24 meses),1
1,8,20231117,20,9,7,3,AV-2026-003166,7-765840,2026-03,R-08,REVISA,fecha_valor,2023-11-17,no anterior a 2024-03-31 (24 meses),1
1,8,20231118,35,9,4,2,AV-2025-000303,1-662735,2026-03,R-08,REVISA,fecha_valor,2023-11-18,no anterior a 2024-03-31 (24 meses),1
1,8,20231121,2,6,3,2,AV-2025-002031,2-180073,2026-03,R-08,REVISA,fecha_valor,2023-11-21,no anterior a 2024-03-31 (24 meses),1
1,8,20231123,4,8,3,3,AV-2025-000551,2-648388,2026-03,R-08,REVISA,fecha_valor,2023-11-23,no anterior a 2024-03-31 (24 meses),1
1,8,20231126,17,3,1,3,AV-2026-000585,4-282676,2026-03,R-08,REVISA,fecha_valor,2023-11-26,no anterior a 2024-03-31 (24 meses),1
1,8,20231128,5,9,7,2,AV-2026-002809,2-757526,2026-03,R-08,REVISA,fecha_valor,2023-11-28,no anterior a 2024-03-31 (24 meses),1
1,8,20231129,18,7,3,2,AV-2025-001632,4-940363,2026-03,R-08,REVISA,fecha_valor,2023-11-29,no anterior a 2024-03-31 (24 meses),1
1,8,20231130,16,3,7,2,AV-2026-002746,4-404832,2026-03,R-08,REVISA,fecha_valor,2023-11-30,no anterior a 2024-03-31 (24 meses),1
1,8,20231205,2,6,3,2,AV-2025-003705,2-320289,2026-03,R-08,REVISA,fecha_valor,2023-12-05,no anterior a 2024-03-31 (24 meses),1
1,8,20231206,34,2,3,2,AV-2025-003614,1-208024,2026-03,R-08,REVISA,fecha_valor,2023-12-06,no anterior a 2024-03-31 (24 meses),1
1,8,20231209,28,5,1,2,AV-2024-003961,1-408286,2026-03,R-08,REVISA,fecha_valor,2023-12-09,no anterior a 2024-03-31 (24 meses),1
1,8,20231211,10,7,3,2,AV-2026-000184,3-385047,2026-03,R-08,REVISA,fecha_valor,2023-12-11,no anterior a 2024-03-31 (24 meses),1
1,8,20231211,30,1,3,2,AV-2025-000485,1-940924-131,2026-03,R-08,REVISA,fecha_valor,2023-12-11,no anterior a 2024-03-31 (24 meses),1
1,8,20231213,18,1,8,2,AV-2024-002634,4-789541-195,2026-03,R-08,REVISA,fecha_valor,2023-12-13,no anterior a 2024-03-31 (24 meses),1
1,8,20231214,26,4,8,2,AV-2025-003424,1-725421-129,2026-03,R-08,REVISA,fecha_valor,2023-12-14,no anterior a 2024-03-31 (24 meses),1
1,8,20231216,16,5,3,3,AV-2025-000249,4-429825,2026-03,R-08,REVISA,fecha_valor,2023-12-16,no anterior a 2024-03-31 (24 meses),1
1,8,20231216,24,3,3,2,AV-2025-003890,6-791202,2026-03,R-08,REVISA,fecha_valor,2023-12-16,no anterior a 2024-03-31 (24 meses),1
1,8,20231216,32,3,1,2,AV-2025-001950,1-730047,2026-03,R-08,REVISA,fecha_valor,2023-12-16,no anterior a 2024-03-31 (24 meses),1
1,8,20231218,26,4,3,2,AV-2026-001318,1-719973-373,2026-03,R-08,REVISA,fecha_valor,2023-12-18,no anterior a 2024-03-31 (24 meses),1
1,8,20231219,12,8,7,2,AV-2024-002490,5-566359,2026-03,R-08,REVISA,fecha_valor,2023-12-19,no anterior a 2024-03-31 (24 meses),1
1,8,20231219,20,8,6,2,AV-2025-001794,7-625833,2026-03,R-08,REVISA,fecha_valor,2023-12-19,no anterior a 2024-03-31 (24 meses),1
1,8,20231223,30,3,1,2,AV-2024-002321,1-299296,2026-03,R-08,REVISA,fecha_valor,2023-12-23,no anterior a 2024-03-31 (24 meses),1
1,8,20231224,27,4,3,2,AV-2025-000865,1-524008-376,2026-03,R-08,REVISA,fecha_valor,2023-12-24,no anterior a 2024-03-31 (24 meses),1
1,8,20231227,16,2,1,2,AV-2024-001054,4-206970,2026-03,R-08,REVISA,fecha_valor,2023-12-27,no anterior a 2024-03-31 (24 meses),1
1,8,20231227,33,5,8,2,AV-2025-003703,1-714445,2026-03,R-08,REVISA,fecha_valor,2023-12-27,no anterior a 2024-03-31 (24 meses),1
1,8,20231229,5,3,7,2,AV-2025-001665,2-699276,2026-03,R-08,REVISA,fecha_valor,2023-12-29,no anterior a 2024-03-31 (24 meses),1
1,8,20240104,31,3,3,2,AV-2025-000730,1-870162,2026-03,R-08,REVISA,fecha_valor,2024-01-04,no anterior a 2024-03-31 (24 meses),1
1,8,20240105,6,8,3,2,AV-2026-003045,2-960015,2026-03,R-08,REVISA,fecha_valor,2024-01-05,no anterior a 2024-03-31 (24 meses),1
1,8,20240105,11,9,-1,3,AV-2025-003025,5-197240,2026-03,R-08,REVISA,fecha_valor,2024-01-05,no anterior a 2024-03-31 (24 meses),1
1,8,20240108,27,1,8,2,AV-2025-001518,1-673985-199,2026-03,R-08,REVISA,fecha_valor,2024-01-08,no anterior a 2024-03-31 (24 meses),1
1,8,20240109,26,2,3,2,AV-2025-000449,1-619657,2026-03,R-08,REVISA,fecha_valor,2024-01-09,no anterior a 2024-03-31 (24 meses),1
1,8,20240112,26,2,5,2,AV-2024-003977,1-661928,2026-03,R-08,REVISA,fecha_valor,2024-01-12,no anterior a 2024-03-31 (24 meses),1
1,8,20240115,4,3,3,2,AV-2025-003316,2-346310,2026-03,R-08,REVISA,fecha_valor,2024-01-15,no anterior a 2024-03-31 (24 meses),1
1,8,20240116,33,3,3,2,AV-2026-003132,1-339661,2026-03,R-08,REVISA,fecha_valor,2024-01-16,no anterior a 2024-03-31 (24 meses),1
1,8,20240117,18,3,9,2,AV-2025-001567,4-615550,2026-03,R-08,REVISA,fecha_valor,2024-01-17,no anterior a 2024-03-31 (24 meses),1
1,8,20240117,34,7,8,3,AV-2025-003674,1-517678,2026-03,R-08,REVISA,fecha_valor,2024-01-17,no anterior a 2024-03-31 (24 meses),1
1,8,20240119,25,4,7,2,AV-2025-000105,6-305181-311,2026-03,R-08,REVISA,fecha_valor,2024-01-19,no anterior a 2024-03-31 (24 meses),1
1,8,20240121,23,9,6,2,AV-2024-003368,6-379001,2026-03,R-08,REVISA,fecha_valor,2024-01-21,no anterior a 2024-03-31 (24 meses),1
1,8,20240121,29,4,3,2,AV-2026-003382,1-873831-081,2026-03,R-08,REVISA,fecha_valor,2024-01-21,no anterior a 2024-03-31 (24 meses),1
1,8,20240127,9,3,4,2,AV-2025-000071,3-273956,2026-03,R-08,REVISA,fecha_valor,2024-01-27,no anterior a 2024-03-31 (24 meses),1
1,8,20240128,9,3,3,2,AV-2026-003375,3-871833,2026-03,R-08,REVISA,fecha_valor,2024-01-28,no anterior a 2024-03-31 (24 meses),1
1,8,20240129,6,3,3,2,AV-2026-000978,2-408197,2026-03,R-08,REVISA,fecha_valor,2024-01-29,no anterior a 2024-03-31 (24 meses),1
1,8,20240130,31,6,1,2,AV-2025-003896,1-396547,2026-03,R-08,REVISA,fecha_valor,2024-01-30,no anterior a 2024-03-31 (24 meses),1
1,8,20240203,33,9,3,3,AV-2025-002380,1-469014,2026-03,R-08,REVISA,fecha_valor,2024-02-03,no anterior a 2024-03-31 (24 meses),1
1,8,20240204,29,3,7,2,AV-2024-002531,1-661202,2026-03,R-08,REVISA,fecha_valor,2024-02-04,no anterior a 2024-03-31 (24 meses),1
1,8,20240209,3,9,6,2,AV-2025-002260,2-324675,2026-03,R-08,REVISA,fecha_valor,2024-02-09,no anterior a 2024-03-31 (24 meses),1
1,8,20240209,10,9,4,2,AV-2025-003815,3-323839,2026-03,R-08,REVISA,fecha_valor,2024-02-09,no anterior a 2024-03-31 (24 meses),1
1,8,20240211,16,3,1,2,AV-2026-003746,4-518823,2026-03,R-08,REVISA,fecha_valor,2024-02-11,no anterior a 2024-03-31 (24 meses),1
1,8,20240213,14,8,3,2,AV-2025-001724,5-886656,2026-03,R-08,REVISA,fecha_valor,2024-02-13,no anterior a 2024-03-31 (24 meses),1
1,8,20240214,20,7,9,2,AV-2024-003925,7-881018,2026-03,R-08,REVISA,fecha_valor,2024-02-14,no anterior a 2024-03-31 (24 meses),1
1,8,20240216,31,3,8,3,AV-2026-002918,N/A,2026-03,R-08,REVISA,fecha_valor,2024-02-16,no anterior a 2024-03-31 (24 meses),1
1,8,20240216,33,1,3,2,AV-2025-003616,1-202491-256,2026-03,R-08,REVISA,fecha_valor,2024-02-16,no anterior a 2024-03-31 (24 meses),1
1,8,20240218,25,9,7,2,AV-2024-000068,6-226023,2026-03,R-08,REVISA,fecha_valor,2024-02-18,no anterior a 2024-03-31 (24 meses),1
1,8,20240220,17,4,1,3,AV-2024-003198,N/A,2026-03,R-08,REVISA,fecha_valor,2024-02-20,no anterior a 2024-03-31 (24 meses),1
1,8,20240224,28,3,1,2,AV-2025-002021,1-154729,2026-03,R-08,REVISA,fecha_valor,2024-02-24,no anterior a 2024-03-31 (24 meses),1
1,8,20240229,33,3,1,2,AV-2024-001315,1-975113,2026-03,R-08,REVISA,fecha_valor,2024-02-29,no anterior a 2024-03-31 (24 meses),1
2,1,20210908,29,2,3,3,AV-2024-002337,1-389737,2026-04,R-01,BLOQUEA,id_avaluo,AV-2024-002337,único dentro del corte,1
2,1,20221217,1,3,2,3,AV-2025-002894,2-570604,2026-04,R-01,BLOQUEA,id_avaluo,AV-2025-002894,único dentro del corte,1
2,1,20230323,3,7,8,3,AV-2024-002337,2-684252,2026-04,R-01,BLOQUEA,id_avaluo,AV-2024-002337,único dentro del corte,1
2,1,20231013,7,3,2,3,AV-2025-003872,3-514641,2026-04,R-01,BLOQUEA,id_avaluo,AV-2025-003872,único dentro del corte,1
2,1,20240613,18,3,7,3,AV-2025-002394,4-953510,2026-04,R-01,BLOQUEA,id_avaluo,AV-2025-002394,único dentro del corte,1
2,1,20240728,31,3,3,3,AV-2025-000119,1-629361,2026-04,R-01,BLOQUEA,id_avaluo,AV-2025-000119,único dentro del corte,1
2,1,20241006,23,3,6,3,AV-2026-001499,6-665725,2026-04,R-01,BLOQUEA,id_avaluo,AV-2026-001499,único dentro del corte,1
2,1,20250120,30,1,6,3,AV-2025-000716,1-977613-316,2026-04,R-01,BLOQUEA,id_avaluo,AV-2025-000716,único dentro del corte,1
2,1,20250127,9,1,6,3,AV-2025-003872,3-378718-285,2026-04,R-01,BLOQUEA,id_avaluo,AV-2025-003872,único dentro del corte,1
2,1,20250410,26,1,7,3,AV-2025-002894,1-521638-267,2026-04,R-01,BLOQUEA,id_avaluo,AV-2025-002894,único dentro del corte,1
2,1,20250506,23,3,3,3,AV-2025-002394,6-436775,2026-04,R-01,BLOQUEA,id_avaluo,AV-2025-002394,único dentro del corte,1
2,1,20250725,22,1,6,3,AV-2025-003120,7-329132-271,2026-04,R-01,BLOQUEA,id_avaluo,AV-2025-003120,único dentro del corte,1
2,1,20250810,31,8,7,3,AV-2025-000716,1-135232,2026-04,R-01,BLOQUEA,id_avaluo,AV-2025-000716,único dentro del corte,1
2,1,20251012,5,6,4,3,AV-2025-000119,2-929362,2026-04,R-01,BLOQUEA,id_avaluo,AV-2025-000119,único dentro del corte,1
2,1,20260119,33,4,6,3,AV-2025-003120,1-103812-265,2026-04,R-01,BLOQUEA,id_avaluo,AV-2025-003120,único dentro del corte,1
2,1,20260201,23,4,7,3,AV-2026-001499,6-165763-035,2026-04,R-01,BLOQUEA,id_avaluo,AV-2026-001499,único dentro del corte,1
2,2,20220420,20,3,7,3,AV-2024-001172,7-235979,2026-04,R-02,BLOQUEA,fecha_informe,ausente,campo informado,1
2,2,20220814,35,5,1,3,AV-2024-000859,1-972708,2026-04,R-02,BLOQUEA,fecha_informe,ausente,campo informado,1
2,2,20221115,28,5,3,3,AV-2025-000013,1-306654,2026-04,R-02,BLOQUEA,valor_unitario_construccion_m2,ausente,campo informado,1
2,2,20230428,11,1,3,3,AV-2024-001078,5-552439-014,2026-04,R-02,BLOQUEA,fecha_informe,ausente,campo informado,1
2,2,20230521,27,9,4,3,AV-2025-000901,1-664663,2026-04,R-02,BLOQUEA,fecha_informe,ausente,campo informado,1
2,2,20240220,17,4,1,3,AV-2024-003198,N/A,2026-04,R-02,BLOQUEA,numero_finca,ausente,campo informado,1
2,2,20240513,8,7,5,3,AV-2024-001931,3-447521,2026-04,R-02,BLOQUEA,valor_unitario_construccion_m2,ausente,campo informado,1
2,2,20240810,16,3,1,3,AV-2024-001788, ,2026-04,R-02,BLOQUEA,numero_finca,ausente,campo informado,1
2,2,20240811,24,7,7,3,AV-2024-003137,6-983218,2026-04,R-02,BLOQUEA,valor_obras_complementarias,ausente,campo informado,1
2,2,20241025,15,2,4,3,AV-2024-003259,4-893972,2026-04,R-02,BLOQUEA,fecha_informe,ausente,campo informado,1
2,2,20241027,10,3,4,3,AV-2024-000428,N/A,2026-04,R-02,BLOQUEA,numero_finca,ausente,campo informado,1
2,2,20241107,23,4,-1,3,AV-2024-002855,6-679919-255,2026-04,R-02,BLOQUEA,perito_id,ausente,campo informado,1
2,2,20241115,17,3,2,3,AV-2024-003103, ,2026-04,R-02,BLOQUEA,numero_finca,ausente,campo informado,1
2,2,20241228,23,9,3,3,AV-2024-000875,N/A,2026-04,R-02,BLOQUEA,numero_finca,ausente,campo informado,1
2,2,20250228,3,7,3,3,AV-2025-000532,2-524720,2026-04,R-02,BLOQUEA,valor_unitario_construccion_m2,ausente,campo informado,1
2,2,20250315,15,1,3,3,AV-2025-002941,4-500247-292,2026-04,R-02,BLOQUEA,valor_unitario_construccion_m2,ausente,campo informado,1
2,2,20250316,27,3,6,3,AV-2025-000331,N/A,2026-04,R-02,BLOQUEA,numero_finca,ausente,campo informado,1
2,2,20250330,34,7,2,3,AV-2025-001412,1-940452,2026-04,R-02,BLOQUEA,valor_unitario_construccion_m2,ausente,campo informado,1
2,2,20250403,16,3,2,3,AV-2025-002279,N/A,2026-04,R-02,BLOQUEA,numero_finca,ausente,campo informado,1
2,2,20250704,35,1,3,3,AV-2025-000772,1-503805-202,2026-04,R-02,BLOQUEA,valor_unitario_construccion_m2,ausente,campo informado,1
2,2,20250705,20,7,3,3,AV-2025-002323,7-334684,2026-04,R-02,BLOQUEA,fecha_informe,ausente,campo informado,1
2,2,20250706,3,3,-1,3,AV-2025-001023,2-412553,2026-04,R-02,BLOQUEA,perito_id,ausente,campo informado,1
2,2,20250723,18,3,6,3,AV-2025-000116,4-714528,2026-04,R-02,BLOQUEA,valor_unitario_construccion_m2,ausente,campo informado,1
2,2,20250801,29,7,6,3,AV-2025-003628, ,2026-04,R-02,BLOQUEA,numero_finca,ausente,campo informado,1
2,2,20250815,26,3,-1,3,AV-2025-001956,1-666734,2026-04,R-02,BLOQUEA,perito_id,ausente,campo informado,1
2,2,20250907,5,6,-1,3,AV-2025-003808,2-869841,2026-04,R-02,BLOQUEA,perito_id,ausente,campo informado,1
2,2,20251017,23,9,7,3,AV-2025-001028,6-340949,2026-04,R-02,BLOQUEA,valor_obras_complementarias,ausente,campo informado,1
2,2,20251107,11,1,1,3,AV-2025-003226,5-103368-126,2026-04,R-02,BLOQUEA,valor_unitario_construccion_m2,ausente,campo informado,1
2,2,20251120,30,1,-1,3,AV-2025-002238,1-567629-245,2026-04,R-02,BLOQUEA,perito_id,ausente,campo informado,1
2,2,20251123,8,3,9,3,AV-2025-000012,3-720097,2026-04,R-02,BLOQUEA,valor_unitario_construccion_m2,ausente,campo informado,1
2,2,20251126,26,5,3,3,AV-2025-000063,1-191008,2026-04,R-02,BLOQUEA,fecha_informe,ausente,campo informado,1
2,2,20251215,13,3,5,3,AV-2025-002358,5-562409,2026-04,R-02,BLOQUEA,valor_unitario_construccion_m2,ausente,campo informado,1
2,2,20251219,1,5,9,3,AV-2025-002445,2-258880,2026-04,R-02,BLOQUEA,fecha_informe,ausente,campo informado,1
2,2,20251228,13,7,7,3,AV-2025-000022,5-720329,2026-04,R-02,BLOQUEA,fecha_informe,ausente,campo informado,1
2,2,20260103,18,2,8,3,AV-2026-003535,4-661166,2026-04,R-02,BLOQUEA,fecha_informe,ausente,campo informado,1
2,2,20260120,31,3,3,3,AV-2026-002091,,2026-04,R-02,BLOQUEA,numero_finca,ausente,campo informado,1
2,2,20260207,9,9,8,3,AV-2026-000946,,2026-04,R-02,BLOQUEA,numero_finca,ausente,campo informado,1
2,3,20210426,12,3,3,3,AV-2025-003048,5-909649,2026-04,R-03,BLOQUEA,valor_total_inmueble,253302000,211940562.9,1
2,3,20210713,1,1,3,3,AV-2025-003609,2-901163-013,2026-04,R-03,BLOQUEA,valor_total_inmueble,207899,188979.51,1
2,3,20221022,7,3,7,3,AV-2025-003493,3-948010,2026-04,R-03,BLOQUEA,valor_total_inmueble,619208000,691783453.38,1
2,3,20230110,15,2,3,3,AV-2025-003629,4-213201,2026-04,R-03,BLOQUEA,valor_total_inmueble,19846101,15959137.92,1
2,3,20230131,22,1,5,3,AV-2025-001986,7-538525-331,2026-04,R-03,BLOQUEA,valor_total_inmueble,82095000,96991021.63,1
2,3,20230201,26,3,7,3,AV-2025-003116,1-436513,2026-04,R-03,BLOQUEA,valor_total_inmueble,723985,798207.44,1
2,3,20231126,17,3,1,3,AV-2026-000585,4-282676,2026-04,R-03,BLOQUEA,valor_total_inmueble,161046000,142946944.81,1
2,3,20240514,17,4,7,3,AV-2024-001401,4-663522-391,2026-04,R-03,BLOQUEA,valor_total_inmueble,401142,479743.33,1
2,3,20240618,16,1,5,3,AV-2024-000851,4-254662-125,2026-04,R-03,BLOQUEA,valor_total_inmueble,87724000,93371217.29,1
2,3,20240703,34,2,3,3,AV-2024-001603,1-634343,2026-04,R-03,BLOQUEA,valor_total_inmueble,8453252,5970776.2,1
2,3,20240805,16,1,2,3,AV-2024-000111,4-341659-124,2026-04,R-03,BLOQUEA,valor_total_inmueble,266827000,258024034.85,1
2,3,20240807,11,8,9,3,AV-2024-002074,5-937861,2026-04,R-03,BLOQUEA,valor_total_inmueble,15997680,13540599.68,1
2,3,20240809,28,4,7,3,AV-2024-002041,1-796626-027,2026-04,R-03,BLOQUEA,valor_total_inmueble,495176,353638.5,1
2,3,20240811,27,1,4,3,AV-2024-003448,1-400433-186,2026-04,R-03,BLOQUEA,valor_total_inmueble,927661,107516.06,1
2,3,20240913,22,4,7,3,AV-2024-001163,7-846928-397,2026-04,R-03,BLOQUEA,valor_total_inmueble,187929000,94991707.18,1
2,3,20240921,6,8,7,3,AV-2024-003086,2-935775,2026-04,R-03,BLOQUEA,valor_total_inmueble,2427774000,2958692625.44,1
2,3,20241026,17,9,7,3,AV-2024-002335,4-925160,2026-04,R-03,BLOQUEA,valor_total_inmueble,275663000,263768581.84,1
2,3,20241027,28,9,7,3,AV-2024-003573,1-731891,2026-04,R-03,BLOQUEA,valor_total_inmueble,209529000,181119265.3,1
2,3,20241103,19,6,3,3,AV-2024-000942,4-487506,2026-04,R-03,BLOQUEA,valor_total_inmueble,21999042000,19487869401.52,1
2,3,20241120,14,3,1,3,AV-2024-001892,5-296339,2026-04,R-03,BLOQUEA,valor_total_inmueble,363160000,405669332.18,1
2,3,20241128,1,1,6,3,AV-2024-003435,2-805658-258,2026-04,R-03,BLOQUEA,valor_total_inmueble,281133,253791.74,1
2,3,20241229,8,3,3,3,AV-2024-001587,3-567720,2026-04,R-03,BLOQUEA,valor_total_inmueble,205826000,250718062.51,1
2,3,20250112,9,3,7,3,AV-2025-001155,3-823241,2026-04,R-03,BLOQUEA,valor_total_inmueble,130583000,95176420.1,1
2,3,20250122,19,3,3,3,AV-2025-001420,4-436816,2026-04,R-03,BLOQUEA,valor_total_inmueble,173853000,145628890.56,1
2,3,20250127,28,4,4,3,AV-2025-002190,1-775184-042,2026-04,R-03,BLOQUEA,valor_total_inmueble,365827,384222.81,1
2,3,20250205,8,3,3,3,AV-2025-002734,3-253433,2026-04,R-03,BLOQUEA,valor_total_inmueble,294020,269504.38,1
2,3,20250401,14,4,7,3,AV-2025-003005,5-666540-179,2026-04,R-03,BLOQUEA,valor_total_inmueble,288528,308803.22,1
2,3,20250414,29,3,1,3,AV-2025-002397,1-249275,2026-04,R-03,BLOQUEA,valor_total_inmueble,208734000,191948134.47,1
2,3,20250429,9,2,9,3,AV-2025-002787,3-930535,2026-04,R-03,BLOQUEA,valor_total_inmueble,1670262,1928945.54,1
2,3,20250514,8,1,3,3,AV-2025-001106,3-691295-159,2026-04,R-03,BLOQUEA,valor_total_inmueble,101594,19635.1,1
2,3,20250519,17,2,3,3,AV-2025-002044,4-562255,2026-04,R-03,BLOQUEA,valor_total_inmueble,6647525,7759857.88,1
2,3,20250522,24,3,3,3,AV-2025-003016,6-795311,2026-04,R-03,BLOQUEA,valor_total_inmueble,140242,147692.34,1
2,3,20250523,27,3,1,3,AV-2025-002382,1-686123,2026-04,R-03,BLOQUEA,valor_total_inmueble,254488000,292088146.33,1
2,3,20250528,4,3,8,3,AV-2025-002256,2-327257,2026-04,R-03,BLOQUEA,valor_total_inmueble,96374,62648.09,1
2,3,20250614,7,7,9,3,AV-2025-001375,3-933266,2026-04,R-03,BLOQUEA,valor_total_inmueble,1916466000,1744112532.67,1
2,3,20250622,9,3,1,3,AV-2025-003205,3-376753,2026-04,R-03,BLOQUEA,valor_total_inmueble,222976000,192504930.0,1
2,3,20250626,25,3,7,3,AV-2025-003100,6-571097,2026-04,R-03,BLOQUEA,valor_total_inmueble,731038000,868410590.8,1
2,3,20250712,18,2,1,3,AV-2025-001795,4-896140,2026-04,R-03,BLOQUEA,valor_total_inmueble,2740514,3080510.39,1
2,3,20250823,10,3,7,3,AV-2025-000216,3-518829,2026-04,R-03,BLOQUEA,valor_total_inmueble,366369000,394203544.86,1
2,3,20250823,33,3,3,3,AV-2025-003310,1-504720,2026-04,R-03,BLOQUEA,valor_total_inmueble,474301000,503134871.37,1
2,3,20250826,25,9,7,3,AV-2025-001030,6-312136,2026-04,R-03,BLOQUEA,valor_total_inmueble,115175000,108904903.21,1
2,3,20251002,1,4,1,3,AV-2025-000843,2-989100-257,2026-04,R-03,BLOQUEA,valor_total_inmueble,448170,423468.47,1
2,3,20251002,1,4,8,3,AV-2025-003743,2-695172-348,2026-04,R-03,BLOQUEA,valor_total_inmueble,275532,332503.95,1
2,3,20251007,19,8,9,3,AV-2025-002567,4-569971,2026-04,R-03,BLOQUEA,valor_total_inmueble,181923,280047.75,1
2,3,20251017,34,4,7,3,AV-2025-000107,1-534833-172,2026-04,R-03,BLOQUEA,valor_total_inmueble,264020,283447.99,1
2,3,20251104,30,3,7,3,AV-2025-000464,1-751771,2026-04,R-03,BLOQUEA,valor_total_inmueble,649263000,575626377.37,1
2,3,20251110,3,7,2,3,AV-2025-003850,2-218004,2026-04,R-03,BLOQUEA,valor_total_inmueble,2019052000,2164345275.47,1
2,3,20251110,28,7,1,3,AV-2025-002515,1-983672,2026-04,R-03,BLOQUEA,valor_total_inmueble,755585000,875021511.72,1
2,3,20251123,32,6,6,3,AV-2025-001348,1-429387,2026-04,R-03,BLOQUEA,valor_total_inmueble,6437275000,7665233060.12,1
2,3,20251203,33,7,5,3,AV-2025-001332,1-433211,2026-04,R-03,BLOQUEA,valor_total_inmueble,1879474000,1598565920.01,1
2,3,20251209,1,9,3,3,AV-2025-001281,2-686404,2026-04,R-03,BLOQUEA,valor_total_inmueble,146397000,127998314.17,1
2,3,20260204,33,4,3,3,AV-2026-002983,1-837976-262,2026-04,R-03,BLOQUEA,valor_total_inmueble,750026,780103.84,1
2,3,20260211,20,9,3,3,AV-2026-001222,7-363329,2026-04,R-03,BLOQUEA,valor_total_inmueble,45702000,38868849.04,1
2,3,20260216,7,4,9,3,AV-2026-000241,3-974498-298,2026-04,R-03,BLOQUEA,valor_total_inmueble,242043000,143937747.46,1
2,4,20210905,18,2,3,3,AV-2025-001845,4-569345,2026-04,R-04,BLOQUEA,area_construccion_m2,área 0.0 / vu 0.0,ambos mayores a cero: la tipología exige construcción,1
2,4,20230110,15,2,3,3,AV-2025-003629,4-213201,2026-04,R-04,BLOQUEA,area_construccion_m2,área 0.0 / vu 0.0,ambos mayores a cero: la tipología exige construcción,1
2,4,20240703,34,2,3,3,AV-2024-001603,1-634343,2026-04,R-04,BLOQUEA,area_construccion_m2,área 0.0 / vu 0.0,ambos mayores a cero: la tipología exige construcción,1
2,4,20240809,28,4,7,3,AV-2024-002041,1-796626-027,2026-04,R-04,BLOQUEA,area_construccion_m2,área 0.0 / vu 0.0,ambos mayores a cero: la tipología exige construcción,1
2,4,20240811,27,1,4,3,AV-2024-003448,1-400433-186,2026-04,R-04,BLOQUEA,area_construccion_m2,área 0.0 / vu 0.0,ambos mayores a cero: la tipología exige construcción,1
2,4,20240904,22,8,9,3,AV-2024-002891,7-976598,2026-04,R-04,BLOQUEA,area_construccion_m2,área 158.26 / vu 758235.34,ambos en cero: la tipología no contempla construcción,1
2,4,20240909,11,4,8,3,AV-2024-002802,5-269021-004,2026-04,R-04,BLOQUEA,area_construccion_m2,área 0.0 / vu 0.0,ambos mayores a cero: la tipología exige construcción,1
2,4,20240913,22,4,7,3,AV-2024-001163,7-846928-397,2026-04,R-04,BLOQUEA,area_construccion_m2,área 0.0 / vu 0.0,ambos mayores a cero: la tipología exige construcción,1
2,4,20250112,9,3,7,3,AV-2025-001155,3-823241,2026-04,R-04,BLOQUEA,area_construccion_m2,área 0.0 / vu 0.0,ambos mayores a cero: la tipología exige construcción,1
2,4,20250211,28,1,3,3,AV-2025-003583,1-139379-118,2026-04,R-04,BLOQUEA,area_construccion_m2,área 0.0 / vu 0.0,ambos mayores a cero: la tipología exige construcción,1
2,4,20250213,19,3,6,3,AV-2025-003804,4-168847,2026-04,R-04,BLOQUEA,area_construccion_m2,área 0.0 / vu 0.0,ambos mayores a cero: la tipología exige construcción,1
2,4,20250307,33,1,7,3,AV-2025-002066,1-441609-243,2026-04,R-04,BLOQUEA,area_construccion_m2,área 0.0 / vu 0.0,ambos mayores a cero: la tipología exige construcción,1
2,4,20250514,8,1,3,3,AV-2025-001106,3-691295-159,2026-04,R-04,BLOQUEA,area_construccion_m2,área 0.0 / vu 0.0,ambos mayores a cero: la tipología exige construcción,1
2,4,20250528,4,3,8,3,AV-2025-002256,2-327257,2026-04,R-04,BLOQUEA,area_construccion_m2,área 0.0 / vu 0.0,ambos mayores a cero: la tipología exige construcción,1
2,4,20250711,18,1,3,3,AV-2025-001214,4-686987-017,2026-04,R-04,BLOQUEA,area_construccion_m2,área 0.0 / vu 0.0,ambos mayores a cero: la tipología exige construcción,1
2,4,20250806,16,4,3,3,AV-2025-003112,4-892369-089,2026-04,R-04,BLOQUEA,area_construccion_m2,área 0.0 / vu 0.0,ambos mayores a cero: la tipología exige construcción,1
2,4,20250807,22,4,3,3,AV-2025-000799,7-198543-364,2026-04,R-04,BLOQUEA,area_construccion_m2,área 0.0 / vu 0.0,ambos mayores a cero: la tipología exige construcción,1
2,4,20250812,11,4,7,3,AV-2025-003345,5-941173-025,2026-04,R-04,BLOQUEA,area_construccion_m2,área 0.0 / vu 0.0,ambos mayores a cero: la tipología exige construcción,1
2,4,20250924,29,3,7,3,AV-2025-003413,1-554829,2026-04,R-04,BLOQUEA,area_construccion_m2,área 0.0 / vu 0.0,ambos mayores a cero: la tipología exige construcción,1
2,4,20251007,19,8,9,3,AV-2025-002567,4-569971,2026-04,R-04,BLOQUEA,area_construccion_m2,área 75.98 / vu 1291.45,ambos en cero: la tipología no contempla construcción,1
2,4,20251014,9,4,1,3,AV-2025-000830,3-105207-214,2026-04,R-04,BLOQUEA,area_construccion_m2,área 0.0 / vu 0.0,ambos mayores a cero: la tipología exige construcción,1
2,4,20251221,17,7,1,3,AV-2025-001563,4-250913,2026-04,R-04,BLOQUEA,area_construccion_m2,área 0.0 / vu 0.0,ambos mayores a cero: la tipología exige construcción,1
2,4,20251225,20,8,9,3,AV-2025-000211,7-105024,2026-04,R-04,BLOQUEA,area_construccion_m2,área 96.13 / vu 589894.2,ambos en cero: la tipología no contempla construcción,1
2,4,20260116,17,7,1,3,AV-2026-000161,4-319228,2026-04,R-04,BLOQUEA,area_construccion_m2,área 0.0 / vu 0.0,ambos mayores a cero: la tipología exige construcción,1
2,4,20260216,7,4,9,3,AV-2026-000241,3-974498-298,2026-04,R-04,BLOQUEA,area_construccion_m2,área 0.0 / vu 0.0,ambos mayores a cero: la tipología exige construcción,1
2,4,20260216,35,1,2,3,AV-2026-002978,1-988219-266,2026-04,R-04,BLOQUEA,area_construccion_m2,área 0.0 / vu 0.0,ambos mayores a cero: la tipología exige construcción,1
2,5,20210430,18,7,6,3,AV-2025-000371,4-565674,2026-04,R-05,BLOQUEA,fecha_inspeccion; fecha_valor; fecha_informe,2021-05-05 / 2021-04-30 / 2021-05-04,inspección <= valor <= informe,1
2,5,20231117,20,9,7,3,AV-2026-003166,7-765840,2026-04,R-05,BLOQUEA,fecha_inspeccion; fecha_valor; fecha_informe,2023-11-07 / 2023-11-17 / 2023-10-26,inspección <= valor <= informe,1
2,5,20241110,13,7,3,3,AV-2024-002207,5-899894,2026-04,R-05,BLOQUEA,fecha_inspeccion; fecha_valor; fecha_informe,2024-12-03 / 2024-11-10 / 2024-11-16,inspección <= valor <= informe,1
2,5,20250318,4,3,7,3,AV-2025-001485,2-408522,2026-04,R-05,BLOQUEA,fecha_inspeccion; fecha_valor; fecha_informe,2025-04-04 / 2025-03-18 / 2025-03-30,inspección <= valor <= informe,1
2,5,20250504,7,3,4,3,AV-2025-000907,3-946219,2026-04,R-05,BLOQUEA,fecha_inspeccion; fecha_valor; fecha_informe,2025-06-08 / 2025-05-04 / 2025-05-15,inspección <= valor <= informe,1
2,5,20250617,15,1,7,3,AV-2025-000768,4-157357-195,2026-04,R-05,BLOQUEA,fecha_inspeccion; fecha_valor; fecha_informe,2025-03-01 / 2025-06-17 / 2025-06-21,brecha mayor a 30/15 días,1
2,5,20250620,27,3,3,3,AV-2025-000556,1-875498,2026-04,R-05,BLOQUEA,fecha_inspeccion; fecha_valor; fecha_informe,2025-06-28 / 2025-06-20 / 2025-06-30,inspección <= valor <= informe,1
2,5,20250707,1,4,3,3,AV-2025-002558,2-290299-180,2026-04,R-05,BLOQUEA,fecha_inspeccion; fecha_valor; fecha_informe,2025-07-30 / 2025-07-07 / 2025-07-12,inspección <= valor <= informe,1
2,5,20250714,29,3,4,3,AV-2025-000788,1-478075,2026-04,R-05,BLOQUEA,fecha_inspeccion; fecha_valor; fecha_informe,2025-07-13 / 2025-07-14 / 2026-07-25,fecha posterior al corte 2026-04-30,1
2,5,20250828,25,1,3,3,AV-2025-000298,6-424314-390,2026-04,R-05,BLOQUEA,fecha_inspeccion; fecha_valor; fecha_informe,2025-09-16 / 2025-08-28 / 2025-09-04,inspección <= valor <= informe,1
2,5,20250830,18,1,2,3,AV-2025-002951,4-294041-148,2026-04,R-05,BLOQUEA,fecha_inspeccion; fecha_valor; fecha_informe,2025-07-08 / 2025-08-30 / 2025-09-10,brecha mayor a 30/15 días,1
2,5,20250929,7,1,4,3,AV-2025-002911,3-647661-346,2026-04,R-05,BLOQUEA,fecha_inspeccion; fecha_valor; fecha_informe,2025-09-15 / 2025-09-29 / 2026-10-22,fecha posterior al corte 2026-04-30,1
2,5,20251007,9,7,7,3,AV-2025-001747,3-279517,2026-04,R-05,BLOQUEA,fecha_inspeccion; fecha_valor; fecha_informe,2025-09-26 / 2025-10-07 / 2025-09-29,inspección <= valor <= informe,1
2,5,20251118,16,9,7,3,AV-2025-000360,4-859403,2026-04,R-05,BLOQUEA,fecha_inspeccion; fecha_valor; fecha_informe,2025-09-09 / 2025-11-18 / 2025-11-24,brecha mayor a 30/15 días,1
2,5,20260120,19,3,3,3,AV-2026-002840,4-943700,2026-04,R-05,BLOQUEA,fecha_inspeccion; fecha_valor; fecha_informe,2026-01-14 / 2026-01-20 / 2026-01-09,inspección <= valor <= informe,1
2,5,20260211,29,2,6,3,AV-2026-003527,1-498439,2026-04,R-05,BLOQUEA,fecha_inspeccion; fecha_valor; fecha_informe,2026-03-06 / 2026-02-11 / 2026-02-18,inspección <= valor <= informe,1
2,5,20260216,11,1,4,3,AV-2026-001168,5-124518-140,2026-04,R-05,BLOQUEA,fecha_inspeccion; fecha_valor; fecha_informe,2026-03-13 / 2026-02-16 / 2026-02-26,inspección <= valor <= informe,1
2,6,20210403,10,7,4,2,AV-2025-002655,3-535617,2026-04,R-06,REVISA,latitud; longitud,"-83.670783, 9.935977",coordenada dentro del territorio nacional,1
2,6,20210412,8,3,3,2,AV-2025-001533,3-357422,2026-04,R-06,REVISA,latitud; longitud,"10.525444, -84.682256",a menos de 4 km del centroide; observado 102.6 km,1
2,6,20210414,10,8,6,2,AV-2025-003557,3-662538,2026-04,R-06,REVISA,latitud; longitud,"10.710948, -84.077059",a menos de 10 km del centroide; observado 99.4 km,1
2,6,20211025,28,4,8,2,AV-2025-001802,1-223425-187,2026-04,R-06,REVISA,latitud; longitud,"9.894004, -83.41618",a menos de 4 km del centroide; observado 79.3 km,1
2,6,20220310,25,3,3,2,AV-2024-000477,6-883218,2026-04,R-06,REVISA,latitud; longitud,"-84.173929, 9.477089",coordenada dentro del territorio nacional,1
2,6,20220406,23,3,4,2,AV-2025-002900,6-995420,2026-04,R-06,REVISA,latitud; longitud,"9.548723, -85.237646",a menos de 8 km del centroide; observado 67.2 km,1
2,6,20220413,34,1,5,2,AV-2025-000400,1-185516-383,2026-04,R-06,REVISA,latitud; longitud,"10.495868, -83.844719",a menos de 4 km del centroide; observado 72.7 km,1
2,6,20220518,34,1,3,2,AV-2025-002635,1-881657-129,2026-04,R-06,REVISA,latitud; longitud,"9.445885, -84.254099",a menos de 4 km del centroide; observado 54.7 km,1
2,6,20221005,34,2,3,2,AV-2024-000394,1-593321,2026-04,R-06,REVISA,latitud; longitud,"9.482738, -84.198442",a menos de 4 km del centroide; observado 50.1 km,1
2,6,20221010,1,4,4,2,AV-2025-000911,2-387681-032,2026-04,R-06,REVISA,latitud; longitud,"9.828876, -84.60024",a menos de 4 km del centroide; observado 47.3 km,1
2,6,20221219,8,3,4,2,AV-2025-003851,3-369618,2026-04,R-06,REVISA,latitud; longitud,"9.15574, -83.456587",a menos de 4 km del centroide; observado 101.8 km,1
2,6,20221229,15,1,7,2,AV-2025-000753,4-552428-381,2026-04,R-06,REVISA,latitud; longitud,"9.493471, -83.698714",a menos de 3 km del centroide; observado 75.6 km,1
2,6,20230116,22,4,1,2,AV-2025-001887,7-202111-315,2026-04,R-06,REVISA,latitud; longitud,"10.31766, -83.537956",a menos de 12 km del centroide; observado 99.8 km,1
2,6,20230124,15,3,4,2,AV-2025-002542,4-747282,2026-04,R-06,REVISA,latitud; longitud,"-84.181062, 9.988747",coordenada dentro del territorio nacional,1
2,6,20230212,32,2,7,2,AV-2024-003038,1-805080,2026-04,R-06,REVISA,latitud; longitud,"-83.726128, 9.339787",coordenada dentro del territorio nacional,1
2,6,20230624,17,9,3,2,AV-2025-000075,4-127064,2026-04,R-06,REVISA,latitud; longitud,"-84.08156, 10.012435",coordenada dentro del territorio nacional,1
2,6,20230711,4,7,8,2,AV-2025-002804,2-664654,2026-04,R-06,REVISA,latitud; longitud,"-84.400067, 10.345762",coordenada dentro del territorio nacional,1
2,6,20230712,27,4,7,2,AV-2024-003649,1-828461-301,2026-04,R-06,REVISA,latitud; longitud,"10.19502, -83.617839",a menos de 4 km del centroide; observado 59.1 km,1
2,6,20230807,9,2,7,2,AV-2026-001136,3-449262,2026-04,R-06,REVISA,latitud; longitud,"9.577786, -84.732535",a menos de 6 km del centroide; observado 99.2 km,1
2,6,20230825,21,7,3,2,AV-2025-001240,7-241624,2026-04,R-06,REVISA,latitud; longitud,"9.792244, -83.484559",a menos de 10 km del centroide; observado 57.4 km,1
2,6,20230927,18,3,5,2,AV-2025-001623,4-456725,2026-04,R-06,REVISA,latitud; longitud,"10.028239, -83.424663",a menos de 3 km del centroide; observado 73.1 km,1
2,6,20240421,16,7,5,2,AV-2024-001456,4-718035,2026-04,R-06,REVISA,latitud; longitud,"10.258561, -83.715469",a menos de 3 km del centroide; observado 52.6 km,1
2,6,20240528,18,4,8,2,AV-2024-001645,4-927315-009,2026-04,R-06,REVISA,latitud; longitud,"10.680238, -84.633055",a menos de 3 km del centroide; observado 97.9 km,1
2,6,20240806,28,4,6,2,AV-2024-002314,1-719867-030,2026-04,R-06,REVISA,latitud; longitud,"10.282199, -84.404345",a menos de 4 km del centroide; observado 49.7 km,1
2,6,20240808,34,1,1,2,AV-2024-003156,1-598076-197,2026-04,R-06,REVISA,latitud; longitud,"9.155031, -84.625448",a menos de 4 km del centroide; observado 99.2 km,1
2,6,20240821,16,1,1,2,AV-2024-003928,4-190235-030,2026-04,R-06,REVISA,latitud; longitud,"9.305246, -83.735522",a menos de 3 km del centroide; observado 87.6 km,1
2,6,20240904,2,3,1,2,AV-2024-003502,2-357290,2026-04,R-06,REVISA,latitud; longitud,"9.396513, -85.010959",a menos de 8 km del centroide; observado 94.7 km,1
2,6,20240909,11,4,8,3,AV-2024-002802,5-269021-004,2026-04,R-06,REVISA,latitud; longitud,"10.589422, -85.214935",a menos de 10 km del centroide; observado 50.2 km,1
2,6,20240911,7,1,6,2,AV-2024-001538,3-457809-373,2026-04,R-06,REVISA,latitud; longitud,"9.943961, -82.909721",a menos de 3 km del centroide; observado 110.9 km,1
2,6,20241002,26,4,3,2,AV-2024-000258,1-793119-348,2026-04,R-06,REVISA,latitud; longitud,"-84.029116, 9.930744",coordenada dentro del territorio nacional,1
2,6,20241026,17,9,7,3,AV-2024-002335,4-925160,2026-04,R-06,REVISA,latitud; longitud,"-84.092358, 10.028144",coordenada dentro del territorio nacional,1
2,6,20241105,13,7,2,2,AV-2024-000026,5-497653,2026-04,R-06,REVISA,latitud; longitud,"10.737573, -85.315795",a menos de 10 km del centroide; observado 67.2 km,1
2,6,20241113,2,9,4,2,AV-2024-002233,2-511911,2026-04,R-06,REVISA,latitud; longitud,"9.389434, -83.772352",a menos de 8 km del centroide; observado 93.4 km,1
2,6,20241120,32,8,9,2,AV-2024-002622,1-874406,2026-04,R-06,REVISA,latitud; longitud,"9.10741, -83.914895",a menos de 12 km del centroide; observado 38.0 km,1
2,6,20241123,2,3,7,2,AV-2024-002881,2-132643,2026-04,R-06,REVISA,latitud; longitud,"10.509585, -83.880913",a menos de 8 km del centroide; observado 80.5 km,1
2,6,20241123,21,7,9,2,AV-2024-002829,7-868010,2026-04,R-06,REVISA,latitud; longitud,"-83.808123, 10.230417",coordenada dentro del territorio nacional,1
2,6,20241127,16,3,4,2,AV-2024-002747,4-568381,2026-04,R-06,REVISA,latitud; longitud,"-84.127831, 9.996444",coordenada dentro del territorio nacional,1
2,6,20241201,30,9,3,2,AV-2024-000121,1-247630,2026-04,R-06,REVISA,latitud; longitud,"9.283223, -84.438363",a menos de 3 km del centroide; observado 83.9 km,1
2,6,20241203,18,9,7,2,AV-2024-003618,4-572952,2026-04,R-06,REVISA,latitud; longitud,"10.337803, -84.224245",a menos de 3 km del centroide; observado 42.4 km,1
2,6,20241204,32,8,9,2,AV-2024-003595,1-579136,2026-04,R-06,REVISA,latitud; longitud,"9.440012, -83.242384",a menos de 12 km del centroide; observado 50.7 km,1
2,6,20241214,34,3,8,2,AV-2024-003568,1-735554,2026-04,R-06,REVISA,latitud; longitud,"10.387676, -84.763239",a menos de 4 km del centroide; observado 81.2 km,1
2,6,20250102,18,1,2,2,AV-2025-003297,4-254214-247,2026-04,R-06,REVISA,latitud; longitud,"9.529082, -84.506313",a menos de 3 km del centroide; observado 67.8 km,1
2,6,20250116,18,1,4,2,AV-2025-000378,4-851918-351,2026-04,R-06,REVISA,latitud; longitud,"9.864214, -85.081914",a menos de 3 km del centroide; observado 109.4 km,1
2,6,20250120,12,7,3,2,AV-2025-000042,5-751971,2026-04,R-06,REVISA,latitud; longitud,"11.514155, -85.913867",coordenada dentro del territorio nacional,1
2,6,20250122,22,4,2,2,AV-2025-003736,7-622066-342,2026-04,R-06,REVISA,latitud; longitud,"10.268032, -82.338684",coordenada dentro del territorio nacional,1
2,6,20250124,5,2,9,2,AV-2025-001800,2-357810,2026-04,R-06,REVISA,latitud; longitud,"10.222177, -84.995489",a menos de 8 km del centroide; observado 59.4 km,1
2,6,20250206,11,8,8,2,AV-2025-000543,5-598561,2026-04,R-06,REVISA,latitud; longitud,"9.809232, -84.871937",a menos de 10 km del centroide; observado 118.5 km,1
2,6,20250206,22,1,1,2,AV-2025-003244,7-529533-186,2026-04,R-06,REVISA,latitud; longitud,"10.300353, -82.88236",a menos de 12 km del centroide; observado 62.8 km,1
2,6,20250207,8,7,9,2,AV-2025-000775,3-833478,2026-04,R-06,REVISA,latitud; longitud,"9.392826, -84.522667",a menos de 4 km del centroide; observado 82.0 km,1
2,6,20250214,32,6,7,2,AV-2025-000333,1-300341,2026-04,R-06,REVISA,latitud; longitud,"9.933873, -84.09648",a menos de 12 km del centroide; observado 75.8 km,1
2,6,20250223,15,2,7,2,AV-2025-002569,4-351566,2026-04,R-06,REVISA,latitud; longitud,"-84.180598, 9.992614",coordenada dentro del territorio nacional,1
2,6,20250224,35,7,7,2,AV-2025-002966,1-700153,2026-04,R-06,REVISA,latitud; longitud,"9.787988, -84.50075",a menos de 3 km del centroide; observado 49.9 km,1
2,6,20250225,26,3,3,2,AV-2025-002092,1-342583,2026-04,R-06,REVISA,latitud; longitud,"10.195162, -84.521844",a menos de 3 km del centroide; observado 61.8 km,1
2,6,20250307,10,3,9,2,AV-2025-001110,3-964142,2026-04,R-06,REVISA,latitud; longitud,"9.152691, -83.202651",a menos de 10 km del centroide; observado 98.9 km,1
2,6,20250310,15,9,3,2,AV-2025-003217,4-336693,2026-04,R-06,REVISA,latitud; longitud,"-84.18289, 9.983605",coordenada dentro del territorio nacional,1
2,6,20250313,23,4,2,2,AV-2025-002433,6-197721-024,2026-04,R-06,REVISA,latitud; longitud,"8.75711, -85.129372",a menos de 8 km del centroide; observado 110.1 km,1
2,6,20250419,17,3,9,2,AV-2025-003530,4-403777,2026-04,R-06,REVISA,latitud; longitud,"10.594225, -84.42253",a menos de 4 km del centroide; observado 73.9 km,1
2,6,20250421,26,4,8,2,AV-2025-002533,1-829913-042,2026-04,R-06,REVISA,latitud; longitud,"9.43102, -84.578052",a menos de 3 km del centroide; observado 80.6 km,1
2,6,20250425,16,3,9,2,AV-2025-000082,4-367562,2026-04,R-06,REVISA,latitud; longitud,"9.368704, -84.018561",a menos de 3 km del centroide; observado 70.8 km,1
2,6,20250505,20,6,5,2,AV-2025-001413,7-691826,2026-04,R-06,REVISA,latitud; longitud,"10.856735, -82.427222",coordenada dentro del territorio nacional,1
2,6,20250521,1,4,5,2,AV-2025-002893,2-123541-038,2026-04,R-06,REVISA,latitud; longitud,"9.739806, -84.900921",a menos de 4 km del centroide; observado 81.5 km,1
2,6,20250604,6,3,3,2,AV-2025-002556,2-494695,2026-04,R-06,REVISA,latitud; longitud,"-84.939721, 10.930773",coordenada dentro del territorio nacional,1
2,6,20250617,35,9,5,2,AV-2025-003889,1-530748,2026-04,R-06,REVISA,latitud; longitud,"10.793408, -83.806359",a menos de 3 km del centroide; observado 97.4 km,1
2,6,20250619,30,2,1,2,AV-2025-000483,1-959677,2026-04,R-06,REVISA,latitud; longitud,"9.109693, -84.040049",a menos de 3 km del centroide; observado 91.6 km,1
2,6,20250627,16,3,2,2,AV-2025-002565,4-330468,2026-04,R-06,REVISA,latitud; longitud,"10.423628, -83.918204",a menos de 3 km del centroide; observado 52.1 km,1
2,6,20250630,1,5,4,2,AV-2025-002731,2-503952,2026-04,R-06,REVISA,latitud; longitud,"9.843789, -83.397076",a menos de 4 km del centroide; observado 91.3 km,1
2,6,20250705,8,4,3,2,AV-2025-001080,3-170615-207,2026-04,R-06,REVISA,latitud; longitud,"10.917005, -83.987901",a menos de 4 km del centroide; observado 112.3 km,1
2,6,20250719,5,9,3,2,AV-2025-002286,2-199871,2026-04,R-06,REVISA,latitud; longitud,"9.694939, -85.150717",a menos de 8 km del centroide; observado 86.4 km,1
2,6,20250723,2,3,7,2,AV-2025-003407,2-618099,2026-04,R-06,REVISA,latitud; longitud,"-84.346829, 9.984719",coordenada dentro del territorio nacional,1
2,6,20250725,15,7,4,2,AV-2025-001143,4-289380,2026-04,R-06,REVISA,latitud; longitud,"9.813098, -83.370696",a menos de 3 km del centroide; observado 90.8 km,1
2,6,20250903,1,3,3,2,AV-2025-002836,2-987693,2026-04,R-06,REVISA,latitud; longitud,"9.591743, -83.559482",a menos de 4 km del centroide; observado 85.7 km,1
2,6,20250906,8,7,7,2,AV-2025-000322,3-103259,2026-04,R-06,REVISA,latitud; longitud,"9.144147, -83.525086",a menos de 4 km del centroide; observado 98.8 km,1
2,6,20250910,5,6,9,2,AV-2025-002346,2-712314,2026-04,R-06,REVISA,latitud; longitud,"-84.508762, 10.08736",coordenada dentro del territorio nacional,1
2,6,20250913,18,9,3,2,AV-2025-000392,4-713062,2026-04,R-06,REVISA,latitud; longitud,"10.683407, -84.819158",a menos de 3 km del centroide; observado 111.7 km,1
2,6,20250916,6,8,7,2,AV-2025-001035,2-816375,2026-04,R-06,REVISA,latitud; longitud,"11.171265, -85.680923",a menos de 20 km del centroide; observado 78.6 km,1
2,6,20250921,28,2,2,2,AV-2025-003604,1-487877,2026-04,R-06,REVISA,latitud; longitud,"-84.145953, 9.911953",coordenada dentro del territorio nacional,1
2,6,20250926,8,3,7,2,AV-2025-000009,3-270138,2026-04,R-06,REVISA,latitud; longitud,"9.539137, -84.170665",a menos de 4 km del centroide; observado 45.6 km,1
2,6,20250926,26,5,6,2,AV-2025-000290,1-277862,2026-04,R-06,REVISA,latitud; longitud,"10.466017, -84.497842",a menos de 3 km del centroide; observado 79.5 km,1
2,6,20250929,20,7,3,2,AV-2025-003741,7-899039,2026-04,R-06,REVISA,latitud; longitud,"9.950155, -83.618114",a menos de 6 km del centroide; observado 63.9 km,1
2,6,20251001,34,5,4,2,AV-2025-000379,1-395045,2026-04,R-06,REVISA,latitud; longitud,"10.615449, -83.87451",a menos de 4 km del centroide; observado 83.1 km,1
2,6,20251004,17,9,2,2,AV-2025-001798,4-255242,2026-04,R-06,REVISA,latitud; longitud,"10.513432, -85.067651",a menos de 4 km del centroide; observado 120.4 km,1
2,6,20251013,20,6,8,2,AV-2025-001942,7-723457,2026-04,R-06,REVISA,latitud; longitud,"9.851859, -83.815148",a menos de 6 km del centroide; observado 86.7 km,1
2,6,20251015,1,4,7,2,AV-2025-002171,2-883048-268,2026-04,R-06,REVISA,latitud; longitud,"10.386127, -83.436599",a menos de 4 km del centroide; observado 94.3 km,1
2,6,20251016,30,4,1,2,AV-2025-002706,1-590998-197,2026-04,R-06,REVISA,latitud; longitud,"9.698119, -84.90793",a menos de 3 km del centroide; observado 97.6 km,1
2,6,20251020,33,4,8,2,AV-2025-002293,1-298127-042,2026-04,R-06,REVISA,latitud; longitud,"10.178304, -85.126109",a menos de 2 km del centroide; observado 118.3 km,1
2,6,20251021,31,9,5,2,AV-2025-001349,1-158805,2026-04,R-06,REVISA,latitud; longitud,"9.303342, -84.039626",a menos de 15 km del centroide; observado 68.0 km,1
2,6,20251023,1,1,1,2,AV-2025-002680,2-790797-239,2026-04,R-06,REVISA,latitud; longitud,"10.580882, -83.823771",a menos de 4 km del centroide; observado 75.8 km,1
2,6,20251026,32,3,6,2,AV-2025-001772,1-252613,2026-04,R-06,REVISA,latitud; longitud,"9.812117, -83.625406",a menos de 12 km del centroide; observado 49.3 km,1
2,6,20251031,14,9,8,2,AV-2025-002790,5-495209,2026-04,R-06,REVISA,latitud; longitud,"9.695438, -86.485847",coordenada dentro del territorio nacional,1
2,6,20251103,23,3,7,2,AV-2025-003511,6-890574,2026-04,R-06,REVISA,latitud; longitud,"8.911425, -85.237613",a menos de 8 km del centroide; observado 102.9 km,1
2,6,20251106,28,7,3,2,AV-2025-002214,1-259391,2026-04,R-06,REVISA,latitud; longitud,"10.23554, -83.362397",a menos de 4 km del centroide; observado 92.1 km,1
2,6,20251112,17,7,5,2,AV-2025-001402,4-992197,2026-04,R-06,REVISA,latitud; longitud,"10.850644, -84.47915",a menos de 4 km del centroide; observado 102.1 km,1
2,6,20251113,27,1,6,2,AV-2025-003097,1-125844-122,2026-04,R-06,REVISA,latitud; longitud,"9.085048, -83.658669",a menos de 4 km del centroide; observado 101.1 km,1
2,6,20251122,27,3,6,2,AV-2025-000056,1-565517,2026-04,R-06,REVISA,latitud; longitud,"10.958049, -84.202183",a menos de 4 km del centroide; observado 118.6 km,1
2,6,20251123,6,3,2,2,AV-2025-002812,2-256778,2026-04,R-06,REVISA,latitud; longitud,"10.417065, -84.534895",a menos de 20 km del centroide; observado 75.0 km,1
2,6,20251125,27,3,5,2,AV-2025-002538,1-236510,2026-04,R-06,REVISA,latitud; longitud,"10.401628, -83.968246",a menos de 4 km del centroide; observado 56.8 km,1
2,6,20251126,18,2,7,2,AV-2025-002559,4-879413,2026-04,R-06,REVISA,latitud; longitud,"9.59075, -84.281884",a menos de 3 km del centroide; observado 48.1 km,1
2,6,20251129,15,1,2,2,AV-2025-003720,4-930947-235,2026-04,R-06,REVISA,latitud; longitud,"9.391371, -83.818575",a menos de 3 km del centroide; observado 76.5 km,1
2,6,20251203,11,1,8,2,AV-2025-002278,5-408156-345,2026-04,R-06,REVISA,latitud; longitud,"9.815581, -86.209164",coordenada dentro del territorio nacional,1
2,6,20251208,20,3,9,2,AV-2025-003043,7-327018,2026-04,R-06,REVISA,latitud; longitud,"9.232205, -83.810494",a menos de 6 km del centroide; observado 119.7 km,1
2,6,20251209,22,3,3,2,AV-2025-000761,7-877994,2026-04,R-06,REVISA,latitud; longitud,"-82.83598, 9.70982",coordenada dentro del territorio nacional,1
2,6,20251209,31,3,3,2,AV-2025-001421,1-182541,2026-04,R-06,REVISA,latitud; longitud,"9.030238, -83.988547",a menos de 15 km del centroide; observado 98.0 km,1
2,6,20251210,29,3,3,2,AV-2025-000445,1-140514,2026-04,R-06,REVISA,latitud; longitud,"9.970591, -84.692077",a menos de 3 km del centroide; observado 70.4 km,1
2,6,20251210,31,9,7,2,AV-2025-000545,1-526234,2026-04,R-06,REVISA,latitud; longitud,"9.586797, -84.726563",a menos de 15 km del centroide; observado 53.6 km,1
2,6,20251210,33,3,9,2,AV-2025-002098,1-916452,2026-04,R-06,REVISA,latitud; longitud,"-84.077136, 9.933414",coordenada dentro del territorio nacional,1
2,6,20251221,16,5,5,2,AV-2025-002103,4-585170,2026-04,R-06,REVISA,latitud; longitud,"10.12668, -84.761132",a menos de 3 km del centroide; observado 72.0 km,1
2,6,20251228,35,4,9,2,AV-2025-002952,1-212567-179,2026-04,R-06,REVISA,latitud; longitud,"10.502567, -83.875836",a menos de 3 km del centroide; observado 64.3 km,1
2,6,20260102,30,7,3,2,AV-2026-000961,1-264460,2026-04,R-06,REVISA,latitud; longitud,"9.529282, -84.114954",a menos de 3 km del centroide; observado 45.5 km,1
2,6,20260109,8,2,7,2,AV-2026-003792,3-343848,2026-04,R-06,REVISA,latitud; longitud,"9.73349, -83.186305",a menos de 4 km del centroide; observado 89.8 km,1
2,6,20260109,29,4,7,2,AV-2026-001957,1-143725-335,2026-04,R-06,REVISA,latitud; longitud,"10.609378, -83.609927",a menos de 3 km del centroide; observado 87.7 km,1
2,6,20260110,18,9,6,2,AV-2026-002875,4-880003,2026-04,R-06,REVISA,latitud; longitud,"9.05953, -83.902706",a menos de 3 km del centroide; observado 104.4 km,1
2,6,20260116,17,7,1,3,AV-2026-000161,4-319228,2026-04,R-06,REVISA,latitud; longitud,"10.689185, -83.939265",a menos de 4 km del centroide; observado 76.6 km,1
2,6,20260121,15,1,1,2,AV-2026-001832,4-736614-243,2026-04,R-06,REVISA,latitud; longitud,"10.830971, -84.420145",a menos de 3 km del centroide; observado 98.3 km,1
2,6,20260124,17,3,5,2,AV-2026-003366,4-951079,2026-04,R-06,REVISA,latitud; longitud,"10.385491, -84.166187",a menos de 4 km del centroide; observado 41.9 km,1
2,6,20260201,29,3,7,2,AV-2026-000812,1-663930,2026-04,R-06,REVISA,latitud; longitud,"9.566707, -83.225967",a menos de 3 km del centroide; observado 99.9 km,1
2,6,20260207,30,7,1,2,AV-2026-003030,1-411134,2026-04,R-06,REVISA,latitud; longitud,"9.798829, -84.617751",a menos de 3 km del centroide; observado 64.0 km,1
2,6,20260216,35,1,2,3,AV-2026-002978,1-988219-266,2026-04,R-06,REVISA,latitud; longitud,"9.508457, -84.256831",a menos de 3 km del centroide; observado 53.8 km,1
2,6,20260220,2,3,3,2,AV-2026-000066,2-272775,2026-04,R-06,REVISA,latitud; longitud,"-84.353584, 9.994934",coordenada dentro del territorio nacional,1
2,6,20260223,18,2,7,2,AV-2026-002169,4-522091,2026-04,R-06,REVISA,latitud; longitud,"9.38159, -84.209045",a menos de 3 km del centroide; observado 67.8 km,1
2,6,20260223,35,4,5,2,AV-2026-002013,1-999716-359,2026-04,R-06,REVISA,latitud; longitud,"-84.086389, 9.963418",coordenada dentro del territorio nacional,1
2,6,20260225,10,2,3,2,AV-2026-003953,3-445310,2026-04,R-06,REVISA,latitud; longitud,"9.362838, -83.618017",a menos de 10 km del centroide; observado 60.7 km,1
2,7,20210307,16,1,7,2,AV-2025-002418,4-370674-230,2026-04,R-07,REVISA,valor_unitario_terreno_m2,2931832.72,"entre 500000.0 y 1600000.0 (GAM_CENTRO, CRC)",1
2,7,20220324,27,3,7,2,AV-2026-002429,1-457235,2026-04,R-07,REVISA,valor_unitario_terreno_m2,127460.68,"entre 250000.0 y 950000.0 (GAM_PERIFERIA, CRC)",1
2,7,20230125,18,9,4,2,AV-2025-003812,4-754142,2026-04,R-07,REVISA,valor_unitario_terreno_m2,21888.07,"entre 50000.0 y 300000.0 (GAM_PERIFERIA, CRC)",1
2,7,20230312,6,3,7,2,AV-2025-001629,2-147217,2026-04,R-07,REVISA,valor_unitario_terreno_m2,69214.13,"entre 150000.0 y 550000.0 (RURAL, CRC)",1
2,7,20240104,31,3,3,2,AV-2025-000730,1-870162,2026-04,R-07,REVISA,valor_unitario_terreno_m2,1472955.59,"entre 150000.0 y 550000.0 (RURAL, CRC)",1
2,7,20240128,9,3,3,2,AV-2026-003375,3-871833,2026-04,R-07,REVISA,valor_unitario_terreno_m2,2848509.94,"entre 250000.0 y 950000.0 (GAM_PERIFERIA, CRC)",1
2,7,20240509,29,7,3,2,AV-2024-001842,1-251481,2026-04,R-07,REVISA,valor_unitario_terreno_m2,3379081.78,"entre 250000.0 y 900000.0 (GAM_PERIFERIA, CRC)",1
2,7,20240706,26,3,6,2,AV-2024-001722,1-405848,2026-04,R-07,REVISA,valor_unitario_terreno_m2,3470710.5,"entre 400000.0 y 1350000.0 (GAM_CENTRO, CRC)",1
2,7,20240706,33,1,3,2,AV-2024-000465,1-324123-383,2026-04,R-07,REVISA,valor_unitario_terreno_m2,3708619.86,"entre 500000.0 y 1600000.0 (GAM_CENTRO, CRC)",1
2,7,20240711,8,3,7,2,AV-2024-002816,3-910235,2026-04,R-07,REVISA,valor_unitario_terreno_m2,105705.19,"entre 250000.0 y 950000.0 (GAM_PERIFERIA, CRC)",1
2,7,20240712,33,3,9,2,AV-2024-003060,1-299108,2026-04,R-07,REVISA,valor_unitario_terreno_m2,4869672.7,"entre 400000.0 y 1350000.0 (GAM_CENTRO, CRC)",1
2,7,20240803,30,3,8,2,AV-2024-002909,1-332379,2026-04,R-07,REVISA,valor_unitario_terreno_m2,104839.24,"entre 400000.0 y 1350000.0 (GAM_CENTRO, CRC)",1
2,7,20240923,27,7,7,2,AV-2024-002518,1-752374,2026-04,R-07,REVISA,valor_unitario_terreno_m2,3165685.58,"entre 250000.0 y 900000.0 (GAM_PERIFERIA, CRC)",1
2,7,20240923,35,3,7,2,AV-2024-000011,1-215558,2026-04,R-07,REVISA,valor_unitario_terreno_m2,207840.45,"entre 400000.0 y 1350000.0 (GAM_CENTRO, CRC)",1
2,7,20240929,8,7,6,2,AV-2024-003496,3-655910,2026-04,R-07,REVISA,valor_unitario_terreno_m2,124933.13,"entre 250000.0 y 900000.0 (GAM_PERIFERIA, CRC)",1
2,7,20241006,23,3,6,3,AV-2026-001499,6-665725,2026-04,R-07,REVISA,valor_unitario_terreno_m2,3636620.32,"entre 300000.0 y 1500000.0 (COSTA, CRC)",1
2,7,20241016,33,3,9,2,AV-2024-002305,1-526160,2026-04,R-07,REVISA,valor_unitario_terreno_m2,3826031.02,"entre 400000.0 y 1350000.0 (GAM_CENTRO, CRC)",1
2,7,20241017,33,3,8,2,AV-2024-003926,1-803830,2026-04,R-07,REVISA,valor_unitario_terreno_m2,2796618.81,"entre 400000.0 y 1350000.0 (GAM_CENTRO, CRC)",1
2,7,20241023,9,9,4,2,AV-2024-003188,3-841297,2026-04,R-07,REVISA,valor_unitario_terreno_m2,775623.13,"entre 50000.0 y 300000.0 (GAM_PERIFERIA, CRC)",1
2,7,20241103,19,6,3,3,AV-2024-000942,4-487506,2026-04,R-07,REVISA,valor_unitario_terreno_m2,102174.61,"entre 1500.0 y 30000.0 (RURAL, CRC)",1
2,7,20241104,3,9,3,2,AV-2024-003463,2-644287,2026-04,R-07,REVISA,valor_unitario_terreno_m2,402337.18,"entre 35000.0 y 180000.0 (CIUDAD_INTERMEDIA, CRC)",1
2,7,20241111,24,9,6,2,AV-2024-002957,6-356475,2026-04,R-07,REVISA,valor_unitario_terreno_m2,647165.64,"entre 35000.0 y 180000.0 (CIUDAD_INTERMEDIA, CRC)",1
2,7,20241117,35,1,4,2,AV-2024-002839,1-806762-080,2026-04,R-07,REVISA,valor_unitario_terreno_m2,3540770.16,"entre 500000.0 y 1600000.0 (GAM_CENTRO, CRC)",1
2,7,20241123,2,3,7,2,AV-2024-002881,2-132643,2026-04,R-07,REVISA,valor_unitario_terreno_m2,63295.37,"entre 150000.0 y 550000.0 (RURAL, CRC)",1
2,7,20241126,33,7,1,2,AV-2024-001987,1-106760,2026-04,R-07,REVISA,valor_unitario_terreno_m2,2478154.14,"entre 350000.0 y 1400000.0 (GAM_CENTRO, CRC)",1
2,7,20241127,4,7,2,2,AV-2024-000565,2-166752,2026-04,R-07,REVISA,valor_unitario_terreno_m2,3043673.39,"entre 200000.0 y 800000.0 (CIUDAD_INTERMEDIA, CRC)",1
2,7,20241201,30,9,3,2,AV-2024-000121,1-247630,2026-04,R-07,REVISA,valor_unitario_terreno_m2,1896549.09,"entre 100000.0 y 550000.0 (GAM_CENTRO, CRC)",1
2,7,20241203,31,8,7,2,AV-2024-003936,1-626862,2026-04,R-07,REVISA,valor_unitario_terreno_m2,5070.14,"entre 15000.0 y 100000.0 (RURAL, CRC)",1
2,7,20241209,30,7,1,2,AV-2024-003559,1-363898,2026-04,R-07,REVISA,valor_unitario_terreno_m2,101368.09,"entre 350000.0 y 1400000.0 (GAM_CENTRO, CRC)",1
2,7,20241211,1,7,3,2,AV-2024-000086,2-716120,2026-04,R-07,REVISA,valor_unitario_terreno_m2,4825295.47,"entre 350000.0 y 1400000.0 (GAM_CENTRO, CRC)",1
2,7,20241230,31,8,1,2,AV-2024-003458,1-646370,2026-04,R-07,REVISA,valor_unitario_terreno_m2,395765.63,"entre 15000.0 y 100000.0 (RURAL, CRC)",1
2,7,20250111,4,3,2,2,AV-2025-000002,2-696951,2026-04,R-07,REVISA,valor_unitario_terreno_m2,2863081.27,"entre 200000.0 y 750000.0 (CIUDAD_INTERMEDIA, CRC)",1
2,7,20250112,16,5,3,2,AV-2025-003910,4-406954,2026-04,R-07,REVISA,valor_unitario_terreno_m2,4177030.67,"entre 400000.0 y 1500000.0 (GAM_CENTRO, CRC)",1
2,7,20250113,12,3,7,2,AV-2025-003320,5-466659,2026-04,R-07,REVISA,valor_unitario_terreno_m2,1899498.01,"entre 200000.0 y 750000.0 (CIUDAD_INTERMEDIA, CRC)",1
2,7,20250123,13,3,3,2,AV-2025-002733,5-307938,2026-04,R-07,REVISA,valor_unitario_terreno_m2,2022313.19,"entre 200000.0 y 750000.0 (CIUDAD_INTERMEDIA, CRC)",1
2,7,20250225,26,3,3,2,AV-2025-002092,1-342583,2026-04,R-07,REVISA,valor_unitario_terreno_m2,4669680.3,"entre 400000.0 y 1350000.0 (GAM_CENTRO, CRC)",1
2,7,20250226,29,3,4,2,AV-2025-002692,1-872923,2026-04,R-07,REVISA,valor_unitario_terreno_m2,1819720.72,"entre 250000.0 y 950000.0 (GAM_PERIFERIA, CRC)",1
2,7,20250303,12,7,5,2,AV-2025-003748,5-805094,2026-04,R-07,REVISA,valor_unitario_terreno_m2,2369698.89,"entre 200000.0 y 800000.0 (CIUDAD_INTERMEDIA, CRC)",1
2,7,20250307,33,1,7,3,AV-2025-002066,1-441609-243,2026-04,R-07,REVISA,valor_unitario_terreno_m2,271854.8,"entre 500000.0 y 1600000.0 (GAM_CENTRO, CRC)",1
2,7,20250320,10,3,7,2,AV-2025-003418,3-697670,2026-04,R-07,REVISA,valor_unitario_terreno_m2,2908644.91,"entre 200000.0 y 750000.0 (CIUDAD_INTERMEDIA, CRC)",1
2,7,20250329,20,9,7,2,AV-2025-002202,7-559710,2026-04,R-07,REVISA,valor_unitario_terreno_m2,539612.82,"entre 35000.0 y 180000.0 (CIUDAD_INTERMEDIA, CRC)",1
2,7,20250331,5,3,3,2,AV-2025-002345,2-179033,2026-04,R-07,REVISA,valor_unitario_terreno_m2,50924.77,"entre 200000.0 y 750000.0 (CIUDAD_INTERMEDIA, CRC)",1
2,7,20250403,8,3,7,2,AV-2025-001043,3-306424,2026-04,R-07,REVISA,valor_unitario_terreno_m2,1710579.27,"entre 250000.0 y 950000.0 (GAM_PERIFERIA, CRC)",1
2,7,20250408,28,3,8,2,AV-2025-001133,1-137629,2026-04,R-07,REVISA,valor_unitario_terreno_m2,177819.48,"entre 400000.0 y 1350000.0 (GAM_CENTRO, CRC)",1
2,7,20250412,1,3,3,2,AV-2025-001232,2-872175,2026-04,R-07,REVISA,valor_unitario_terreno_m2,4945864.89,"entre 400000.0 y 1350000.0 (GAM_CENTRO, CRC)",1
2,7,20250412,35,7,7,2,AV-2025-002863,1-712221,2026-04,R-07,REVISA,valor_unitario_terreno_m2,3861415.58,"entre 350000.0 y 1400000.0 (GAM_CENTRO, CRC)",1
2,7,20250419,14,3,3,2,AV-2025-001554,5-427417,2026-04,R-07,REVISA,valor_unitario_terreno_m2,112934.92,"entre 300000.0 y 1500000.0 (COSTA, CRC)",1
2,7,20250420,4,3,9,2,AV-2025-003691,2-303388,2026-04,R-07,REVISA,valor_unitario_terreno_m2,2020336.49,"entre 200000.0 y 750000.0 (CIUDAD_INTERMEDIA, CRC)",1
2,7,20250430,35,7,6,2,AV-2025-001045,1-260457,2026-04,R-07,REVISA,valor_unitario_terreno_m2,4835835.77,"entre 350000.0 y 1400000.0 (GAM_CENTRO, CRC)",1
2,7,20250501,4,3,7,2,AV-2025-001177,2-220954,2026-04,R-07,REVISA,valor_unitario_terreno_m2,2525902.79,"entre 200000.0 y 750000.0 (CIUDAD_INTERMEDIA, CRC)",1
2,7,20250506,23,3,3,3,AV-2025-002394,6-436775,2026-04,R-07,REVISA,valor_unitario_terreno_m2,4844362.24,"entre 300000.0 y 1500000.0 (COSTA, CRC)",1
2,7,20250513,29,3,7,2,AV-2025-003715,1-389113,2026-04,R-07,REVISA,valor_unitario_terreno_m2,3365339.32,"entre 250000.0 y 950000.0 (GAM_PERIFERIA, CRC)",1
2,7,20250522,20,9,4,2,AV-2025-000870,7-828759,2026-04,R-07,REVISA,valor_unitario_terreno_m2,20330.02,"entre 35000.0 y 180000.0 (CIUDAD_INTERMEDIA, CRC)",1
2,7,20250524,19,6,9,2,AV-2025-001226,4-834729,2026-04,R-07,REVISA,valor_unitario_terreno_m2,402.06,"entre 1500.0 y 30000.0 (RURAL, CRC)",1
2,7,20250609,17,3,7,2,AV-2025-000128,4-814626,2026-04,R-07,REVISA,valor_unitario_terreno_m2,68933.38,"entre 250000.0 y 950000.0 (GAM_PERIFERIA, CRC)",1
2,7,20250614,19,6,7,2,AV-2025-002008,4-393240,2026-04,R-07,REVISA,valor_unitario_terreno_m2,595.07,"entre 1500.0 y 30000.0 (RURAL, CRC)",1
2,7,20250628,9,2,4,2,AV-2025-000868,3-543655,2026-04,R-07,REVISA,valor_unitario_terreno_m2,1059709.29,"entre 180000.0 y 650000.0 (GAM_PERIFERIA, CRC)",1
2,7,20250802,35,3,8,2,AV-2025-003686,1-729950,2026-04,R-07,REVISA,valor_unitario_terreno_m2,3751099.62,"entre 400000.0 y 1350000.0 (GAM_CENTRO, CRC)",1
2,7,20250806,22,9,3,2,AV-2025-001183,7-743314,2026-04,R-07,REVISA,valor_unitario_terreno_m2,37.88,"entre 75.0 y 750.0 (COSTA, USD)",1
2,7,20250810,20,3,7,2,AV-2025-002129,7-630805,2026-04,R-07,REVISA,valor_unitario_terreno_m2,2092479.39,"entre 200000.0 y 750000.0 (CIUDAD_INTERMEDIA, CRC)",1
2,7,20250813,24,7,3,2,AV-2025-001885,6-468599,2026-04,R-07,REVISA,valor_unitario_terreno_m2,2995113.22,"entre 200000.0 y 800000.0 (CIUDAD_INTERMEDIA, CRC)",1
2,7,20250822,7,3,2,2,AV-2025-000220,3-438244,2026-04,R-07,REVISA,valor_unitario_terreno_m2,119061.47,"entre 400000.0 y 1350000.0 (GAM_CENTRO, CRC)",1
2,7,20250913,18,9,3,2,AV-2025-000392,4-713062,2026-04,R-07,REVISA,valor_unitario_terreno_m2,1685.94,"entre 110.0 y 650.0 (GAM_PERIFERIA, USD)",1
2,7,20250916,16,3,4,2,AV-2025-000622,4-554474,2026-04,R-07,REVISA,valor_unitario_terreno_m2,3011476.25,"entre 400000.0 y 1350000.0 (GAM_CENTRO, CRC)",1
2,7,20250919,4,7,7,2,AV-2025-003223,2-651350,2026-04,R-07,REVISA,valor_unitario_terreno_m2,70474.33,"entre 200000.0 y 800000.0 (CIUDAD_INTERMEDIA, CRC)",1
2,7,20250930,9,7,9,2,AV-2025-001923,3-371214,2026-04,R-07,REVISA,valor_unitario_terreno_m2,2076717.54,"entre 250000.0 y 900000.0 (GAM_PERIFERIA, CRC)",1
2,7,20251013,4,3,8,2,AV-2025-000219,2-141010,2026-04,R-07,REVISA,valor_unitario_terreno_m2,2944530.9,"entre 200000.0 y 750000.0 (CIUDAD_INTERMEDIA, CRC)",1
2,7,20251017,23,9,7,3,AV-2025-001028,6-340949,2026-04,R-07,REVISA,valor_unitario_terreno_m2,1020278.1,"entre 35000.0 y 345000.0 (COSTA, CRC)",1
2,7,20251017,26,3,3,2,AV-2025-001261,1-446708,2026-04,R-07,REVISA,valor_unitario_terreno_m2,180933.77,"entre 400000.0 y 1350000.0 (GAM_CENTRO, CRC)",1
2,7,20251020,5,9,3,2,AV-2025-002025,2-318121,2026-04,R-07,REVISA,valor_unitario_terreno_m2,17602.51,"entre 35000.0 y 180000.0 (CIUDAD_INTERMEDIA, CRC)",1
2,7,20251025,29,3,8,2,AV-2025-003627,1-332991,2026-04,R-07,REVISA,valor_unitario_terreno_m2,2109928.93,"entre 250000.0 y 950000.0 (GAM_PERIFERIA, CRC)",1
2,7,20251105,21,7,3,2,AV-2025-003805,7-847513,2026-04,R-07,REVISA,valor_unitario_terreno_m2,86939.27,"entre 200000.0 y 800000.0 (CIUDAD_INTERMEDIA, CRC)",1
2,7,20251106,32,3,3,2,AV-2025-000157,1-286122,2026-04,R-07,REVISA,valor_unitario_terreno_m2,1291105.99,"entre 200000.0 y 750000.0 (CIUDAD_INTERMEDIA, CRC)",1
2,7,20251113,27,3,9,2,AV-2025-000695,1-570874,2026-04,R-07,REVISA,valor_unitario_terreno_m2,3321327.42,"entre 250000.0 y 950000.0 (GAM_PERIFERIA, CRC)",1
2,7,20251123,14,9,4,2,AV-2025-002702,5-143931,2026-04,R-07,REVISA,valor_unitario_terreno_m2,686775.39,"entre 35000.0 y 345000.0 (COSTA, CRC)",1
2,7,20251213,34,2,1,2,AV-2025-003701,1-438979,2026-04,R-07,REVISA,valor_unitario_terreno_m2,79673.87,"entre 225000.0 y 750000.0 (GAM_CENTRO, CRC)",1
2,7,20251218,28,3,6,2,AV-2025-003284,1-590186,2026-04,R-07,REVISA,valor_unitario_terreno_m2,4256916.88,"entre 400000.0 y 1350000.0 (GAM_CENTRO, CRC)",1
2,7,20251219,12,3,8,2,AV-2025-001337,5-301325,2026-04,R-07,REVISA,valor_unitario_terreno_m2,74689.75,"entre 200000.0 y 750000.0 (CIUDAD_INTERMEDIA, CRC)",1
2,7,20251225,11,3,6,2,AV-2025-001289,5-342499,2026-04,R-07,REVISA,valor_unitario_terreno_m2,158.95,"entre 650.0 y 3250.0 (COSTA, USD)",1
2,7,20251227,9,9,7,2,AV-2025-003892,3-142965,2026-04,R-07,REVISA,valor_unitario_terreno_m2,28570.49,"entre 50000.0 y 300000.0 (GAM_PERIFERIA, CRC)",1
2,7,20251231,26,7,3,2,AV-2025-003317,1-332137,2026-04,R-07,REVISA,valor_unitario_terreno_m2,4126053.88,"entre 350000.0 y 1400000.0 (GAM_CENTRO, CRC)",1
2,7,20260118,20,3,1,2,AV-2026-000628,7-933837,2026-04,R-07,REVISA,valor_unitario_terreno_m2,2466664.3,"entre 200000.0 y 750000.0 (CIUDAD_INTERMEDIA, CRC)",1
2,7,20260123,29,7,3,2,AV-2026-001095,1-865662,2026-04,R-07,REVISA,valor_unitario_terreno_m2,3241374.26,"entre 250000.0 y 900000.0 (GAM_PERIFERIA, CRC)",1
2,7,20260207,30,7,1,2,AV-2026-003030,1-411134,2026-04,R-07,REVISA,valor_unitario_terreno_m2,2270052.52,"entre 350000.0 y 1400000.0 (GAM_CENTRO, CRC)",1
2,7,20260210,18,3,4,2,AV-2026-000592,4-979784,2026-04,R-07,REVISA,valor_unitario_terreno_m2,1951932.44,"entre 250000.0 y 950000.0 (GAM_PERIFERIA, CRC)",1
2,7,20260212,10,3,3,2,AV-2026-002712,3-513914,2026-04,R-07,REVISA,valor_unitario_terreno_m2,115555.5,"entre 200000.0 y 750000.0 (CIUDAD_INTERMEDIA, CRC)",1
2,7,20260212,18,3,7,2,AV-2026-002842,4-415919,2026-04,R-07,REVISA,valor_unitario_terreno_m2,87771.46,"entre 250000.0 y 950000.0 (GAM_PERIFERIA, CRC)",1
2,7,20260220,2,3,3,2,AV-2026-000066,2-272775,2026-04,R-07,REVISA,valor_unitario_terreno_m2,1959549.21,"entre 150000.0 y 550000.0 (RURAL, CRC)",1
2,8,20210307,16,1,7,2,AV-2025-002418,4-370674-230,2026-04,R-08,REVISA,fecha_valor,2021-03-07,no anterior a 2024-04-30 (24 meses),1
2,8,20210307,28,3,3,2,AV-2026-003505,1-868612,2026-04,R-08,REVISA,fecha_valor,2021-03-07,no anterior a 2024-04-30 (24 meses),1
2,8,20210308,28,7,9,2,AV-2025-003022,1-145917,2026-04,R-08,REVISA,fecha_valor,2021-03-08,no anterior a 2024-04-30 (24 meses),1
2,8,20210314,7,3,3,2,AV-2025-000092,3-260841,2026-04,R-08,REVISA,fecha_valor,2021-03-14,no anterior a 2024-04-30 (24 meses),1
2,8,20210322,32,8,9,2,AV-2025-003733,1-814545,2026-04,R-08,REVISA,fecha_valor,2021-03-22,no anterior a 2024-04-30 (24 meses),1
2,8,20210403,10,7,4,2,AV-2025-002655,3-535617,2026-04,R-08,REVISA,fecha_valor,2021-04-03,no anterior a 2024-04-30 (24 meses),1
2,8,20210412,8,3,3,2,AV-2025-001533,3-357422,2026-04,R-08,REVISA,fecha_valor,2021-04-12,no anterior a 2024-04-30 (24 meses),1
2,8,20210414,10,8,6,2,AV-2025-003557,3-662538,2026-04,R-08,REVISA,fecha_valor,2021-04-14,no anterior a 2024-04-30 (24 meses),1
2,8,20210417,31,6,3,2,AV-2025-001590,1-331464,2026-04,R-08,REVISA,fecha_valor,2021-04-17,no anterior a 2024-04-30 (24 meses),1
2,8,20210426,12,3,3,3,AV-2025-003048,5-909649,2026-04,R-08,REVISA,fecha_valor,2021-04-26,no anterior a 2024-04-30 (24 meses),1
2,8,20210429,19,3,2,2,AV-2025-003801,4-594674,2026-04,R-08,REVISA,fecha_valor,2021-04-29,no anterior a 2024-04-30 (24 meses),1
2,8,20210430,18,7,6,3,AV-2025-000371,4-565674,2026-04,R-08,REVISA,fecha_valor,2021-04-30,no anterior a 2024-04-30 (24 meses),1
2,8,20210512,34,7,3,2,AV-2026-004200,1-137043,2026-04,R-08,REVISA,fecha_valor,2021-05-12,no anterior a 2024-04-30 (24 meses),1
2,8,20210520,11,3,4,2,AV-2025-000296,5-834615,2026-04,R-08,REVISA,fecha_valor,2021-05-20,no anterior a 2024-04-30 (24 meses),1
2,8,20210526,1,3,9,2,AV-2024-000269,2-694960,2026-04,R-08,REVISA,fecha_valor,2021-05-26,no anterior a 2024-04-30 (24 meses),1
2,8,20210614,26,1,3,2,AV-2025-002231,1-704190-079,2026-04,R-08,REVISA,fecha_valor,2021-06-14,no anterior a 2024-04-30 (24 meses),1
2,8,20210621,9,9,6,2,AV-2026-000817,3-152891,2026-04,R-08,REVISA,fecha_valor,2021-06-21,no anterior a 2024-04-30 (24 meses),1
2,8,20210708,15,1,2,2,AV-2025-003768,4-710515-197,2026-04,R-08,REVISA,fecha_valor,2021-07-08,no anterior a 2024-04-30 (24 meses),1
2,8,20210713,1,1,3,3,AV-2025-003609,2-901163-013,2026-04,R-08,REVISA,fecha_valor,2021-07-13,no anterior a 2024-04-30 (24 meses),1
2,8,20210716,31,6,4,2,AV-2026-001872,1-652909,2026-04,R-08,REVISA,fecha_valor,2021-07-16,no anterior a 2024-04-30 (24 meses),1
2,8,20210726,15,1,8,2,AV-2025-001016,4-361979-140,2026-04,R-08,REVISA,fecha_valor,2021-07-26,no anterior a 2024-04-30 (24 meses),1
2,8,20210811,16,3,3,2,AV-2025-001221,4-978295,2026-04,R-08,REVISA,fecha_valor,2021-08-11,no anterior a 2024-04-30 (24 meses),1
2,8,20210814,13,9,9,2,AV-2025-000501,5-636985,2026-04,R-08,REVISA,fecha_valor,2021-08-14,no anterior a 2024-04-30 (24 meses),1
2,8,20210817,3,6,1,2,AV-2024-002624,2-428010,2026-04,R-08,REVISA,fecha_valor,2021-08-17,no anterior a 2024-04-30 (24 meses),1
2,8,20210905,18,2,3,3,AV-2025-001845,4-569345,2026-04,R-08,REVISA,fecha_valor,2021-09-05,no anterior a 2024-04-30 (24 meses),1
2,8,20210908,29,2,3,3,AV-2024-002337,1-389737,2026-04,R-08,REVISA,fecha_valor,2021-09-08,no anterior a 2024-04-30 (24 meses),1
2,8,20210909,24,3,7,2,AV-2025-002492,6-144410,2026-04,R-08,REVISA,fecha_valor,2021-09-09,no anterior a 2024-04-30 (24 meses),1
2,8,20210918,12,9,3,2,AV-2025-002046,5-488061,2026-04,R-08,REVISA,fecha_valor,2021-09-18,no anterior a 2024-04-30 (24 meses),1
2,8,20210924,18,1,9,2,AV-2024-000693,4-133407-381,2026-04,R-08,REVISA,fecha_valor,2021-09-24,no anterior a 2024-04-30 (24 meses),1
2,8,20210925,3,3,2,2,AV-2024-003431,2-939308,2026-04,R-08,REVISA,fecha_valor,2021-09-25,no anterior a 2024-04-30 (24 meses),1
2,8,20211014,35,4,6,2,AV-2024-000824,1-485457-134,2026-04,R-08,REVISA,fecha_valor,2021-10-14,no anterior a 2024-04-30 (24 meses),1
2,8,20211021,7,5,3,2,AV-2024-001209,3-659342,2026-04,R-08,REVISA,fecha_valor,2021-10-21,no anterior a 2024-04-30 (24 meses),1
2,8,20211025,28,4,8,2,AV-2025-001802,1-223425-187,2026-04,R-08,REVISA,fecha_valor,2021-10-25,no anterior a 2024-04-30 (24 meses),1
2,8,20211028,16,9,3,2,AV-2026-003173,4-263548,2026-04,R-08,REVISA,fecha_valor,2021-10-28,no anterior a 2024-04-30 (24 meses),1
2,8,20211115,12,8,9,2,AV-2026-002193,5-582858,2026-04,R-08,REVISA,fecha_valor,2021-11-15,no anterior a 2024-04-30 (24 meses),1
2,8,20211119,11,4,4,2,AV-2025-003484,5-840775-066,2026-04,R-08,REVISA,fecha_valor,2021-11-19,no anterior a 2024-04-30 (24 meses),1
2,8,20211121,9,9,3,2,AV-2025-001744,3-339080,2026-04,R-08,REVISA,fecha_valor,2021-11-21,no anterior a 2024-04-30 (24 meses),1
2,8,20211204,1,3,7,2,AV-2025-000904,2-484925,2026-04,R-08,REVISA,fecha_valor,2021-12-04,no anterior a 2024-04-30 (24 meses),1
2,8,20211208,5,9,3,2,AV-2025-002177,2-334611,2026-04,R-08,REVISA,fecha_valor,2021-12-08,no anterior a 2024-04-30 (24 meses),1
2,8,20211213,9,9,6,2,AV-2025-003639,3-508601,2026-04,R-08,REVISA,fecha_valor,2021-12-13,no anterior a 2024-04-30 (24 meses),1
2,8,20211218,27,9,6,2,AV-2026-001778,1-649769,2026-04,R-08,REVISA,fecha_valor,2021-12-18,no anterior a 2024-04-30 (24 meses),1
2,8,20211218,30,3,3,2,AV-2025-002934,1-450726,2026-04,R-08,REVISA,fecha_valor,2021-12-18,no anterior a 2024-04-30 (24 meses),1
2,8,20220106,4,8,3,2,AV-2025-001726,2-489240,2026-04,R-08,REVISA,fecha_valor,2022-01-06,no anterior a 2024-04-30 (24 meses),1
2,8,20220128,26,4,4,2,AV-2026-003909,1-674997-321,2026-04,R-08,REVISA,fecha_valor,2022-01-28,no anterior a 2024-04-30 (24 meses),1
2,8,20220207,22,9,8,2,AV-2025-001504,7-537777,2026-04,R-08,REVISA,fecha_valor,2022-02-07,no anterior a 2024-04-30 (24 meses),1
2,8,20220210,29,9,3,2,AV-2025-001617,1-806626,2026-04,R-08,REVISA,fecha_valor,2022-02-10,no anterior a 2024-04-30 (24 meses),1
2,8,20220213,29,1,3,2,AV-2026-000867,1-302752-046,2026-04,R-08,REVISA,fecha_valor,2022-02-13,no anterior a 2024-04-30 (24 meses),1
2,8,20220217,19,3,6,2,AV-2026-003787,4-527241,2026-04,R-08,REVISA,fecha_valor,2022-02-17,no anterior a 2024-04-30 (24 meses),1
2,8,20220305,15,3,7,2,AV-2026-004157,4-525926,2026-04,R-08,REVISA,fecha_valor,2022-03-05,no anterior a 2024-04-30 (24 meses),1
2,8,20220310,25,3,3,2,AV-2024-000477,6-883218,2026-04,R-08,REVISA,fecha_valor,2022-03-10,no anterior a 2024-04-30 (24 meses),1
2,8,20220321,29,3,7,2,AV-2024-000829,1-512586,2026-04,R-08,REVISA,fecha_valor,2022-03-21,no anterior a 2024-04-30 (24 meses),1
2,8,20220323,30,3,9,2,AV-2025-000136,1-465456,2026-04,R-08,REVISA,fecha_valor,2022-03-23,no anterior a 2024-04-30 (24 meses),1
2,8,20220324,27,3,7,2,AV-2026-002429,1-457235,2026-04,R-08,REVISA,fecha_valor,2022-03-24,no anterior a 2024-04-30 (24 meses),1
2,8,20220326,8,7,3,2,AV-2026-003342,3-475880,2026-04,R-08,REVISA,fecha_valor,2022-03-26,no anterior a 2024-04-30 (24 meses),1
2,8,20220328,7,1,8,2,AV-2025-001253,3-719399-024,2026-04,R-08,REVISA,fecha_valor,2022-03-28,no anterior a 2024-04-30 (24 meses),1
2,8,20220330,16,5,7,2,AV-2024-003267,4-682504,2026-04,R-08,REVISA,fecha_valor,2022-03-30,no anterior a 2024-04-30 (24 meses),1
2,8,20220405,29,1,1,2,AV-2025-003591,1-165041-084,2026-04,R-08,REVISA,fecha_valor,2022-04-05,no anterior a 2024-04-30 (24 meses),1
2,8,20220406,23,3,4,2,AV-2025-002900,6-995420,2026-04,R-08,REVISA,fecha_valor,2022-04-06,no anterior a 2024-04-30 (24 meses),1
2,8,20220409,17,4,5,2,AV-2026-003678,4-822547-058,2026-04,R-08,REVISA,fecha_valor,2022-04-09,no anterior a 2024-04-30 (24 meses),1
2,8,20220413,34,1,5,2,AV-2025-000400,1-185516-383,2026-04,R-08,REVISA,fecha_valor,2022-04-13,no anterior a 2024-04-30 (24 meses),1
2,8,20220420,20,3,7,3,AV-2024-001172,7-235979,2026-04,R-08,REVISA,fecha_valor,2022-04-20,no anterior a 2024-04-30 (24 meses),1
2,8,20220429,17,9,6,2,AV-2024-003506,4-170971,2026-04,R-08,REVISA,fecha_valor,2022-04-29,no anterior a 2024-04-30 (24 meses),1
2,8,20220512,27,3,4,2,AV-2024-000922,1-642734,2026-04,R-08,REVISA,fecha_valor,2022-05-12,no anterior a 2024-04-30 (24 meses),1
2,8,20220516,15,3,3,2,AV-2026-002316,4-557968,2026-04,R-08,REVISA,fecha_valor,2022-05-16,no anterior a 2024-04-30 (24 meses),1
2,8,20220518,34,1,3,2,AV-2025-002635,1-881657-129,2026-04,R-08,REVISA,fecha_valor,2022-05-18,no anterior a 2024-04-30 (24 meses),1
2,8,20220520,27,9,5,2,AV-2025-003339,1-552222,2026-04,R-08,REVISA,fecha_valor,2022-05-20,no anterior a 2024-04-30 (24 meses),1
2,8,20220522,19,3,2,2,AV-2025-001519,4-541458,2026-04,R-08,REVISA,fecha_valor,2022-05-22,no anterior a 2024-04-30 (24 meses),1
2,8,20220523,28,7,9,2,AV-2025-001835,1-103163,2026-04,R-08,REVISA,fecha_valor,2022-05-23,no anterior a 2024-04-30 (24 meses),1
2,8,20220525,16,7,7,2,AV-2025-003138,4-147822,2026-04,R-08,REVISA,fecha_valor,2022-05-25,no anterior a 2024-04-30 (24 meses),1
2,8,20220525,30,1,1,2,AV-2024-001901,1-752201-388,2026-04,R-08,REVISA,fecha_valor,2022-05-25,no anterior a 2024-04-30 (24 meses),1
2,8,20220610,24,6,7,2,AV-2026-002296,6-822966,2026-04,R-08,REVISA,fecha_valor,2022-06-10,no anterior a 2024-04-30 (24 meses),1
2,8,20220627,1,3,4,2,AV-2024-000820,2-463929,2026-04,R-08,REVISA,fecha_valor,2022-06-27,no anterior a 2024-04-30 (24 meses),1
2,8,20220705,31,3,3,2,AV-2025-002311,1-987614,2026-04,R-08,REVISA,fecha_valor,2022-07-05,no anterior a 2024-04-30 (24 meses),1
2,8,20220708,22,3,3,2,AV-2026-004039,7-387955,2026-04,R-08,REVISA,fecha_valor,2022-07-08,no anterior a 2024-04-30 (24 meses),1
2,8,20220719,5,3,2,2,AV-2025-001156,2-457277,2026-04,R-08,REVISA,fecha_valor,2022-07-19,no anterior a 2024-04-30 (24 meses),1
2,8,20220723,16,3,4,2,AV-2025-002693,4-124585,2026-04,R-08,REVISA,fecha_valor,2022-07-23,no anterior a 2024-04-30 (24 meses),1
2,8,20220724,1,4,3,2,AV-2025-003933,2-565538-151,2026-04,R-08,REVISA,fecha_valor,2022-07-24,no anterior a 2024-04-30 (24 meses),1
2,8,20220728,9,3,3,2,AV-2025-000910,3-242265,2026-04,R-08,REVISA,fecha_valor,2022-07-28,no anterior a 2024-04-30 (24 meses),1
2,8,20220811,5,8,7,2,AV-2024-003974,2-634251,2026-04,R-08,REVISA,fecha_valor,2022-08-11,no anterior a 2024-04-30 (24 meses),1
2,8,20220814,6,3,3,2,AV-2026-004048,2-528016,2026-04,R-08,REVISA,fecha_valor,2022-08-14,no anterior a 2024-04-30 (24 meses),1
2,8,20220814,35,5,1,3,AV-2024-000859,1-972708,2026-04,R-08,REVISA,fecha_valor,2022-08-14,no anterior a 2024-04-30 (24 meses),1
2,8,20220815,33,3,5,2,AV-2025-003330,1-413509,2026-04,R-08,REVISA,fecha_valor,2022-08-15,no anterior a 2024-04-30 (24 meses),1
2,8,20220826,26,1,7,2,AV-2025-003738,1-150900-365,2026-04,R-08,REVISA,fecha_valor,2022-08-26,no anterior a 2024-04-30 (24 meses),1
2,8,20220906,7,9,6,2,AV-2025-002109,3-874418,2026-04,R-08,REVISA,fecha_valor,2022-09-06,no anterior a 2024-04-30 (24 meses),1
2,8,20221005,34,2,3,2,AV-2024-000394,1-593321,2026-04,R-08,REVISA,fecha_valor,2022-10-05,no anterior a 2024-04-30 (24 meses),1
2,8,20221009,16,7,7,2,AV-2025-003480,4-641613,2026-04,R-08,REVISA,fecha_valor,2022-10-09,no anterior a 2024-04-30 (24 meses),1
2,8,20221010,1,4,4,2,AV-2025-000911,2-387681-032,2026-04,R-08,REVISA,fecha_valor,2022-10-10,no anterior a 2024-04-30 (24 meses),1
2,8,20221017,32,3,9,2,AV-2025-003332,1-893663,2026-04,R-08,REVISA,fecha_valor,2022-10-17,no anterior a 2024-04-30 (24 meses),1
2,8,20221022,7,3,7,3,AV-2025-003493,3-948010,2026-04,R-08,REVISA,fecha_valor,2022-10-22,no anterior a 2024-04-30 (24 meses),1
2,8,20221022,15,1,3,2,AV-2024-000915,4-180961-040,2026-04,R-08,REVISA,fecha_valor,2022-10-22,no anterior a 2024-04-30 (24 meses),1
2,8,20221026,31,6,4,2,AV-2025-000315,1-877794,2026-04,R-08,REVISA,fecha_valor,2022-10-26,no anterior a 2024-04-30 (24 meses),1
2,8,20221115,28,5,3,3,AV-2025-000013,1-306654,2026-04,R-08,REVISA,fecha_valor,2022-11-15,no anterior a 2024-04-30 (24 meses),1
2,8,20221117,34,4,8,2,AV-2025-001224,1-620650-308,2026-04,R-08,REVISA,fecha_valor,2022-11-17,no anterior a 2024-04-30 (24 meses),1
2,8,20221121,18,3,3,2,AV-2026-004010,4-434586,2026-04,R-08,REVISA,fecha_valor,2022-11-21,no anterior a 2024-04-30 (24 meses),1
2,8,20221121,29,3,6,2,AV-2025-001876,1-656428,2026-04,R-08,REVISA,fecha_valor,2022-11-21,no anterior a 2024-04-30 (24 meses),1
2,8,20221123,4,7,8,2,AV-2026-001731,2-301784,2026-04,R-08,REVISA,fecha_valor,2022-11-23,no anterior a 2024-04-30 (24 meses),1
2,8,20221128,20,2,7,2,AV-2025-001153,7-329031,2026-04,R-08,REVISA,fecha_valor,2022-11-28,no anterior a 2024-04-30 (24 meses),1
2,8,20221217,1,3,2,3,AV-2025-002894,2-570604,2026-04,R-08,REVISA,fecha_valor,2022-12-17,no anterior a 2024-04-30 (24 meses),1
2,8,20221219,8,3,4,2,AV-2025-003851,3-369618,2026-04,R-08,REVISA,fecha_valor,2022-12-19,no anterior a 2024-04-30 (24 meses),1
2,8,20221220,1,1,3,2,AV-2025-000789,2-916213-173,2026-04,R-08,REVISA,fecha_valor,2022-12-20,no anterior a 2024-04-30 (24 meses),1
2,8,20221220,29,7,7,2,AV-2025-000766,1-810649,2026-04,R-08,REVISA,fecha_valor,2022-12-20,no anterior a 2024-04-30 (24 meses),1
2,8,20221229,15,1,7,2,AV-2025-000753,4-552428-381,2026-04,R-08,REVISA,fecha_valor,2022-12-29,no anterior a 2024-04-30 (24 meses),1
2,8,20221229,27,9,3,2,AV-2025-001701,1-763481,2026-04,R-08,REVISA,fecha_valor,2022-12-29,no anterior a 2024-04-30 (24 meses),1
2,8,20221230,18,3,6,2,AV-2025-001561,4-390081,2026-04,R-08,REVISA,fecha_valor,2022-12-30,no anterior a 2024-04-30 (24 meses),1
2,8,20230110,15,2,3,3,AV-2025-003629,4-213201,2026-04,R-08,REVISA,fecha_valor,2023-01-10,no anterior a 2024-04-30 (24 meses),1
2,8,20230114,13,3,3,2,AV-2026-002087,5-450970,2026-04,R-08,REVISA,fecha_valor,2023-01-14,no anterior a 2024-04-30 (24 meses),1
2,8,20230114,16,1,4,2,AV-2025-003083,4-750979-008,2026-04,R-08,REVISA,fecha_valor,2023-01-14,no anterior a 2024-04-30 (24 meses),1
2,8,20230114,16,3,7,2,AV-2025-000174,4-376105,2026-04,R-08,REVISA,fecha_valor,2023-01-14,no anterior a 2024-04-30 (24 meses),1
2,8,20230116,22,4,1,2,AV-2025-001887,7-202111-315,2026-04,R-08,REVISA,fecha_valor,2023-01-16,no anterior a 2024-04-30 (24 meses),1
2,8,20230116,23,8,6,2,AV-2026-004170,6-334787,2026-04,R-08,REVISA,fecha_valor,2023-01-16,no anterior a 2024-04-30 (24 meses),1
2,8,20230123,15,3,5,2,AV-2025-001622,4-697037,2026-04,R-08,REVISA,fecha_valor,2023-01-23,no anterior a 2024-04-30 (24 meses),1
2,8,20230123,16,1,7,2,AV-2026-004177,4-420839-308,2026-04,R-08,REVISA,fecha_valor,2023-01-23,no anterior a 2024-04-30 (24 meses),1
2,8,20230124,15,3,4,2,AV-2025-002542,4-747282,2026-04,R-08,REVISA,fecha_valor,2023-01-24,no anterior a 2024-04-30 (24 meses),1
2,8,20230125,1,9,7,2,AV-2026-000367,2-953812,2026-04,R-08,REVISA,fecha_valor,2023-01-25,no anterior a 2024-04-30 (24 meses),1
2,8,20230125,18,9,4,2,AV-2025-003812,4-754142,2026-04,R-08,REVISA,fecha_valor,2023-01-25,no anterior a 2024-04-30 (24 meses),1
2,8,20230131,22,1,5,3,AV-2025-001986,7-538525-331,2026-04,R-08,REVISA,fecha_valor,2023-01-31,no anterior a 2024-04-30 (24 meses),1
2,8,20230201,26,3,7,3,AV-2025-003116,1-436513,2026-04,R-08,REVISA,fecha_valor,2023-02-01,no anterior a 2024-04-30 (24 meses),1
2,8,20230205,19,3,6,2,AV-2026-003726,4-439937,2026-04,R-08,REVISA,fecha_valor,2023-02-05,no anterior a 2024-04-30 (24 meses),1
2,8,20230208,34,4,3,2,AV-2025-002215,1-476515-315,2026-04,R-08,REVISA,fecha_valor,2023-02-08,no anterior a 2024-04-30 (24 meses),1
2,8,20230212,10,7,7,2,AV-2024-000274,3-390426,2026-04,R-08,REVISA,fecha_valor,2023-02-12,no anterior a 2024-04-30 (24 meses),1
2,8,20230212,32,2,7,2,AV-2024-003038,1-805080,2026-04,R-08,REVISA,fecha_valor,2023-02-12,no anterior a 2024-04-30 (24 meses),1
2,8,20230312,6,3,7,2,AV-2025-001629,2-147217,2026-04,R-08,REVISA,fecha_valor,2023-03-12,no anterior a 2024-04-30 (24 meses),1
2,8,20230320,15,1,3,2,AV-2025-003514,4-482035-336,2026-04,R-08,REVISA,fecha_valor,2023-03-20,no anterior a 2024-04-30 (24 meses),1
2,8,20230323,3,7,8,3,AV-2024-002337,2-684252,2026-04,R-08,REVISA,fecha_valor,2023-03-23,no anterior a 2024-04-30 (24 meses),1
2,8,20230330,8,7,3,2,AV-2025-003990,3-784103,2026-04,R-08,REVISA,fecha_valor,2023-03-30,no anterior a 2024-04-30 (24 meses),1
2,8,20230419,33,1,5,2,AV-2025-000114,1-337593-022,2026-04,R-08,REVISA,fecha_valor,2023-04-19,no anterior a 2024-04-30 (24 meses),1
2,8,20230421,8,9,6,2,AV-2025-000511,3-500074,2026-04,R-08,REVISA,fecha_valor,2023-04-21,no anterior a 2024-04-30 (24 meses),1
2,8,20230427,31,6,4,2,AV-2026-003770,1-810892,2026-04,R-08,REVISA,fecha_valor,2023-04-27,no anterior a 2024-04-30 (24 meses),1
2,8,20230428,11,1,3,3,AV-2024-001078,5-552439-014,2026-04,R-08,REVISA,fecha_valor,2023-04-28,no anterior a 2024-04-30 (24 meses),1
2,8,20230505,12,3,3,2,AV-2024-000682,5-820549,2026-04,R-08,REVISA,fecha_valor,2023-05-05,no anterior a 2024-04-30 (24 meses),1
2,8,20230511,30,9,8,2,AV-2025-003099,1-742222,2026-04,R-08,REVISA,fecha_valor,2023-05-11,no anterior a 2024-04-30 (24 meses),1
2,8,20230514,1,7,9,2,AV-2025-003386,2-266039,2026-04,R-08,REVISA,fecha_valor,2023-05-14,no anterior a 2024-04-30 (24 meses),1
2,8,20230521,27,9,4,3,AV-2025-000901,1-664663,2026-04,R-08,REVISA,fecha_valor,2023-05-21,no anterior a 2024-04-30 (24 meses),1
2,8,20230611,29,3,2,2,AV-2026-002488,1-417116,2026-04,R-08,REVISA,fecha_valor,2023-06-11,no anterior a 2024-04-30 (24 meses),1
2,8,20230613,18,1,7,2,AV-2025-001719,4-497479-030,2026-04,R-08,REVISA,fecha_valor,2023-06-13,no anterior a 2024-04-30 (24 meses),1
2,8,20230618,18,3,4,2,AV-2024-001858,4-929619,2026-04,R-08,REVISA,fecha_valor,2023-06-18,no anterior a 2024-04-30 (24 meses),1
2,8,20230624,17,9,3,2,AV-2025-000075,4-127064,2026-04,R-08,REVISA,fecha_valor,2023-06-24,no anterior a 2024-04-30 (24 meses),1
2,8,20230706,9,9,7,2,AV-2025-003594,3-860948,2026-04,R-08,REVISA,fecha_valor,2023-07-06,no anterior a 2024-04-30 (24 meses),1
2,8,20230711,4,7,8,2,AV-2025-002804,2-664654,2026-04,R-08,REVISA,fecha_valor,2023-07-11,no anterior a 2024-04-30 (24 meses),1
2,8,20230712,27,4,7,2,AV-2024-003649,1-828461-301,2026-04,R-08,REVISA,fecha_valor,2023-07-12,no anterior a 2024-04-30 (24 meses),1
2,8,20230714,3,3,1,2,AV-2025-002820,2-502593,2026-04,R-08,REVISA,fecha_valor,2023-07-14,no anterior a 2024-04-30 (24 meses),1
2,8,20230731,29,3,9,2,AV-2024-002243,1-262047,2026-04,R-08,REVISA,fecha_valor,2023-07-31,no anterior a 2024-04-30 (24 meses),1
2,8,20230806,19,3,6,2,AV-2024-000242,4-222358,2026-04,R-08,REVISA,fecha_valor,2023-08-06,no anterior a 2024-04-30 (24 meses),1
2,8,20230806,23,3,1,2,AV-2025-001235,6-839340,2026-04,R-08,REVISA,fecha_valor,2023-08-06,no anterior a 2024-04-30 (24 meses),1
2,8,20230806,30,7,7,2,AV-2025-003221,1-892195,2026-04,R-08,REVISA,fecha_valor,2023-08-06,no anterior a 2024-04-30 (24 meses),1
2,8,20230807,9,2,7,2,AV-2026-001136,3-449262,2026-04,R-08,REVISA,fecha_valor,2023-08-07,no anterior a 2024-04-30 (24 meses),1
2,8,20230821,33,4,9,2,AV-2025-003170,1-725276-357,2026-04,R-08,REVISA,fecha_valor,2023-08-21,no anterior a 2024-04-30 (24 meses),1
2,8,20230825,21,7,3,2,AV-2025-001240,7-241624,2026-04,R-08,REVISA,fecha_valor,2023-08-25,no anterior a 2024-04-30 (24 meses),1
2,8,20230904,6,6,3,2,AV-2025-002524,2-807751,2026-04,R-08,REVISA,fecha_valor,2023-09-04,no anterior a 2024-04-30 (24 meses),1
2,8,20230904,7,7,8,2,AV-2025-002133,3-897475,2026-04,R-08,REVISA,fecha_valor,2023-09-04,no anterior a 2024-04-30 (24 meses),1
2,8,20230904,24,6,7,2,AV-2025-002185,6-935660,2026-04,R-08,REVISA,fecha_valor,2023-09-04,no anterior a 2024-04-30 (24 meses),1
2,8,20230922,27,9,7,2,AV-2025-001818,1-652805,2026-04,R-08,REVISA,fecha_valor,2023-09-22,no anterior a 2024-04-30 (24 meses),1
2,8,20230927,18,3,5,2,AV-2025-001623,4-456725,2026-04,R-08,REVISA,fecha_valor,2023-09-27,no anterior a 2024-04-30 (24 meses),1
2,8,20230930,4,3,3,2,AV-2025-002772,2-656293,2026-04,R-08,REVISA,fecha_valor,2023-09-30,no anterior a 2024-04-30 (24 meses),1
2,8,20231008,26,2,2,2,AV-2025-000727,1-594315,2026-04,R-08,REVISA,fecha_valor,2023-10-08,no anterior a 2024-04-30 (24 meses),1
2,8,20231013,7,3,2,3,AV-2025-003872,3-514641,2026-04,R-08,REVISA,fecha_valor,2023-10-13,no anterior a 2024-04-30 (24 meses),1
2,8,20231014,34,1,5,2,AV-2026-004149,1-933858-228,2026-04,R-08,REVISA,fecha_valor,2023-10-14,no anterior a 2024-04-30 (24 meses),1
2,8,20231021,33,3,3,2,AV-2024-002962,1-763487,2026-04,R-08,REVISA,fecha_valor,2023-10-21,no anterior a 2024-04-30 (24 meses),1
2,8,20231028,28,3,7,2,AV-2026-004089,1-562201,2026-04,R-08,REVISA,fecha_valor,2023-10-28,no anterior a 2024-04-30 (24 meses),1
2,8,20231030,7,7,1,2,AV-2025-003081,3-508376,2026-04,R-08,REVISA,fecha_valor,2023-10-30,no anterior a 2024-04-30 (24 meses),1
2,8,20231104,14,3,6,2,AV-2025-002379,5-188130,2026-04,R-08,REVISA,fecha_valor,2023-11-04,no anterior a 2024-04-30 (24 meses),1
2,8,20231107,33,3,3,2,AV-2025-000844,1-915045,2026-04,R-08,REVISA,fecha_valor,2023-11-07,no anterior a 2024-04-30 (24 meses),1
2,8,20231117,20,9,7,3,AV-2026-003166,7-765840,2026-04,R-08,REVISA,fecha_valor,2023-11-17,no anterior a 2024-04-30 (24 meses),1
2,8,20231118,35,9,4,2,AV-2025-000303,1-662735,2026-04,R-08,REVISA,fecha_valor,2023-11-18,no anterior a 2024-04-30 (24 meses),1
2,8,20231126,17,3,1,3,AV-2026-000585,4-282676,2026-04,R-08,REVISA,fecha_valor,2023-11-26,no anterior a 2024-04-30 (24 meses),1
2,8,20231206,34,2,3,2,AV-2025-003614,1-208024,2026-04,R-08,REVISA,fecha_valor,2023-12-06,no anterior a 2024-04-30 (24 meses),1
2,8,20231209,28,5,1,2,AV-2024-003961,1-408286,2026-04,R-08,REVISA,fecha_valor,2023-12-09,no anterior a 2024-04-30 (24 meses),1
2,8,20231211,30,1,3,2,AV-2025-000485,1-940924-131,2026-04,R-08,REVISA,fecha_valor,2023-12-11,no anterior a 2024-04-30 (24 meses),1
2,8,20231216,32,3,1,2,AV-2025-001950,1-730047,2026-04,R-08,REVISA,fecha_valor,2023-12-16,no anterior a 2024-04-30 (24 meses),1
2,8,20231224,27,4,3,2,AV-2025-000865,1-524008-376,2026-04,R-08,REVISA,fecha_valor,2023-12-24,no anterior a 2024-04-30 (24 meses),1
2,8,20231227,16,2,1,2,AV-2024-001054,4-206970,2026-04,R-08,REVISA,fecha_valor,2023-12-27,no anterior a 2024-04-30 (24 meses),1
2,8,20240104,31,3,3,2,AV-2025-000730,1-870162,2026-04,R-08,REVISA,fecha_valor,2024-01-04,no anterior a 2024-04-30 (24 meses),1
2,8,20240105,6,8,3,2,AV-2026-003045,2-960015,2026-04,R-08,REVISA,fecha_valor,2024-01-05,no anterior a 2024-04-30 (24 meses),1
2,8,20240108,27,1,8,2,AV-2025-001518,1-673985-199,2026-04,R-08,REVISA,fecha_valor,2024-01-08,no anterior a 2024-04-30 (24 meses),1
2,8,20240109,26,2,3,2,AV-2025-000449,1-619657,2026-04,R-08,REVISA,fecha_valor,2024-01-09,no anterior a 2024-04-30 (24 meses),1
2,8,20240117,18,3,9,2,AV-2025-001567,4-615550,2026-04,R-08,REVISA,fecha_valor,2024-01-17,no anterior a 2024-04-30 (24 meses),1
2,8,20240124,9,9,8,2,AV-2026-004130,3-629891,2026-04,R-08,REVISA,fecha_valor,2024-01-24,no anterior a 2024-04-30 (24 meses),1
2,8,20240128,9,3,3,2,AV-2026-003375,3-871833,2026-04,R-08,REVISA,fecha_valor,2024-01-28,no anterior a 2024-04-30 (24 meses),1
2,8,20240129,6,3,3,2,AV-2026-000978,2-408197,2026-04,R-08,REVISA,fecha_valor,2024-01-29,no anterior a 2024-04-30 (24 meses),1
2,8,20240211,16,3,1,2,AV-2026-003746,4-518823,2026-04,R-08,REVISA,fecha_valor,2024-02-11,no anterior a 2024-04-30 (24 meses),1
2,8,20240213,14,8,3,2,AV-2025-001724,5-886656,2026-04,R-08,REVISA,fecha_valor,2024-02-13,no anterior a 2024-04-30 (24 meses),1
2,8,20240220,17,4,1,3,AV-2024-003198,N/A,2026-04,R-08,REVISA,fecha_valor,2024-02-20,no anterior a 2024-04-30 (24 meses),1
2,8,20240228,35,3,2,2,AV-2026-004012,1-444639,2026-04,R-08,REVISA,fecha_valor,2024-02-28,no anterior a 2024-04-30 (24 meses),1
2,8,20240408,35,3,3,2,AV-2024-000903,1-435762,2026-04,R-08,REVISA,fecha_valor,2024-04-08,no anterior a 2024-04-30 (24 meses),1
2,8,20240412,21,6,4,2,AV-2024-002810,7-667603,2026-04,R-08,REVISA,fecha_valor,2024-04-12,no anterior a 2024-04-30 (24 meses),1
2,8,20240413,32,3,1,2,AV-2024-000471,1-830975,2026-04,R-08,REVISA,fecha_valor,2024-04-13,no anterior a 2024-04-30 (24 meses),1
2,8,20240420,23,1,2,2,AV-2024-001867,6-751177-347,2026-04,R-08,REVISA,fecha_valor,2024-04-20,no anterior a 2024-04-30 (24 meses),1
2,8,20240421,16,7,5,2,AV-2024-001456,4-718035,2026-04,R-08,REVISA,fecha_valor,2024-04-21,no anterior a 2024-04-30 (24 meses),1
2,8,20240422,26,3,3,2,AV-2024-001046,1-857001,2026-04,R-08,REVISA,fecha_valor,2024-04-22,no anterior a 2024-04-30 (24 meses),1
2,8,20240422,30,3,9,2,AV-2024-002331,1-355950,2026-04,R-08,REVISA,fecha_valor,2024-04-22,no anterior a 2024-04-30 (24 meses),1
2,8,20240423,15,7,1,2,AV-2024-002577,4-752667,2026-04,R-08,REVISA,fecha_valor,2024-04-23,no anterior a 2024-04-30 (24 meses),1
2,8,20240423,35,4,2,2,AV-2024-000345,1-433880-114,2026-04,R-08,REVISA,fecha_valor,2024-04-23,no anterior a 2024-04-30 (24 meses),1
2,8,20240426,24,3,1,2,AV-2024-003941,6-500235,2026-04,R-08,REVISA,fecha_valor,2024-04-26,no anterior a 2024-04-30 (24 meses),1
2,8,20240426,35,1,1,2,AV-2024-003586,1-648589-097,2026-04,R-08,REVISA,fecha_valor,2024-04-26,no anterior a 2024-04-30 (24 meses),1
