id_avaluo_marzo,id_avaluo_abril,categoria
AV-2025-000001,AV-2025-000001,CORREGIDO
AV-2025-000002,AV-2025-000002,PERSISTENTE
AV-2025-000003,AV-2025-000003,CUMPLE
AV-2024-000004,AV-2024-000004,CUMPLE
AV-2025-000005,AV-2025-000005,CUMPLE
AV-2024-000006,AV-2024-000006,CUMPLE
AV-2026-000007,AV-2026-000007,CUMPLE
AV-2024-000008,AV-2024-000008,CUMPLE
AV-2025-000009,AV-2025-000009,NUEVO
AV-2025-000010,AV-2025-000010,CUMPLE
AV-2024-000011,AV-2024-000011,NUEVO
AV-2025-000012,AV-2025-000012,NUEVO
AV-2025-000013,AV-2025-000013,PERSISTENTE
AV-2025-000014,AV-2025-000014,CUMPLE
AV-2026-000015,AV-2026-000015,CUMPLE
AV-2025-000016,AV-2025-000016,CUMPLE
AV-2025-000017,AV-2025-000017,CUMPLE
AV-2026-000018,AV-2026-000018,CUMPLE
AV-2026-000019,,SALIO
AV-2026-000020,AV-2026-000020,CUMPLE
AV-2025-000021,AV-2025-000021,CUMPLE
AV-2025-000022,AV-2025-000022,PERSISTENTE
AV-2025-000023,AV-2025-000023,CUMPLE
AV-2025-000024,AV-2025-000024,CUMPLE
AV-2025-000025,AV-2025-000025,CORREGIDO
AV-2024-000026,AV-2024-000026,PERSISTENTE
AV-2025-000027,AV-2025-000027,CUMPLE
AV-2025-000028,AV-2025-000028,CORREGIDO
AV-2024-000029,AV-2024-000029,CUMPLE
AV-2024-000030,AV-2024-000030,CUMPLE
AV-2025-000031,AV-2025-000031,CUMPLE
AV-2025-000032,,SALIO
AV-2025-000033,AV-2025-000033,CUMPLE
AV-2025-000034,AV-2025-000034,CUMPLE
AV-2025-000035,AV-2025-000035,CUMPLE
AV-2026-000036,AV-2026-000036,CUMPLE
AV-2025-000037,AV-2025-000037,CUMPLE
AV-2026-000038,AV-2026-000038,CUMPLE
AV-2025-000039,,SALIO
AV-2024-000040,AV-2024-000040,CUMPLE
AV-2024-000041,AV-2024-000041,CORREGIDO
AV-2025-000042,AV-2025-000042,PERSISTENTE
AV-2025-000043,AV-2025-000043,CUMPLE
AV-2025-000044,AV-2025-000044,CORREGIDO
AV-2025-000045,AV-2025-000045,CUMPLE
AV-2026-000046,AV-2026-000046,CUMPLE
AV-2025-000047,AV-2025-000047,CUMPLE
AV-2025-000048,AV-2025-000048,CUMPLE
AV-2024-000049,AV-2024-000049,CUMPLE
AV-2025-000050,AV-2025-000050,CORREGIDO
AV-2025-000051,AV-2025-000051,CUMPLE
AV-2025-000052,AV-2025-000052,CUMPLE
AV-2025-000053,AV-2025-000053,CUMPLE
AV-2025-000054,AV-2025-000054,CUMPLE
AV-2025-000055,AV-2025-000055,CUMPLE
AV-2025-000056,AV-2025-000056,PERSISTENTE
AV-2025-000057,AV-2025-000057,CUMPLE
AV-2025-000058,AV-2025-000058,CORREGIDO
AV-2025-000059,AV-2025-000059,CUMPLE
AV-2025-000060,AV-2025-000060,CUMPLE
AV-2025-000061,AV-2025-000061,CORREGIDO
AV-2024-000062,,SALIO_CUMPLIENDO
AV-2025-000063,AV-2025-000063,NUEVO
AV-2024-000064,AV-2024-000064,CUMPLE
AV-2025-000065,AV-2025-000065,CUMPLE
AV-2026-000066,AV-2026-000066,PERSISTENTE
AV-2025-000067,AV-2025-000067,CORREGIDO
AV-2024-000068,,SALIO
AV-2025-000069,AV-2025-000069,CUMPLE
AV-2025-000070,AV-2025-000070,CUMPLE
AV-2025-000071,AV-2025-000071,CORREGIDO
AV-2026-000072,AV-2026-000072,CUMPLE
AV-2025-000073,AV-2025-000073,CUMPLE
AV-2024-000074,AV-2024-000074,CUMPLE
AV-2025-000075,AV-2025-000075,PERSISTENTE
AV-2025-000076,AV-2025-000076,CUMPLE
AV-2025-000077,AV-2025-000077,CORREGIDO
AV-2026-000078,AV-2026-000078,CORREGIDO
AV-2025-000079,AV-2025-000079,CUMPLE
AV-2024-000080,AV-2024-000080,CUMPLE
AV-2024-000081,AV-2024-000081,CUMPLE
AV-2025-000082,AV-2025-000082,NUEVO
AV-2024-000083,AV-2024-000083,CUMPLE
AV-2025-000084,AV-2025-000084,CUMPLE
AV-2025-000085,AV-2025-000085,CUMPLE
AV-2024-000086,AV-2024-000086,PERSISTENTE
AV-2025-000087,AV-2025-000087,CORREGIDO
AV-2025-000088,AV-2025-000088,CUMPLE
AV-2025-000089,AV-2025-000089,CUMPLE
AV-2025-000090,AV-2025-000090,CUMPLE
AV-2024-000091,AV-2024-000091,CUMPLE
AV-2025-000092,AV-2025-000092,PERSISTENTE
AV-2025-000093,AV-2025-000093,CUMPLE
AV-2026-000094,,SALIO
AV-2026-000095,AV-2026-000095,CUMPLE
AV-2025-000096,AV-2025-000096,CUMPLE
AV-2025-000097,AV-2025-000097,CUMPLE
AV-2026-000098,AV-2026-000098,CUMPLE
AV-2025-000099,,SALIO
AV-2024-000100,AV-2024-000100,CUMPLE
AV-2025-000101,AV-2025-000101,CUMPLE
AV-2025-000102,AV-2025-000102,CORREGIDO
AV-2025-000103,AV-2025-000103,CORREGIDO
AV-2025-000104,AV-2025-000104,CORREGIDO
AV-2025-000105,AV-2025-000105,CORREGIDO
AV-2026-000106,AV-2026-000106,CUMPLE
AV-2025-000107,AV-2025-000107,PERSISTENTE
AV-2025-000108,AV-2025-000108,CUMPLE
AV-2026-000109,AV-2026-000109,CUMPLE
AV-2025-000110,AV-2025-000110,CUMPLE
AV-2024-000111,AV-2024-000111,PERSISTENTE
AV-2025-000112,AV-2025-000112,CUMPLE
AV-2026-000113,AV-2026-000113,CUMPLE
AV-2025-000114,AV-2025-000114,PERSISTENTE
AV-2025-000115,AV-2025-000115,CUMPLE
AV-2025-000116,AV-2025-000116,PERSISTENTE
AV-2025-000117,AV-2025-000117,CUMPLE
AV-2024-000118,AV-2024-000118,CUMPLE
AV-2025-000119,AV-2025-000119,NUEVO
AV-2025-000120,AV-2025-000120,CUMPLE
AV-2024-000121,AV-2024-000121,PERSISTENTE
AV-2025-000122,AV-2025-000122,CUMPLE
AV-2025-000123,AV-2025-000123,CUMPLE
AV-2025-000124,AV-2025-000124,CORREGIDO
AV-2025-000125,,SALIO_CUMPLIENDO
AV-2025-000126,,SALIO
AV-2025-000127,AV-2025-000127,CUMPLE
AV-2025-000128,AV-2025-000128,NUEVO
AV-2025-000129,AV-2025-000129,CUMPLE
AV-2025-000130,AV-2025-000130,CUMPLE
AV-2024-000131,AV-2024-000131,CUMPLE
AV-2025-000132,AV-2025-000132,CUMPLE
AV-2024-000133,AV-2024-000133,CUMPLE
AV-2024-000134,AV-2024-000134,CUMPLE
AV-2026-000135,AV-2026-000135,CUMPLE
AV-2025-000136,AV-2025-000136,PERSISTENTE
AV-2026-000137,AV-2026-000137,CUMPLE
AV-2025-000138,AV-2025-000138,CORREGIDO
AV-2024-000139,AV-2024-000139,CUMPLE
AV-2025-000140,AV-2025-000140,CORREGIDO
AV-2025-000141,AV-2025-000141,CUMPLE
AV-2025-000142,AV-2025-000142,CORREGIDO
AV-2025-000143,AV-2025-000143,CORREGIDO
AV-2026-000144,AV-2026-000144,CUMPLE
AV-2025-000145,AV-2025-000145,CUMPLE
AV-2025-000146,AV-2025-000146,CORREGIDO
AV-2025-000147,AV-2025-000147,CUMPLE
AV-2025-000148,AV-2025-000148,CUMPLE
AV-2024-000149,AV-2024-000149,CUMPLE
AV-2025-000150,,SALIO
AV-2024-000151,AV-2024-000151,CUMPLE
AV-2025-000152,AV-2025-000152,CUMPLE
AV-2026-000153,AV-2026-000153,CUMPLE
AV-2024-000154,AV-2024-000154,CORREGIDO
AV-2025-000155,AV-2025-000155,CUMPLE
AV-2025-000156,AV-2025-000156,CUMPLE
AV-2025-000157,AV-2025-000157,PERSISTENTE
AV-2025-000158,AV-2025-000158,CUMPLE
AV-2025-000159,AV-2025-000159,CUMPLE
AV-2024-000160,AV-2024-000160,CUMPLE
AV-2026-000161,AV-2026-000161,PERSISTENTE
AV-2025-000162,AV-2025-000162,CUMPLE
AV-2025-000163,AV-2025-000163,CUMPLE
AV-2026-000164,AV-2026-000164,CUMPLE
AV-2025-000165,AV-2025-000165,CORREGIDO
AV-2024-000166,,SALIO
AV-2025-000167,AV-2025-000167,CORREGIDO
AV-2024-000168,AV-2024-000168,CUMPLE
AV-2025-000169,,SALIO
AV-2025-000170,AV-2025-000170,CUMPLE
AV-2025-000171,AV-2025-000171,CUMPLE
AV-2024-000172,AV-2024-000172,CUMPLE
AV-2025-000173,AV-2025-000173,CUMPLE
AV-2025-000174,AV-2025-000174,PERSISTENTE
AV-2025-000175,AV-2025-000175,CUMPLE
AV-2024-000176,AV-2024-000176,CUMPLE
AV-2025-000177,AV-2025-000177,CUMPLE
AV-2024-000178,AV-2024-000178,CUMPLE
AV-2025-000179,AV-2025-000179,CUMPLE
AV-2025-000180,AV-2025-000180,CUMPLE
AV-2025-000181,AV-2025-000181,CUMPLE
AV-2025-000182,AV-2025-000182,CUMPLE
AV-2025-000183,AV-2025-000183,CUMPLE
AV-2026-000184,AV-2026-000184,CORREGIDO
AV-2026-000185,AV-2026-000185,CORREGIDO
AV-2024-000186,AV-2024-000186,CUMPLE
AV-2025-001190,AV-2025-000187,CORREGIDO
AV-2026-000188,AV-2026-000188,CUMPLE
AV-2025-000189,AV-2025-000189,CUMPLE
AV-2025-000190,AV-2025-000190,CUMPLE
AV-2025-000191,AV-2025-000191,CUMPLE
AV-2026-000192,AV-2026-000192,CORREGIDO
AV-2025-000193,AV-2025-000193,CUMPLE
AV-2025-000194,AV-2025-000194,CUMPLE
AV-2025-000195,AV-2025-000195,CUMPLE
AV-2025-000196,AV-2025-000196,CUMPLE
AV-2024-000197,AV-2024-000197,CUMPLE
AV-2025-000198,AV-2025-000198,CUMPLE
AV-2025-000199,AV-2025-000199,CUMPLE
AV-2025-000200,AV-2025-000200,CUMPLE
AV-2024-000201,AV-2024-000201,CUMPLE
AV-2025-000202,AV-2025-000202,CUMPLE
AV-2025-000203,AV-2025-000203,CUMPLE
AV-2025-000204,AV-2025-000204,CUMPLE
AV-2025-000205,AV-2025-000205,CUMPLE
AV-2025-000206,AV-2025-000206,CUMPLE
AV-2025-000207,AV-2025-000207,CORREGIDO
AV-2025-000208,AV-2025-000208,CUMPLE
AV-2026-000209,AV-2026-000209,CUMPLE
AV-2025-000210,AV-2025-000210,CORREGIDO
AV-2025-000211,AV-2025-000211,NUEVO
AV-2026-000212,AV-2026-000212,CUMPLE
AV-2025-000213,AV-2025-000213,CUMPLE
AV-2025-000214,AV-2025-000214,CUMPLE
AV-2025-000215,AV-2025-000215,CORREGIDO
AV-2025-000216,AV-2025-000216,PERSISTENTE
AV-2026-000217,AV-2026-000217,CUMPLE
AV-2024-000218,AV-2024-000218,CUMPLE
AV-2025-000219,AV-2025-000219,PERSISTENTE
AV-2025-000220,AV-2025-000220,PERSISTENTE
AV-2025-000221,AV-2025-000221,CUMPLE
AV-2025-000222,AV-2025-000222,CUMPLE
AV-2025-000223,AV-2025-000223,CUMPLE
AV-2025-000224,AV-2025-000224,CUMPLE
AV-2024-000349,AV-2025-000225,CORREGIDO
AV-2025-000226,AV-2025-000226,CUMPLE
AV-2025-000227,AV-2025-000227,CUMPLE
AV-2025-000228,AV-2025-000228,CUMPLE
AV-2025-000229,AV-2025-000229,CUMPLE
AV-2025-000230,AV-2025-000230,CUMPLE
AV-2026-000231,AV-2026-000231,CORREGIDO
AV-2025-000232,AV-2025-000232,CUMPLE
AV-2025-000233,AV-2025-000233,CUMPLE
AV-2026-000234,AV-2026-000234,CUMPLE
AV-2025-000235,AV-2025-000235,CUMPLE
AV-2025-000236,AV-2025-000236,CUMPLE
AV-2025-000237,AV-2025-000237,CUMPLE
AV-2025-000238,AV-2025-000238,CUMPLE
AV-2025-000239,AV-2025-000239,CUMPLE
AV-2025-000240,AV-2025-000240,CUMPLE
AV-2026-000241,AV-2026-000241,PERSISTENTE
AV-2024-000242,AV-2024-000242,PERSISTENTE
AV-2026-000243,AV-2026-000243,CUMPLE
AV-2025-000244,AV-2025-000244,CORREGIDO
AV-2025-000245,AV-2025-000245,CUMPLE
AV-2025-000246,AV-2025-000246,CORREGIDO
AV-2025-000247,AV-2025-000247,CUMPLE
AV-2025-000248,AV-2025-000248,CUMPLE
AV-2025-000249,AV-2025-000249,CORREGIDO
AV-2025-000250,AV-2025-000250,CUMPLE
AV-2025-000251,,SALIO
AV-2025-000252,AV-2025-000252,CUMPLE
AV-2025-000253,AV-2025-000253,CUMPLE
AV-2024-000254,AV-2024-000254,CORREGIDO
AV-2026-000255,AV-2026-000255,CORREGIDO
AV-2025-000256,AV-2025-000256,CUMPLE
AV-2025-000257,AV-2025-000257,CUMPLE
AV-2024-000258,AV-2024-000258,PERSISTENTE
AV-2025-000259,AV-2025-000259,CUMPLE
AV-2025-000260,AV-2025-000260,CUMPLE
AV-2025-000261,AV-2025-000261,CORREGIDO
AV-2025-000262,AV-2025-000262,CUMPLE
AV-2025-000263,AV-2025-000263,CORREGIDO
AV-2026-000264,AV-2026-000264,CUMPLE
AV-2026-000265,AV-2026-000265,CORREGIDO
AV-2025-000266,AV-2025-000266,CUMPLE
AV-2026-000267,AV-2026-000267,CUMPLE
AV-2025-000268,AV-2025-000268,CUMPLE
AV-2024-000269,AV-2024-000269,PERSISTENTE
AV-2024-000270,AV-2024-000270,CUMPLE
AV-2025-000271,AV-2025-000271,CORREGIDO
AV-2025-000272,AV-2025-000272,CUMPLE
AV-2025-000273,,SALIO
AV-2024-000274,AV-2024-000274,PERSISTENTE
AV-2025-000275,AV-2025-000275,CUMPLE
AV-2025-000276,AV-2025-000276,CORREGIDO
AV-2026-000277,AV-2026-000277,CORREGIDO
AV-2025-000278,,SALIO_CUMPLIENDO
AV-2026-000279,AV-2026-000279,CUMPLE
AV-2025-000280,AV-2025-000280,CUMPLE
AV-2025-000281,AV-2025-000281,CUMPLE
AV-2025-000282,AV-2025-000282,CORREGIDO
AV-2025-000283,AV-2025-000283,CUMPLE
AV-2025-000284,AV-2025-000284,CORREGIDO
AV-2025-000285,AV-2025-000285,CUMPLE
AV-2025-000286,AV-2025-000286,CUMPLE
AV-2025-000287,AV-2025-000287,CUMPLE
AV-2025-000288,AV-2025-000288,CUMPLE
AV-2024-000289,AV-2024-000289,CUMPLE
AV-2025-000290,AV-2025-000290,PERSISTENTE
AV-2024-000291,AV-2024-000291,CUMPLE
AV-2024-000292,AV-2024-000292,CUMPLE
AV-2025-000293,,SALIO_CUMPLIENDO
AV-2024-000294,AV-2024-000294,CUMPLE
AV-2025-000295,AV-2025-000295,CUMPLE
AV-2025-000296,AV-2025-000296,PERSISTENTE
AV-2024-000297,AV-2024-000297,CORREGIDO
AV-2025-000298,AV-2025-000298,PERSISTENTE
AV-2026-000299,AV-2026-000299,CUMPLE
AV-2025-000300,AV-2025-000300,CUMPLE
AV-2025-000301,AV-2025-000301,CORREGIDO
AV-2025-000302,AV-2025-000302,CORREGIDO
AV-2025-000303,AV-2025-000303,PERSISTENTE
AV-2024-000304,AV-2024-000304,CUMPLE
AV-2025-000305,AV-2025-000305,CUMPLE
AV-2025-000306,AV-2025-000306,CUMPLE
AV-2025-000307,AV-2025-000307,CUMPLE
AV-2026-000308,AV-2026-000308,CORREGIDO
AV-2025-000309,AV-2025-000309,CORREGIDO
AV-2025-000310,AV-2025-000310,CUMPLE
AV-2025-000311,AV-2025-000311,CORREGIDO
AV-2025-000312,AV-2025-000312,CUMPLE
AV-2025-000313,AV-2025-000313,CORREGIDO
AV-2025-000314,AV-2025-000314,CUMPLE
AV-2025-000315,AV-2025-000315,PERSISTENTE
AV-2025-000316,AV-2025-000316,CUMPLE
AV-2025-000317,AV-2025-000317,CUMPLE
AV-2025-000318,AV-2025-000318,CUMPLE
AV-2024-000319,AV-2024-000319,CUMPLE
AV-2025-000320,AV-2025-000320,CUMPLE
AV-2025-000321,AV-2025-000321,CUMPLE
AV-2025-000322,AV-2025-000322,NUEVO
AV-2026-000323,AV-2026-000323,CORREGIDO
AV-2025-000324,,SALIO
AV-2025-000325,AV-2025-000325,CORREGIDO
AV-2025-000326,AV-2025-000326,CUMPLE
AV-2025-000327,AV-2025-000327,CUMPLE
AV-2025-000328,AV-2025-000328,CUMPLE
AV-2025-000329,AV-2025-000329,CORREGIDO
AV-2026-000330,AV-2026-000330,CORREGIDO
AV-2025-000331,AV-2025-000331,PERSISTENTE
AV-2025-000332,AV-2025-000332,CORREGIDO
AV-2025-000333,AV-2025-000333,PERSISTENTE
AV-2025-000334,AV-2025-000334,CUMPLE
AV-2025-000335,AV-2025-000335,CUMPLE
AV-2025-000336,AV-2025-000336,CUMPLE
AV-2024-000337,AV-2024-000337,CORREGIDO
AV-2025-000338,AV-2025-000338,CUMPLE
AV-2025-000339,AV-2025-000339,CUMPLE
AV-2025-000340,AV-2025-000340,CUMPLE
AV-2026-000341,,SALIO
AV-2025-000342,AV-2025-000342,CUMPLE
AV-2025-000343,AV-2025-000343,CUMPLE
AV-2025-000344,AV-2025-000344,CUMPLE
AV-2024-000345,AV-2024-000345,NUEVO
AV-2025-000346,,SALIO_CUMPLIENDO
AV-2025-000347,AV-2025-000347,CUMPLE
AV-2025-000348,AV-2025-000348,CUMPLE
AV-2024-000349,AV-2024-000349,CORREGIDO
AV-2024-000350,AV-2024-000350,CUMPLE
AV-2025-000351,AV-2025-000351,CUMPLE
AV-2026-000352,AV-2026-000352,CUMPLE
AV-2025-000353,AV-2025-000353,CUMPLE
AV-2025-000354,AV-2025-000354,CORREGIDO
AV-2025-000355,AV-2025-000355,CORREGIDO
AV-2026-000356,AV-2026-000356,CUMPLE
AV-2024-000357,AV-2024-000357,CORREGIDO
AV-2026-000358,AV-2026-000358,CUMPLE
AV-2026-000359,AV-2026-000359,CUMPLE
AV-2025-000360,AV-2025-000360,NUEVO
AV-2025-000361,AV-2025-000361,CUMPLE
AV-2025-000362,AV-2025-000362,CUMPLE
AV-2025-000363,AV-2025-000363,CORREGIDO
AV-2024-000364,AV-2024-000364,CUMPLE
AV-2024-000365,AV-2024-000365,CUMPLE
AV-2026-000366,AV-2026-000366,CUMPLE
AV-2026-000367,AV-2026-000367,PERSISTENTE
AV-2026-000368,AV-2026-000368,CUMPLE
AV-2025-000369,AV-2025-000369,CUMPLE
AV-2024-000370,,SALIO
AV-2025-000371,AV-2025-000371,PERSISTENTE
AV-2025-000372,AV-2025-000372,CORREGIDO
AV-2026-000373,AV-2026-000373,CUMPLE
AV-2024-000374,AV-2024-000374,CUMPLE
AV-2025-000375,AV-2025-000375,CUMPLE
AV-2025-000376,AV-2025-000376,CUMPLE
AV-2025-000377,AV-2025-000377,CUMPLE
AV-2025-000378,AV-2025-000378,PERSISTENTE
AV-2025-000379,AV-2025-000379,PERSISTENTE
AV-2025-000380,,SALIO
AV-2025-000381,AV-2025-000381,CUMPLE
AV-2024-000382,AV-2024-000382,CUMPLE
AV-2024-000383,AV-2024-000383,CUMPLE
AV-2025-000384,AV-2025-000384,CUMPLE
AV-2026-000385,AV-2026-000385,CORREGIDO
AV-2025-000386,AV-2025-000386,CUMPLE
AV-2025-000387,AV-2025-000387,CUMPLE
AV-2025-000388,AV-2025-000388,CUMPLE
AV-2025-000389,AV-2025-000389,CUMPLE
AV-2025-000390,AV-2025-000390,CUMPLE
AV-2026-000391,AV-2026-000391,CORREGIDO
AV-2025-000392,AV-2025-000392,PERSISTENTE
AV-2025-000393,AV-2025-000393,CUMPLE
AV-2024-000394,AV-2024-000394,PERSISTENTE
AV-2025-000395,AV-2025-000395,CUMPLE
AV-2024-000396,,SALIO_CUMPLIENDO
AV-2025-000397,AV-2025-000397,CUMPLE
AV-2025-000398,AV-2025-000398,CUMPLE
AV-2025-000399,AV-2025-000399,CUMPLE
AV-2025-000400,AV-2025-000400,PERSISTENTE
AV-2024-000401,AV-2024-000401,CORREGIDO
AV-2025-000402,AV-2025-000402,CUMPLE
AV-2025-000403,AV-2025-000403,CUMPLE
AV-2025-000404,AV-2025-000404,CORREGIDO
AV-2024-000405,AV-2024-000405,CORREGIDO
AV-2025-000406,AV-2025-000406,CUMPLE
AV-2025-000407,AV-2025-000407,CUMPLE
AV-2024-000408,AV-2024-000408,CORREGIDO
AV-2025-000409,AV-2025-000409,CUMPLE
AV-2024-000410,AV-2024-000410,CUMPLE
AV-2025-000411,AV-2025-000411,CUMPLE
AV-2024-000412,AV-2024-000412,CUMPLE
AV-2025-000413,AV-2025-000413,CUMPLE
AV-2025-000414,AV-2025-000414,CORREGIDO
AV-2026-000415,AV-2026-000415,CUMPLE
AV-2024-000416,AV-2024-000416,CUMPLE
AV-2024-000417,AV-2024-000417,CUMPLE
AV-2025-000418,AV-2025-000418,CUMPLE
AV-2025-000419,AV-2025-000419,CUMPLE
AV-2026-000420,AV-2026-000420,CUMPLE
AV-2025-000421,AV-2025-000421,CUMPLE
AV-2025-000422,AV-2025-000422,CORREGIDO
AV-2025-000423,AV-2025-000423,CORREGIDO
AV-2025-000424,AV-2025-000424,CORREGIDO
AV-2024-000425,AV-2024-000425,CUMPLE
AV-2025-000426,AV-2025-000426,CORREGIDO
AV-2026-000427,AV-2026-000427,CUMPLE
AV-2024-000428,AV-2024-000428,PERSISTENTE
AV-2025-000429,AV-2025-000429,CUMPLE
AV-2026-000430,AV-2026-000430,CUMPLE
AV-2026-000431,AV-2026-000431,CUMPLE
AV-2025-000432,AV-2025-000432,CUMPLE
AV-2024-000433,AV-2024-000433,CUMPLE
AV-2025-000434,AV-2025-000434,CUMPLE
AV-2025-000435,AV-2025-000435,CORREGIDO
AV-2025-000436,AV-2025-000436,CUMPLE
AV-2025-000437,AV-2025-000437,CORREGIDO
AV-2026-000438,,SALIO
AV-2025-000439,AV-2025-000439,CUMPLE
AV-2025-000440,AV-2025-000440,CUMPLE
AV-2025-000441,AV-2025-000441,CUMPLE
AV-2025-000442,AV-2025-000442,CUMPLE
AV-2025-000443,AV-2025-000443,CUMPLE
AV-2024-000444,AV-2024-000444,CUMPLE
AV-2025-000445,AV-2025-000445,PERSISTENTE
AV-2024-000446,AV-2024-000446,CUMPLE
AV-2024-000447,AV-2024-000447,CUMPLE
AV-2025-000448,AV-2025-000448,CORREGIDO
AV-2025-000449,AV-2025-000449,PERSISTENTE
AV-2024-000450,AV-2024-000450,CUMPLE
AV-2026-000451,AV-2026-000451,CUMPLE
AV-2025-000452,AV-2025-000452,CUMPLE
AV-2025-000453,AV-2025-000453,CORREGIDO
AV-2025-000454,AV-2025-000454,CUMPLE
AV-2025-000455,AV-2025-000455,CUMPLE
AV-2025-000456,AV-2025-000456,CORREGIDO
AV-2025-000457,AV-2025-000457,CORREGIDO
AV-2025-000458,AV-2025-000458,CUMPLE
AV-2026-000459,AV-2026-000459,CUMPLE
AV-2025-000460,AV-2025-000460,CUMPLE
AV-2025-000461,AV-2025-000461,CUMPLE
AV-2025-000462,AV-2025-000462,CUMPLE
AV-2024-000463,AV-2024-000463,CUMPLE
AV-2025-000464,AV-2025-000464,PERSISTENTE
AV-2024-000465,AV-2024-000465,PERSISTENTE
AV-2025-000466,,SALIO_CUMPLIENDO
AV-2026-000467,AV-2026-000467,CUMPLE
AV-2026-000468,AV-2026-000468,CUMPLE
AV-2025-000469,AV-2025-000469,CORREGIDO
AV-2026-000470,,SALIO
AV-2024-000471,AV-2024-000471,NUEVO
AV-2025-000472,AV-2025-000472,CUMPLE
AV-2025-000473,AV-2025-000473,CUMPLE
AV-2025-000474,AV-2025-000474,CUMPLE
AV-2026-000475,AV-2026-000475,CORREGIDO
AV-2024-000476,AV-2024-000476,CORREGIDO
AV-2024-000477,AV-2024-000477,PERSISTENTE
AV-2025-000478,AV-2025-000478,CUMPLE
AV-2025-000479,AV-2025-000479,CORREGIDO
AV-2024-000480,AV-2024-000480,CUMPLE
AV-2025-000481,AV-2025-000481,CUMPLE
AV-2025-000482,,SALIO
AV-2025-000483,AV-2025-000483,PERSISTENTE
AV-2024-000484,AV-2024-000484,CUMPLE
AV-2025-000485,AV-2025-000485,PERSISTENTE
AV-2025-000486,AV-2025-000486,CUMPLE
AV-2024-000487,AV-2024-000487,CORREGIDO
AV-2025-000488,AV-2025-000488,CUMPLE
AV-2025-000489,AV-2025-000489,CUMPLE
AV-2024-000490,AV-2024-000490,CORREGIDO
AV-2025-000491,,SALIO_CUMPLIENDO
AV-2025-000492,AV-2025-000492,CUMPLE
AV-2025-000493,AV-2025-000493,CUMPLE
AV-2025-000494,AV-2025-000494,CUMPLE
AV-2025-000495,AV-2025-000495,CUMPLE
AV-2026-000496,AV-2026-000496,CUMPLE
AV-2026-000497,AV-2026-000497,CUMPLE
AV-2026-000498,AV-2026-000498,CUMPLE
AV-2026-000499,AV-2026-000499,CUMPLE
AV-2025-000500,AV-2025-000500,CUMPLE
AV-2025-000501,AV-2025-000501,PERSISTENTE
AV-2025-000502,AV-2025-000502,CUMPLE
AV-2025-000503,AV-2025-000503,CUMPLE
AV-2025-000504,AV-2025-000504,CUMPLE
AV-2024-000505,AV-2024-000505,CUMPLE
AV-2024-000506,AV-2024-000506,CUMPLE
AV-2025-000507,AV-2025-000507,CUMPLE
AV-2025-000508,AV-2025-000508,CUMPLE
AV-2025-000509,AV-2025-000509,CORREGIDO
AV-2025-000510,AV-2025-000510,CUMPLE
AV-2025-000511,AV-2025-000511,PERSISTENTE
AV-2024-000512,AV-2024-000512,CORREGIDO
AV-2025-000513,AV-2025-000513,CUMPLE
AV-2025-000514,AV-2025-000514,CORREGIDO
AV-2025-000515,AV-2025-000515,CUMPLE
AV-2025-000516,AV-2025-000516,CORREGIDO
AV-2025-000517,AV-2025-000517,CUMPLE
AV-2025-000518,AV-2025-000518,CUMPLE
AV-2025-000519,AV-2025-000519,CUMPLE
AV-2025-000520,AV-2025-000520,CORREGIDO
AV-2024-000521,AV-2024-000521,CUMPLE
AV-2024-000522,AV-2024-000522,CUMPLE
AV-2025-000523,AV-2025-000523,CUMPLE
AV-2025-000524,AV-2025-000524,CORREGIDO
AV-2026-000525,AV-2026-000525,CORREGIDO
AV-2025-000526,AV-2025-000526,CUMPLE
AV-2025-000527,AV-2025-000527,CUMPLE
AV-2025-000528,AV-2025-000528,CORREGIDO
AV-2026-000529,AV-2026-000529,CUMPLE
AV-2026-000530,AV-2026-000530,CUMPLE
AV-2025-000531,AV-2025-000531,CUMPLE
AV-2025-000532,AV-2025-000532,PERSISTENTE
AV-2025-000533,AV-2025-000533,CUMPLE
AV-2025-000534,AV-2025-000534,CUMPLE
AV-2024-000535,AV-2024-000535,CUMPLE
AV-2025-000536,AV-2025-000536,CORREGIDO
AV-2025-000537,,SALIO_CUMPLIENDO
AV-2025-000538,AV-2025-000538,CUMPLE
AV-2025-000539,AV-2025-000539,CUMPLE
AV-2025-000540,AV-2025-000540,CUMPLE
AV-2025-000541,AV-2025-000541,CUMPLE
AV-2025-000542,AV-2025-000542,CORREGIDO
AV-2025-000543,AV-2025-000543,PERSISTENTE
AV-2025-000544,AV-2025-000544,CUMPLE
AV-2025-000545,AV-2025-000545,NUEVO
AV-2026-000546,AV-2026-000546,CUMPLE
AV-2025-000547,AV-2025-000547,CORREGIDO
AV-2025-000548,AV-2025-000548,CUMPLE
AV-2025-000549,AV-2025-000549,CUMPLE
AV-2025-000550,AV-2025-000550,CUMPLE
AV-2025-000551,,SALIO
AV-2024-000552,AV-2024-000552,CUMPLE
AV-2026-000553,AV-2026-000553,CUMPLE
AV-2025-000554,AV-2025-000554,CUMPLE
AV-2025-000555,AV-2025-000555,CUMPLE
AV-2025-000556,AV-2025-000556,PERSISTENTE
AV-2025-000557,AV-2025-000557,CORREGIDO
AV-2024-000558,AV-2024-000558,CUMPLE
AV-2026-000559,AV-2026-000559,CORREGIDO
AV-2025-000560,AV-2025-000560,CUMPLE
AV-2025-000561,AV-2025-000561,CUMPLE
AV-2025-000562,AV-2025-000562,CUMPLE
AV-2025-000563,AV-2025-000563,CORREGIDO
AV-2025-000564,AV-2025-000564,CUMPLE
AV-2024-000565,AV-2024-000565,PERSISTENTE
AV-2024-000566,AV-2024-000566,CUMPLE
AV-2025-000567,AV-2025-000567,CUMPLE
AV-2025-000568,AV-2025-000568,CUMPLE
AV-2024-000569,AV-2024-000569,CORREGIDO
AV-2025-000570,AV-2025-000570,CUMPLE
AV-2026-000571,AV-2026-000571,CORREGIDO
AV-2025-000572,AV-2025-000572,CUMPLE
AV-2025-000573,AV-2025-000573,CORREGIDO
AV-2024-000574,AV-2024-000574,CUMPLE
AV-2025-000575,AV-2025-000575,CUMPLE
AV-2024-000576,AV-2024-000576,CORREGIDO
AV-2026-000577,AV-2026-000577,CUMPLE
AV-2025-000578,AV-2025-000578,CUMPLE
AV-2025-000579,AV-2025-000579,CORREGIDO
AV-2025-000580,AV-2025-000580,CORREGIDO
AV-2025-000581,AV-2025-000581,CUMPLE
AV-2024-000582,AV-2024-000582,CUMPLE
AV-2025-000583,AV-2025-000583,CUMPLE
AV-2025-000584,AV-2025-000584,CUMPLE
AV-2026-000585,AV-2026-000585,PERSISTENTE
AV-2026-000586,AV-2026-000586,CUMPLE
AV-2024-000587,AV-2024-000587,CUMPLE
AV-2025-000588,AV-2025-000588,CORREGIDO
AV-2025-000589,AV-2025-000589,CUMPLE
AV-2025-000590,AV-2025-000590,CUMPLE
AV-2026-000591,AV-2026-000591,CORREGIDO
AV-2026-000592,AV-2026-000592,PERSISTENTE
AV-2024-000593,AV-2024-000593,CUMPLE
AV-2026-000594,AV-2026-000594,CUMPLE
AV-2024-000595,AV-2024-000595,CORREGIDO
AV-2025-000596,AV-2025-000596,CUMPLE
AV-2026-000597,,SALIO_CUMPLIENDO
AV-2026-000598,AV-2026-000598,CUMPLE
AV-2025-000599,AV-2025-000599,CUMPLE
AV-2025-000600,AV-2025-000600,CUMPLE
AV-2026-000601,AV-2026-000601,CUMPLE
AV-2025-000602,AV-2025-000602,CUMPLE
AV-2025-000603,AV-2025-000603,CORREGIDO
AV-2025-000604,AV-2025-000604,CUMPLE
AV-2024-000605,AV-2024-000605,CUMPLE
AV-2025-000606,AV-2025-000606,CUMPLE
AV-2024-000607,AV-2024-000607,CUMPLE
AV-2025-000608,AV-2025-000608,CUMPLE
AV-2025-000609,AV-2025-000609,CUMPLE
AV-2026-000610,AV-2026-000610,CORREGIDO
AV-2024-000611,AV-2024-000611,CUMPLE
AV-2026-000612,AV-2026-000612,CORREGIDO
AV-2024-000613,,SALIO
AV-2025-000614,AV-2025-000614,CUMPLE
AV-2025-000615,AV-2025-000615,CUMPLE
AV-2025-000616,AV-2025-000616,CUMPLE
AV-2025-000617,AV-2025-000617,CUMPLE
AV-2024-000618,AV-2024-000618,CUMPLE
AV-2025-000619,AV-2025-000619,CORREGIDO
AV-2024-000620,AV-2024-000620,CUMPLE
AV-2025-000621,AV-2025-000621,CUMPLE
AV-2025-000622,AV-2025-000622,PERSISTENTE
AV-2025-000623,AV-2025-000623,CORREGIDO
AV-2025-000624,AV-2025-000624,CUMPLE
AV-2025-000625,AV-2025-000625,CUMPLE
AV-2025-000626,AV-2025-000626,CUMPLE
AV-2025-000627,AV-2025-000627,CUMPLE
AV-2026-000628,AV-2026-000628,PERSISTENTE
AV-2025-000629,AV-2025-000629,CUMPLE
AV-2025-000630,AV-2025-000630,CUMPLE
AV-2025-000631,AV-2025-000631,CORREGIDO
AV-2025-000632,AV-2025-000632,CUMPLE
AV-2025-002894,AV-2025-002894,PERSISTENTE
AV-2024-000634,AV-2024-000634,CUMPLE
AV-2025-000635,AV-2025-000635,CUMPLE
AV-2024-000636,AV-2024-000636,CUMPLE
AV-2024-000637,AV-2024-000637,CUMPLE
AV-2025-000638,AV-2025-000638,CUMPLE
AV-2025-000639,AV-2025-000639,CORREGIDO
AV-2026-000640,AV-2026-000640,CUMPLE
AV-2026-000641,AV-2026-000641,CORREGIDO
AV-2025-000642,AV-2025-000642,CUMPLE
AV-2025-000643,AV-2025-000643,CUMPLE
AV-2026-000644,AV-2026-000644,CUMPLE
AV-2025-000645,AV-2025-000645,CUMPLE
AV-2025-000646,AV-2025-000646,CORREGIDO
AV-2026-000647,AV-2026-000647,CUMPLE
AV-2024-000648,AV-2024-000648,CUMPLE
AV-2025-000649,AV-2025-000649,CUMPLE
AV-2025-000650,AV-2025-000650,CUMPLE
AV-2024-000651,AV-2024-000651,CUMPLE
AV-2024-000652,AV-2024-000652,CUMPLE
AV-2024-000653,AV-2024-000653,CORREGIDO
AV-2026-000654,AV-2026-000654,CUMPLE
AV-2026-000655,AV-2026-000655,CUMPLE
AV-2024-000656,AV-2024-000656,CUMPLE
AV-2025-000657,AV-2025-000657,CUMPLE
AV-2025-000658,AV-2025-000658,CUMPLE
AV-2024-000659,AV-2024-000659,CUMPLE
AV-2025-000660,AV-2025-000660,CORREGIDO
AV-2025-000661,AV-2025-000661,CUMPLE
AV-2024-000662,AV-2024-000662,CORREGIDO
AV-2025-000663,AV-2025-000663,CUMPLE
AV-2024-000664,AV-2024-000664,CUMPLE
AV-2025-000665,AV-2025-000665,CUMPLE
AV-2025-000666,AV-2025-000666,CUMPLE
AV-2025-000667,AV-2025-000667,CUMPLE
AV-2026-000668,AV-2026-000668,CUMPLE
AV-2025-000669,AV-2025-000669,CUMPLE
AV-2025-000670,AV-2025-000670,CUMPLE
AV-2024-000671,AV-2024-000671,CUMPLE
AV-2025-000672,AV-2025-000672,CUMPLE
AV-2025-000673,AV-2025-000673,CUMPLE
AV-2025-000674,AV-2025-000674,CORREGIDO
AV-2025-000675,AV-2025-000675,CUMPLE
AV-2025-000676,AV-2025-000676,CUMPLE
AV-2025-000677,AV-2025-000677,CUMPLE
AV-2025-000678,,SALIO_CUMPLIENDO
AV-2025-000679,AV-2025-000679,CUMPLE
AV-2025-000680,AV-2025-000680,CUMPLE
AV-2026-000681,AV-2026-000681,CUMPLE
AV-2024-000682,AV-2024-000682,PERSISTENTE
AV-2025-000683,AV-2025-000683,CUMPLE
AV-2025-000684,AV-2025-000684,CUMPLE
AV-2024-000685,AV-2024-000685,CUMPLE
AV-2025-000686,AV-2025-000686,CUMPLE
AV-2025-000687,AV-2025-000687,CUMPLE
AV-2025-000688,AV-2025-000688,CUMPLE
AV-2024-000689,AV-2024-000689,CUMPLE
AV-2025-000690,AV-2025-000690,CUMPLE
AV-2025-000691,AV-2025-000691,CUMPLE
AV-2025-000692,AV-2025-000692,CUMPLE
AV-2024-000693,AV-2024-000693,PERSISTENTE
AV-2025-000694,AV-2025-000694,CUMPLE
AV-2025-000695,AV-2025-000695,PERSISTENTE
AV-2025-000696,,SALIO_CUMPLIENDO
AV-2025-000697,AV-2025-000697,CUMPLE
AV-2025-000698,AV-2025-000698,CORREGIDO
AV-2026-000699,,SALIO_CUMPLIENDO
AV-2025-000700,,SALIO
AV-2026-000701,AV-2026-000701,CUMPLE
AV-2024-000702,AV-2024-000702,CUMPLE
AV-2025-000703,AV-2025-000703,CUMPLE
AV-2025-000704,AV-2025-000704,CUMPLE
AV-2025-000705,AV-2025-000705,CORREGIDO
AV-2025-000706,AV-2025-000706,CUMPLE
AV-2025-000707,AV-2025-000707,CORREGIDO
AV-2026-000708,AV-2026-000708,CUMPLE
AV-2025-000709,AV-2025-000709,CORREGIDO
AV-2025-000710,AV-2025-000710,CUMPLE
AV-2024-000711,AV-2024-000711,CUMPLE
AV-2025-000712,AV-2025-000712,CUMPLE
AV-2025-000713,AV-2025-000713,CUMPLE
AV-2025-000714,AV-2025-000714,CUMPLE
AV-2025-000715,AV-2025-000715,CUMPLE
AV-2025-000716,AV-2025-000716,NUEVO
AV-2025-000717,AV-2025-000717,CUMPLE
AV-2025-000718,AV-2025-000718,CUMPLE
AV-2025-000719,AV-2025-000719,CUMPLE
AV-2025-000720,AV-2025-000720,CUMPLE
AV-2025-000721,AV-2025-000721,CUMPLE
AV-2025-000722,AV-2025-000722,CUMPLE
AV-2026-000723,AV-2026-000723,CUMPLE
AV-2025-000724,AV-2025-000724,CUMPLE
AV-2024-000725,AV-2024-000725,CORREGIDO
AV-2025-000726,AV-2025-000726,CUMPLE
AV-2025-000727,AV-2025-000727,PERSISTENTE
AV-2025-000728,AV-2025-000728,CUMPLE
AV-2025-000729,AV-2025-000729,CUMPLE
AV-2025-000730,AV-2025-000730,PERSISTENTE
AV-2025-000731,AV-2025-000731,CORREGIDO
AV-2025-000732,AV-2025-000732,CUMPLE
AV-2024-000733,AV-2024-000733,CUMPLE
AV-2026-000734,AV-2026-000734,CUMPLE
AV-2025-000735,AV-2025-000735,CUMPLE
AV-2025-000736,AV-2025-000736,CORREGIDO
AV-2025-000737,,SALIO
AV-2025-000738,AV-2025-000738,CUMPLE
AV-2026-000739,AV-2026-000739,CORREGIDO
AV-2024-000740,AV-2024-000740,CUMPLE
AV-2025-000741,AV-2025-000741,CUMPLE
AV-2024-000742,AV-2024-000742,CUMPLE
AV-2024-000743,AV-2024-000743,CUMPLE
AV-2025-000744,AV-2025-000744,CUMPLE
AV-2025-000745,AV-2025-000745,CUMPLE
AV-2025-000746,AV-2025-000746,CUMPLE
AV-2024-000747,AV-2024-000747,CUMPLE
AV-2024-000748,AV-2024-000748,CUMPLE
AV-2025-000749,AV-2025-000749,CUMPLE
AV-2025-000750,AV-2025-000750,CORREGIDO
AV-2026-000751,AV-2026-000751,CUMPLE
AV-2024-000752,AV-2024-000752,CUMPLE
AV-2025-000753,AV-2025-000753,PERSISTENTE
AV-2025-000754,AV-2025-000754,CUMPLE
AV-2025-000755,AV-2025-000755,CORREGIDO
AV-2026-000756,AV-2026-000756,CUMPLE
AV-2024-000757,AV-2024-000757,CUMPLE
AV-2025-000758,AV-2025-000758,CUMPLE
AV-2025-000759,AV-2025-000759,CUMPLE
AV-2025-000760,AV-2025-000760,CUMPLE
AV-2025-000761,AV-2025-000761,NUEVO
AV-2025-000762,AV-2025-000762,CORREGIDO
AV-2024-000763,AV-2024-000763,CORREGIDO
AV-2025-000764,AV-2025-000764,CUMPLE
AV-2025-000765,AV-2025-000765,CUMPLE
AV-2025-000766,AV-2025-000766,PERSISTENTE
AV-2025-000767,AV-2025-000767,CUMPLE
AV-2025-000768,AV-2025-000768,PERSISTENTE
AV-2025-000769,AV-2025-000769,CUMPLE
AV-2025-000770,AV-2025-000770,CUMPLE
AV-2025-000771,AV-2025-000771,CORREGIDO
AV-2025-000772,AV-2025-000772,PERSISTENTE
AV-2024-000773,AV-2024-000773,CUMPLE
AV-2026-000774,AV-2026-000774,CUMPLE
AV-2025-000775,AV-2025-000775,NUEVO
AV-2025-000776,AV-2025-000776,CUMPLE
AV-2026-000777,AV-2026-000777,CUMPLE
AV-2025-000778,AV-2025-000778,CUMPLE
AV-2024-000779,AV-2024-000779,CUMPLE
AV-2025-000780,AV-2025-000780,CUMPLE
AV-2025-000781,AV-2025-000781,CUMPLE
AV-2024-000782,AV-2024-000782,CUMPLE
AV-2026-000783,AV-2026-000783,CORREGIDO
AV-2024-000784,AV-2024-000784,CUMPLE
AV-2026-000785,AV-2026-000785,CUMPLE
AV-2025-000786,AV-2025-000786,CUMPLE
AV-2025-000787,AV-2025-000787,CUMPLE
AV-2025-000788,AV-2025-000788,PERSISTENTE
AV-2025-000789,AV-2025-000789,PERSISTENTE
AV-2025-000790,AV-2025-000790,CUMPLE
AV-2025-000791,AV-2025-000791,CUMPLE
AV-2026-000792,AV-2026-000792,CORREGIDO
AV-2025-000793,AV-2025-000793,CUMPLE
AV-2025-000794,AV-2025-000794,CORREGIDO
AV-2025-000795,AV-2025-000795,CUMPLE
AV-2024-000796,AV-2024-000796,CUMPLE
AV-2026-000797,AV-2026-000797,CUMPLE
AV-2025-000798,AV-2025-000798,CUMPLE
AV-2025-000799,AV-2025-000799,NUEVO
AV-2025-000800,AV-2025-000800,CORREGIDO
AV-2025-000801,AV-2025-000801,CUMPLE
AV-2025-000802,AV-2025-000802,CUMPLE
AV-2026-000803,AV-2026-000803,CUMPLE
AV-2025-000804,,SALIO_CUMPLIENDO
AV-2025-000805,AV-2025-000805,CORREGIDO
AV-2024-000806,AV-2024-000806,CUMPLE
AV-2025-000807,AV-2025-000807,CUMPLE
AV-2025-000808,AV-2025-000808,CUMPLE
AV-2024-000809,AV-2024-000809,CUMPLE
AV-2025-000810,AV-2025-000810,CORREGIDO
AV-2025-000811,AV-2025-000811,CUMPLE
AV-2026-000812,AV-2026-000812,NUEVO
AV-2025-000813,AV-2025-000813,CUMPLE
AV-2025-000814,AV-2025-000814,CUMPLE
AV-2025-000815,AV-2025-000815,CORREGIDO
AV-2025-000816,AV-2025-000816,CORREGIDO
AV-2026-000817,AV-2026-000817,PERSISTENTE
AV-2025-000818,AV-2025-000818,CUMPLE
AV-2025-000819,AV-2025-000819,CUMPLE
AV-2024-000820,AV-2024-000820,PERSISTENTE
AV-2024-000821,AV-2024-000821,CUMPLE
AV-2025-000822,AV-2025-000822,CUMPLE
AV-2025-000823,AV-2025-000823,CUMPLE
AV-2024-000824,AV-2024-000824,PERSISTENTE
AV-2025-000825,AV-2025-000825,CUMPLE
AV-2026-000826,AV-2026-000826,CORREGIDO
AV-2024-000827,AV-2024-000827,CUMPLE
AV-2025-000828,AV-2025-000828,CUMPLE
AV-2024-000829,AV-2024-000829,PERSISTENTE
AV-2025-000830,AV-2025-000830,PERSISTENTE
AV-2026-000831,AV-2026-000831,CUMPLE
AV-2025-000832,AV-2025-000832,CORREGIDO
AV-2026-000833,AV-2026-000833,CUMPLE
AV-2025-000834,AV-2025-000834,CUMPLE
AV-2024-000835,AV-2024-000835,CUMPLE
AV-2025-000836,AV-2025-000836,CORREGIDO
AV-2026-000837,AV-2026-000837,CUMPLE
AV-2024-000838,AV-2024-000838,CORREGIDO
AV-2025-000839,AV-2025-000839,CUMPLE
AV-2026-000840,AV-2026-000840,CUMPLE
AV-2024-000841,AV-2024-000841,CORREGIDO
AV-2024-000842,AV-2024-000842,CUMPLE
AV-2025-000843,AV-2025-000843,PERSISTENTE
AV-2025-000844,AV-2025-000844,PERSISTENTE
AV-2025-000845,AV-2025-000845,CUMPLE
AV-2025-000846,AV-2025-000846,CUMPLE
AV-2024-000847,AV-2024-000847,CORREGIDO
AV-2026-000848,,SALIO_CUMPLIENDO
AV-2024-000849,AV-2024-000849,CORREGIDO
AV-2025-000850,AV-2025-000850,CUMPLE
AV-2024-000851,AV-2024-000851,PERSISTENTE
AV-2025-000852,AV-2025-000852,CUMPLE
AV-2024-000853,AV-2024-000853,CORREGIDO
AV-2024-000854,AV-2024-000854,CUMPLE
AV-2025-000855,AV-2025-000855,CORREGIDO
AV-2024-000856,,SALIO
AV-2026-000857,AV-2026-000857,CUMPLE
AV-2024-000858,AV-2024-000858,CUMPLE
AV-2024-000859,AV-2024-000859,PERSISTENTE
AV-2025-000860,AV-2025-000860,CORREGIDO
AV-2025-000861,AV-2025-000861,CUMPLE
AV-2025-000862,AV-2025-000862,CUMPLE
AV-2025-000863,AV-2025-000863,CORREGIDO
AV-2025-000864,AV-2025-000864,CUMPLE
AV-2025-000865,AV-2025-000865,PERSISTENTE
AV-2026-000866,AV-2026-000866,CORREGIDO
AV-2026-000867,AV-2026-000867,PERSISTENTE
AV-2025-000868,AV-2025-000868,PERSISTENTE
AV-2026-001146,AV-2024-000869,CORREGIDO
AV-2025-000870,AV-2025-000870,NUEVO
AV-2024-000871,AV-2024-000871,CUMPLE
AV-2024-000872,AV-2024-000872,CUMPLE
AV-2024-000873,AV-2024-000873,CUMPLE
AV-2025-000874,AV-2025-000874,CUMPLE
AV-2024-000875,AV-2024-000875,PERSISTENTE
AV-2025-000876,AV-2025-000876,CUMPLE
AV-2024-000877,AV-2024-000877,CUMPLE
AV-2025-000878,AV-2025-000878,CUMPLE
AV-2024-000879,AV-2024-000879,CUMPLE
AV-2025-000880,AV-2025-000880,CUMPLE
AV-2025-000881,AV-2025-000881,CUMPLE
AV-2025-000882,AV-2025-000882,CUMPLE
AV-2025-000883,AV-2025-000883,CORREGIDO
AV-2024-000884,AV-2024-000884,CUMPLE
AV-2025-000885,AV-2025-000885,CORREGIDO
AV-2025-000886,AV-2025-000886,CORREGIDO
AV-2025-000887,AV-2025-000887,CUMPLE
AV-2025-000888,AV-2025-000888,CUMPLE
AV-2024-000889,AV-2024-000889,CUMPLE
AV-2025-000890,AV-2025-000890,CUMPLE
AV-2024-000891,AV-2024-000891,CUMPLE
AV-2024-000892,AV-2024-000892,CORREGIDO
AV-2025-000893,AV-2025-000893,CUMPLE
AV-2025-000894,AV-2025-000894,CUMPLE
AV-2025-000895,AV-2025-000895,CUMPLE
AV-2025-000896,AV-2025-000896,CUMPLE
AV-2024-000897,AV-2024-000897,CUMPLE
AV-2025-000898,AV-2025-000898,CUMPLE
AV-2026-000899,,SALIO
AV-2025-000900,,SALIO
AV-2025-000901,AV-2025-000901,PERSISTENTE
AV-2026-000902,AV-2026-000902,CUMPLE
AV-2024-000903,AV-2024-000903,NUEVO
AV-2025-000904,AV-2025-000904,PERSISTENTE
AV-2025-000905,AV-2025-000905,CORREGIDO
AV-2024-000906,,SALIO
AV-2025-000907,AV-2025-000907,PERSISTENTE
AV-2025-000908,AV-2025-000908,CUMPLE
AV-2025-000909,AV-2025-000909,CORREGIDO
AV-2025-000910,AV-2025-000910,PERSISTENTE
AV-2025-000911,AV-2025-000911,PERSISTENTE
AV-2026-000912,AV-2026-000912,CUMPLE
AV-2024-000913,AV-2024-000913,CUMPLE
AV-2024-000914,AV-2024-000914,CUMPLE
AV-2024-000915,AV-2024-000915,PERSISTENTE
AV-2024-000916,AV-2024-000916,CUMPLE
AV-2025-000917,AV-2025-000917,CUMPLE
AV-2026-000918,AV-2026-000918,CUMPLE
AV-2026-000919,AV-2026-000919,CUMPLE
AV-2026-000920,AV-2026-000920,CUMPLE
AV-2025-000921,AV-2025-000921,CUMPLE
AV-2024-000922,AV-2024-000922,PERSISTENTE
AV-2024-000923,AV-2024-000923,CORREGIDO
AV-2024-000924,AV-2024-000924,CORREGIDO
AV-2025-000925,AV-2025-000925,CORREGIDO
AV-2026-000926,AV-2026-000926,CORREGIDO
AV-2025-000927,AV-2025-000927,CUMPLE
AV-2025-000928,,SALIO
AV-2026-000929,AV-2026-000929,CUMPLE
AV-2026-000930,AV-2026-000930,CUMPLE
AV-2025-000931,AV-2025-000931,CUMPLE
AV-2024-000932,AV-2024-000932,CUMPLE
AV-2025-000933,AV-2025-000933,CUMPLE
AV-2024-000934,AV-2024-000934,CUMPLE
AV-2025-000935,AV-2025-000935,CORREGIDO
AV-2024-000936,AV-2024-000936,CUMPLE
AV-2025-000937,AV-2025-000937,CUMPLE
AV-2024-000938,AV-2024-000938,CUMPLE
AV-2025-000939,AV-2025-000939,CUMPLE
AV-2026-000940,AV-2026-000940,CUMPLE
AV-2024-000941,AV-2024-000941,CUMPLE
AV-2024-000942,AV-2024-000942,PERSISTENTE
AV-2025-000943,AV-2025-000943,CUMPLE
AV-2025-000944,AV-2025-000944,CUMPLE
AV-2025-000945,AV-2025-000945,CUMPLE
AV-2026-000946,AV-2026-000946,NUEVO
AV-2025-000947,AV-2025-000947,CUMPLE
AV-2025-000948,AV-2025-000948,CUMPLE
AV-2024-000949,AV-2024-000949,CUMPLE
AV-2025-000950,AV-2025-000950,CORREGIDO
AV-2024-000951,AV-2024-000951,CORREGIDO
AV-2025-000952,AV-2025-000952,CUMPLE
AV-2024-000953,AV-2024-000953,CORREGIDO
AV-2026-000954,AV-2026-000954,CUMPLE
AV-2025-000955,AV-2025-000955,CUMPLE
AV-2025-000956,AV-2025-000956,CUMPLE
AV-2025-000957,AV-2025-000957,CUMPLE
AV-2025-000958,AV-2025-000958,CUMPLE
AV-2024-000959,AV-2024-000959,CUMPLE
AV-2026-000960,AV-2026-000960,CUMPLE
AV-2026-000961,AV-2026-000961,PERSISTENTE
AV-2025-000962,AV-2025-000962,CUMPLE
AV-2025-000963,AV-2025-000963,CORREGIDO
AV-2025-000964,AV-2025-000964,CUMPLE
AV-2025-000965,AV-2025-000965,CUMPLE
AV-2025-000966,AV-2025-000966,CUMPLE
AV-2025-000967,AV-2025-000967,CUMPLE
AV-2024-000968,AV-2024-000968,CUMPLE
AV-2025-000969,AV-2025-000969,CORREGIDO
AV-2025-000970,AV-2025-000970,CUMPLE
AV-2025-000971,,SALIO_CUMPLIENDO
AV-2024-000972,AV-2024-000972,CUMPLE
AV-2024-000973,AV-2024-000973,CUMPLE
AV-2025-000974,AV-2025-000974,CUMPLE
AV-2025-000975,AV-2025-000975,CUMPLE
AV-2025-000976,AV-2025-000976,CORREGIDO
AV-2025-000977,AV-2025-000977,CUMPLE
AV-2026-000978,AV-2026-000978,PERSISTENTE
AV-2025-000979,AV-2025-000979,CUMPLE
AV-2025-000980,AV-2025-000980,CORREGIDO
AV-2024-000981,AV-2024-000981,CUMPLE
AV-2025-000982,AV-2025-000982,CUMPLE
AV-2024-000983,AV-2024-000983,CUMPLE
AV-2025-000984,AV-2025-000984,CORREGIDO
AV-2024-000985,AV-2024-000985,CORREGIDO
AV-2025-000986,AV-2025-000986,CUMPLE
AV-2024-000987,AV-2024-000987,CUMPLE
AV-2024-000988,AV-2024-000988,CUMPLE
AV-2024-000989,AV-2024-000989,CUMPLE
AV-2025-000990,AV-2025-000990,CUMPLE
AV-2024-000991,AV-2024-000991,CUMPLE
AV-2026-000992,AV-2026-000992,CUMPLE
AV-2024-000993,AV-2024-000993,CUMPLE
AV-2026-000994,AV-2026-000994,CUMPLE
AV-2025-000995,AV-2025-000995,CUMPLE
AV-2024-000996,AV-2024-000996,CUMPLE
AV-2025-000997,,SALIO_CUMPLIENDO
AV-2025-000998,AV-2025-000998,CUMPLE
AV-2025-000999,AV-2025-000999,CORREGIDO
AV-2024-001000,AV-2024-001000,CUMPLE
AV-2025-001001,AV-2025-001001,CUMPLE
AV-2025-001002,AV-2025-001002,CUMPLE
AV-2025-001003,AV-2025-001003,CUMPLE
AV-2025-001004,AV-2025-001004,CUMPLE
AV-2024-001005,AV-2024-001005,CUMPLE
AV-2025-001006,AV-2025-001006,CUMPLE
AV-2025-001007,AV-2025-001007,CORREGIDO
AV-2025-001008,AV-2025-001008,CUMPLE
AV-2024-001009,,SALIO
AV-2025-001010,AV-2025-001010,CUMPLE
AV-2025-001011,AV-2025-001011,CUMPLE
AV-2025-001012,AV-2025-001012,CUMPLE
AV-2025-001013,AV-2025-001013,CORREGIDO
AV-2025-001014,AV-2025-001014,CUMPLE
AV-2025-001015,AV-2025-001015,CUMPLE
AV-2025-001016,AV-2025-001016,PERSISTENTE
AV-2024-001017,AV-2024-001017,CUMPLE
AV-2024-001018,AV-2024-001018,CUMPLE
AV-2025-001019,AV-2025-001019,CORREGIDO
AV-2025-001020,AV-2025-001020,CUMPLE
AV-2024-001021,AV-2024-001021,CUMPLE
AV-2025-001022,AV-2025-001022,CORREGIDO
AV-2025-001023,AV-2025-001023,PERSISTENTE
AV-2025-001024,AV-2025-001024,CORREGIDO
AV-2024-001025,AV-2024-001025,CUMPLE
AV-2024-001026,AV-2024-001026,CUMPLE
AV-2025-001027,AV-2025-001027,CUMPLE
AV-2025-001028,AV-2025-001028,PERSISTENTE
AV-2026-001029,AV-2026-001029,CORREGIDO
AV-2025-001030,AV-2025-001030,NUEVO
AV-2025-001031,AV-2025-001031,CUMPLE
AV-2025-001032,AV-2025-001032,CORREGIDO
AV-2025-001033,AV-2025-001033,CUMPLE
AV-2025-001034,AV-2025-001034,CUMPLE
AV-2025-001035,AV-2025-001035,NUEVO
AV-2025-001036,AV-2025-001036,CUMPLE
AV-2024-001037,,SALIO
AV-2025-001038,AV-2025-001038,CUMPLE
AV-2025-001039,AV-2025-001039,CUMPLE
AV-2024-001040,AV-2024-001040,CUMPLE
AV-2024-001041,AV-2024-001041,CUMPLE
AV-2025-001042,AV-2025-001042,CUMPLE
AV-2025-001043,AV-2025-001043,PERSISTENTE
AV-2025-001044,AV-2025-001044,CUMPLE
AV-2025-001045,AV-2025-001045,NUEVO
AV-2024-001046,AV-2024-001046,NUEVO
AV-2025-001047,AV-2025-001047,CUMPLE
AV-2025-001048,AV-2025-001048,CUMPLE
AV-2025-001049,AV-2025-001049,CORREGIDO
AV-2025-001050,AV-2025-001050,CUMPLE
AV-2025-001051,,SALIO_CUMPLIENDO
AV-2025-001052,AV-2025-001052,CORREGIDO
AV-2026-001053,AV-2026-001053,CUMPLE
AV-2024-001054,AV-2024-001054,PERSISTENTE
AV-2025-001055,AV-2025-001055,CUMPLE
AV-2025-001056,AV-2025-001056,CUMPLE
AV-2024-001057,AV-2024-001057,CUMPLE
AV-2025-001058,AV-2025-001058,CUMPLE
AV-2025-001059,AV-2025-001059,CUMPLE
AV-2024-001060,AV-2024-001060,CUMPLE
AV-2024-001061,AV-2024-001061,CUMPLE
AV-2025-001062,AV-2025-001062,CUMPLE
AV-2026-001063,AV-2026-001063,CORREGIDO
AV-2024-001064,AV-2024-001064,CUMPLE
AV-2026-001065,AV-2026-001065,CUMPLE
AV-2024-001066,AV-2024-001066,CUMPLE
AV-2024-001067,AV-2024-001067,CORREGIDO
AV-2025-001068,AV-2025-001068,CUMPLE
AV-2026-001069,AV-2026-001069,CUMPLE
AV-2025-001070,AV-2025-001070,CUMPLE
AV-2025-001071,AV-2025-001071,CORREGIDO
AV-2025-001072,AV-2025-001072,CUMPLE
AV-2025-001073,AV-2025-001073,CORREGIDO
AV-2024-001074,AV-2024-001074,CUMPLE
AV-2025-001075,AV-2025-001075,CORREGIDO
AV-2025-001076,AV-2025-001076,CUMPLE
AV-2025-001077,AV-2025-001077,CUMPLE
AV-2024-001078,AV-2024-001078,PERSISTENTE
AV-2025-001079,AV-2025-001079,CUMPLE
AV-2025-001080,AV-2025-001080,PERSISTENTE
AV-2024-001081,AV-2024-001081,CUMPLE
AV-2024-001082,AV-2024-001082,CUMPLE
AV-2025-001083,AV-2025-001083,CUMPLE
AV-2026-001084,AV-2026-001084,CUMPLE
AV-2025-001085,AV-2025-001085,CUMPLE
AV-2025-001086,,SALIO
AV-2025-001087,AV-2025-001087,CUMPLE
AV-2025-001088,AV-2025-001088,CUMPLE
AV-2025-001089,AV-2025-001089,CUMPLE
AV-2024-001090,AV-2024-001090,CUMPLE
AV-2025-001091,AV-2025-001091,CORREGIDO
AV-2024-001092,AV-2024-001092,CUMPLE
AV-2026-001093,AV-2026-001093,CUMPLE
AV-2025-001094,AV-2025-001094,CORREGIDO
AV-2026-001095,AV-2026-001095,PERSISTENTE
AV-2025-001096,AV-2025-001096,CUMPLE
AV-2025-001097,AV-2025-001097,CUMPLE
AV-2025-001098,AV-2025-001098,CUMPLE
AV-2025-001099,AV-2025-001099,CORREGIDO
AV-2025-001100,AV-2025-001100,CUMPLE
AV-2026-001101,AV-2026-001101,CUMPLE
AV-2025-001102,AV-2025-001102,CUMPLE
AV-2026-001103,AV-2026-001103,CUMPLE
AV-2025-001104,AV-2025-001104,CUMPLE
AV-2024-001105,AV-2024-001105,CUMPLE
AV-2025-001106,AV-2025-001106,PERSISTENTE
AV-2024-001107,AV-2024-001107,CUMPLE
AV-2025-001108,AV-2025-001108,CORREGIDO
AV-2025-001109,AV-2025-001109,CUMPLE
AV-2025-001110,AV-2025-001110,NUEVO
AV-2025-001111,AV-2025-001111,CORREGIDO
AV-2025-001112,AV-2025-001112,CUMPLE
AV-2025-001113,AV-2025-001113,CUMPLE
AV-2024-001114,AV-2024-001114,CUMPLE
AV-2025-001115,AV-2025-001115,CUMPLE
AV-2025-001116,AV-2025-001116,CUMPLE
AV-2025-001117,AV-2025-001117,CUMPLE
AV-2025-001118,AV-2025-001118,CUMPLE
AV-2025-001119,,SALIO_CUMPLIENDO
AV-2025-001120,AV-2025-001120,CUMPLE
AV-2025-001121,AV-2025-001121,CORREGIDO
AV-2025-001122,,SALIO
AV-2025-001123,AV-2025-001123,CUMPLE
AV-2025-001124,AV-2025-001124,CUMPLE
AV-2026-001125,AV-2026-001125,CUMPLE
AV-2025-001126,AV-2025-001126,CUMPLE
AV-2025-001127,AV-2025-001127,CORREGIDO
AV-2024-001128,AV-2024-001128,CORREGIDO
AV-2025-001129,AV-2025-001129,CORREGIDO
AV-2025-001130,AV-2025-001130,CUMPLE
AV-2026-001131,AV-2026-001131,CUMPLE
AV-2025-001132,AV-2025-001132,CUMPLE
AV-2025-001133,AV-2025-001133,PERSISTENTE
AV-2026-001134,AV-2026-001134,CUMPLE
AV-2025-001135,AV-2025-001135,CORREGIDO
AV-2026-001136,AV-2026-001136,PERSISTENTE
AV-2025-001137,AV-2025-001137,CUMPLE
AV-2025-001138,AV-2025-001138,CUMPLE
AV-2025-001139,AV-2025-001139,CUMPLE
AV-2024-001140,AV-2024-001140,CUMPLE
AV-2025-001141,AV-2025-001141,CUMPLE
AV-2024-001142,AV-2024-001142,CUMPLE
AV-2025-001143,AV-2025-001143,PERSISTENTE
AV-2025-001144,AV-2025-001144,CORREGIDO
AV-2025-001145,AV-2025-001145,CUMPLE
AV-2026-001146,AV-2026-001146,CORREGIDO
AV-2024-001147,AV-2024-001147,CUMPLE
AV-2025-001148,AV-2025-001148,CORREGIDO
AV-2025-001149,AV-2025-001149,CUMPLE
AV-2025-001150,AV-2025-001150,CUMPLE
AV-2024-001151,AV-2024-001151,CUMPLE
AV-2025-001152,AV-2025-001152,CUMPLE
AV-2025-001153,AV-2025-001153,PERSISTENTE
AV-2026-001154,AV-2026-001154,CORREGIDO
AV-2025-001155,AV-2025-001155,PERSISTENTE
AV-2025-001156,AV-2025-001156,PERSISTENTE
AV-2025-001157,AV-2025-001157,CUMPLE
AV-2024-001158,AV-2024-001158,CUMPLE
AV-2026-001159,AV-2026-001159,CUMPLE
AV-2026-001160,AV-2026-001160,CUMPLE
AV-2025-001161,AV-2025-001161,CUMPLE
AV-2024-001162,AV-2024-001162,CUMPLE
AV-2024-001163,AV-2024-001163,NUEVO
AV-2024-001164,AV-2024-001164,CUMPLE
AV-2025-001165,,SALIO
AV-2025-001166,AV-2025-001166,CUMPLE
AV-2025-001167,AV-2025-001167,CUMPLE
AV-2026-001168,AV-2026-001168,NUEVO
AV-2024-001169,AV-2024-001169,CUMPLE
AV-2025-001170,AV-2025-001170,CORREGIDO
AV-2024-001171,,SALIO
AV-2024-001172,AV-2024-001172,PERSISTENTE
AV-2025-001173,AV-2025-001173,CUMPLE
AV-2025-001174,AV-2025-001174,CUMPLE
AV-2024-001175,AV-2024-001175,CUMPLE
AV-2025-001176,AV-2025-001176,CUMPLE
AV-2025-001177,AV-2025-001177,PERSISTENTE
AV-2025-001178,AV-2025-001178,CUMPLE
AV-2025-001179,AV-2025-001179,CUMPLE
AV-2025-001180,AV-2025-001180,CUMPLE
AV-2026-001181,,SALIO
AV-2025-001182,AV-2025-001182,CUMPLE
AV-2025-001183,AV-2025-001183,PERSISTENTE
AV-2025-001184,AV-2025-001184,CORREGIDO
AV-2025-001185,AV-2025-001185,CUMPLE
AV-2025-001186,AV-2025-001186,CUMPLE
AV-2025-001187,AV-2025-001187,CUMPLE
AV-2025-001188,AV-2025-001188,CUMPLE
AV-2025-001189,,SALIO_CUMPLIENDO
AV-2025-001190,AV-2025-001190,CORREGIDO
AV-2025-001191,AV-2025-001191,CUMPLE
AV-2024-001192,AV-2024-001192,CUMPLE
AV-2024-001193,AV-2024-001193,CUMPLE
AV-2026-001194,AV-2026-001194,CUMPLE
AV-2025-001195,AV-2025-001195,CUMPLE
AV-2025-001196,AV-2025-001196,CUMPLE
AV-2024-001197,AV-2024-001197,CUMPLE
AV-2025-001198,AV-2025-001198,CUMPLE
AV-2025-001199,AV-2025-001199,CORREGIDO
AV-2024-001200,,SALIO_CUMPLIENDO
AV-2025-001201,AV-2025-001201,CUMPLE
AV-2024-001202,AV-2024-001202,CUMPLE
AV-2025-001203,AV-2025-001203,CUMPLE
AV-2025-001204,AV-2025-001204,CUMPLE
AV-2025-001205,AV-2025-001205,CUMPLE
AV-2025-001206,AV-2025-001206,CUMPLE
AV-2025-001207,AV-2025-001207,CUMPLE
AV-2024-001208,AV-2024-001208,CUMPLE
AV-2024-001209,AV-2024-001209,PERSISTENTE
AV-2025-001210,AV-2025-001210,CUMPLE
AV-2025-001211,AV-2025-001211,CUMPLE
AV-2025-001212,AV-2025-001212,CORREGIDO
AV-2025-001213,AV-2025-001213,CUMPLE
AV-2025-001214,AV-2025-001214,PERSISTENTE
AV-2024-001215,AV-2024-001215,CUMPLE
AV-2025-001216,,SALIO
AV-2025-001217,AV-2025-001217,CUMPLE
AV-2026-001218,AV-2026-001218,CUMPLE
AV-2025-001219,AV-2025-001219,CORREGIDO
AV-2025-001220,AV-2025-001220,CUMPLE
AV-2025-001221,AV-2025-001221,PERSISTENTE
AV-2026-001222,AV-2026-001222,PERSISTENTE
AV-2025-001223,AV-2025-001223,CUMPLE
AV-2025-001224,AV-2025-001224,PERSISTENTE
AV-2026-001225,AV-2026-001225,CUMPLE
AV-2025-001226,AV-2025-001226,PERSISTENTE
AV-2026-001227,AV-2026-001227,CUMPLE
AV-2024-001228,AV-2024-001228,CUMPLE
AV-2025-001229,AV-2025-001229,CUMPLE
AV-2025-001230,AV-2025-001230,CUMPLE
AV-2025-001231,AV-2025-001231,CUMPLE
AV-2025-001232,AV-2025-001232,PERSISTENTE
AV-2025-001233,AV-2025-001233,CUMPLE
AV-2025-001234,AV-2025-001234,CORREGIDO
AV-2025-001235,AV-2025-001235,PERSISTENTE
AV-2025-001236,AV-2025-001236,CORREGIDO
AV-2024-001237,AV-2024-001237,CORREGIDO
AV-2025-001238,AV-2025-001238,CORREGIDO
AV-2025-001239,AV-2025-001239,CUMPLE
AV-2025-001240,AV-2025-001240,PERSISTENTE
AV-2025-001241,AV-2025-001241,CUMPLE
AV-2025-001242,AV-2025-001242,CUMPLE
AV-2025-001243,AV-2025-001243,CUMPLE
AV-2024-001244,AV-2024-001244,CUMPLE
AV-2025-001245,AV-2025-001245,CUMPLE
AV-2024-001246,AV-2024-001246,CORREGIDO
AV-2026-001247,AV-2026-001247,CUMPLE
AV-2025-001248,AV-2025-001248,CUMPLE
AV-2025-001249,AV-2025-001249,CORREGIDO
AV-2024-001250,AV-2024-001250,CORREGIDO
AV-2025-001251,AV-2025-001251,CORREGIDO
AV-2025-001252,AV-2025-001252,CUMPLE
AV-2025-001253,AV-2025-001253,PERSISTENTE
AV-2025-001254,AV-2025-001254,CUMPLE
AV-2025-001255,AV-2025-001255,CUMPLE
AV-2026-001256,AV-2026-001256,CORREGIDO
AV-2026-001257,AV-2026-001257,CUMPLE
AV-2025-001258,AV-2025-001258,CUMPLE
AV-2025-001259,AV-2025-001259,CUMPLE
AV-2024-001260,AV-2024-001260,CORREGIDO
AV-2025-001261,AV-2025-001261,PERSISTENTE
AV-2025-001262,AV-2025-001262,CORREGIDO
AV-2025-001263,AV-2025-001263,CUMPLE
AV-2024-001264,AV-2024-001264,CUMPLE
AV-2026-001265,AV-2026-001265,CUMPLE
AV-2025-001266,AV-2025-001266,CUMPLE
AV-2025-001267,AV-2025-001267,CUMPLE
AV-2026-001268,AV-2026-001268,CUMPLE
AV-2024-001269,AV-2024-001269,CUMPLE
AV-2024-001270,AV-2024-001270,CUMPLE
AV-2025-001271,AV-2025-001271,CUMPLE
AV-2025-001272,AV-2025-001272,CUMPLE
AV-2025-001273,AV-2025-001273,CUMPLE
AV-2025-001274,AV-2025-001274,CUMPLE
AV-2024-001275,AV-2024-001275,CUMPLE
AV-2025-001276,AV-2025-001276,CUMPLE
AV-2026-001277,AV-2026-001277,CUMPLE
AV-2025-001278,AV-2025-001278,CUMPLE
AV-2026-001279,AV-2026-001279,CUMPLE
AV-2025-001280,AV-2025-001280,CORREGIDO
AV-2025-001281,AV-2025-001281,PERSISTENTE
AV-2025-001282,AV-2025-001282,CUMPLE
AV-2026-001283,AV-2026-001283,CUMPLE
AV-2025-001284,AV-2025-001284,CORREGIDO
AV-2025-001285,AV-2025-001285,CUMPLE
AV-2025-001286,AV-2025-001286,CORREGIDO
AV-2025-001287,AV-2025-001287,CUMPLE
AV-2025-001288,AV-2025-001288,CUMPLE
AV-2025-001289,AV-2025-001289,PERSISTENTE
AV-2025-001290,AV-2025-001290,CORREGIDO
AV-2025-001291,AV-2025-001291,CUMPLE
AV-2025-001292,AV-2025-001292,CUMPLE
AV-2025-001293,AV-2025-001293,CUMPLE
AV-2025-001294,AV-2025-001294,CORREGIDO
AV-2025-001295,AV-2025-001295,CUMPLE
AV-2025-001296,AV-2025-001296,CUMPLE
AV-2025-001297,AV-2025-001297,CUMPLE
AV-2026-001298,AV-2026-001298,CUMPLE
AV-2024-001299,AV-2024-001299,CUMPLE
AV-2025-001300,AV-2025-001300,CUMPLE
AV-2025-001301,AV-2025-001301,CUMPLE
AV-2025-001302,AV-2025-001302,CUMPLE
AV-2025-001303,AV-2025-001303,CUMPLE
AV-2025-001304,AV-2025-001304,CUMPLE
AV-2025-001305,AV-2025-001305,CUMPLE
AV-2025-001306,AV-2025-001306,CORREGIDO
AV-2025-001307,AV-2025-001307,CUMPLE
AV-2026-001308,AV-2026-001308,CORREGIDO
AV-2025-001309,AV-2025-001309,CORREGIDO
AV-2026-001310,AV-2026-001310,CORREGIDO
AV-2024-001311,AV-2024-001311,CUMPLE
AV-2025-001312,AV-2025-001312,CUMPLE
AV-2025-001313,AV-2025-001313,CUMPLE
AV-2025-001314,AV-2025-001314,CUMPLE
AV-2024-001315,AV-2024-001315,CORREGIDO
AV-2025-001316,AV-2025-001316,CUMPLE
AV-2025-001317,AV-2025-001317,CUMPLE
AV-2026-001318,AV-2026-001318,CORREGIDO
AV-2025-001319,AV-2025-001319,CUMPLE
AV-2025-001320,AV-2025-001320,CUMPLE
AV-2025-001321,AV-2025-001321,CUMPLE
AV-2025-001322,AV-2025-001322,CORREGIDO
AV-2025-001323,AV-2025-001323,CUMPLE
AV-2026-001324,AV-2026-001324,CUMPLE
AV-2025-001325,AV-2025-001325,CUMPLE
AV-2024-001326,AV-2024-001326,CUMPLE
AV-2025-001327,AV-2025-001327,CUMPLE
AV-2025-001328,AV-2025-001328,CUMPLE
AV-2025-001329,AV-2025-001329,CUMPLE
AV-2025-001330,AV-2025-001330,CUMPLE
AV-2025-001331,AV-2025-001331,CUMPLE
AV-2025-001332,AV-2025-001332,PERSISTENTE
AV-2025-001333,AV-2025-001333,CUMPLE
AV-2026-001334,AV-2026-001334,CUMPLE
AV-2024-001335,AV-2024-001335,CUMPLE
AV-2025-001336,AV-2025-001336,CUMPLE
AV-2025-001337,AV-2025-001337,PERSISTENTE
AV-2025-001338,AV-2025-001338,CORREGIDO
AV-2024-001339,AV-2024-001339,CUMPLE
AV-2025-001340,AV-2025-001340,CUMPLE
AV-2025-001341,AV-2025-001341,CUMPLE
AV-2025-001342,AV-2025-001342,CUMPLE
AV-2026-001343,AV-2026-001343,CUMPLE
AV-2025-001344,AV-2025-001344,CUMPLE
AV-2025-001345,AV-2025-001345,CUMPLE
AV-2025-001346,AV-2025-001346,CORREGIDO
AV-2025-001347,AV-2025-001347,CUMPLE
AV-2025-001348,AV-2025-001348,NUEVO
AV-2025-001349,AV-2025-001349,NUEVO
AV-2025-001350,AV-2025-001350,CUMPLE
AV-2024-001351,AV-2024-001351,CORREGIDO
AV-2025-001352,AV-2025-001352,CUMPLE
AV-2025-001353,AV-2025-001353,CUMPLE
AV-2024-001354,AV-2024-001354,CUMPLE
AV-2025-001355,AV-2025-001355,CUMPLE
AV-2024-001356,AV-2024-001356,CUMPLE
AV-2025-001357,AV-2025-001357,CUMPLE
AV-2024-001358,AV-2024-001358,CORREGIDO
AV-2025-001359,AV-2025-001359,CUMPLE
AV-2024-001360,AV-2024-001360,CUMPLE
AV-2025-001361,AV-2025-001361,CORREGIDO
AV-2025-001362,AV-2025-001362,CUMPLE
AV-2025-001363,AV-2025-001363,CUMPLE
AV-2025-001364,AV-2025-001364,CUMPLE
AV-2025-001365,AV-2025-001365,CUMPLE
AV-2025-001366,AV-2025-001366,CORREGIDO
AV-2025-001367,AV-2025-001367,CUMPLE
AV-2026-001368,AV-2026-001368,CUMPLE
AV-2025-001369,,SALIO_CUMPLIENDO
AV-2025-001370,AV-2025-001370,CUMPLE
AV-2025-001371,AV-2025-001371,CORREGIDO
AV-2025-001372,AV-2025-001372,CUMPLE
AV-2025-001373,AV-2025-001373,CUMPLE
AV-2026-001374,AV-2026-001374,CUMPLE
AV-2025-001375,AV-2025-001375,PERSISTENTE
AV-2025-001376,AV-2025-001376,CUMPLE
AV-2025-001377,AV-2025-001377,CUMPLE
AV-2025-001378,AV-2025-001378,CUMPLE
AV-2024-001379,AV-2024-001379,CUMPLE
AV-2024-001380,AV-2024-001380,CUMPLE
AV-2024-001381,AV-2024-001381,CUMPLE
AV-2024-001382,AV-2024-001382,CORREGIDO
AV-2025-001383,AV-2025-001383,CORREGIDO
AV-2025-001384,AV-2025-001384,CUMPLE
AV-2025-001385,AV-2025-001385,CUMPLE
AV-2025-001386,AV-2025-001386,CUMPLE
AV-2025-001387,AV-2025-001387,CUMPLE
AV-2025-001388,AV-2025-001388,CUMPLE
AV-2025-001389,AV-2025-001389,CUMPLE
AV-2024-001390,AV-2024-001390,CUMPLE
AV-2025-001391,AV-2025-001391,CUMPLE
AV-2025-001392,AV-2025-001392,CORREGIDO
AV-2026-001393,AV-2026-001393,CUMPLE
AV-2024-001394,AV-2024-001394,CUMPLE
AV-2025-001395,AV-2025-001395,CUMPLE
AV-2025-001396,AV-2025-001396,CUMPLE
AV-2026-001397,AV-2026-001397,CUMPLE
AV-2024-001398,AV-2024-001398,CUMPLE
AV-2024-001399,AV-2024-001399,CORREGIDO
AV-2025-001400,AV-2025-001400,CUMPLE
AV-2024-001401,AV-2024-001401,PERSISTENTE
AV-2025-001402,AV-2025-001402,NUEVO
AV-2024-001403,AV-2024-001403,CUMPLE
AV-2025-001404,AV-2025-001404,CUMPLE
AV-2025-001405,AV-2025-001405,CUMPLE
AV-2025-001406,AV-2025-001406,CUMPLE
AV-2024-001407,AV-2024-001407,CUMPLE
AV-2025-001408,AV-2025-001408,CUMPLE
AV-2025-001409,AV-2025-001409,CUMPLE
AV-2024-001410,AV-2025-000119,NUEVO
AV-2025-001411,AV-2025-001411,CUMPLE
AV-2025-001412,AV-2025-001412,NUEVO
AV-2025-001413,AV-2025-001413,PERSISTENTE
AV-2025-001414,AV-2025-001414,CUMPLE
AV-2025-001415,AV-2025-001415,CUMPLE
AV-2024-001416,AV-2024-001416,CUMPLE
AV-2025-001417,AV-2025-001417,CORREGIDO
AV-2026-001418,AV-2026-001418,CUMPLE
AV-2025-001419,AV-2025-001419,CUMPLE
AV-2025-001420,AV-2025-001420,PERSISTENTE
AV-2025-001421,AV-2025-001421,PERSISTENTE
AV-2025-001422,AV-2025-001422,CORREGIDO
AV-2024-001423,AV-2024-001423,CUMPLE
AV-2025-001424,AV-2025-001424,CUMPLE
AV-2025-001425,AV-2025-001425,CUMPLE
AV-2024-001426,AV-2024-001426,CUMPLE
AV-2025-001427,AV-2025-001427,CUMPLE
AV-2025-001428,AV-2025-001428,CORREGIDO
AV-2025-001429,AV-2025-001429,CUMPLE
AV-2025-001430,AV-2025-001430,CUMPLE
AV-2026-001431,AV-2026-001431,CORREGIDO
AV-2025-001432,AV-2025-001432,CUMPLE
AV-2025-001433,AV-2025-001433,CUMPLE
AV-2025-001434,AV-2025-001434,CUMPLE
AV-2025-001435,AV-2025-001435,CUMPLE
AV-2025-001436,AV-2025-001436,CUMPLE
AV-2025-001437,AV-2025-001437,CUMPLE
AV-2025-001438,AV-2025-001438,CUMPLE
AV-2025-001439,AV-2025-001439,CUMPLE
AV-2025-001440,,SALIO_CUMPLIENDO
AV-2025-001441,AV-2025-001441,CUMPLE
AV-2025-001442,AV-2025-001442,CUMPLE
AV-2025-001443,AV-2025-001443,CUMPLE
AV-2025-003674,AV-2025-001444,CORREGIDO
AV-2025-001445,AV-2025-001445,CUMPLE
AV-2025-001446,AV-2025-001446,CUMPLE
AV-2025-001447,AV-2025-001447,CUMPLE
AV-2025-001448,AV-2025-001448,CUMPLE
AV-2025-001449,AV-2025-001449,CORREGIDO
AV-2025-001450,AV-2025-001450,CUMPLE
AV-2025-001451,AV-2025-001451,CORREGIDO
AV-2026-001452,AV-2026-001452,CUMPLE
AV-2025-001453,AV-2025-001453,CORREGIDO
AV-2025-001454,AV-2025-001454,CUMPLE
AV-2024-001455,AV-2024-001455,CORREGIDO
AV-2024-001456,AV-2024-001456,PERSISTENTE
AV-2025-001457,AV-2025-001457,CUMPLE
AV-2025-001458,AV-2025-001458,CUMPLE
AV-2025-001459,AV-2025-001459,CUMPLE
AV-2025-001460,AV-2025-001460,CUMPLE
AV-2025-001461,AV-2025-001461,CUMPLE
AV-2025-001462,AV-2025-001462,CORREGIDO
AV-2025-001463,,SALIO
AV-2024-001464,AV-2024-001464,CUMPLE
AV-2026-001465,AV-2026-001465,CUMPLE
AV-2025-001466,AV-2025-001466,CUMPLE
AV-2025-001467,AV-2025-001467,CUMPLE
AV-2025-001468,AV-2025-001468,CUMPLE
AV-2025-001469,AV-2025-001469,CORREGIDO
AV-2025-001470,AV-2025-001470,CORREGIDO
AV-2024-001471,,SALIO
AV-2025-001472,AV-2025-001472,CUMPLE
AV-2025-001473,AV-2025-001473,CUMPLE
AV-2025-001474,AV-2025-001474,CORREGIDO
AV-2025-001475,AV-2025-001475,CUMPLE
AV-2025-001476,AV-2025-001476,CUMPLE
AV-2024-001477,AV-2024-001477,CUMPLE
AV-2025-001478,AV-2025-001478,CUMPLE
AV-2025-001479,AV-2025-001479,CUMPLE
AV-2026-001480,AV-2026-001480,CUMPLE
AV-2025-001481,AV-2025-001481,CORREGIDO
AV-2025-001482,AV-2025-001482,CUMPLE
AV-2025-001483,AV-2025-001483,CORREGIDO
AV-2026-001484,AV-2026-001484,CUMPLE
AV-2025-001485,AV-2025-001485,PERSISTENTE
AV-2025-001486,AV-2025-001486,CUMPLE
AV-2025-001487,AV-2025-001487,CORREGIDO
AV-2025-001488,AV-2025-001488,CUMPLE
AV-2024-001489,AV-2024-001489,CUMPLE
AV-2026-001490,AV-2026-001490,CUMPLE
AV-2025-001491,AV-2025-001491,CUMPLE
AV-2024-001492,AV-2024-001492,CUMPLE
AV-2025-001493,AV-2025-001493,CUMPLE
AV-2025-001494,AV-2025-001494,CUMPLE
AV-2025-001495,AV-2025-001495,CUMPLE
AV-2025-000039,,SALIO
AV-2025-001497,AV-2025-001497,CORREGIDO
AV-2024-001498,AV-2024-001498,CUMPLE
AV-2026-001499,AV-2026-001499,PERSISTENTE
AV-2025-001500,AV-2025-001500,CUMPLE
AV-2025-001501,AV-2025-001501,CUMPLE
AV-2024-001502,AV-2024-001502,CUMPLE
AV-2024-001503,AV-2024-001503,CUMPLE
AV-2025-001504,AV-2025-001504,PERSISTENTE
AV-2025-001505,AV-2025-001505,CUMPLE
AV-2024-001506,AV-2024-001506,CUMPLE
AV-2026-001507,AV-2026-001507,CUMPLE
AV-2025-001508,AV-2025-001508,CUMPLE
AV-2024-001509,AV-2024-001509,CUMPLE
AV-2025-001510,AV-2025-001510,CUMPLE
AV-2025-001511,AV-2025-001511,CUMPLE
AV-2026-001512,AV-2026-001512,CUMPLE
AV-2025-001513,AV-2025-001513,CUMPLE
AV-2025-001514,AV-2025-001514,CUMPLE
AV-2024-001515,AV-2024-001515,CORREGIDO
AV-2024-001516,AV-2024-001516,CUMPLE
AV-2026-001517,AV-2026-001517,CUMPLE
AV-2025-001518,AV-2025-001518,PERSISTENTE
AV-2025-001519,AV-2025-001519,PERSISTENTE
AV-2025-001520,AV-2025-001520,CUMPLE
AV-2025-001521,AV-2025-001521,CUMPLE
AV-2025-001522,AV-2025-001522,CUMPLE
AV-2025-001523,AV-2025-001523,CUMPLE
AV-2025-001524,AV-2025-001524,CUMPLE
AV-2025-001525,AV-2025-001525,CUMPLE
AV-2025-001526,AV-2025-001526,CUMPLE
AV-2024-001527,AV-2024-001527,CORREGIDO
AV-2024-001528,AV-2024-001528,CORREGIDO
AV-2025-001529,AV-2025-001529,CUMPLE
AV-2025-001530,AV-2025-001530,CUMPLE
AV-2024-001531,AV-2024-001531,CUMPLE
AV-2024-001532,AV-2024-001532,CUMPLE
AV-2025-001533,AV-2025-001533,PERSISTENTE
AV-2024-001534,AV-2024-001534,CUMPLE
AV-2025-001535,,SALIO
AV-2025-001536,AV-2025-001536,CUMPLE
AV-2025-001537,AV-2025-001537,CORREGIDO
AV-2024-001538,AV-2024-001538,PERSISTENTE
AV-2025-001539,AV-2025-001539,CUMPLE
AV-2024-001540,AV-2024-001540,CUMPLE
AV-2025-001541,AV-2025-001541,CUMPLE
AV-2025-001542,AV-2025-001542,CUMPLE
AV-2025-001543,AV-2025-001543,CUMPLE
AV-2026-001544,AV-2026-001544,CORREGIDO
AV-2025-001545,AV-2025-001545,CUMPLE
AV-2026-001546,AV-2026-001546,CUMPLE
AV-2025-001547,AV-2025-001547,CUMPLE
AV-2025-001548,AV-2025-001548,CUMPLE
AV-2025-001549,AV-2025-001549,CORREGIDO
AV-2024-001550,AV-2024-001550,CUMPLE
AV-2025-001551,AV-2025-001551,CUMPLE
AV-2024-001552,AV-2024-001552,CUMPLE
AV-2026-001553,AV-2026-001553,CUMPLE
AV-2025-001554,AV-2025-001554,NUEVO
AV-2025-001555,AV-2025-001555,CUMPLE
AV-2024-001556,AV-2024-001556,CUMPLE
AV-2025-001557,AV-2025-001557,CORREGIDO
AV-2025-001558,AV-2025-001558,CUMPLE
AV-2025-001559,AV-2025-001559,CUMPLE
AV-2025-001560,AV-2025-001560,CUMPLE
AV-2025-001561,AV-2025-001561,PERSISTENTE
AV-2024-001562,AV-2024-001562,CUMPLE
AV-2025-001563,AV-2025-001563,PERSISTENTE
AV-2025-001564,AV-2025-001564,CUMPLE
AV-2024-001565,AV-2024-001565,CUMPLE
AV-2025-001566,AV-2025-001566,CUMPLE
AV-2025-001567,AV-2025-001567,PERSISTENTE
AV-2024-001568,AV-2024-001568,CORREGIDO
AV-2025-001569,AV-2025-001569,CUMPLE
AV-2025-001570,AV-2025-001570,CUMPLE
AV-2024-001571,,SALIO_CUMPLIENDO
AV-2024-001572,AV-2024-001572,CORREGIDO
AV-2024-001573,AV-2024-001573,CUMPLE
AV-2024-001574,AV-2024-001574,CUMPLE
AV-2025-001575,AV-2025-001575,CUMPLE
AV-2026-001576,AV-2026-001576,CORREGIDO
AV-2024-001577,AV-2024-001577,CUMPLE
AV-2025-001578,AV-2025-001578,CUMPLE
AV-2025-001579,AV-2025-001579,CUMPLE
AV-2025-001580,AV-2025-001580,CUMPLE
AV-2025-001581,AV-2025-001581,CUMPLE
AV-2025-001582,AV-2025-001582,CORREGIDO
AV-2024-001583,AV-2024-001583,CUMPLE
AV-2025-001584,AV-2025-001584,CUMPLE
AV-2025-001585,AV-2025-001585,CUMPLE
AV-2024-001586,AV-2024-001586,CUMPLE
AV-2024-001587,AV-2024-001587,PERSISTENTE
AV-2025-001588,AV-2025-001588,CUMPLE
AV-2025-001589,AV-2025-001589,CUMPLE
AV-2025-001590,AV-2025-001590,PERSISTENTE
AV-2025-001591,AV-2025-001591,CUMPLE
AV-2025-001592,AV-2025-001592,CUMPLE
AV-2025-001593,AV-2025-001593,CUMPLE
AV-2025-001594,AV-2025-001594,CUMPLE
AV-2025-001595,AV-2025-001595,CUMPLE
AV-2025-001596,AV-2025-001596,CUMPLE
AV-2024-001597,AV-2024-001597,CUMPLE
AV-2024-001598,AV-2024-001598,CUMPLE
AV-2024-001599,AV-2024-001599,CORREGIDO
AV-2025-001600,AV-2025-001600,CORREGIDO
AV-2025-001601,AV-2025-001601,CUMPLE
AV-2025-001602,AV-2025-001602,CUMPLE
AV-2024-001603,AV-2024-001603,PERSISTENTE
AV-2025-001604,AV-2025-001604,CORREGIDO
AV-2025-001605,AV-2025-001605,CUMPLE
AV-2024-001606,AV-2024-001606,CUMPLE
AV-2024-001607,AV-2024-001607,CORREGIDO
AV-2024-001608,AV-2024-001608,CUMPLE
AV-2024-001609,AV-2024-001609,CUMPLE
AV-2024-001610,AV-2024-001610,CUMPLE
AV-2025-001611,AV-2025-001611,CUMPLE
AV-2026-001612,AV-2026-001612,CUMPLE
AV-2025-001613,AV-2025-001613,CORREGIDO
AV-2024-001614,AV-2024-001614,CUMPLE
AV-2025-001615,AV-2025-001615,CUMPLE
AV-2026-001616,AV-2026-001616,CUMPLE
AV-2025-001617,AV-2025-001617,PERSISTENTE
AV-2025-001618,AV-2025-001618,CUMPLE
AV-2025-001619,AV-2025-001619,CUMPLE
AV-2025-001620,AV-2025-001620,CUMPLE
AV-2025-001621,,SALIO
AV-2025-001622,AV-2025-001622,PERSISTENTE
AV-2025-001623,AV-2025-001623,PERSISTENTE
AV-2025-001624,AV-2025-001624,CUMPLE
AV-2025-001625,AV-2025-001625,CUMPLE
AV-2025-001626,AV-2025-001626,CUMPLE
AV-2024-001627,AV-2024-001627,CUMPLE
AV-2024-001628,AV-2024-001628,CUMPLE
AV-2025-001629,AV-2025-001629,PERSISTENTE
AV-2025-001630,AV-2025-001630,CUMPLE
AV-2024-001631,AV-2024-001631,CUMPLE
AV-2025-001632,AV-2025-001632,CORREGIDO
AV-2025-001633,AV-2025-001633,CUMPLE
AV-2025-001634,AV-2025-001634,CUMPLE
AV-2025-001635,AV-2025-001635,CUMPLE
AV-2025-001636,AV-2025-001636,CORREGIDO
AV-2025-001637,AV-2025-001637,CUMPLE
AV-2025-001638,AV-2025-001638,CUMPLE
AV-2025-001639,AV-2025-001639,CUMPLE
AV-2025-001640,AV-2025-001640,CUMPLE
AV-2025-001641,AV-2025-001641,CORREGIDO
AV-2025-001642,AV-2025-001642,CUMPLE
AV-2025-001643,AV-2025-001643,CUMPLE
AV-2025-001644,AV-2025-001644,CUMPLE
AV-2024-001645,AV-2024-001645,PERSISTENTE
AV-2026-001646,AV-2026-001646,CORREGIDO
AV-2025-001647,AV-2025-001647,CUMPLE
AV-2025-001648,AV-2025-001648,CORREGIDO
AV-2025-001649,AV-2025-001649,CUMPLE
AV-2024-001650,AV-2024-001650,CUMPLE
AV-2024-001651,AV-2024-001651,CORREGIDO
AV-2025-001652,AV-2025-001652,CORREGIDO
AV-2025-001653,AV-2025-001653,CORREGIDO
AV-2025-001654,AV-2025-001654,CUMPLE
AV-2025-001655,,SALIO_CUMPLIENDO
AV-2025-001656,AV-2025-001656,CUMPLE
AV-2025-001657,AV-2025-001657,CORREGIDO
AV-2024-003089,AV-2024-001658,CORREGIDO
AV-2024-001659,AV-2024-001659,CUMPLE
AV-2026-001660,AV-2026-001660,CUMPLE
AV-2024-001661,AV-2024-001661,CORREGIDO
AV-2025-001662,AV-2025-001662,CUMPLE
AV-2024-001663,AV-2024-001663,CORREGIDO
AV-2025-003120,AV-2025-003120,PERSISTENTE
AV-2025-001665,AV-2025-001665,CORREGIDO
AV-2025-001666,AV-2025-001666,CUMPLE
AV-2025-001667,AV-2025-001667,CUMPLE
AV-2025-001668,,SALIO
AV-2025-001669,AV-2025-001669,CUMPLE
AV-2026-001670,AV-2026-001670,CUMPLE
AV-2025-001671,AV-2025-001671,CORREGIDO
AV-2024-001672,AV-2024-001672,CUMPLE
AV-2026-001673,AV-2026-001673,CUMPLE
AV-2024-001674,AV-2024-001674,CUMPLE
AV-2024-001675,AV-2024-001675,CUMPLE
AV-2025-001676,AV-2025-001676,CUMPLE
AV-2026-001677,AV-2026-001677,CUMPLE
AV-2025-001678,AV-2025-001678,CUMPLE
AV-2025-001679,AV-2025-001679,CUMPLE
AV-2025-001680,AV-2025-001680,CORREGIDO
AV-2025-001681,AV-2025-001681,CUMPLE
AV-2025-001682,AV-2025-001682,CUMPLE
AV-2025-001683,AV-2025-001683,CUMPLE
AV-2025-001684,AV-2025-001684,CUMPLE
AV-2026-001685,,SALIO_CUMPLIENDO
AV-2024-001686,AV-2024-001686,CUMPLE
AV-2025-001687,,SALIO_CUMPLIENDO
AV-2024-001688,AV-2024-001688,CUMPLE
AV-2025-001689,AV-2025-001689,CUMPLE
AV-2025-001690,,SALIO
AV-2025-001691,AV-2025-001691,CORREGIDO
AV-2025-001692,AV-2025-001692,CORREGIDO
AV-2025-001693,AV-2025-001693,CORREGIDO
AV-2025-001694,AV-2025-001694,CUMPLE
AV-2025-001695,AV-2025-001695,CORREGIDO
AV-2025-001696,AV-2025-001696,CUMPLE
AV-2025-001697,,SALIO
AV-2025-001698,AV-2025-001698,CUMPLE
AV-2024-001699,AV-2024-001699,CUMPLE
AV-2025-001700,AV-2025-001700,CORREGIDO
AV-2025-001701,AV-2025-001701,PERSISTENTE
AV-2025-001702,AV-2025-001702,CORREGIDO
AV-2026-001703,AV-2026-001703,CUMPLE
AV-2025-001704,AV-2025-001704,CUMPLE
AV-2026-001705,AV-2026-001705,CUMPLE
AV-2026-001706,AV-2026-001706,CORREGIDO
AV-2024-001707,AV-2024-001707,CORREGIDO
AV-2025-001708,AV-2025-001708,CORREGIDO
AV-2025-001709,AV-2025-001709,CUMPLE
AV-2025-001710,AV-2025-001710,CUMPLE
AV-2025-001711,AV-2025-001711,CORREGIDO
AV-2026-001712,AV-2026-001712,CUMPLE
AV-2025-001713,,SALIO
AV-2024-001714,AV-2024-001714,CUMPLE
AV-2025-001715,AV-2025-001715,CORREGIDO
AV-2024-001716,AV-2024-001716,CORREGIDO
AV-2025-001717,AV-2025-001717,CUMPLE
AV-2025-001718,AV-2025-001718,CUMPLE
AV-2025-001719,AV-2025-001719,PERSISTENTE
AV-2025-001720,AV-2025-001720,CUMPLE
AV-2024-001721,AV-2024-001721,CORREGIDO
AV-2024-001722,AV-2024-001722,PERSISTENTE
AV-2025-001723,AV-2025-001723,CUMPLE
AV-2025-001724,AV-2025-001724,PERSISTENTE
AV-2025-001725,,SALIO
AV-2025-001726,AV-2025-001726,PERSISTENTE
AV-2024-001727,AV-2024-001727,CUMPLE
AV-2025-001728,AV-2025-001728,CUMPLE
AV-2026-001729,AV-2026-001729,CUMPLE
AV-2025-001730,AV-2025-001730,CUMPLE
AV-2026-001731,AV-2026-001731,PERSISTENTE
AV-2025-001732,AV-2025-001732,CUMPLE
AV-2025-001733,,SALIO_CUMPLIENDO
AV-2025-001734,AV-2025-001734,CUMPLE
AV-2025-001735,AV-2025-001735,CUMPLE
AV-2025-001736,AV-2025-001736,CUMPLE
AV-2025-001737,AV-2025-001737,CUMPLE
AV-2024-001738,AV-2024-001738,CORREGIDO
AV-2025-001739,AV-2025-001739,CUMPLE
AV-2025-001740,AV-2025-001740,CORREGIDO
AV-2026-001741,AV-2026-001741,CORREGIDO
AV-2025-001742,,SALIO_CUMPLIENDO
AV-2025-001743,,SALIO
AV-2025-001744,AV-2025-001744,PERSISTENTE
AV-2025-001745,AV-2025-001745,CUMPLE
AV-2025-001746,AV-2025-001746,CUMPLE
AV-2025-001747,AV-2025-001747,PERSISTENTE
AV-2024-001748,AV-2024-001748,CUMPLE
AV-2024-001749,AV-2024-001749,CUMPLE
AV-2024-001750,AV-2024-001750,CORREGIDO
AV-2024-001751,AV-2024-001751,CUMPLE
AV-2026-001752,AV-2026-001752,CUMPLE
AV-2025-001753,AV-2025-001753,CUMPLE
AV-2025-001754,AV-2025-001754,CUMPLE
AV-2026-001755,AV-2026-001755,CUMPLE
AV-2025-001756,AV-2025-001756,CUMPLE
AV-2025-001757,AV-2025-001757,CUMPLE
AV-2026-001758,AV-2026-001758,CUMPLE
AV-2025-001759,AV-2025-001759,CORREGIDO
AV-2025-001760,AV-2025-001760,CORREGIDO
AV-2026-001761,AV-2026-001761,CUMPLE
AV-2025-001762,AV-2025-001762,CUMPLE
AV-2024-001763,AV-2024-001763,CUMPLE
AV-2025-001764,AV-2025-001764,CUMPLE
AV-2025-001765,AV-2025-001765,CUMPLE
AV-2025-001766,AV-2025-001766,CUMPLE
AV-2024-001767,AV-2024-001767,CUMPLE
AV-2026-001768,AV-2026-001768,CUMPLE
AV-2025-001769,,SALIO
AV-2025-001770,AV-2025-001770,CUMPLE
AV-2025-001771,AV-2025-001771,CORREGIDO
AV-2025-001772,AV-2025-001772,NUEVO
AV-2025-001773,AV-2025-001773,CUMPLE
AV-2024-001774,AV-2024-001774,CORREGIDO
AV-2026-001775,AV-2026-001775,CUMPLE
AV-2025-001776,AV-2025-001776,CUMPLE
AV-2025-001777,AV-2025-001777,CUMPLE
AV-2026-001778,AV-2026-001778,PERSISTENTE
AV-2026-001779,AV-2026-001779,CUMPLE
AV-2025-001780,,SALIO_CUMPLIENDO
AV-2025-001781,AV-2025-001781,CORREGIDO
AV-2025-001782,AV-2025-001782,CORREGIDO
AV-2024-001783,AV-2024-001783,CUMPLE
AV-2024-001784,AV-2024-001784,CUMPLE
AV-2024-001785,,SALIO
AV-2025-001786,AV-2025-001786,CUMPLE
AV-2024-001787,AV-2024-001787,CORREGIDO
AV-2024-001788,AV-2024-001788,PERSISTENTE
AV-2025-001789,AV-2025-001789,CUMPLE
AV-2025-001790,,SALIO_CUMPLIENDO
AV-2025-001791,AV-2025-001791,CUMPLE
AV-2025-001792,AV-2025-001792,CUMPLE
AV-2025-001793,AV-2025-001793,CUMPLE
AV-2025-001794,AV-2025-001794,CORREGIDO
AV-2025-001795,AV-2025-001795,PERSISTENTE
AV-2025-001796,AV-2025-001796,CUMPLE
AV-2024-001797,AV-2024-001797,CUMPLE
AV-2025-001798,AV-2025-001798,NUEVO
AV-2024-001799,AV-2024-001799,CORREGIDO
AV-2025-001800,AV-2025-001800,NUEVO
AV-2025-001801,AV-2025-001801,CUMPLE
AV-2025-001802,AV-2025-001802,PERSISTENTE
AV-2025-001803,AV-2025-001803,CUMPLE
AV-2025-001804,AV-2025-001804,CUMPLE
AV-2025-001805,AV-2025-001805,CUMPLE
AV-2025-001806,AV-2025-001806,CUMPLE
AV-2025-001807,AV-2025-001807,CUMPLE
AV-2024-001808,AV-2024-001808,CUMPLE
AV-2025-001809,AV-2025-001809,CUMPLE
AV-2025-001810,AV-2025-001810,CUMPLE
AV-2026-001811,AV-2026-001811,CUMPLE
AV-2025-001812,AV-2025-001812,CORREGIDO
AV-2026-001813,AV-2026-001813,CUMPLE
AV-2025-001814,AV-2025-001814,CUMPLE
AV-2025-001815,AV-2025-001815,CORREGIDO
AV-2025-001816,AV-2025-001816,CUMPLE
AV-2025-001817,AV-2025-001817,CUMPLE
AV-2025-001818,AV-2025-001818,PERSISTENTE
AV-2026-001819,AV-2026-001819,CUMPLE
AV-2026-001820,AV-2026-001820,CORREGIDO
AV-2025-001821,AV-2025-001821,CUMPLE
AV-2025-001822,AV-2025-001822,CORREGIDO
AV-2025-001823,AV-2025-001823,CORREGIDO
AV-2024-001824,AV-2024-001824,CUMPLE
AV-2025-001825,AV-2025-001825,CUMPLE
AV-2026-001826,AV-2026-001826,CUMPLE
AV-2026-001827,AV-2026-001827,CUMPLE
AV-2025-001828,AV-2025-001828,CUMPLE
AV-2025-001829,AV-2025-001829,CUMPLE
AV-2025-001830,AV-2025-001830,CUMPLE
AV-2026-001831,AV-2026-001831,CUMPLE
AV-2026-001832,AV-2026-001832,PERSISTENTE
AV-2026-001833,AV-2026-001833,CUMPLE
AV-2025-001834,AV-2025-001834,CORREGIDO
AV-2025-001835,AV-2025-001835,PERSISTENTE
AV-2025-001836,AV-2025-001836,CUMPLE
AV-2025-001837,AV-2025-001837,CUMPLE
AV-2024-001838,AV-2024-001838,CUMPLE
AV-2024-001839,AV-2024-001839,CUMPLE
AV-2025-001840,AV-2025-001840,CUMPLE
AV-2024-001841,AV-2024-001841,CUMPLE
AV-2024-001842,AV-2024-001842,NUEVO
AV-2026-001843,AV-2026-001843,CUMPLE
AV-2024-001844,AV-2024-001844,CORREGIDO
AV-2025-001845,AV-2025-001845,PERSISTENTE
AV-2025-001846,AV-2025-001846,CORREGIDO
AV-2025-001847,AV-2025-001847,CORREGIDO
AV-2024-001848,,SALIO
AV-2025-001849,AV-2025-001849,CUMPLE
AV-2024-001850,AV-2024-001850,CORREGIDO
AV-2025-001851,AV-2025-001851,CUMPLE
AV-2024-001852,AV-2024-001852,CUMPLE
AV-2025-001853,AV-2025-001853,CUMPLE
AV-2026-001854,AV-2026-001854,CUMPLE
AV-2024-001855,AV-2024-001855,CUMPLE
AV-2024-001856,AV-2024-001856,CUMPLE
AV-2026-001857,AV-2026-001857,CUMPLE
AV-2024-001858,AV-2024-001858,PERSISTENTE
AV-2024-001859,AV-2024-001859,CUMPLE
AV-2025-001860,AV-2025-001860,CUMPLE
AV-2025-001861,AV-2025-001861,CORREGIDO
AV-2025-001862,AV-2025-001862,CUMPLE
AV-2025-001863,AV-2025-001863,CUMPLE
AV-2024-001864,,SALIO_CUMPLIENDO
AV-2025-001865,AV-2025-001865,CUMPLE
AV-2024-001866,AV-2024-001866,CUMPLE
AV-2024-001867,AV-2024-001867,NUEVO
AV-2025-001868,AV-2025-001868,CUMPLE
AV-2025-001869,AV-2025-001869,CUMPLE
AV-2025-001870,AV-2025-001870,CUMPLE
AV-2024-001871,,SALIO_CUMPLIENDO
AV-2026-001872,AV-2026-001872,PERSISTENTE
AV-2025-001873,AV-2025-001873,CUMPLE
AV-2025-001874,AV-2025-001874,CUMPLE
AV-2024-001875,AV-2024-001875,CUMPLE
AV-2025-001876,AV-2025-001876,PERSISTENTE
AV-2024-001877,AV-2024-001877,CUMPLE
AV-2024-001878,AV-2024-001878,CUMPLE
AV-2026-001879,AV-2026-001879,CORREGIDO
AV-2024-001880,AV-2024-001880,CUMPLE
AV-2025-001881,AV-2025-001881,CUMPLE
AV-2025-001882,AV-2025-001882,CUMPLE
AV-2025-001883,AV-2025-001883,CUMPLE
AV-2025-001884,AV-2025-001884,CUMPLE
AV-2025-001885,AV-2025-001885,PERSISTENTE
AV-2024-001886,AV-2024-001886,CUMPLE
AV-2025-001887,AV-2025-001887,PERSISTENTE
AV-2026-001888,AV-2026-001888,CUMPLE
AV-2025-001889,AV-2025-001889,CUMPLE
AV-2025-001890,AV-2025-001890,CUMPLE
AV-2026-001891,AV-2026-001891,CUMPLE
AV-2024-001892,AV-2024-001892,PERSISTENTE
AV-2024-001893,AV-2024-001893,CUMPLE
AV-2026-001894,AV-2026-001894,CUMPLE
AV-2025-001895,AV-2025-001895,CUMPLE
AV-2025-001896,AV-2025-001896,CUMPLE
AV-2026-001897,AV-2026-001897,CORREGIDO
AV-2025-001898,AV-2025-001898,CUMPLE
AV-2024-001899,AV-2024-001899,CUMPLE
AV-2025-001900,AV-2025-001900,CUMPLE
AV-2024-001901,AV-2024-001901,PERSISTENTE
AV-2026-001902,AV-2026-001902,CUMPLE
AV-2024-001903,AV-2024-001903,CUMPLE
AV-2025-001904,AV-2025-001904,CUMPLE
AV-2025-001905,AV-2025-001905,CUMPLE
AV-2024-001906,AV-2024-001906,CUMPLE
AV-2025-001907,AV-2025-001907,CUMPLE
AV-2025-001908,AV-2025-001908,CUMPLE
AV-2025-001909,AV-2025-001909,CORREGIDO
AV-2025-001910,AV-2025-001910,CUMPLE
AV-2025-001911,AV-2025-001911,CUMPLE
AV-2025-001912,AV-2025-001912,CUMPLE
AV-2025-001913,AV-2025-001913,CUMPLE
AV-2025-001914,AV-2025-001914,CUMPLE
AV-2024-001915,AV-2024-001915,CUMPLE
AV-2025-001916,AV-2025-001916,CUMPLE
AV-2025-001917,AV-2025-001917,CUMPLE
AV-2025-001918,AV-2025-001918,CORREGIDO
AV-2024-001919,AV-2024-001919,CUMPLE
AV-2025-001920,AV-2025-001920,CUMPLE
AV-2024-001921,,SALIO_CUMPLIENDO
AV-2026-001922,AV-2026-001922,CUMPLE
AV-2025-001923,AV-2025-001923,PERSISTENTE
AV-2025-001924,AV-2025-001924,CUMPLE
AV-2026-001925,AV-2026-001925,CUMPLE
AV-2026-001926,AV-2026-001926,CORREGIDO
AV-2025-001927,AV-2025-001927,CORREGIDO
AV-2025-001928,AV-2025-001928,CUMPLE
AV-2025-001929,AV-2025-001929,CORREGIDO
AV-2026-001930,AV-2026-001930,CORREGIDO
AV-2024-001931,AV-2024-001931,PERSISTENTE
AV-2025-001932,AV-2025-001932,CUMPLE
AV-2026-001933,AV-2026-001933,CUMPLE
AV-2025-001934,AV-2025-001934,CUMPLE
AV-2025-001935,AV-2025-001935,CUMPLE
AV-2025-001936,AV-2025-001936,CUMPLE
AV-2025-001937,AV-2025-001937,CUMPLE
AV-2025-001938,AV-2025-001938,CUMPLE
AV-2026-001939,AV-2026-001939,CUMPLE
AV-2025-001940,AV-2025-001940,CORREGIDO
AV-2025-001941,AV-2025-001941,CORREGIDO
AV-2025-001942,AV-2025-001942,NUEVO
AV-2025-001943,AV-2025-001943,CORREGIDO
AV-2025-001944,AV-2025-001944,CORREGIDO
AV-2025-001945,AV-2025-001945,CORREGIDO
AV-2025-001946,AV-2025-001946,CUMPLE
AV-2025-001947,AV-2025-001947,CUMPLE
AV-2025-001948,AV-2025-001948,CUMPLE
AV-2026-001949,AV-2026-001949,CUMPLE
AV-2025-001950,AV-2025-001950,PERSISTENTE
AV-2025-001951,AV-2025-001951,CUMPLE
AV-2025-001952,AV-2025-001952,CORREGIDO
AV-2025-001953,AV-2025-001953,CUMPLE
AV-2024-001954,AV-2024-001954,CUMPLE
AV-2025-001955,AV-2025-001955,CORREGIDO
AV-2025-001956,AV-2025-001956,NUEVO
AV-2026-001957,AV-2026-001957,NUEVO
AV-2026-001958,AV-2026-001958,CUMPLE
AV-2024-001959,AV-2024-001959,CUMPLE
AV-2024-001960,AV-2024-001960,CORREGIDO
AV-2024-001961,AV-2024-001961,CUMPLE
AV-2024-001962,AV-2024-001962,CUMPLE
AV-2024-001963,AV-2024-001963,CUMPLE
AV-2025-001964,AV-2025-001964,CUMPLE
AV-2025-001965,AV-2025-001965,CUMPLE
AV-2024-001966,AV-2024-001966,CUMPLE
AV-2025-001967,AV-2025-001967,CUMPLE
AV-2025-001968,AV-2025-001968,CORREGIDO
AV-2025-001969,AV-2025-001969,CUMPLE
AV-2025-001970,,SALIO_CUMPLIENDO
AV-2026-001971,AV-2026-001971,CUMPLE
AV-2026-001972,AV-2026-001972,CUMPLE
AV-2026-001973,,SALIO_CUMPLIENDO
AV-2025-001974,AV-2025-001974,CORREGIDO
AV-2025-001975,AV-2025-001975,CUMPLE
AV-2025-001976,AV-2025-001976,CORREGIDO
AV-2024-001977,AV-2024-001977,CORREGIDO
AV-2024-001978,AV-2024-001978,CUMPLE
AV-2025-001979,AV-2025-001979,CUMPLE
AV-2025-001980,AV-2025-001980,CUMPLE
AV-2025-001981,AV-2025-001981,CUMPLE
AV-2024-001982,AV-2024-001982,CUMPLE
AV-2024-001983,,SALIO
AV-2025-001984,AV-2025-001984,CORREGIDO
AV-2025-001985,AV-2025-001985,CUMPLE
AV-2025-001986,AV-2025-001986,PERSISTENTE
AV-2024-001987,AV-2024-001987,PERSISTENTE
AV-2026-001988,AV-2026-001988,CUMPLE
AV-2025-001989,AV-2025-001989,CUMPLE
AV-2025-001990,AV-2025-001990,CUMPLE
AV-2026-001991,AV-2026-001991,CUMPLE
AV-2025-001992,AV-2025-001992,CUMPLE
AV-2025-001993,AV-2025-001993,CUMPLE
AV-2025-001994,AV-2025-001994,CORREGIDO
AV-2025-001995,AV-2025-001995,CUMPLE
AV-2025-001996,AV-2025-001996,CORREGIDO
AV-2024-001997,AV-2024-001997,CUMPLE
AV-2025-001998,AV-2025-001998,CUMPLE
AV-2025-001999,AV-2025-001999,CUMPLE
AV-2025-002000,AV-2025-002000,CUMPLE
AV-2024-002001,AV-2024-002001,CUMPLE
AV-2026-002002,AV-2026-002002,CORREGIDO
AV-2025-002003,AV-2025-002003,CUMPLE
AV-2026-002004,AV-2026-002004,CORREGIDO
AV-2025-002005,AV-2025-002005,CUMPLE
AV-2026-002006,AV-2026-002006,CORREGIDO
AV-2026-002007,AV-2026-002007,CORREGIDO
AV-2025-002008,AV-2025-002008,PERSISTENTE
AV-2025-002009,AV-2025-002009,CUMPLE
AV-2024-002010,AV-2024-002010,CUMPLE
AV-2025-002011,AV-2025-002011,CORREGIDO
AV-2025-002012,AV-2025-002012,CUMPLE
AV-2026-002013,AV-2026-002013,PERSISTENTE
AV-2024-002014,AV-2024-002014,CUMPLE
AV-2024-002015,AV-2024-002015,CORREGIDO
AV-2025-002016,AV-2025-002016,CUMPLE
AV-2024-002017,AV-2024-002017,CUMPLE
AV-2024-002018,AV-2024-002018,CORREGIDO
AV-2024-002019,AV-2024-002019,CUMPLE
AV-2026-002020,AV-2026-002020,CUMPLE
AV-2025-002021,AV-2025-002021,CORREGIDO
AV-2024-002022,AV-2024-002022,CUMPLE
AV-2025-002023,AV-2025-002023,CUMPLE
AV-2025-002024,AV-2025-002024,CUMPLE
AV-2025-002025,AV-2025-002025,PERSISTENTE
AV-2025-002026,AV-2025-002026,CUMPLE
AV-2025-002027,AV-2025-002027,CUMPLE
AV-2026-002028,AV-2026-002028,CORREGIDO
AV-2024-002029,AV-2024-002029,CUMPLE
AV-2025-002030,AV-2025-002030,CUMPLE
AV-2025-002031,AV-2025-002031,CORREGIDO
AV-2026-002032,AV-2026-002032,CORREGIDO
AV-2024-002033,AV-2024-002033,CUMPLE
AV-2024-002034,AV-2024-002034,CORREGIDO
AV-2025-002035,AV-2025-002035,CUMPLE
AV-2025-002036,AV-2025-002036,CUMPLE
AV-2025-002037,AV-2025-002037,CUMPLE
AV-2025-002038,AV-2025-002038,CUMPLE
AV-2024-002039,AV-2024-002039,CUMPLE
AV-2024-002040,AV-2024-002040,CUMPLE
AV-2024-002041,AV-2024-002041,NUEVO
AV-2025-002042,AV-2025-002042,CUMPLE
AV-2025-002043,AV-2025-002043,CUMPLE
AV-2025-002044,AV-2025-002044,PERSISTENTE
AV-2025-002045,AV-2025-002045,CORREGIDO
AV-2025-002046,AV-2025-002046,PERSISTENTE
AV-2026-002047,AV-2026-002047,CUMPLE
AV-2025-002048,AV-2025-002048,CORREGIDO
AV-2025-002049,AV-2025-002049,CUMPLE
AV-2024-002050,AV-2024-002050,CORREGIDO
AV-2025-002051,AV-2025-002051,CUMPLE
AV-2024-002052,AV-2024-002052,CUMPLE
AV-2025-002053,AV-2025-002053,CORREGIDO
AV-2025-002054,AV-2025-002054,CUMPLE
AV-2024-002055,AV-2024-002055,CORREGIDO
AV-2025-002056,AV-2025-002056,CUMPLE
AV-2025-002057,AV-2025-002057,CORREGIDO
AV-2025-002058,AV-2025-002058,CUMPLE
AV-2025-002059,AV-2025-002059,CUMPLE
AV-2025-002060,,SALIO
AV-2025-002061,AV-2025-002061,CUMPLE
AV-2026-002062,AV-2026-002062,CORREGIDO
AV-2024-002063,AV-2024-002063,CUMPLE
AV-2024-002064,AV-2024-002064,CORREGIDO
AV-2025-002065,AV-2025-002065,CUMPLE
AV-2025-002066,AV-2025-002066,PERSISTENTE
AV-2025-002067,AV-2025-002067,CUMPLE
AV-2026-002068,AV-2026-002068,CUMPLE
AV-2025-002069,AV-2025-002069,CUMPLE
AV-2024-002070,AV-2024-002070,CUMPLE
AV-2025-002071,AV-2025-002071,CUMPLE
AV-2025-002072,AV-2025-002072,CUMPLE
AV-2026-002073,AV-2026-002073,CUMPLE
AV-2024-002074,AV-2024-002074,NUEVO
AV-2025-002075,AV-2025-002075,CUMPLE
AV-2025-002076,AV-2025-002076,CUMPLE
AV-2025-002077,AV-2025-002077,CUMPLE
AV-2024-002078,AV-2024-002078,CUMPLE
AV-2024-002079,AV-2024-002079,CUMPLE
AV-2025-002080,AV-2025-002080,CUMPLE
AV-2025-002081,AV-2025-002081,CUMPLE
AV-2026-002082,AV-2026-002082,CUMPLE
AV-2025-002083,AV-2025-002083,CUMPLE
AV-2025-002084,AV-2025-002084,CUMPLE
AV-2025-002085,AV-2025-002085,CORREGIDO
AV-2024-002086,AV-2024-002086,CUMPLE
AV-2026-002087,AV-2026-002087,PERSISTENTE
AV-2025-002088,AV-2025-002088,CUMPLE
AV-2025-002089,AV-2025-002089,CUMPLE
AV-2024-002090,AV-2024-002090,CUMPLE
AV-2026-002091,AV-2026-002091,NUEVO
AV-2025-002092,AV-2025-002092,PERSISTENTE
AV-2025-002093,,SALIO_CUMPLIENDO
AV-2026-002094,AV-2026-002094,CUMPLE
AV-2025-002095,,SALIO_CUMPLIENDO
AV-2025-002096,AV-2025-002096,CUMPLE
AV-2026-002097,AV-2026-002097,CUMPLE
AV-2025-002098,AV-2025-002098,NUEVO
AV-2025-002099,AV-2025-002099,CUMPLE
AV-2025-002100,AV-2025-002100,CUMPLE
AV-2025-002101,AV-2025-002101,CUMPLE
AV-2025-002102,AV-2025-002102,CUMPLE
AV-2025-002103,AV-2025-002103,PERSISTENTE
AV-2024-002104,AV-2024-002104,CUMPLE
AV-2025-002105,AV-2025-002105,CUMPLE
AV-2025-002106,AV-2025-002106,CUMPLE
AV-2026-002107,AV-2026-002107,CUMPLE
AV-2024-002108,AV-2024-002108,CUMPLE
AV-2025-002109,AV-2025-002109,PERSISTENTE
AV-2025-002110,AV-2025-002110,CUMPLE
AV-2025-002111,AV-2025-002111,CUMPLE
AV-2025-002112,AV-2025-002112,CUMPLE
AV-2025-002113,AV-2025-002113,CUMPLE
AV-2024-002114,AV-2024-002114,CUMPLE
AV-2026-002115,AV-2026-002115,CORREGIDO
AV-2026-002116,AV-2026-002116,CUMPLE
AV-2025-002117,AV-2025-002117,CORREGIDO
AV-2026-002118,AV-2026-002118,CUMPLE
AV-2024-002119,AV-2024-002119,CORREGIDO
AV-2025-002120,AV-2025-002120,CUMPLE
AV-2025-002121,AV-2025-002121,CUMPLE
AV-2025-002122,AV-2025-002122,CUMPLE
AV-2026-002123,AV-2026-002123,CUMPLE
AV-2025-002124,AV-2025-002124,CORREGIDO
AV-2024-002125,,SALIO
AV-2025-003877,AV-2025-002126,CORREGIDO
AV-2024-002127,AV-2024-002127,CUMPLE
AV-2025-002128,AV-2025-002128,CUMPLE
AV-2025-002129,AV-2025-002129,NUEVO
AV-2025-002130,AV-2025-002130,CUMPLE
AV-2024-002131,AV-2024-002131,CUMPLE
AV-2024-002132,AV-2024-002132,CUMPLE
AV-2025-002133,AV-2025-002133,PERSISTENTE
AV-2026-002134,,SALIO_CUMPLIENDO
AV-2025-002135,AV-2025-002135,CUMPLE
AV-2025-002136,AV-2025-002136,CUMPLE
AV-2024-002137,AV-2024-002137,CUMPLE
AV-2026-002138,AV-2026-002138,CUMPLE
AV-2025-002139,AV-2025-002139,CUMPLE
AV-2025-002140,AV-2025-002140,CUMPLE
AV-2025-002141,,SALIO
AV-2024-002142,AV-2024-002142,CORREGIDO
AV-2025-002143,AV-2025-002143,CUMPLE
AV-2026-002144,AV-2026-002144,CUMPLE
AV-2024-002145,,SALIO
AV-2025-002146,AV-2025-002146,CORREGIDO
AV-2025-002147,AV-2025-002147,CUMPLE
AV-2025-002148,AV-2025-002148,CUMPLE
AV-2024-002149,AV-2024-002149,CORREGIDO
AV-2025-002150,AV-2025-002150,CORREGIDO
AV-2025-002151,AV-2025-002151,CUMPLE
AV-2025-002152,AV-2025-002152,CUMPLE
AV-2025-002153,AV-2025-002153,CORREGIDO
AV-2025-002154,AV-2025-002154,CUMPLE
AV-2024-002155,AV-2024-002155,CORREGIDO
AV-2025-002156,AV-2025-002156,CORREGIDO
AV-2025-002157,AV-2025-002157,CORREGIDO
AV-2024-002158,AV-2024-002158,CUMPLE
AV-2025-002159,AV-2025-002159,CUMPLE
AV-2025-002160,AV-2025-002160,CUMPLE
AV-2025-002161,AV-2025-002161,CUMPLE
AV-2025-002162,,SALIO
AV-2025-002163,AV-2025-002163,CUMPLE
AV-2025-002164,AV-2025-002164,CUMPLE
AV-2025-002165,AV-2025-002165,CORREGIDO
AV-2025-002166,AV-2025-002166,CUMPLE
AV-2025-002167,AV-2025-002167,CORREGIDO
AV-2026-002168,AV-2026-002168,CUMPLE
AV-2026-002169,AV-2026-002169,PERSISTENTE
AV-2025-002170,AV-2025-002170,CUMPLE
AV-2025-002171,AV-2025-002171,PERSISTENTE
AV-2024-002172,AV-2024-002172,CUMPLE
AV-2025-002173,AV-2025-002173,CUMPLE
AV-2024-002174,AV-2024-002174,CORREGIDO
AV-2024-002175,AV-2024-002175,CUMPLE
AV-2025-002176,AV-2025-002176,CORREGIDO
AV-2025-002177,AV-2025-002177,PERSISTENTE
AV-2025-002178,AV-2025-002178,CORREGIDO
AV-2024-002179,AV-2024-002179,CUMPLE
AV-2025-002180,,SALIO_CUMPLIENDO
AV-2024-002181,AV-2024-002181,CUMPLE
AV-2026-002182,AV-2026-002182,CUMPLE
AV-2025-002183,AV-2025-002183,CUMPLE
AV-2025-002184,AV-2025-002184,CUMPLE
AV-2025-002185,AV-2025-002185,PERSISTENTE
AV-2024-002186,AV-2024-002186,CUMPLE
AV-2025-002187,AV-2025-002187,CUMPLE
AV-2025-002188,AV-2025-002188,CUMPLE
AV-2026-002189,AV-2026-002189,CUMPLE
AV-2025-002190,AV-2025-002190,NUEVO
AV-2024-002191,AV-2024-002191,CUMPLE
AV-2025-002192,AV-2025-002192,CUMPLE
AV-2026-002193,AV-2026-002193,PERSISTENTE
AV-2024-002194,AV-2024-002194,CUMPLE
AV-2025-002195,AV-2025-002195,CUMPLE
AV-2025-002196,AV-2025-002196,CUMPLE
AV-2025-002197,AV-2025-002197,CUMPLE
AV-2024-002198,AV-2024-002198,CUMPLE
AV-2025-002199,AV-2025-002199,CUMPLE
AV-2025-002200,,SALIO
AV-2026-002201,AV-2026-002201,CUMPLE
AV-2025-002202,AV-2025-002202,NUEVO
AV-2026-002203,AV-2026-002203,CORREGIDO
AV-2024-002204,AV-2024-002204,CUMPLE
AV-2025-002205,AV-2025-002205,CUMPLE
AV-2025-002206,,SALIO
AV-2024-002207,AV-2024-002207,NUEVO
AV-2024-002208,,SALIO
AV-2025-002209,AV-2025-002209,CUMPLE
AV-2024-002210,AV-2024-002210,CUMPLE
AV-2025-002211,AV-2025-002211,CUMPLE
AV-2025-002212,AV-2025-002212,CUMPLE
AV-2025-002213,AV-2025-002213,CUMPLE
AV-2025-002214,AV-2025-002214,NUEVO
AV-2025-002215,AV-2025-002215,PERSISTENTE
AV-2025-002216,AV-2025-002216,CUMPLE
AV-2025-002217,AV-2025-002217,CORREGIDO
AV-2025-002218,AV-2025-002218,CORREGIDO
AV-2025-002219,AV-2025-002219,CUMPLE
AV-2025-002220,,SALIO
AV-2025-002221,AV-2025-002221,CUMPLE
AV-2024-002222,AV-2024-002222,CUMPLE
AV-2025-002223,AV-2025-002223,CUMPLE
AV-2026-002224,AV-2026-002224,CUMPLE
AV-2025-002225,AV-2025-002225,CUMPLE
AV-2025-002226,AV-2025-002226,CUMPLE
AV-2024-002227,AV-2024-002227,CUMPLE
AV-2025-002228,AV-2025-002228,CUMPLE
AV-2025-002229,AV-2025-002229,CUMPLE
AV-2025-002230,AV-2025-002230,CUMPLE
AV-2025-002231,AV-2025-002231,PERSISTENTE
AV-2025-002232,AV-2025-002232,CUMPLE
AV-2024-002233,AV-2024-002233,PERSISTENTE
AV-2025-002234,AV-2025-002234,CORREGIDO
AV-2024-002235,AV-2024-002235,CUMPLE
AV-2025-002236,AV-2025-002236,CUMPLE
AV-2026-002237,AV-2026-002237,CORREGIDO
AV-2025-002238,AV-2025-002238,PERSISTENTE
AV-2025-002239,AV-2025-002239,CUMPLE
AV-2025-002240,AV-2025-002240,CUMPLE
AV-2025-002241,AV-2025-002241,CUMPLE
AV-2025-002242,AV-2025-002242,CUMPLE
AV-2024-002243,AV-2024-002243,PERSISTENTE
AV-2025-002244,AV-2025-002244,CUMPLE
AV-2024-002245,AV-2024-002245,CUMPLE
AV-2024-002246,AV-2024-002246,CUMPLE
AV-2025-002247,AV-2025-002247,CUMPLE
AV-2025-002248,AV-2025-002248,CUMPLE
AV-2026-002249,AV-2026-002249,CUMPLE
AV-2024-002250,AV-2024-002250,CUMPLE
AV-2024-002251,AV-2024-002251,CORREGIDO
AV-2024-002252,AV-2024-002252,CUMPLE
AV-2025-002253,AV-2025-002253,CUMPLE
AV-2025-002254,AV-2025-002254,CUMPLE
AV-2025-002255,AV-2025-002255,CORREGIDO
AV-2025-002256,AV-2025-002256,NUEVO
AV-2026-002257,AV-2026-002257,CUMPLE
AV-2025-002258,AV-2025-002258,CUMPLE
AV-2025-002259,AV-2025-002259,CUMPLE
AV-2025-002260,AV-2025-002260,CORREGIDO
AV-2025-002261,,SALIO
AV-2024-002262,AV-2024-002262,CORREGIDO
AV-2025-002263,AV-2025-002263,CORREGIDO
AV-2024-002264,AV-2024-002264,CUMPLE
AV-2025-002265,AV-2025-002265,CUMPLE
AV-2024-002266,AV-2024-002266,CUMPLE
AV-2025-002267,AV-2025-002267,CUMPLE
AV-2026-002268,AV-2026-002268,CUMPLE
AV-2025-002269,AV-2025-002269,CUMPLE
AV-2024-002270,AV-2024-002270,CORREGIDO
AV-2025-002271,AV-2025-002271,CUMPLE
AV-2025-002272,AV-2025-002272,CUMPLE
AV-2024-002273,AV-2024-002273,CORREGIDO
AV-2025-002274,AV-2025-002274,CUMPLE
AV-2025-002275,AV-2025-002275,CUMPLE
AV-2025-002276,AV-2025-002276,CUMPLE
AV-2026-002277,AV-2026-002277,CUMPLE
AV-2025-002278,AV-2025-002278,PERSISTENTE
AV-2025-002279,AV-2025-002279,PERSISTENTE
AV-2025-002280,AV-2025-002280,CUMPLE
AV-2025-002281,AV-2025-002281,CORREGIDO
AV-2025-002282,AV-2025-002282,CUMPLE
AV-2026-002283,AV-2026-002283,CUMPLE
AV-2024-002284,AV-2024-002284,CUMPLE
AV-2025-002285,AV-2025-002285,CUMPLE
AV-2025-002286,AV-2025-002286,NUEVO
AV-2025-002287,AV-2025-002287,CORREGIDO
AV-2025-002288,AV-2025-002288,CORREGIDO
AV-2025-002289,AV-2025-002289,CORREGIDO
AV-2025-002290,AV-2025-002290,CORREGIDO
AV-2025-002291,AV-2025-002291,CUMPLE
AV-2025-002292,AV-2025-002292,CUMPLE
AV-2025-002293,AV-2025-002293,PERSISTENTE
AV-2025-002294,AV-2025-002294,CUMPLE
AV-2026-002295,,SALIO_CUMPLIENDO
AV-2026-002296,AV-2026-002296,PERSISTENTE
AV-2025-002297,AV-2025-002297,CUMPLE
AV-2025-002298,AV-2025-002298,CUMPLE
AV-2024-002299,AV-2024-002299,CUMPLE
AV-2025-002300,AV-2025-002300,CUMPLE
AV-2024-002301,AV-2024-002301,CUMPLE
AV-2025-002302,AV-2025-002302,CUMPLE
AV-2025-002303,AV-2025-002303,CORREGIDO
AV-2024-002304,AV-2024-002304,CORREGIDO
AV-2024-002305,AV-2024-002305,PERSISTENTE
AV-2025-002306,AV-2025-002306,CUMPLE
AV-2025-002307,AV-2025-002307,CUMPLE
AV-2026-002308,,SALIO
AV-2025-002309,AV-2025-002309,CUMPLE
AV-2025-002310,AV-2025-002310,CUMPLE
AV-2025-002311,AV-2025-002311,PERSISTENTE
AV-2025-002312,AV-2025-002312,CUMPLE
AV-2025-002313,AV-2025-002313,CUMPLE
AV-2024-002314,AV-2024-002314,NUEVO
AV-2025-002315,AV-2025-002315,CORREGIDO
AV-2026-002316,AV-2026-002316,PERSISTENTE
AV-2025-002317,AV-2025-002317,CUMPLE
AV-2025-002318,AV-2025-002318,CUMPLE
AV-2025-002319,AV-2025-002319,CUMPLE
AV-2025-002320,AV-2025-002320,CUMPLE
AV-2024-002321,,SALIO
AV-2025-002322,AV-2025-002322,CUMPLE
AV-2025-002323,AV-2025-002323,PERSISTENTE
AV-2024-002324,AV-2024-002324,CUMPLE
AV-2025-002325,AV-2025-002325,CUMPLE
AV-2026-002326,AV-2026-002326,CUMPLE
AV-2025-002327,AV-2025-002327,CORREGIDO
AV-2025-002328,AV-2025-002328,CORREGIDO
AV-2025-002329,AV-2025-002329,CUMPLE
AV-2025-002330,AV-2025-002330,CUMPLE
AV-2024-002331,AV-2024-002331,NUEVO
AV-2024-002332,AV-2024-002332,CORREGIDO
AV-2025-002333,AV-2025-002333,CUMPLE
AV-2025-002334,,SALIO
AV-2024-002335,AV-2024-002335,PERSISTENTE
AV-2025-002336,AV-2025-002336,CUMPLE
AV-2024-002337,AV-2024-002337,PERSISTENTE
AV-2026-002338,AV-2026-002338,CUMPLE
AV-2025-002339,AV-2025-002339,CUMPLE
AV-2025-002340,,SALIO
AV-2025-002341,AV-2025-002341,CUMPLE
AV-2025-002342,AV-2025-002342,CUMPLE
AV-2026-002343,AV-2026-002343,CUMPLE
AV-2025-002344,AV-2025-002344,CORREGIDO
AV-2025-002345,AV-2025-002345,PERSISTENTE
AV-2025-002346,AV-2025-002346,NUEVO
AV-2024-002347,AV-2024-002347,CUMPLE
AV-2025-002348,AV-2025-002348,CUMPLE
AV-2025-002349,AV-2025-002349,CUMPLE
AV-2024-002350,AV-2024-002350,CUMPLE
AV-2025-002351,AV-2025-002351,CUMPLE
AV-2024-002352,AV-2024-002352,CUMPLE
AV-2025-002353,AV-2025-002353,CUMPLE
AV-2025-002354,AV-2025-002354,CORREGIDO
AV-2025-002355,AV-2025-002355,CUMPLE
AV-2025-002356,AV-2025-002356,CORREGIDO
AV-2025-002357,AV-2025-002357,CORREGIDO
AV-2025-002358,AV-2025-002358,PERSISTENTE
AV-2025-002359,AV-2025-002359,CUMPLE
AV-2024-002360,AV-2024-002360,CUMPLE
AV-2025-002361,AV-2025-002361,CUMPLE
AV-2024-002362,AV-2024-002362,CUMPLE
AV-2025-002363,AV-2025-002363,CUMPLE
AV-2025-002364,AV-2025-002364,CUMPLE
AV-2025-002365,AV-2025-002365,CORREGIDO
AV-2024-002366,,SALIO_CUMPLIENDO
AV-2026-002367,AV-2026-002367,CUMPLE
AV-2025-002368,,SALIO_CUMPLIENDO
AV-2024-002369,AV-2024-002369,CUMPLE
AV-2025-002370,AV-2025-002370,CUMPLE
AV-2026-002371,AV-2026-002371,CUMPLE
AV-2025-002372,AV-2025-002372,CORREGIDO
AV-2026-002373,AV-2026-002373,CUMPLE
AV-2025-002374,AV-2025-002374,CUMPLE
AV-2025-002375,AV-2025-002375,CUMPLE
AV-2025-002376,AV-2025-002376,CORREGIDO
AV-2025-002377,AV-2025-002377,CUMPLE
AV-2025-002378,AV-2025-002378,CUMPLE
AV-2025-002379,AV-2025-002379,PERSISTENTE
AV-2025-002380,AV-2025-002380,CORREGIDO
AV-2025-002381,AV-2025-002381,CUMPLE
AV-2025-002382,AV-2025-002382,NUEVO
AV-2024-002383,AV-2024-002383,CUMPLE
AV-2024-002384,AV-2024-002384,CUMPLE
AV-2025-002385,AV-2025-002385,CUMPLE
AV-2025-002386,AV-2025-002386,CUMPLE
AV-2024-002387,AV-2024-002387,CORREGIDO
AV-2024-002388,AV-2024-002388,CUMPLE
AV-2024-002389,AV-2024-002389,CUMPLE
AV-2025-002390,AV-2025-002390,CUMPLE
AV-2025-002391,AV-2025-002391,CUMPLE
AV-2025-002392,AV-2025-002392,CUMPLE
AV-2025-002393,AV-2025-002393,CORREGIDO
AV-2025-002394,AV-2025-002394,PERSISTENTE
AV-2024-002395,AV-2024-002395,CUMPLE
AV-2025-002396,AV-2025-002396,CUMPLE
AV-2025-002397,AV-2025-002397,PERSISTENTE
AV-2025-002398,AV-2025-002398,CORREGIDO
AV-2025-002399,AV-2025-002399,CUMPLE
AV-2025-002400,AV-2025-002400,CUMPLE
AV-2026-002401,AV-2026-002401,CUMPLE
AV-2025-002402,AV-2025-002402,CUMPLE
AV-2025-002403,AV-2025-002403,CUMPLE
AV-2024-002404,AV-2024-002404,CUMPLE
AV-2025-002405,AV-2025-002405,CUMPLE
AV-2025-002406,AV-2025-002406,CUMPLE
AV-2024-002407,AV-2024-002407,CUMPLE
AV-2025-002408,AV-2025-002408,CORREGIDO
AV-2025-002409,AV-2025-002409,CUMPLE
AV-2025-002410,AV-2025-002410,CUMPLE
AV-2026-002411,AV-2026-002411,CUMPLE
AV-2026-002412,AV-2026-002412,CUMPLE
AV-2025-002413,AV-2025-002413,CUMPLE
AV-2025-002414,AV-2025-002414,CUMPLE
AV-2025-002415,AV-2025-002415,CUMPLE
AV-2025-002416,AV-2025-002416,CORREGIDO
AV-2025-002417,AV-2025-002417,CUMPLE
AV-2025-002418,AV-2025-002418,PERSISTENTE
AV-2025-002419,AV-2025-002419,CUMPLE
AV-2025-002420,AV-2025-002420,CUMPLE
AV-2025-002421,AV-2025-002421,CUMPLE
AV-2024-002422,AV-2024-002422,CUMPLE
AV-2026-002423,AV-2026-002423,CUMPLE
AV-2025-002424,AV-2025-002424,CORREGIDO
AV-2026-002425,AV-2026-002425,CORREGIDO
AV-2026-002426,AV-2026-002426,CUMPLE
AV-2024-002427,AV-2024-002427,CUMPLE
AV-2024-002428,AV-2024-002428,CUMPLE
AV-2026-002429,AV-2026-002429,PERSISTENTE
AV-2025-002430,AV-2025-002430,CUMPLE
AV-2025-002431,AV-2025-002431,CUMPLE
AV-2025-002432,AV-2025-002432,CORREGIDO
AV-2025-002433,AV-2025-002433,PERSISTENTE
AV-2024-002434,AV-2024-002434,CUMPLE
AV-2025-002435,AV-2025-002435,CUMPLE
AV-2025-002436,AV-2025-002436,CUMPLE
AV-2025-002437,AV-2025-002437,CUMPLE
AV-2025-002438,AV-2025-002438,CUMPLE
AV-2026-002439,AV-2026-002439,CUMPLE
AV-2025-002440,AV-2025-002440,CUMPLE
AV-2024-002441,AV-2024-002441,CUMPLE
AV-2025-002442,AV-2025-002442,CUMPLE
AV-2025-002443,AV-2025-002443,CUMPLE
AV-2025-002444,AV-2025-002444,CUMPLE
AV-2025-002445,AV-2025-002445,NUEVO
AV-2024-002446,AV-2024-002446,CUMPLE
AV-2025-002447,AV-2025-002447,CUMPLE
AV-2025-002448,AV-2025-002448,CORREGIDO
AV-2024-002449,,SALIO_CUMPLIENDO
AV-2025-002450,AV-2025-002450,CUMPLE
AV-2025-002451,AV-2025-002451,CUMPLE
AV-2025-002452,AV-2025-002452,CORREGIDO
AV-2025-002453,AV-2025-002453,CUMPLE
AV-2026-002454,AV-2026-002454,CUMPLE
AV-2024-002455,,SALIO_CUMPLIENDO
AV-2025-002456,AV-2025-002456,CUMPLE
AV-2025-002457,AV-2025-002457,CUMPLE
AV-2025-002458,AV-2025-002458,CORREGIDO
AV-2025-002459,AV-2025-002459,CUMPLE
AV-2025-002460,AV-2025-002460,CUMPLE
AV-2025-002461,AV-2025-002461,CORREGIDO
AV-2025-002462,AV-2025-002462,CUMPLE
AV-2025-002463,AV-2025-002463,CUMPLE
AV-2025-002464,AV-2025-002464,CUMPLE
AV-2025-002465,AV-2025-002465,CUMPLE
AV-2025-002466,AV-2025-002466,CUMPLE
AV-2025-002467,AV-2025-002467,CUMPLE
AV-2025-002468,AV-2025-002468,CUMPLE
AV-2024-002469,AV-2024-002469,CUMPLE
AV-2025-002470,,SALIO_CUMPLIENDO
AV-2026-002471,AV-2026-002471,CUMPLE
AV-2026-002472,AV-2026-002472,CUMPLE
AV-2024-002473,AV-2024-002473,CUMPLE
AV-2025-002474,AV-2025-002474,CORREGIDO
AV-2025-002475,AV-2025-002475,CUMPLE
AV-2025-002476,AV-2025-002476,CUMPLE
AV-2025-002477,AV-2025-002477,CUMPLE
AV-2025-002478,AV-2025-002478,CUMPLE
AV-2025-002479,AV-2025-002479,CORREGIDO
AV-2025-002480,AV-2025-002480,CORREGIDO
AV-2024-002481,AV-2024-002481,CUMPLE
AV-2025-002482,AV-2025-002482,CUMPLE
AV-2024-002483,AV-2024-002483,CUMPLE
AV-2024-002484,AV-2024-002484,CUMPLE
AV-2025-002485,AV-2025-002485,CUMPLE
AV-2026-002486,,SALIO
AV-2025-002487,AV-2025-002487,CUMPLE
AV-2026-002488,AV-2026-002488,PERSISTENTE
AV-2025-002489,AV-2025-002489,CORREGIDO
AV-2024-002490,AV-2024-002490,CORREGIDO
AV-2024-002491,AV-2024-002491,CORREGIDO
AV-2025-002492,AV-2025-002492,PERSISTENTE
AV-2025-002493,AV-2025-002493,CUMPLE
AV-2025-002494,AV-2025-002494,CUMPLE
AV-2025-002495,,SALIO_CUMPLIENDO
AV-2024-002496,AV-2024-002496,CORREGIDO
AV-2025-002497,AV-2025-002497,CUMPLE
AV-2025-002498,AV-2025-002498,CUMPLE
AV-2025-002218,AV-2025-002499,CORREGIDO
AV-2025-002500,AV-2025-002500,CUMPLE
AV-2025-002501,AV-2025-002501,CUMPLE
AV-2025-002502,AV-2025-002502,CUMPLE
AV-2025-002503,,SALIO_CUMPLIENDO
AV-2025-002504,AV-2025-002504,CUMPLE
AV-2025-002505,AV-2025-002505,CUMPLE
AV-2025-002506,,SALIO
AV-2024-002507,AV-2024-002507,CUMPLE
AV-2025-002380,AV-2025-002508,CORREGIDO
AV-2024-002509,AV-2024-002509,CORREGIDO
AV-2025-002510,AV-2025-002510,CUMPLE
AV-2025-002511,AV-2025-002511,CUMPLE
AV-2025-002512,AV-2025-002512,CUMPLE
AV-2025-002513,AV-2025-002513,CORREGIDO
AV-2025-002514,AV-2025-002514,CUMPLE
AV-2025-002515,AV-2025-002515,NUEVO
AV-2025-002516,AV-2025-002516,CUMPLE
AV-2024-002517,AV-2024-002517,CORREGIDO
AV-2024-002518,AV-2024-002518,NUEVO
AV-2025-002519,AV-2025-002519,CORREGIDO
AV-2025-002520,AV-2025-002520,CORREGIDO
AV-2024-002521,AV-2024-002521,CUMPLE
AV-2025-002522,AV-2025-002522,CUMPLE
AV-2025-002523,AV-2025-002523,CUMPLE
AV-2025-002524,AV-2025-002524,PERSISTENTE
AV-2025-002525,AV-2025-002525,CORREGIDO
AV-2025-003863,AV-2024-002526,CORREGIDO
AV-2026-002527,AV-2026-002527,CUMPLE
AV-2025-002528,,SALIO
AV-2025-002529,AV-2025-002529,CORREGIDO
AV-2024-002530,AV-2024-002530,CUMPLE
AV-2024-002531,AV-2024-002531,CORREGIDO
AV-2025-002532,AV-2025-002532,CORREGIDO
AV-2025-002533,AV-2025-002533,PERSISTENTE
AV-2024-002534,AV-2024-002534,CUMPLE
AV-2025-002535,AV-2025-002535,CUMPLE
AV-2025-002536,,SALIO
AV-2024-002537,AV-2024-002537,CUMPLE
AV-2025-002538,AV-2025-002538,PERSISTENTE
AV-2025-002539,AV-2025-002539,CORREGIDO
AV-2025-002540,AV-2025-002540,CUMPLE
AV-2025-002541,AV-2025-002541,CUMPLE
AV-2025-002542,AV-2025-002542,PERSISTENTE
AV-2025-002543,AV-2025-002543,CUMPLE
AV-2025-002544,AV-2025-002544,CORREGIDO
AV-2025-002545,AV-2025-002545,CUMPLE
AV-2026-002546,AV-2026-002546,CUMPLE
AV-2025-002547,AV-2025-002547,CORREGIDO
AV-2025-002548,AV-2025-002548,CORREGIDO
AV-2025-002549,AV-2025-002549,CUMPLE
AV-2026-002550,AV-2026-002550,CUMPLE
AV-2026-002551,AV-2026-002551,CUMPLE
AV-2025-002552,AV-2025-002552,CUMPLE
AV-2025-002553,AV-2025-002553,CUMPLE
AV-2025-002554,AV-2025-002554,CUMPLE
AV-2024-002555,,SALIO
AV-2025-002556,AV-2025-002556,NUEVO
AV-2025-002557,AV-2025-002557,CUMPLE
AV-2025-002558,AV-2025-002558,PERSISTENTE
AV-2025-002559,AV-2025-002559,PERSISTENTE
AV-2025-002560,AV-2025-002560,CUMPLE
AV-2025-002561,AV-2025-002561,CUMPLE
AV-2025-002562,AV-2025-002562,CUMPLE
AV-2025-002563,AV-2025-002563,CORREGIDO
AV-2025-002564,AV-2025-002564,CUMPLE
AV-2025-002565,AV-2025-002565,PERSISTENTE
AV-2026-002566,AV-2026-002566,CUMPLE
AV-2025-002567,AV-2025-002567,PERSISTENTE
AV-2024-002568,AV-2024-002568,CUMPLE
AV-2025-002569,AV-2025-002569,NUEVO
AV-2024-002570,AV-2024-002570,CUMPLE
AV-2025-002571,AV-2025-002571,CUMPLE
AV-2024-002572,AV-2024-002572,CUMPLE
AV-2025-002573,AV-2025-002573,CUMPLE
AV-2025-002574,AV-2025-002574,CUMPLE
AV-2025-002575,AV-2025-002575,CUMPLE
AV-2025-002576,AV-2025-002576,CUMPLE
AV-2024-002577,AV-2024-002577,NUEVO
AV-2025-002578,AV-2025-002578,CUMPLE
AV-2025-002579,AV-2025-002579,CUMPLE
AV-2024-002580,AV-2024-002580,CORREGIDO
AV-2025-002581,AV-2025-002581,CUMPLE
AV-2026-002582,AV-2026-002582,CUMPLE
AV-2025-002583,AV-2025-002583,CUMPLE
AV-2025-002584,AV-2025-002584,CUMPLE
AV-2025-002585,AV-2025-002585,CUMPLE
AV-2024-002586,AV-2024-002586,CUMPLE
AV-2026-002587,AV-2026-002587,CUMPLE
AV-2025-002588,AV-2025-002588,CORREGIDO
AV-2025-002589,AV-2025-002589,CUMPLE
AV-2025-002590,AV-2025-002590,CUMPLE
AV-2025-002591,AV-2025-002591,CUMPLE
AV-2024-002592,AV-2024-002592,CUMPLE
AV-2024-002593,AV-2024-002593,CUMPLE
AV-2025-002594,AV-2025-002594,CUMPLE
AV-2025-002595,AV-2025-002595,CUMPLE
AV-2025-002596,AV-2025-002596,CUMPLE
AV-2025-002597,AV-2025-002597,CUMPLE
AV-2025-002394,AV-2025-002394,PERSISTENTE
AV-2025-002599,AV-2025-002599,CORREGIDO
AV-2026-002600,AV-2026-002600,CUMPLE
AV-2024-002601,,SALIO
AV-2025-002602,AV-2025-002602,CUMPLE
AV-2024-002603,AV-2024-002603,CUMPLE
AV-2025-002604,AV-2025-002604,CUMPLE
AV-2026-002605,AV-2026-002605,CUMPLE
AV-2025-002606,AV-2025-002606,CUMPLE
AV-2024-002607,AV-2024-002607,CUMPLE
AV-2026-002608,AV-2026-002608,CORREGIDO
AV-2025-002609,,SALIO_CUMPLIENDO
AV-2025-002610,AV-2025-002610,CORREGIDO
AV-2025-002611,AV-2025-002611,CUMPLE
AV-2025-002612,AV-2025-002612,CORREGIDO
AV-2025-002613,AV-2025-002613,CUMPLE
AV-2025-002614,AV-2025-002614,CORREGIDO
AV-2025-002615,AV-2025-002615,CUMPLE
AV-2026-002616,AV-2026-002616,CUMPLE
AV-2025-002617,AV-2025-002617,CUMPLE
AV-2025-002618,AV-2025-002618,CUMPLE
AV-2024-002619,AV-2024-002619,CUMPLE
AV-2024-002620,AV-2024-002620,CORREGIDO
AV-2025-002621,AV-2025-002621,CUMPLE
AV-2024-002622,AV-2024-002622,NUEVO
AV-2024-002623,AV-2024-002623,CUMPLE
AV-2024-002624,AV-2024-002624,PERSISTENTE
AV-2024-002625,AV-2024-002625,CUMPLE
AV-2026-002626,AV-2026-002626,CUMPLE
AV-2024-002627,AV-2024-002627,CUMPLE
AV-2024-002628,AV-2024-002628,CUMPLE
AV-2025-002629,AV-2025-002629,CUMPLE
AV-2024-002630,AV-2024-002630,CUMPLE
AV-2025-002631,AV-2025-002631,CORREGIDO
AV-2026-002632,AV-2026-002632,CUMPLE
AV-2025-002633,AV-2025-002633,CUMPLE
AV-2024-002634,AV-2024-002634,CORREGIDO
AV-2025-002635,AV-2025-002635,PERSISTENTE
AV-2025-002636,AV-2025-002636,CORREGIDO
AV-2025-002637,AV-2025-002637,CUMPLE
AV-2024-002638,AV-2024-002638,CUMPLE
AV-2025-002639,AV-2025-002639,CUMPLE
AV-2024-002640,AV-2024-002640,CUMPLE
AV-2025-002641,AV-2025-002641,CORREGIDO
AV-2025-002642,AV-2025-002642,CUMPLE
AV-2024-002643,AV-2024-002643,CUMPLE
AV-2025-002644,AV-2025-002644,CUMPLE
AV-2025-002645,AV-2025-002645,CUMPLE
AV-2025-002646,AV-2025-002646,CUMPLE
AV-2025-002647,,SALIO
AV-2025-002648,,SALIO
AV-2025-002649,AV-2025-002649,CUMPLE
AV-2025-002650,AV-2025-002650,CUMPLE
AV-2024-002651,AV-2024-002651,CORREGIDO
AV-2024-002652,AV-2024-002652,CUMPLE
AV-2025-002653,AV-2025-002653,CUMPLE
AV-2025-002654,AV-2025-002654,CUMPLE
AV-2025-002655,AV-2025-002655,PERSISTENTE
AV-2025-002656,AV-2025-002656,CUMPLE
AV-2025-002657,AV-2025-002657,CUMPLE
AV-2025-002658,AV-2025-002658,CUMPLE
AV-2026-002659,AV-2026-002659,CUMPLE
AV-2025-002660,,SALIO
AV-2025-002661,,SALIO
AV-2024-002662,,SALIO_CUMPLIENDO
AV-2025-002663,AV-2025-002663,CORREGIDO
AV-2025-002664,AV-2025-002664,CUMPLE
AV-2025-002665,AV-2025-002665,CUMPLE
AV-2025-002666,AV-2025-002666,CUMPLE
AV-2025-002667,AV-2025-002667,CUMPLE
AV-2025-002668,AV-2025-002668,CUMPLE
AV-2025-002669,,SALIO
AV-2025-002670,AV-2025-002670,CUMPLE
AV-2025-002671,AV-2025-002671,CORREGIDO
AV-2025-002672,AV-2025-002672,CORREGIDO
AV-2026-002673,AV-2026-002673,CUMPLE
AV-2025-002674,AV-2025-002674,CORREGIDO
AV-2025-002675,AV-2025-002675,CUMPLE
AV-2024-002676,AV-2024-002676,CUMPLE
AV-2025-002677,AV-2025-002677,CUMPLE
AV-2024-002678,AV-2024-002678,CUMPLE
AV-2025-002679,AV-2025-002679,CUMPLE
AV-2025-002680,AV-2025-002680,PERSISTENTE
AV-2026-002681,AV-2026-002681,CUMPLE
AV-2025-002682,AV-2025-002682,CUMPLE
AV-2025-002683,AV-2025-002683,CUMPLE
AV-2025-002684,AV-2025-002684,CUMPLE
AV-2025-001122,,SALIO
AV-2025-002686,AV-2025-002686,CUMPLE
AV-2025-002687,AV-2025-002687,CUMPLE
AV-2025-002688,AV-2025-002688,CUMPLE
AV-2024-002689,AV-2024-002689,CUMPLE
AV-2025-002690,,SALIO
AV-2025-002691,AV-2025-002691,CUMPLE
AV-2025-002692,AV-2025-002692,NUEVO
AV-2025-002693,AV-2025-002693,PERSISTENTE
AV-2025-002694,AV-2025-002694,CUMPLE
AV-2025-002695,AV-2025-002695,CUMPLE
AV-2024-002696,AV-2024-002696,CUMPLE
AV-2025-002697,AV-2025-002697,CUMPLE
AV-2024-002698,,SALIO_CUMPLIENDO
AV-2025-002699,AV-2025-002699,CUMPLE
AV-2026-002700,AV-2026-002700,CUMPLE
AV-2025-002701,AV-2025-002701,CUMPLE
AV-2025-002702,AV-2025-002702,PERSISTENTE
AV-2025-002703,AV-2025-002703,CUMPLE
AV-2026-002704,AV-2026-002704,CUMPLE
AV-2025-002705,AV-2025-002705,CUMPLE
AV-2025-002706,AV-2025-002706,PERSISTENTE
AV-2024-002707,AV-2024-002707,CUMPLE
AV-2024-002708,AV-2024-002708,CORREGIDO
AV-2026-002709,AV-2026-002709,CUMPLE
AV-2025-002710,AV-2025-002710,CUMPLE
AV-2024-002711,AV-2024-002711,CORREGIDO
AV-2026-002712,AV-2026-002712,PERSISTENTE
AV-2025-002713,AV-2025-002713,CUMPLE
AV-2025-002714,AV-2025-002714,CORREGIDO
AV-2026-002715,AV-2026-002715,CUMPLE
AV-2024-002716,AV-2024-002716,CUMPLE
AV-2024-002717,AV-2024-002717,CUMPLE
AV-2025-002718,AV-2025-002718,CUMPLE
AV-2025-002719,AV-2025-002719,CUMPLE
AV-2026-002720,AV-2026-002720,CUMPLE
AV-2025-002721,AV-2025-002721,CUMPLE
AV-2025-002722,AV-2025-002722,CUMPLE
AV-2025-002723,AV-2025-002723,CUMPLE
AV-2025-002724,AV-2025-002724,CUMPLE
AV-2026-002725,AV-2026-002725,CUMPLE
AV-2025-002726,AV-2025-002726,CORREGIDO
AV-2025-002727,AV-2025-002727,CUMPLE
AV-2024-002728,AV-2024-002728,CUMPLE
AV-2025-002729,AV-2025-002729,CUMPLE
AV-2025-002730,AV-2025-002730,CUMPLE
AV-2025-002731,AV-2025-002731,NUEVO
AV-2024-002732,AV-2024-002732,CUMPLE
AV-2025-002733,AV-2025-002733,PERSISTENTE
AV-2025-002734,AV-2025-002734,NUEVO
AV-2024-002735,AV-2024-002735,CUMPLE
AV-2024-002736,AV-2024-002736,CUMPLE
AV-2025-002737,AV-2025-002737,CORREGIDO
AV-2025-002738,AV-2025-002738,CORREGIDO
AV-2026-002739,AV-2026-002739,CUMPLE
AV-2024-002740,AV-2024-002740,CUMPLE
AV-2025-002741,AV-2025-002741,CUMPLE
AV-2025-002742,AV-2025-002742,CUMPLE
AV-2025-002743,AV-2025-002743,CUMPLE
AV-2025-002744,AV-2025-002744,CUMPLE
AV-2024-002745,AV-2024-002745,CUMPLE
AV-2026-002746,AV-2026-002746,CORREGIDO
AV-2024-002747,AV-2024-002747,NUEVO
AV-2024-002748,,SALIO
AV-2025-002749,AV-2025-002749,CUMPLE
AV-2025-002750,AV-2025-002750,CUMPLE
AV-2025-002751,AV-2025-002751,CUMPLE
AV-2025-002752,AV-2025-002752,CUMPLE
AV-2026-002753,AV-2026-002753,CUMPLE
AV-2025-002754,AV-2025-002754,CUMPLE
AV-2024-002755,AV-2024-002755,CUMPLE
AV-2025-002756,AV-2025-002756,CUMPLE
AV-2025-002757,AV-2025-002757,CUMPLE
AV-2025-002758,AV-2025-002758,CORREGIDO
AV-2025-002759,AV-2025-002759,CUMPLE
AV-2025-002760,AV-2025-002760,CUMPLE
AV-2024-002761,AV-2024-002761,CUMPLE
AV-2026-002762,AV-2026-002762,CUMPLE
AV-2025-002763,AV-2025-002763,CORREGIDO
AV-2025-002764,AV-2025-002764,CORREGIDO
AV-2025-002765,AV-2025-002765,CUMPLE
AV-2025-002766,AV-2025-002766,CUMPLE
AV-2024-002767,,SALIO_CUMPLIENDO
AV-2026-002768,AV-2026-002768,CORREGIDO
AV-2025-002769,AV-2025-002769,CUMPLE
AV-2025-002770,AV-2025-002770,CUMPLE
AV-2024-002771,AV-2024-002771,CUMPLE
AV-2025-002772,AV-2025-002772,PERSISTENTE
AV-2025-002773,,SALIO
AV-2025-002774,AV-2025-002774,CUMPLE
AV-2025-002775,AV-2025-002775,CUMPLE
AV-2025-002776,AV-2025-002776,CUMPLE
AV-2024-002777,AV-2024-002777,CUMPLE
AV-2024-002778,AV-2024-002778,CUMPLE
AV-2024-002779,AV-2024-002779,CORREGIDO
AV-2025-002780,,SALIO
AV-2026-002781,AV-2026-002781,CUMPLE
AV-2025-002782,AV-2025-002782,CORREGIDO
AV-2024-002783,AV-2024-002783,CUMPLE
AV-2025-002784,AV-2025-002784,CORREGIDO
AV-2026-002785,AV-2026-002785,CUMPLE
AV-2025-002786,,SALIO_CUMPLIENDO
AV-2025-002787,AV-2025-002787,PERSISTENTE
AV-2025-002788,AV-2025-002788,CUMPLE
AV-2025-002789,AV-2025-002789,CUMPLE
AV-2025-002790,AV-2025-002790,NUEVO
AV-2025-002791,AV-2025-002791,CUMPLE
AV-2024-002792,AV-2024-002792,CUMPLE
AV-2026-002793,AV-2026-002793,CUMPLE
AV-2025-002794,AV-2025-002794,CUMPLE
AV-2024-002795,AV-2024-002795,CUMPLE
AV-2025-002796,AV-2025-002796,CORREGIDO
AV-2025-002797,AV-2025-002797,CUMPLE
AV-2025-002798,AV-2025-002798,CORREGIDO
AV-2025-002799,AV-2025-002799,CUMPLE
AV-2025-002800,,SALIO_CUMPLIENDO
AV-2025-002801,AV-2025-002801,CUMPLE
AV-2024-002802,AV-2024-002802,PERSISTENTE
AV-2024-002803,AV-2024-002803,CORREGIDO
AV-2025-002804,AV-2025-002804,PERSISTENTE
AV-2025-002805,AV-2025-002805,CUMPLE
AV-2025-002806,AV-2025-002806,CUMPLE
AV-2026-002807,AV-2026-002807,CUMPLE
AV-2024-002808,AV-2024-002808,CORREGIDO
AV-2026-002809,,SALIO
AV-2024-002810,AV-2024-002810,NUEVO
AV-2025-002811,AV-2025-002811,CUMPLE
AV-2025-002812,AV-2025-002812,NUEVO
AV-2025-002813,AV-2025-002813,CORREGIDO
AV-2024-002814,,SALIO_CUMPLIENDO
AV-2024-002815,AV-2024-002815,CORREGIDO
AV-2024-002816,AV-2024-002816,PERSISTENTE
AV-2025-002817,AV-2025-002817,CUMPLE
AV-2025-002818,AV-2025-002818,CUMPLE
AV-2026-002819,AV-2026-002819,CORREGIDO
AV-2025-002820,AV-2025-002820,PERSISTENTE
AV-2025-002821,AV-2025-002821,CUMPLE
AV-2025-002822,AV-2025-002822,CUMPLE
AV-2024-002823,AV-2024-002823,CUMPLE
AV-2024-002824,AV-2024-002824,CUMPLE
AV-2025-002825,AV-2025-002825,CORREGIDO
AV-2026-002826,,SALIO_CUMPLIENDO
AV-2026-002827,,SALIO_CUMPLIENDO
AV-2024-002828,AV-2024-002828,CUMPLE
AV-2024-002829,AV-2024-002829,NUEVO
AV-2024-002830,AV-2024-002830,CUMPLE
AV-2025-002831,AV-2025-002831,CUMPLE
AV-2025-002832,AV-2025-002832,CUMPLE
AV-2025-002833,AV-2025-002833,CUMPLE
AV-2025-002834,AV-2025-002834,CUMPLE
AV-2025-002835,AV-2025-002835,CUMPLE
AV-2025-002836,AV-2025-002836,PERSISTENTE
AV-2025-002837,AV-2025-002837,CUMPLE
AV-2025-002838,AV-2025-002838,CUMPLE
AV-2024-002839,AV-2024-002839,NUEVO
AV-2026-002840,AV-2026-002840,PERSISTENTE
AV-2026-002841,AV-2026-002841,CUMPLE
AV-2026-002842,AV-2026-002842,PERSISTENTE
AV-2024-002843,AV-2024-002843,CUMPLE
AV-2025-002844,AV-2025-002844,CUMPLE
AV-2025-002845,AV-2025-002845,CORREGIDO
AV-2024-002846,AV-2024-002846,CORREGIDO
AV-2025-002847,AV-2025-002847,CUMPLE
AV-2025-002848,AV-2025-002848,CUMPLE
AV-2025-002849,AV-2025-002849,CUMPLE
AV-2025-002850,AV-2025-002850,CUMPLE
AV-2025-002851,AV-2025-002851,CUMPLE
AV-2025-002852,AV-2025-002852,CORREGIDO
AV-2024-002853,AV-2024-002853,CUMPLE
AV-2024-002854,AV-2024-002854,CUMPLE
AV-2024-002855,AV-2024-002855,PERSISTENTE
AV-2025-002856,,SALIO_CUMPLIENDO
AV-2026-002857,AV-2026-002857,CUMPLE
AV-2024-002858,AV-2024-002858,CUMPLE
AV-2026-002859,AV-2026-002859,CUMPLE
AV-2025-002860,AV-2025-002860,CUMPLE
AV-2025-002861,AV-2025-002861,CUMPLE
AV-2025-002862,AV-2025-002862,CORREGIDO
AV-2025-002863,AV-2025-002863,PERSISTENTE
AV-2024-002864,AV-2024-002864,CUMPLE
AV-2025-002865,AV-2025-002865,CUMPLE
AV-2025-002866,AV-2025-002866,CUMPLE
AV-2025-002867,AV-2025-002867,CUMPLE
AV-2024-002868,AV-2024-002868,CUMPLE
AV-2025-002869,AV-2025-002869,CUMPLE
AV-2025-002870,AV-2025-002870,CUMPLE
AV-2025-002871,AV-2025-002871,CUMPLE
AV-2025-002872,AV-2025-002872,CUMPLE
AV-2025-002873,AV-2025-002873,CUMPLE
AV-2024-002874,AV-2024-002874,CORREGIDO
AV-2026-002875,AV-2026-002875,PERSISTENTE
AV-2025-002876,AV-2025-002876,CUMPLE
AV-2025-002877,AV-2025-002877,CUMPLE
AV-2026-002878,,SALIO
AV-2025-002879,AV-2025-002879,CUMPLE
AV-2025-002880,AV-2025-002880,CUMPLE
AV-2024-002881,AV-2024-002881,PERSISTENTE
AV-2025-002882,AV-2025-002882,CORREGIDO
AV-2025-002883,AV-2025-002883,CUMPLE
AV-2025-002884,AV-2025-002884,CUMPLE
AV-2025-002885,AV-2025-002885,CUMPLE
AV-2025-002886,AV-2025-002886,CORREGIDO
AV-2025-002887,AV-2025-002887,CUMPLE
AV-2025-002888,,SALIO
AV-2026-002889,AV-2026-002889,CORREGIDO
AV-2025-002890,AV-2025-002890,CUMPLE
AV-2024-002891,AV-2024-002891,NUEVO
AV-2025-002892,AV-2025-002892,CUMPLE
AV-2025-002893,AV-2025-002893,PERSISTENTE
AV-2025-002894,AV-2025-002894,PERSISTENTE
AV-2025-002895,AV-2025-002895,CUMPLE
AV-2025-002896,AV-2025-002896,CUMPLE
AV-2025-002897,AV-2025-002897,CUMPLE
AV-2025-002898,AV-2025-002898,CUMPLE
AV-2025-002899,AV-2025-002899,CUMPLE
AV-2025-002900,AV-2025-002900,PERSISTENTE
AV-2025-002901,AV-2025-002901,CUMPLE
AV-2024-002902,AV-2024-002902,CORREGIDO
AV-2024-002903,AV-2024-002903,CUMPLE
AV-2025-002904,AV-2025-002904,CORREGIDO
AV-2025-002905,AV-2025-002905,CORREGIDO
AV-2025-002906,AV-2025-002906,CUMPLE
AV-2025-002907,AV-2025-002907,CUMPLE
AV-2025-002908,AV-2025-002908,CUMPLE
AV-2024-002909,AV-2024-002909,PERSISTENTE
AV-2026-002910,AV-2026-002910,CUMPLE
AV-2025-002911,AV-2025-002911,PERSISTENTE
AV-2024-002912,AV-2024-002912,CORREGIDO
AV-2025-002913,,SALIO
AV-2025-002914,AV-2025-002914,CUMPLE
AV-2026-002915,AV-2026-002915,CUMPLE
AV-2025-002916,AV-2025-002916,CUMPLE
AV-2025-002917,AV-2025-002917,CUMPLE
AV-2026-002918,AV-2026-002918,CORREGIDO
AV-2024-002919,AV-2024-002919,CUMPLE
AV-2026-002920,AV-2026-002920,CUMPLE
AV-2025-002921,AV-2025-002921,CUMPLE
AV-2025-002922,,SALIO
AV-2024-002923,AV-2024-002923,CORREGIDO
AV-2025-002924,AV-2025-002924,CUMPLE
AV-2025-002925,AV-2025-002925,CUMPLE
AV-2025-002926,AV-2025-002926,CUMPLE
AV-2025-002927,AV-2025-002927,CUMPLE
AV-2025-002928,AV-2025-002928,CUMPLE
AV-2024-002929,AV-2024-002929,CORREGIDO
AV-2025-002930,AV-2025-002930,CUMPLE
AV-2025-002931,AV-2025-002931,CUMPLE
AV-2024-002932,AV-2024-002932,CUMPLE
AV-2025-002933,AV-2025-002933,CUMPLE
AV-2025-002934,AV-2025-002934,PERSISTENTE
AV-2025-002935,AV-2025-002935,CUMPLE
AV-2025-002936,AV-2025-002936,CUMPLE
AV-2024-002937,AV-2024-002937,CUMPLE
AV-2025-002938,AV-2025-002938,CUMPLE
AV-2024-002939,AV-2024-002939,CUMPLE
AV-2024-002940,AV-2024-002940,CUMPLE
AV-2025-002941,AV-2025-002941,NUEVO
AV-2025-002942,AV-2025-002942,CUMPLE
AV-2025-002943,AV-2025-002943,CUMPLE
AV-2025-002944,,SALIO
AV-2024-002945,AV-2024-002945,CUMPLE
AV-2025-002946,AV-2025-002946,CUMPLE
AV-2024-002947,AV-2024-002947,CORREGIDO
AV-2025-002948,AV-2025-002948,CUMPLE
AV-2025-002949,AV-2025-002949,CUMPLE
AV-2025-002950,AV-2025-002950,CUMPLE
AV-2025-002951,AV-2025-002951,NUEVO
AV-2025-002952,AV-2025-002952,NUEVO
AV-2025-002953,AV-2025-002953,CORREGIDO
AV-2025-002954,AV-2025-002954,CUMPLE
AV-2025-002955,AV-2025-002955,CUMPLE
AV-2024-002956,AV-2024-002956,CORREGIDO
AV-2024-002957,AV-2024-002957,PERSISTENTE
AV-2025-002958,AV-2025-002958,CUMPLE
AV-2025-002959,AV-2025-002959,CUMPLE
AV-2026-002960,AV-2026-002960,CUMPLE
AV-2025-002961,AV-2025-002961,CUMPLE
AV-2024-002962,AV-2024-002962,PERSISTENTE
AV-2024-002963,AV-2024-002963,CUMPLE
AV-2024-002964,AV-2024-002964,CUMPLE
AV-2025-002965,AV-2025-002965,CUMPLE
AV-2025-002966,AV-2025-002966,NUEVO
AV-2025-002967,AV-2025-002967,CUMPLE
AV-2025-002968,AV-2025-002968,CUMPLE
AV-2025-002969,AV-2025-002969,CUMPLE
AV-2026-002970,AV-2026-002970,CORREGIDO
AV-2025-002971,AV-2025-002971,CUMPLE
AV-2024-002972,AV-2024-002972,CUMPLE
AV-2024-002973,AV-2024-002973,CORREGIDO
AV-2025-002974,AV-2025-002974,CORREGIDO
AV-2024-002975,AV-2024-002975,CUMPLE
AV-2025-002976,AV-2025-002976,CUMPLE
AV-2025-002977,AV-2025-002977,CUMPLE
AV-2026-002978,AV-2026-002978,PERSISTENTE
AV-2024-002979,AV-2024-002979,CORREGIDO
AV-2024-002980,AV-2024-002980,CORREGIDO
AV-2025-002981,AV-2025-002981,CUMPLE
AV-2025-002982,AV-2025-002982,CUMPLE
AV-2026-002983,AV-2026-002983,NUEVO
AV-2025-002984,,SALIO_CUMPLIENDO
AV-2025-002985,AV-2025-002985,CUMPLE
AV-2024-002986,AV-2024-002986,CUMPLE
AV-2025-002987,AV-2025-002987,CUMPLE
AV-2025-002988,AV-2025-002988,CUMPLE
AV-2025-002989,AV-2025-002989,CUMPLE
AV-2025-002990,AV-2025-002990,CUMPLE
AV-2024-002991,AV-2024-002991,CUMPLE
AV-2026-002992,AV-2026-002992,CUMPLE
AV-2025-002993,AV-2025-002993,CUMPLE
AV-2025-002994,AV-2025-002994,CORREGIDO
AV-2024-002995,AV-2024-002995,CUMPLE
AV-2025-002996,AV-2025-002996,CORREGIDO
AV-2024-002997,,SALIO_CUMPLIENDO
AV-2026-002998,AV-2026-002998,CUMPLE
AV-2026-002999,AV-2026-002999,CUMPLE
AV-2025-003000,AV-2025-003000,CUMPLE
AV-2024-003001,AV-2024-003001,CUMPLE
AV-2024-003002,AV-2024-003002,CUMPLE
AV-2024-003003,AV-2024-003003,CUMPLE
AV-2025-003004,AV-2025-003004,CORREGIDO
AV-2025-003005,AV-2025-003005,PERSISTENTE
AV-2025-003006,AV-2025-003006,CUMPLE
AV-2026-003007,AV-2026-003007,CUMPLE
AV-2026-003008,AV-2026-003008,CUMPLE
AV-2025-003009,AV-2025-003009,CUMPLE
AV-2025-003010,AV-2025-003010,CUMPLE
AV-2024-003011,AV-2024-003011,CUMPLE
AV-2025-003012,AV-2025-003012,CORREGIDO
AV-2025-003013,AV-2025-003013,CUMPLE
AV-2025-003014,AV-2025-003014,CUMPLE
AV-2026-003015,AV-2026-003015,CORREGIDO
AV-2025-003016,AV-2025-003016,PERSISTENTE
AV-2024-003017,AV-2024-003017,CORREGIDO
AV-2025-003018,AV-2025-003018,CUMPLE
AV-2024-003019,AV-2024-003019,CUMPLE
AV-2025-003020,AV-2025-003020,CUMPLE
AV-2025-003021,AV-2025-003021,CUMPLE
AV-2025-003022,AV-2025-003022,PERSISTENTE
AV-2025-003023,AV-2025-003023,CUMPLE
AV-2026-003024,AV-2026-003024,CUMPLE
AV-2025-003025,AV-2025-003025,CORREGIDO
AV-2025-003026,,SALIO_CUMPLIENDO
AV-2026-003027,AV-2026-003027,CUMPLE
AV-2026-003028,AV-2026-003028,CUMPLE
AV-2026-003029,AV-2026-003029,CORREGIDO
AV-2026-003030,AV-2026-003030,PERSISTENTE
AV-2025-003031,,SALIO
AV-2025-003032,AV-2025-003032,CUMPLE
AV-2026-003033,,SALIO_CUMPLIENDO
AV-2026-003034,AV-2026-003034,CUMPLE
AV-2025-003035,AV-2025-003035,CUMPLE
AV-2025-003036,AV-2025-003036,CUMPLE
AV-2024-003037,AV-2024-003037,CUMPLE
AV-2024-003038,AV-2024-003038,PERSISTENTE
AV-2025-003039,AV-2025-003039,CUMPLE
AV-2025-003040,AV-2025-003040,CORREGIDO
AV-2024-003041,AV-2024-003041,CUMPLE
AV-2025-003042,AV-2025-003042,CUMPLE
AV-2025-003043,AV-2025-003043,NUEVO
AV-2025-003044,AV-2025-003044,CUMPLE
AV-2026-003045,AV-2026-003045,PERSISTENTE
AV-2025-003046,AV-2025-003046,CUMPLE
AV-2025-003047,AV-2025-003047,CUMPLE
AV-2025-003048,AV-2025-003048,PERSISTENTE
AV-2026-001499,AV-2026-001499,PERSISTENTE
AV-2024-003050,AV-2024-003050,CUMPLE
AV-2025-003051,AV-2025-003051,CUMPLE
AV-2024-003052,AV-2024-003052,CORREGIDO
AV-2025-003053,AV-2025-003053,CUMPLE
AV-2026-003054,AV-2026-003054,CORREGIDO
AV-2025-003055,AV-2025-003055,CUMPLE
AV-2024-003056,AV-2024-003056,CUMPLE
AV-2025-003057,AV-2025-003057,CUMPLE
AV-2025-003058,AV-2025-003058,CUMPLE
AV-2024-003059,AV-2024-003059,CUMPLE
AV-2024-003060,AV-2024-003060,NUEVO
AV-2024-003061,AV-2024-003061,CUMPLE
AV-2025-003062,AV-2025-003062,CUMPLE
AV-2026-003063,AV-2026-003063,CUMPLE
AV-2024-003064,AV-2024-003064,CUMPLE
AV-2024-003065,AV-2024-003065,CUMPLE
AV-2025-003066,AV-2025-003066,CUMPLE
AV-2025-003067,AV-2025-003067,CUMPLE
AV-2024-003068,AV-2024-003068,CUMPLE
AV-2025-003069,AV-2025-003069,CUMPLE
AV-2025-003070,AV-2025-003070,CUMPLE
AV-2025-003071,AV-2025-003071,CORREGIDO
AV-2025-003072,AV-2025-003072,CUMPLE
AV-2026-003073,AV-2026-003073,CUMPLE
AV-2025-003074,AV-2025-003074,CUMPLE
AV-2025-003075,AV-2025-003075,CUMPLE
AV-2025-003076,AV-2025-003076,CUMPLE
AV-2024-003077,AV-2024-003077,CUMPLE
AV-2026-003078,AV-2026-003078,CUMPLE
AV-2024-003079,AV-2024-003079,CUMPLE
AV-2025-003080,AV-2025-003080,CORREGIDO
AV-2025-003081,AV-2025-003081,PERSISTENTE
AV-2025-003082,AV-2025-003082,CUMPLE
AV-2025-003083,AV-2025-003083,PERSISTENTE
AV-2025-003084,AV-2025-003084,CORREGIDO
AV-2026-003085,AV-2026-003085,CUMPLE
AV-2024-003086,AV-2024-003086,PERSISTENTE
AV-2025-003087,AV-2025-003087,CUMPLE
AV-2025-003088,AV-2025-003088,CORREGIDO
AV-2024-003089,AV-2024-003089,CORREGIDO
AV-2024-003090,AV-2024-003090,CUMPLE
AV-2025-003091,AV-2025-003091,CUMPLE
AV-2024-003092,AV-2024-003092,CUMPLE
AV-2025-003093,AV-2025-003093,CUMPLE
AV-2025-003094,AV-2025-003094,CORREGIDO
AV-2024-003095,AV-2024-003095,CUMPLE
AV-2024-003096,AV-2024-003096,CORREGIDO
AV-2025-003097,AV-2025-003097,PERSISTENTE
AV-2025-003098,AV-2025-003098,CUMPLE
AV-2025-003099,AV-2025-003099,PERSISTENTE
AV-2025-003100,AV-2025-003100,NUEVO
AV-2025-003101,AV-2025-003101,CUMPLE
AV-2025-003102,,SALIO_CUMPLIENDO
AV-2024-003103,AV-2024-003103,NUEVO
AV-2025-003104,AV-2025-003104,CUMPLE
AV-2025-003105,AV-2025-003105,CUMPLE
AV-2025-003106,AV-2025-003106,CUMPLE
AV-2025-003107,AV-2025-003107,CUMPLE
AV-2025-003108,AV-2025-003108,CUMPLE
AV-2025-003109,AV-2025-003109,CUMPLE
AV-2025-003110,AV-2025-003110,CUMPLE
AV-2024-003111,AV-2024-003111,CUMPLE
AV-2025-003112,AV-2025-003112,PERSISTENTE
AV-2024-003113,AV-2024-003113,CUMPLE
AV-2025-003114,AV-2025-003114,CORREGIDO
AV-2026-003115,AV-2026-003115,CUMPLE
AV-2025-003116,AV-2025-003116,PERSISTENTE
AV-2025-003117,AV-2025-003117,CORREGIDO
AV-2024-003118,AV-2024-003118,CUMPLE
AV-2025-003119,AV-2025-003119,CORREGIDO
AV-2025-003120,AV-2025-003120,PERSISTENTE
AV-2024-003121,AV-2024-003121,CUMPLE
AV-2025-003122,AV-2025-003122,CUMPLE
AV-2025-003123,AV-2025-003123,CUMPLE
AV-2025-003124,AV-2025-003124,CUMPLE
AV-2024-003125,AV-2024-003125,CUMPLE
AV-2025-003126,AV-2025-003126,CUMPLE
AV-2025-003127,AV-2025-003127,CORREGIDO
AV-2024-003128,AV-2024-003128,CUMPLE
AV-2025-003129,AV-2025-003129,CUMPLE
AV-2025-003130,AV-2025-003130,CUMPLE
AV-2024-003131,AV-2024-003131,CORREGIDO
AV-2026-003132,AV-2026-003132,CORREGIDO
AV-2025-003133,AV-2025-003133,CUMPLE
AV-2025-003134,AV-2025-003134,CUMPLE
AV-2025-003135,AV-2025-003135,CUMPLE
AV-2024-003136,AV-2024-003136,CORREGIDO
AV-2024-003137,AV-2024-003137,PERSISTENTE
AV-2025-003138,AV-2025-003138,PERSISTENTE
AV-2026-003139,AV-2026-003139,CUMPLE
AV-2024-003140,AV-2024-003140,CUMPLE
AV-2024-003141,AV-2024-003141,CUMPLE
AV-2024-003142,AV-2024-003142,CUMPLE
AV-2025-003143,AV-2025-003143,CUMPLE
AV-2025-003144,AV-2025-003144,CUMPLE
AV-2024-003145,AV-2024-003145,CUMPLE
AV-2025-003146,AV-2025-003146,CUMPLE
AV-2025-003147,AV-2025-003147,CUMPLE
AV-2024-003148,AV-2024-003148,CORREGIDO
AV-2025-003149,AV-2025-003149,CUMPLE
AV-2025-003150,AV-2025-003150,CUMPLE
AV-2024-003151,AV-2024-003151,CUMPLE
AV-2024-003152,AV-2024-003152,CUMPLE
AV-2025-003153,AV-2025-003153,CUMPLE
AV-2025-003154,AV-2025-003154,CUMPLE
AV-2025-003155,,SALIO
AV-2024-003156,AV-2024-003156,PERSISTENTE
AV-2025-003157,AV-2025-003157,CUMPLE
AV-2025-003158,AV-2025-003158,CUMPLE
AV-2025-003159,AV-2025-003159,CORREGIDO
AV-2025-003160,AV-2025-003160,CUMPLE
AV-2025-003161,AV-2025-003161,CUMPLE
AV-2024-003162,AV-2024-003162,CUMPLE
AV-2025-003163,AV-2025-003163,CUMPLE
AV-2026-003164,AV-2026-003164,CUMPLE
AV-2025-003165,AV-2025-003165,CUMPLE
AV-2026-003166,AV-2026-003166,PERSISTENTE
AV-2025-003167,AV-2025-003167,CORREGIDO
AV-2025-003168,AV-2025-003168,CUMPLE
AV-2025-003169,AV-2025-003169,CORREGIDO
AV-2025-003170,AV-2025-003170,PERSISTENTE
AV-2024-003171,AV-2024-003171,CUMPLE
AV-2025-003172,AV-2025-003172,CUMPLE
AV-2026-003173,AV-2026-003173,PERSISTENTE
AV-2025-003174,AV-2025-003174,CORREGIDO
AV-2026-003175,AV-2026-003175,CUMPLE
AV-2025-003176,AV-2025-003176,CUMPLE
AV-2025-003177,AV-2025-003177,CUMPLE
AV-2025-003178,,SALIO
AV-2025-003179,AV-2025-003179,CUMPLE
AV-2025-003180,AV-2025-003180,CUMPLE
AV-2024-003181,AV-2024-003181,CUMPLE
AV-2025-003182,AV-2025-003182,CUMPLE
AV-2025-003183,AV-2025-003183,CUMPLE
AV-2025-003184,AV-2025-003184,CUMPLE
AV-2025-003185,AV-2025-003185,CUMPLE
AV-2024-003186,AV-2024-003186,CUMPLE
AV-2026-003187,AV-2026-003187,CUMPLE
AV-2024-003188,AV-2024-003188,PERSISTENTE
AV-2026-003189,AV-2026-003189,CUMPLE
AV-2025-003190,AV-2025-003190,CUMPLE
AV-2025-003191,AV-2025-003191,CUMPLE
AV-2025-003192,AV-2025-003192,CUMPLE
AV-2025-003193,AV-2025-003193,CUMPLE
AV-2025-003194,AV-2025-003194,CORREGIDO
AV-2025-003195,AV-2025-003195,CUMPLE
AV-2025-003196,AV-2025-003196,CUMPLE
AV-2024-003197,AV-2024-003197,CUMPLE
AV-2024-003198,AV-2024-003198,PERSISTENTE
AV-2025-003199,AV-2025-003199,CUMPLE
AV-2025-003200,AV-2025-003200,CUMPLE
AV-2025-003201,AV-2025-003201,CUMPLE
AV-2024-003202,AV-2024-003202,CUMPLE
AV-2025-003203,AV-2025-003203,CUMPLE
AV-2024-003204,AV-2024-003204,CORREGIDO
AV-2025-003205,AV-2025-003205,PERSISTENTE
AV-2025-003206,AV-2025-003206,CORREGIDO
AV-2025-003207,AV-2025-003207,CUMPLE
AV-2025-003208,AV-2025-003208,CUMPLE
AV-2025-003209,AV-2025-003209,CUMPLE
AV-2024-003210,AV-2024-003210,CORREGIDO
AV-2026-003211,AV-2026-003211,CUMPLE
AV-2025-003212,AV-2025-003212,CUMPLE
AV-2025-003213,AV-2025-003213,CUMPLE
AV-2026-003214,AV-2026-003214,CUMPLE
AV-2025-003215,AV-2025-003215,CORREGIDO
AV-2025-003216,AV-2025-003216,CUMPLE
AV-2025-003217,AV-2025-003217,PERSISTENTE
AV-2026-003218,AV-2026-003218,CUMPLE
AV-2025-003219,AV-2025-003219,CUMPLE
AV-2025-003220,,SALIO_CUMPLIENDO
AV-2025-003221,AV-2025-003221,PERSISTENTE
AV-2026-003222,,SALIO
AV-2025-003223,AV-2025-003223,NUEVO
AV-2025-003224,AV-2025-003224,CUMPLE
AV-2025-003225,AV-2025-003225,CUMPLE
AV-2025-003226,AV-2025-003226,PERSISTENTE
AV-2025-003227,AV-2025-003227,CUMPLE
AV-2025-003228,AV-2025-003228,CUMPLE
AV-2026-003229,AV-2026-003229,CUMPLE
AV-2025-003230,AV-2025-003230,CUMPLE
AV-2025-003231,AV-2025-003231,CORREGIDO
AV-2025-003232,AV-2025-003232,CUMPLE
AV-2025-003233,AV-2025-003233,CUMPLE
AV-2025-003234,AV-2025-003234,CUMPLE
AV-2024-003235,AV-2024-003235,CUMPLE
AV-2025-003236,AV-2025-003236,CORREGIDO
AV-2025-003237,AV-2025-003237,CUMPLE
AV-2025-003238,AV-2025-003238,CUMPLE
AV-2025-003239,AV-2025-003239,CUMPLE
AV-2025-003240,,SALIO_CUMPLIENDO
AV-2024-003241,AV-2024-003241,CORREGIDO
AV-2026-003242,AV-2026-003242,CUMPLE
AV-2025-003243,AV-2025-003243,CUMPLE
AV-2025-003244,AV-2025-003244,NUEVO
AV-2025-003245,AV-2025-003245,CORREGIDO
AV-2026-003246,AV-2026-003246,CORREGIDO
AV-2025-003247,AV-2025-003247,CORREGIDO
AV-2025-003248,AV-2025-003248,CUMPLE
AV-2026-003249,AV-2026-003249,CORREGIDO
AV-2025-003250,AV-2025-003250,CUMPLE
AV-2025-003251,AV-2025-003251,CUMPLE
AV-2025-003252,AV-2025-003252,CUMPLE
AV-2025-003253,AV-2025-003253,CORREGIDO
AV-2026-003254,AV-2026-003254,CUMPLE
AV-2025-003255,AV-2025-003255,CORREGIDO
AV-2025-003256,AV-2025-003256,CORREGIDO
AV-2025-003257,AV-2025-003257,CORREGIDO
AV-2024-003258,AV-2024-003258,CORREGIDO
AV-2024-003259,AV-2024-003259,NUEVO
AV-2026-003260,AV-2026-003260,CUMPLE
AV-2024-003261,AV-2024-003261,CUMPLE
AV-2025-003262,AV-2025-003262,CUMPLE
AV-2025-003263,AV-2025-003263,CUMPLE
AV-2024-003264,AV-2024-003264,CUMPLE
AV-2025-003265,AV-2025-003265,CUMPLE
AV-2025-003266,AV-2025-003266,CORREGIDO
AV-2024-003267,AV-2024-003267,PERSISTENTE
AV-2025-003268,AV-2025-003268,CUMPLE
AV-2024-003269,AV-2024-003269,CUMPLE
AV-2024-000953,AV-2025-003270,CORREGIDO
AV-2025-003271,AV-2025-003271,CUMPLE
AV-2025-003272,AV-2025-003272,CORREGIDO
AV-2025-003273,AV-2025-003273,CORREGIDO
AV-2025-003274,AV-2025-003274,CORREGIDO
AV-2024-003275,AV-2024-003275,CUMPLE
AV-2024-003276,AV-2024-003276,CORREGIDO
AV-2025-003277,AV-2025-003277,CUMPLE
AV-2025-003278,,SALIO
AV-2026-003279,AV-2026-003279,CUMPLE
AV-2025-003280,AV-2025-003280,CUMPLE
AV-2025-003281,AV-2025-003281,CUMPLE
AV-2024-003282,AV-2024-003282,CUMPLE
AV-2025-003283,AV-2025-003283,CUMPLE
AV-2025-003284,AV-2025-003284,NUEVO
AV-2025-003285,AV-2025-003285,CUMPLE
AV-2026-003286,AV-2026-003286,CUMPLE
AV-2025-003287,AV-2025-003287,CUMPLE
AV-2025-003288,AV-2025-003288,CUMPLE
AV-2025-003289,AV-2025-003289,CUMPLE
AV-2025-003290,AV-2025-003290,CUMPLE
AV-2024-003291,AV-2024-003291,CUMPLE
AV-2025-003292,AV-2025-003292,CUMPLE
AV-2025-003293,AV-2025-003293,CUMPLE
AV-2026-003294,AV-2026-003294,CORREGIDO
AV-2025-003295,AV-2025-003295,CORREGIDO
AV-2024-003296,,SALIO_CUMPLIENDO
AV-2025-003297,AV-2025-003297,PERSISTENTE
AV-2024-003298,AV-2024-003298,CUMPLE
AV-2025-003299,AV-2025-003299,CUMPLE
AV-2025-003300,AV-2025-003300,CUMPLE
AV-2025-003301,AV-2025-003301,CUMPLE
AV-2025-003302,AV-2025-003302,CUMPLE
AV-2024-003303,AV-2024-003303,CUMPLE
AV-2026-003304,AV-2026-003304,CORREGIDO
AV-2025-003305,AV-2025-003305,CUMPLE
AV-2025-003306,AV-2025-003306,CORREGIDO
AV-2025-003307,AV-2025-003307,CUMPLE
AV-2026-003308,AV-2026-003308,CORREGIDO
AV-2025-003309,AV-2025-003309,CUMPLE
AV-2025-003310,AV-2025-003310,PERSISTENTE
AV-2025-003311,AV-2025-003311,CUMPLE
AV-2024-003312,AV-2024-003312,CORREGIDO
AV-2024-003313,AV-2024-003313,CUMPLE
AV-2025-003314,AV-2025-003314,CUMPLE
AV-2026-003315,AV-2026-003315,CUMPLE
AV-2025-003316,AV-2025-003316,CORREGIDO
AV-2025-003317,AV-2025-003317,PERSISTENTE
AV-2026-003318,AV-2026-003318,CUMPLE
AV-2024-003319,AV-2024-003319,CUMPLE
AV-2025-003320,AV-2025-003320,PERSISTENTE
AV-2026-003321,AV-2026-003321,CUMPLE
AV-2026-003322,AV-2026-003322,CUMPLE
AV-2025-003323,AV-2025-003323,CORREGIDO
AV-2025-003324,AV-2025-003324,CUMPLE
AV-2025-003325,AV-2025-003325,CUMPLE
AV-2025-003326,AV-2025-003326,CORREGIDO
AV-2025-003327,AV-2025-003327,CUMPLE
AV-2025-003328,AV-2025-003328,CORREGIDO
AV-2025-003329,AV-2025-003329,CORREGIDO
AV-2025-003330,AV-2025-003330,PERSISTENTE
AV-2025-003331,AV-2025-003331,CORREGIDO
AV-2025-003332,AV-2025-003332,PERSISTENTE
AV-2025-003333,AV-2025-003333,CUMPLE
AV-2024-003334,AV-2024-003334,CUMPLE
AV-2025-003335,AV-2025-003335,CUMPLE
AV-2026-003336,AV-2026-003336,CUMPLE
AV-2025-003337,AV-2025-003337,CUMPLE
AV-2025-003338,AV-2025-003338,CUMPLE
AV-2025-003339,AV-2025-003339,PERSISTENTE
AV-2024-003340,AV-2024-003340,CUMPLE
AV-2025-003341,AV-2025-003341,CUMPLE
AV-2026-003342,AV-2026-003342,PERSISTENTE
AV-2025-003343,AV-2025-003343,CUMPLE
AV-2025-003344,,SALIO_CUMPLIENDO
AV-2025-003345,AV-2025-003345,PERSISTENTE
AV-2026-003346,,SALIO
AV-2025-003347,AV-2025-003347,CUMPLE
AV-2025-003348,AV-2025-003348,CORREGIDO
AV-2025-003169,AV-2025-003349,CORREGIDO
AV-2025-003350,AV-2025-003350,CORREGIDO
AV-2025-003351,,SALIO
AV-2025-003352,AV-2025-003352,CORREGIDO
AV-2025-003353,AV-2025-003353,CUMPLE
AV-2025-003354,AV-2025-003354,CUMPLE
AV-2025-003355,AV-2025-003355,CUMPLE
AV-2025-003356,AV-2025-003356,CORREGIDO
AV-2026-003357,AV-2026-003357,CUMPLE
AV-2025-003358,AV-2025-003358,CUMPLE
AV-2026-003359,AV-2026-003359,CUMPLE
AV-2026-003360,AV-2026-003360,CUMPLE
AV-2025-003361,AV-2025-003361,CUMPLE
AV-2025-003362,AV-2025-003362,CUMPLE
AV-2025-003363,AV-2025-003363,CUMPLE
AV-2024-003364,,SALIO_CUMPLIENDO
AV-2025-003365,AV-2025-003365,CUMPLE
AV-2026-003366,AV-2026-003366,NUEVO
AV-2025-003367,AV-2025-003367,CUMPLE
AV-2024-003368,AV-2024-003368,CORREGIDO
AV-2024-003369,AV-2024-003369,CUMPLE
AV-2025-003370,AV-2025-003370,CORREGIDO
AV-2026-003371,AV-2026-003371,CUMPLE
AV-2024-003372,AV-2024-003372,CUMPLE
AV-2024-003373,AV-2024-003373,CUMPLE
AV-2026-003374,AV-2026-003374,CORREGIDO
AV-2026-003375,AV-2026-003375,PERSISTENTE
AV-2025-003376,AV-2025-003376,CORREGIDO
AV-2025-003377,AV-2025-003377,CUMPLE
AV-2025-003378,AV-2025-003378,CUMPLE
AV-2025-003379,AV-2025-003379,CORREGIDO
AV-2025-003380,AV-2025-003380,CUMPLE
AV-2025-003381,AV-2025-003381,CORREGIDO
AV-2026-003382,AV-2026-003382,CORREGIDO
AV-2024-003383,AV-2024-003383,CUMPLE
AV-2025-003384,AV-2025-003384,CORREGIDO
AV-2026-003385,AV-2026-003385,CUMPLE
AV-2025-003386,AV-2025-003386,PERSISTENTE
AV-2025-003387,AV-2025-003387,CORREGIDO
AV-2024-003388,,SALIO
AV-2025-003389,AV-2025-003389,CUMPLE
AV-2025-003390,,SALIO
AV-2026-003391,AV-2026-003391,CUMPLE
AV-2025-003392,AV-2025-003392,CUMPLE
AV-2025-003393,AV-2025-003393,CUMPLE
AV-2026-003394,AV-2026-003394,CUMPLE
AV-2025-003395,AV-2025-003395,CUMPLE
AV-2026-003396,AV-2026-003396,CUMPLE
AV-2025-003397,AV-2025-003397,CUMPLE
AV-2024-003398,AV-2024-003398,CUMPLE
AV-2025-003399,AV-2025-003399,CUMPLE
AV-2024-003400,AV-2024-003400,CUMPLE
AV-2025-003401,AV-2025-003401,CORREGIDO
AV-2025-003402,AV-2025-003402,CUMPLE
AV-2025-003403,AV-2025-003403,CUMPLE
AV-2026-003404,AV-2026-003404,CORREGIDO
AV-2025-003405,AV-2025-003405,CORREGIDO
AV-2025-003406,,SALIO
AV-2025-003407,AV-2025-003407,NUEVO
AV-2026-003408,AV-2026-003408,CORREGIDO
AV-2025-003409,AV-2025-003409,CUMPLE
AV-2024-003410,AV-2024-003410,CORREGIDO
AV-2024-003411,AV-2024-003411,CUMPLE
AV-2025-003412,AV-2025-003412,CUMPLE
AV-2025-003413,AV-2025-003413,NUEVO
AV-2025-003414,AV-2025-003414,CUMPLE
AV-2025-003415,AV-2025-003415,CORREGIDO
AV-2024-003416,,SALIO
AV-2024-003417,AV-2024-003417,CUMPLE
AV-2025-003418,AV-2025-003418,NUEVO
AV-2025-003419,AV-2025-003419,CUMPLE
AV-2025-003420,AV-2025-003420,CUMPLE
AV-2024-003421,AV-2024-003421,CUMPLE
AV-2025-003422,AV-2025-003422,CUMPLE
AV-2025-003423,AV-2025-003423,CUMPLE
AV-2025-003424,AV-2025-003424,CORREGIDO
AV-2025-003425,AV-2025-003425,CUMPLE
AV-2026-003426,AV-2026-003426,CUMPLE
AV-2025-003427,AV-2025-003427,CUMPLE
AV-2024-003428,AV-2024-003428,CUMPLE
AV-2025-003429,AV-2025-003429,CUMPLE
AV-2024-003430,AV-2024-003430,CUMPLE
AV-2024-003431,AV-2024-003431,PERSISTENTE
AV-2025-003432,,SALIO
AV-2025-003433,,SALIO
AV-2025-003434,AV-2025-003434,CUMPLE
AV-2024-003435,AV-2024-003435,PERSISTENTE
AV-2025-003436,,SALIO_CUMPLIENDO
AV-2024-003437,AV-2024-003437,CUMPLE
AV-2025-003438,AV-2025-003438,CUMPLE
AV-2025-003439,AV-2025-003439,CORREGIDO
AV-2026-003440,,SALIO
AV-2026-003441,AV-2026-003441,CUMPLE
AV-2025-003442,AV-2025-003442,CORREGIDO
AV-2024-003443,AV-2024-003443,CUMPLE
AV-2025-003444,AV-2025-003444,CORREGIDO
AV-2024-003445,,SALIO
AV-2024-003446,AV-2024-003446,CORREGIDO
AV-2025-003447,AV-2025-003447,CUMPLE
AV-2024-003448,AV-2024-003448,PERSISTENTE
AV-2025-003449,AV-2025-003449,CUMPLE
AV-2025-003450,AV-2025-003450,CUMPLE
AV-2025-003451,AV-2025-003451,CUMPLE
AV-2025-003452,AV-2025-003452,CUMPLE
AV-2025-003453,AV-2025-003453,CUMPLE
AV-2025-003454,AV-2025-003454,CORREGIDO
AV-2025-003455,,SALIO_CUMPLIENDO
AV-2024-003456,AV-2024-003456,CUMPLE
AV-2024-003457,AV-2024-003457,CUMPLE
AV-2024-003458,AV-2024-003458,PERSISTENTE
AV-2025-003459,AV-2025-003459,CUMPLE
AV-2025-003460,AV-2025-003460,CORREGIDO
AV-2025-003461,AV-2025-003461,CORREGIDO
AV-2025-003462,AV-2025-003462,CUMPLE
AV-2024-003463,AV-2024-003463,NUEVO
AV-2024-003464,AV-2024-003464,CUMPLE
AV-2025-003465,AV-2025-003465,CUMPLE
AV-2025-003466,AV-2025-003466,CUMPLE
AV-2026-003467,AV-2026-003467,CUMPLE
AV-2025-003468,AV-2025-003468,CUMPLE
AV-2025-003469,AV-2025-003469,CUMPLE
AV-2025-003470,AV-2025-003470,CUMPLE
AV-2025-003471,AV-2025-003471,CORREGIDO
AV-2025-003472,AV-2025-003472,CUMPLE
AV-2025-003473,,SALIO_CUMPLIENDO
AV-2025-003474,AV-2025-003474,CUMPLE
AV-2026-003475,AV-2026-003475,CUMPLE
AV-2024-003476,AV-2024-003476,CORREGIDO
AV-2026-003477,AV-2026-003477,CORREGIDO
AV-2025-003478,AV-2025-003478,CUMPLE
AV-2025-003479,,SALIO_CUMPLIENDO
AV-2025-003480,AV-2025-003480,PERSISTENTE
AV-2025-003481,AV-2025-003481,CUMPLE
AV-2024-003482,AV-2024-003482,CUMPLE
AV-2025-003483,AV-2025-000716,NUEVO
AV-2025-003484,AV-2025-003484,PERSISTENTE
AV-2025-003485,AV-2025-003485,CORREGIDO
AV-2026-003486,,SALIO
AV-2025-003487,AV-2025-003487,CORREGIDO
AV-2025-003488,AV-2025-003488,CUMPLE
AV-2025-003489,AV-2025-003489,CORREGIDO
AV-2025-003490,AV-2025-003490,CUMPLE
AV-2025-003491,,SALIO
AV-2026-003492,AV-2026-003492,CUMPLE
AV-2025-003493,AV-2025-003493,PERSISTENTE
AV-2025-003494,AV-2025-003494,CUMPLE
AV-2026-003495,AV-2026-003495,CUMPLE
AV-2024-003496,AV-2024-003496,PERSISTENTE
AV-2025-003497,AV-2025-003497,CUMPLE
AV-2025-003498,AV-2025-003498,CUMPLE
AV-2025-003499,AV-2025-003499,CORREGIDO
AV-2026-003500,AV-2026-003500,CUMPLE
AV-2024-003501,AV-2024-003501,CORREGIDO
AV-2024-003502,AV-2024-003502,NUEVO
AV-2024-003503,AV-2024-003503,CORREGIDO
AV-2026-003504,AV-2026-003504,CORREGIDO
AV-2026-003505,AV-2026-003505,PERSISTENTE
AV-2024-003506,AV-2024-003506,PERSISTENTE
AV-2025-003507,AV-2025-003507,CORREGIDO
AV-2025-003508,AV-2025-003508,CUMPLE
AV-2024-003509,AV-2024-003509,CUMPLE
AV-2025-003510,AV-2025-003510,CUMPLE
AV-2025-003511,AV-2025-003511,PERSISTENTE
AV-2024-003512,AV-2024-003512,CUMPLE
AV-2025-003513,AV-2025-003513,CORREGIDO
AV-2025-003514,AV-2025-003514,PERSISTENTE
AV-2025-003515,,SALIO_CUMPLIENDO
AV-2025-003516,AV-2025-003516,CORREGIDO
AV-2026-003517,AV-2026-003517,CUMPLE
AV-2024-003518,AV-2024-003518,CORREGIDO
AV-2025-003519,AV-2025-003519,CUMPLE
AV-2025-003520,AV-2025-003520,CUMPLE
AV-2025-003521,AV-2025-003521,CUMPLE
AV-2025-003522,,SALIO
AV-2025-003523,AV-2025-003523,CUMPLE
AV-2025-003524,AV-2025-003524,CORREGIDO
AV-2025-003525,AV-2025-003525,CORREGIDO
AV-2025-003526,AV-2025-003526,CUMPLE
AV-2026-003527,AV-2026-003527,PERSISTENTE
AV-2025-003528,AV-2025-003528,CORREGIDO
AV-2025-003529,AV-2025-003529,CORREGIDO
AV-2025-003530,AV-2025-003530,NUEVO
AV-2025-003531,AV-2025-003531,CUMPLE
AV-2025-003532,AV-2025-003532,CUMPLE
AV-2025-003533,AV-2025-003533,CUMPLE
AV-2025-003534,AV-2025-003534,CORREGIDO
AV-2026-003535,AV-2026-003535,PERSISTENTE
AV-2024-003536,AV-2024-003536,CUMPLE
AV-2025-003537,,SALIO
AV-2025-003538,AV-2025-003538,CORREGIDO
AV-2025-003539,AV-2025-003539,CUMPLE
AV-2025-003540,AV-2025-003540,CORREGIDO
AV-2025-003541,AV-2025-003541,CUMPLE
AV-2025-003542,AV-2025-003542,CUMPLE
AV-2026-003543,AV-2026-003543,CUMPLE
AV-2025-003544,AV-2025-003544,CUMPLE
AV-2025-003545,AV-2025-003545,CUMPLE
AV-2025-003546,AV-2025-003546,CUMPLE
AV-2025-003547,AV-2025-003547,CORREGIDO
AV-2025-003548,AV-2025-003548,CUMPLE
AV-2026-003549,AV-2026-003549,CUMPLE
AV-2025-003550,AV-2025-003550,CORREGIDO
AV-2025-003551,AV-2025-003551,CUMPLE
AV-2024-003552,AV-2024-003552,CUMPLE
AV-2025-003553,AV-2025-003553,CUMPLE
AV-2025-003554,AV-2025-003554,CUMPLE
AV-2025-003555,AV-2025-003555,CORREGIDO
AV-2026-003556,AV-2026-003556,CUMPLE
AV-2025-003557,AV-2025-003557,PERSISTENTE
AV-2024-003558,AV-2024-003558,CUMPLE
AV-2024-003559,AV-2024-003559,NUEVO
AV-2025-003560,AV-2025-003560,CUMPLE
AV-2025-003561,AV-2025-003561,CORREGIDO
AV-2025-003562,AV-2025-003562,CUMPLE
AV-2025-003563,AV-2025-003563,CUMPLE
AV-2025-003564,AV-2025-003564,CUMPLE
AV-2024-003565,AV-2024-003565,CUMPLE
AV-2025-003566,AV-2025-003566,CUMPLE
AV-2025-003567,AV-2025-003567,CUMPLE
AV-2024-003568,AV-2024-003568,NUEVO
AV-2025-003569,AV-2025-003569,CUMPLE
AV-2025-003570,AV-2025-003570,CUMPLE
AV-2025-003571,AV-2025-003571,CORREGIDO
AV-2024-003572,,SALIO_CUMPLIENDO
AV-2024-003573,AV-2024-003573,PERSISTENTE
AV-2025-003574,AV-2025-003574,CUMPLE
AV-2025-003575,AV-2025-003575,CUMPLE
AV-2025-003576,AV-2025-003576,CUMPLE
AV-2025-003577,AV-2025-003577,CUMPLE
AV-2025-003578,AV-2025-003578,CUMPLE
AV-2024-003579,AV-2024-003579,CUMPLE
AV-2026-003580,AV-2026-003580,CUMPLE
AV-2026-003581,AV-2026-003581,CUMPLE
AV-2025-003582,AV-2025-003582,CUMPLE
AV-2025-003583,AV-2025-003583,PERSISTENTE
AV-2026-003584,AV-2026-003584,CUMPLE
AV-2026-003585,AV-2026-003585,CUMPLE
AV-2024-003586,AV-2024-003586,NUEVO
AV-2025-003587,AV-2025-003587,CUMPLE
AV-2025-003588,,SALIO_CUMPLIENDO
AV-2025-003589,AV-2025-003589,CORREGIDO
AV-2025-003590,AV-2025-003590,CUMPLE
AV-2025-003591,AV-2025-003591,PERSISTENTE
AV-2024-003592,AV-2024-003592,CUMPLE
AV-2025-003593,AV-2025-003593,CUMPLE
AV-2025-003594,AV-2025-003594,PERSISTENTE
AV-2024-003595,AV-2024-003595,PERSISTENTE
AV-2025-003596,AV-2025-003596,CUMPLE
AV-2025-003597,AV-2025-003597,CORREGIDO
AV-2025-003598,,SALIO
AV-2024-003599,AV-2024-003599,CORREGIDO
AV-2025-003600,AV-2025-003600,CUMPLE
AV-2025-003872,AV-2025-003872,PERSISTENTE
AV-2024-003602,AV-2024-003602,CORREGIDO
AV-2025-003603,,SALIO
AV-2025-003604,AV-2025-003604,NUEVO
AV-2025-003605,AV-2025-003605,CUMPLE
AV-2024-003606,AV-2024-003606,CUMPLE
AV-2026-003607,AV-2026-003607,CUMPLE
AV-2026-003608,AV-2026-003608,CUMPLE
AV-2025-003609,AV-2025-003609,PERSISTENTE
AV-2025-003610,AV-2025-003610,CUMPLE
AV-2025-003611,AV-2025-003611,CUMPLE
AV-2025-003612,AV-2025-003612,CUMPLE
AV-2025-003613,AV-2025-003613,CUMPLE
AV-2025-003614,AV-2025-003614,PERSISTENTE
AV-2025-003615,AV-2025-003615,CUMPLE
AV-2025-003616,AV-2025-003616,CORREGIDO
AV-2024-003617,AV-2024-003617,CUMPLE
AV-2024-003618,AV-2024-003618,NUEVO
AV-2025-003619,AV-2025-003619,CUMPLE
AV-2025-003620,AV-2025-003620,CUMPLE
AV-2024-003621,AV-2024-003621,CUMPLE
AV-2025-003622,AV-2025-003622,CUMPLE
AV-2025-003623,AV-2025-003623,CUMPLE
AV-2025-003624,AV-2025-003624,CUMPLE
AV-2026-003625,AV-2026-003625,CUMPLE
AV-2025-003626,AV-2025-003626,CORREGIDO
AV-2025-003627,AV-2025-003627,NUEVO
AV-2025-003628,AV-2025-003628,PERSISTENTE
AV-2025-003629,AV-2025-003629,PERSISTENTE
AV-2025-003630,AV-2025-003630,CUMPLE
AV-2025-003631,AV-2025-003631,CUMPLE
AV-2025-003632,AV-2025-003632,CUMPLE
AV-2025-003633,AV-2025-003633,CUMPLE
AV-2025-003634,AV-2025-003634,CUMPLE
AV-2026-003635,AV-2026-003635,CORREGIDO
AV-2024-003636,AV-2024-003636,CORREGIDO
AV-2025-003637,,SALIO
AV-2025-003638,AV-2025-003638,CUMPLE
AV-2025-003639,AV-2025-003639,PERSISTENTE
AV-2026-003640,AV-2026-003640,CUMPLE
AV-2025-003641,AV-2025-003641,CUMPLE
AV-2025-003642,AV-2025-003642,CUMPLE
AV-2025-003643,AV-2025-003643,CUMPLE
AV-2024-003644,AV-2024-003644,CUMPLE
AV-2024-003645,,SALIO
AV-2025-003646,AV-2025-003646,CUMPLE
AV-2024-003647,AV-2024-003647,CUMPLE
AV-2025-003648,AV-2025-003648,CUMPLE
AV-2024-003649,AV-2024-003649,PERSISTENTE
AV-2024-003650,AV-2024-003650,CUMPLE
AV-2025-003651,AV-2025-003651,CUMPLE
AV-2025-003652,AV-2025-003652,CORREGIDO
AV-2025-003653,AV-2025-003653,CUMPLE
AV-2025-003654,AV-2025-003654,CUMPLE
AV-2025-003655,AV-2025-003655,CORREGIDO
AV-2025-003656,,SALIO
AV-2025-003657,AV-2025-003657,CUMPLE
AV-2026-003658,AV-2026-003658,CUMPLE
AV-2025-003659,AV-2025-003659,CUMPLE
AV-2025-003660,AV-2025-003660,CUMPLE
AV-2025-003661,AV-2025-003661,CUMPLE
AV-2025-003662,AV-2025-003662,CORREGIDO
AV-2024-003663,AV-2024-003663,CUMPLE
AV-2026-003664,AV-2026-003664,CUMPLE
AV-2025-003665,AV-2025-003665,CORREGIDO
AV-2024-003666,AV-2024-003666,CUMPLE
AV-2025-003667,AV-2025-003667,CUMPLE
AV-2025-003668,AV-2025-003668,CORREGIDO
AV-2025-003669,,SALIO_CUMPLIENDO
AV-2024-003670,AV-2024-003670,CUMPLE
AV-2024-003671,AV-2024-003671,CUMPLE
AV-2026-003672,AV-2026-003672,CORREGIDO
AV-2025-003673,AV-2025-003673,CUMPLE
AV-2025-003674,AV-2025-003674,CORREGIDO
AV-2025-003675,AV-2025-003675,CUMPLE
AV-2025-003676,AV-2025-003676,CORREGIDO
AV-2024-003677,AV-2024-003677,CUMPLE
AV-2026-003678,AV-2026-003678,PERSISTENTE
AV-2025-003679,AV-2025-003679,CUMPLE
AV-2024-003680,AV-2024-003680,CUMPLE
AV-2025-003681,AV-2025-003681,CUMPLE
AV-2025-003682,AV-2025-003682,CUMPLE
AV-2025-003683,AV-2025-003683,CORREGIDO
AV-2024-003684,AV-2024-003684,CORREGIDO
AV-2025-001280,AV-2024-003685,CORREGIDO
AV-2025-003686,AV-2025-003686,PERSISTENTE
AV-2025-003687,AV-2025-003687,CUMPLE
AV-2026-003688,AV-2026-003688,CUMPLE
AV-2025-003689,AV-2025-003689,CORREGIDO
AV-2025-003690,AV-2025-003690,CUMPLE
AV-2025-003691,AV-2025-003691,NUEVO
AV-2025-003692,AV-2025-003692,CUMPLE
AV-2025-003693,AV-2025-003693,CUMPLE
AV-2025-003694,AV-2025-003694,CUMPLE
AV-2025-003695,AV-2025-003695,CUMPLE
AV-2025-003696,AV-2025-003696,CUMPLE
AV-2024-003697,AV-2024-003697,CUMPLE
AV-2026-003698,AV-2026-003698,CORREGIDO
AV-2025-003699,AV-2025-003699,CUMPLE
AV-2025-003700,AV-2025-003700,CUMPLE
AV-2025-003701,AV-2025-003701,PERSISTENTE
AV-2025-003702,AV-2025-003702,CUMPLE
AV-2025-003703,AV-2025-003703,CORREGIDO
AV-2025-003704,AV-2025-003704,CUMPLE
AV-2025-003705,AV-2025-003705,CORREGIDO
AV-2025-003706,AV-2025-003706,CUMPLE
AV-2024-003707,AV-2024-003707,CORREGIDO
AV-2025-003708,AV-2025-003708,CUMPLE
AV-2025-003709,AV-2025-003709,CUMPLE
AV-2025-003710,AV-2025-003710,CUMPLE
AV-2025-003711,AV-2025-003711,CUMPLE
AV-2026-003712,AV-2026-003712,CUMPLE
AV-2025-003713,AV-2025-003713,CUMPLE
AV-2024-003714,AV-2024-003714,CORREGIDO
AV-2025-003715,AV-2025-003715,NUEVO
AV-2024-003716,AV-2024-003716,CUMPLE
AV-2025-003717,AV-2025-003717,CUMPLE
AV-2025-003718,AV-2025-003718,CUMPLE
AV-2025-003719,AV-2025-003719,CUMPLE
AV-2025-003720,AV-2025-003720,PERSISTENTE
AV-2025-003721,AV-2025-003721,CUMPLE
AV-2025-003722,AV-2025-003722,CUMPLE
AV-2024-003723,AV-2024-003723,CUMPLE
AV-2024-003724,AV-2024-003724,CORREGIDO
AV-2025-003725,AV-2025-003725,CUMPLE
AV-2026-003726,AV-2026-003726,PERSISTENTE
AV-2025-003727,AV-2025-003727,CUMPLE
AV-2025-003728,AV-2025-003728,CUMPLE
AV-2024-003729,AV-2024-003729,CUMPLE
AV-2025-003730,AV-2025-003730,CUMPLE
AV-2024-003731,,SALIO
AV-2025-003732,AV-2025-003732,CUMPLE
AV-2025-003733,AV-2025-003733,PERSISTENTE
AV-2024-003734,AV-2024-003734,CUMPLE
AV-2025-003735,AV-2025-003735,CUMPLE
AV-2025-003736,AV-2025-003736,NUEVO
AV-2026-003737,AV-2026-003737,CORREGIDO
AV-2025-003738,AV-2025-003738,PERSISTENTE
AV-2025-003739,AV-2025-003739,CORREGIDO
AV-2024-003740,AV-2024-003740,CUMPLE
AV-2025-003741,AV-2025-003741,PERSISTENTE
AV-2025-003742,AV-2025-003742,CUMPLE
AV-2025-003743,AV-2025-003743,NUEVO
AV-2025-003744,AV-2025-003744,CUMPLE
AV-2026-003745,AV-2026-003745,CORREGIDO
AV-2026-003746,AV-2026-003746,PERSISTENTE
AV-2025-003747,AV-2025-003747,CUMPLE
AV-2025-003748,AV-2025-003748,NUEVO
AV-2024-003749,AV-2024-003749,CUMPLE
AV-2025-003750,AV-2025-003750,CORREGIDO
AV-2024-003751,AV-2024-003751,CUMPLE
AV-2025-003752,AV-2025-003752,CUMPLE
AV-2025-003753,,SALIO
AV-2024-003754,AV-2024-003754,CUMPLE
AV-2025-003755,AV-2025-003755,CUMPLE
AV-2025-003756,AV-2025-003756,CUMPLE
AV-2024-003757,AV-2024-003757,CORREGIDO
AV-2024-003758,AV-2024-003758,CORREGIDO
AV-2025-003759,AV-2025-003759,CORREGIDO
AV-2026-003760,AV-2026-003760,CORREGIDO
AV-2025-003761,,SALIO
AV-2026-003762,AV-2026-003762,CORREGIDO
AV-2024-003763,AV-2024-003763,CUMPLE
AV-2026-003764,AV-2026-003764,CUMPLE
AV-2025-003765,AV-2025-003765,CUMPLE
AV-2025-003766,AV-2025-003766,CUMPLE
AV-2024-003767,AV-2024-003767,CUMPLE
AV-2025-003768,AV-2025-003768,PERSISTENTE
AV-2025-003769,AV-2025-003769,CUMPLE
AV-2026-003770,AV-2026-003770,PERSISTENTE
AV-2024-003771,AV-2024-003771,CUMPLE
AV-2024-003772,,SALIO
AV-2025-003773,AV-2025-003773,CUMPLE
AV-2025-003774,AV-2025-003774,CUMPLE
AV-2025-003775,AV-2025-003775,CUMPLE
AV-2025-003776,AV-2025-003776,CUMPLE
AV-2024-003777,AV-2024-003777,CUMPLE
AV-2025-003778,,SALIO
AV-2024-003779,AV-2024-003779,CUMPLE
AV-2026-003780,AV-2026-003780,CUMPLE
AV-2026-003781,AV-2026-003781,CUMPLE
AV-2024-003782,AV-2024-003782,CUMPLE
AV-2024-003783,AV-2024-003783,CUMPLE
AV-2025-003784,AV-2025-003784,CORREGIDO
AV-2025-003785,AV-2025-003785,CUMPLE
AV-2024-003786,AV-2024-003786,CUMPLE
AV-2026-003787,AV-2026-003787,PERSISTENTE
AV-2024-003788,AV-2024-003788,CUMPLE
AV-2024-003789,AV-2024-003789,CUMPLE
AV-2024-003790,AV-2024-003790,CUMPLE
AV-2025-003791,AV-2025-003791,CUMPLE
AV-2026-003792,AV-2026-003792,PERSISTENTE
AV-2026-003793,AV-2026-003793,CUMPLE
AV-2024-003794,AV-2024-003794,CUMPLE
AV-2025-003795,AV-2025-003795,CUMPLE
AV-2024-003796,AV-2024-003796,CORREGIDO
AV-2024-003797,AV-2024-003797,CUMPLE
AV-2025-003798,AV-2025-003798,CUMPLE
AV-2025-003799,AV-2025-003799,CUMPLE
AV-2026-003800,AV-2026-003800,CUMPLE
AV-2025-003801,AV-2025-003801,PERSISTENTE
AV-2025-003802,AV-2025-003802,CUMPLE
AV-2025-003803,AV-2025-003803,CUMPLE
AV-2025-003804,AV-2025-003804,NUEVO
AV-2025-003805,AV-2025-003805,PERSISTENTE
AV-2025-003806,AV-2025-003806,CORREGIDO
AV-2024-003807,AV-2024-003807,CORREGIDO
AV-2025-003808,AV-2025-003808,PERSISTENTE
AV-2025-003809,AV-2025-003809,CUMPLE
AV-2025-003810,AV-2025-003810,CUMPLE
AV-2024-003811,AV-2024-003811,CUMPLE
AV-2025-003812,AV-2025-003812,PERSISTENTE
AV-2025-003813,AV-2025-003813,CUMPLE
AV-2024-003814,AV-2024-003814,CUMPLE
AV-2025-003815,AV-2025-003815,CORREGIDO
AV-2025-003816,AV-2025-003816,CUMPLE
AV-2025-003817,AV-2025-003817,CUMPLE
AV-2025-003818,AV-2025-003818,CUMPLE
AV-2025-003819,AV-2025-003819,CUMPLE
AV-2025-003820,AV-2025-003820,CUMPLE
AV-2025-003821,AV-2025-003821,CUMPLE
AV-2025-003822,AV-2025-003822,CORREGIDO
AV-2025-003823,AV-2025-003823,CORREGIDO
AV-2025-003824,AV-2025-003824,CUMPLE
AV-2025-003825,AV-2025-003825,CUMPLE
AV-2025-003826,AV-2025-003826,CUMPLE
AV-2024-003827,AV-2024-003827,CUMPLE
AV-2025-003828,AV-2025-003828,CUMPLE
AV-2025-003829,AV-2025-003829,CUMPLE
AV-2025-003830,AV-2025-003830,CUMPLE
AV-2025-003831,AV-2025-003831,CORREGIDO
AV-2026-003832,AV-2026-003832,CUMPLE
AV-2025-003833,AV-2025-003833,CUMPLE
AV-2025-003834,AV-2025-003834,CUMPLE
AV-2025-003835,AV-2025-003835,CUMPLE
AV-2024-003836,AV-2024-003836,CUMPLE
AV-2024-003837,AV-2024-003837,CUMPLE
AV-2025-003838,AV-2025-003838,CORREGIDO
AV-2025-003839,AV-2025-003839,CUMPLE
AV-2024-003840,AV-2024-003840,CUMPLE
AV-2025-003841,AV-2025-003841,CUMPLE
AV-2026-003842,AV-2026-003842,CORREGIDO
AV-2025-003843,AV-2025-003843,CUMPLE
AV-2025-003844,AV-2025-003844,CUMPLE
AV-2026-003845,AV-2026-003845,CORREGIDO
AV-2024-003846,AV-2024-003846,CUMPLE
AV-2025-003847,AV-2025-003847,CUMPLE
AV-2024-003848,AV-2024-003848,CUMPLE
AV-2025-003849,AV-2025-003849,CUMPLE
AV-2025-003850,AV-2025-003850,PERSISTENTE
AV-2025-003851,AV-2025-003851,PERSISTENTE
AV-2025-003852,AV-2025-003852,CUMPLE
AV-2025-003853,AV-2025-003853,CUMPLE
AV-2025-003854,AV-2025-003854,CUMPLE
AV-2026-003855,AV-2026-003855,CUMPLE
AV-2025-003856,AV-2025-003856,CUMPLE
AV-2024-003857,AV-2024-003857,CORREGIDO
AV-2024-003858,AV-2024-003858,CUMPLE
AV-2025-003859,AV-2025-003859,CUMPLE
AV-2025-003860,AV-2025-003860,CUMPLE
AV-2025-003861,AV-2025-003861,CUMPLE
AV-2025-003862,AV-2025-003862,CUMPLE
AV-2025-003863,AV-2025-003863,CORREGIDO
AV-2025-003864,AV-2025-003864,CORREGIDO
AV-2025-003865,AV-2025-003865,CUMPLE
AV-2025-003866,AV-2025-003866,CUMPLE
AV-2025-003867,,SALIO
AV-2024-003868,,SALIO_CUMPLIENDO
AV-2025-003869,AV-2025-003869,CUMPLE
AV-2024-003870,AV-2024-003870,CUMPLE
AV-2025-003871,AV-2025-003871,CUMPLE
AV-2025-003872,AV-2025-003872,PERSISTENTE
AV-2025-003873,AV-2025-003873,CORREGIDO
AV-2024-003874,AV-2024-003874,CORREGIDO
AV-2024-003875,AV-2024-003875,CUMPLE
AV-2025-003876,AV-2025-003876,CUMPLE
AV-2025-003877,AV-2025-003877,CORREGIDO
AV-2025-003878,AV-2025-003878,CUMPLE
AV-2025-003879,AV-2025-003879,CUMPLE
AV-2024-003880,AV-2024-003880,CORREGIDO
AV-2025-003881,AV-2025-003881,CUMPLE
AV-2025-003882,AV-2025-003882,CUMPLE
AV-2024-003883,AV-2024-003883,CUMPLE
AV-2026-003884,AV-2026-003884,CUMPLE
AV-2025-003885,AV-2025-003885,CORREGIDO
AV-2024-003886,AV-2024-003886,CUMPLE
AV-2025-003887,AV-2025-003887,CORREGIDO
AV-2025-003888,AV-2025-003888,CUMPLE
AV-2025-003889,AV-2025-003889,PERSISTENTE
AV-2025-003890,AV-2025-003890,CORREGIDO
AV-2025-003891,AV-2025-003891,CUMPLE
AV-2025-003892,AV-2025-003892,PERSISTENTE
AV-2024-003893,AV-2024-003893,CORREGIDO
AV-2024-003894,AV-2024-003894,CUMPLE
AV-2025-003895,AV-2025-003895,CUMPLE
AV-2025-003896,AV-2025-003896,CORREGIDO
AV-2024-002337,AV-2024-002337,PERSISTENTE
AV-2025-003898,AV-2025-003898,CUMPLE
AV-2025-003899,AV-2025-003899,CUMPLE
AV-2025-003900,AV-2025-003900,CUMPLE
AV-2025-003901,AV-2025-003901,CUMPLE
AV-2025-003902,AV-2025-003902,CORREGIDO
AV-2025-003903,AV-2025-003903,CUMPLE
AV-2024-003904,,SALIO_CUMPLIENDO
AV-2025-003905,AV-2025-003905,CORREGIDO
AV-2026-003906,AV-2026-003906,CUMPLE
AV-2025-003907,AV-2025-003907,CORREGIDO
AV-2025-003908,AV-2025-003908,CUMPLE
AV-2026-003909,AV-2026-003909,PERSISTENTE
AV-2025-003910,AV-2025-003910,PERSISTENTE
AV-2025-003911,AV-2025-003911,CUMPLE
AV-2024-003912,AV-2024-003912,CUMPLE
AV-2026-003913,AV-2026-003913,CUMPLE
AV-2025-003914,AV-2025-003914,CUMPLE
AV-2024-003915,AV-2024-003915,CUMPLE
AV-2024-003916,AV-2024-003916,CORREGIDO
AV-2024-003917,AV-2024-003917,CUMPLE
AV-2025-003918,AV-2025-003918,CUMPLE
AV-2025-003919,AV-2025-003919,CUMPLE
AV-2025-003920,AV-2025-003920,CUMPLE
AV-2025-003921,AV-2025-003921,CUMPLE
AV-2024-003922,AV-2024-003922,CORREGIDO
AV-2025-003923,AV-2025-003923,CUMPLE
AV-2025-003924,AV-2025-003924,CORREGIDO
AV-2024-003925,AV-2024-003925,CORREGIDO
AV-2024-003926,AV-2024-003926,PERSISTENTE
AV-2025-003927,AV-2025-003927,CUMPLE
AV-2024-003928,AV-2024-003928,PERSISTENTE
AV-2024-003929,AV-2024-003929,CUMPLE
AV-2025-003930,AV-2025-003930,CUMPLE
AV-2025-003931,,SALIO_CUMPLIENDO
AV-2025-003932,AV-2025-003932,CUMPLE
AV-2025-003933,AV-2025-003933,PERSISTENTE
AV-2025-003934,AV-2025-003934,CUMPLE
AV-2025-003935,AV-2025-003935,CORREGIDO
AV-2024-003936,AV-2024-003936,NUEVO
AV-2026-003937,AV-2026-003937,CUMPLE
AV-2025-003938,AV-2025-003938,CUMPLE
AV-2025-003939,AV-2025-003939,CUMPLE
AV-2025-003940,,SALIO_CUMPLIENDO
AV-2024-003941,AV-2024-003941,NUEVO
AV-2025-003942,AV-2025-003942,CORREGIDO
AV-2025-003943,AV-2025-003943,CORREGIDO
AV-2025-003944,AV-2025-003944,CUMPLE
AV-2025-003945,AV-2025-003945,CUMPLE
AV-2025-003946,AV-2025-003946,CORREGIDO
AV-2024-003947,AV-2024-003947,CUMPLE
AV-2024-003948,AV-2024-003948,CUMPLE
AV-2024-003949,AV-2024-003949,CUMPLE
AV-2025-003950,AV-2025-003950,CORREGIDO
AV-2024-003951,AV-2024-003951,CUMPLE
AV-2025-003952,AV-2025-003952,CUMPLE
AV-2026-003953,AV-2026-003953,PERSISTENTE
AV-2026-003954,AV-2026-003954,CUMPLE
AV-2024-003955,AV-2024-003955,CUMPLE
AV-2024-003956,AV-2024-003956,CUMPLE
AV-2025-003957,,SALIO
AV-2025-003958,AV-2025-003958,CUMPLE
AV-2025-003959,AV-2025-003959,CUMPLE
AV-2025-003960,AV-2025-003960,CUMPLE
AV-2024-003961,AV-2024-003961,PERSISTENTE
AV-2025-003962,AV-2025-003962,CUMPLE
AV-2025-003963,AV-2025-003963,CUMPLE
AV-2026-003964,AV-2026-003964,CUMPLE
AV-2026-003965,AV-2026-003965,CORREGIDO
AV-2025-003966,AV-2025-003966,CUMPLE
AV-2025-003967,AV-2025-003967,CUMPLE
AV-2024-003968,AV-2024-003968,CUMPLE
AV-2025-003969,AV-2025-003969,CORREGIDO
AV-2025-003970,AV-2025-003970,CORREGIDO
AV-2025-003971,AV-2025-003971,CUMPLE
AV-2025-003972,AV-2025-003972,CORREGIDO
AV-2024-003973,,SALIO
AV-2024-003974,AV-2024-003974,PERSISTENTE
AV-2024-003975,AV-2024-003975,CUMPLE
AV-2026-003976,,SALIO
AV-2024-003977,AV-2024-003977,CORREGIDO
AV-2025-003978,AV-2025-003978,CORREGIDO
AV-2025-003979,AV-2025-003979,CUMPLE
AV-2025-003980,AV-2025-003980,CUMPLE
AV-2025-003981,AV-2025-003981,CUMPLE
AV-2024-003982,AV-2024-003982,CUMPLE
AV-2025-003983,AV-2025-003983,CUMPLE
AV-2025-003984,AV-2025-003984,CUMPLE
AV-2024-003985,AV-2024-003985,CUMPLE
AV-2025-003986,AV-2025-003986,CUMPLE
AV-2026-003987,AV-2026-003987,CUMPLE
AV-2025-003988,AV-2025-003988,CUMPLE
AV-2025-003989,AV-2025-003989,CUMPLE
AV-2025-003990,AV-2025-003990,PERSISTENTE
AV-2025-003991,AV-2025-003991,CUMPLE
AV-2025-003992,AV-2025-003992,CUMPLE
AV-2025-003993,AV-2025-003993,CUMPLE
AV-2025-003994,AV-2025-003994,CUMPLE
AV-2026-003995,AV-2026-003995,CUMPLE
AV-2025-003996,AV-2025-003996,CUMPLE
AV-2025-003997,AV-2025-003997,CUMPLE
AV-2024-003998,AV-2024-003998,CUMPLE
AV-2025-003999,AV-2025-003999,CUMPLE
AV-2026-004000,AV-2026-004000,CUMPLE
,AV-2026-004001,ENTRA_CUMPLIENDO
,AV-2026-004002,ENTRA_CUMPLIENDO
,AV-2026-004003,ENTRA_CUMPLIENDO
,AV-2026-004004,ENTRA_CUMPLIENDO
,AV-2026-004005,ENTRA_CUMPLIENDO
,AV-2026-004006,ENTRA_CUMPLIENDO
,AV-2026-004007,ENTRA_CUMPLIENDO
,AV-2026-004008,ENTRA_CUMPLIENDO
,AV-2026-004009,ENTRA_CUMPLIENDO
,AV-2026-004010,NUEVO
,AV-2026-004011,ENTRA_CUMPLIENDO
,AV-2026-004012,NUEVO
,AV-2026-004013,ENTRA_CUMPLIENDO
,AV-2026-004014,ENTRA_CUMPLIENDO
,AV-2026-004015,ENTRA_CUMPLIENDO
,AV-2026-004016,ENTRA_CUMPLIENDO
,AV-2026-004017,ENTRA_CUMPLIENDO
,AV-2026-004018,ENTRA_CUMPLIENDO
,AV-2026-004019,ENTRA_CUMPLIENDO
,AV-2026-004020,ENTRA_CUMPLIENDO
,AV-2026-004021,ENTRA_CUMPLIENDO
,AV-2026-004022,ENTRA_CUMPLIENDO
,AV-2026-004023,ENTRA_CUMPLIENDO
,AV-2026-004024,ENTRA_CUMPLIENDO
,AV-2026-004025,ENTRA_CUMPLIENDO
,AV-2026-004026,ENTRA_CUMPLIENDO
,AV-2026-004027,ENTRA_CUMPLIENDO
,AV-2026-004028,ENTRA_CUMPLIENDO
,AV-2026-004029,ENTRA_CUMPLIENDO
,AV-2026-004030,ENTRA_CUMPLIENDO
,AV-2026-004031,ENTRA_CUMPLIENDO
,AV-2026-004032,ENTRA_CUMPLIENDO
,AV-2026-004033,ENTRA_CUMPLIENDO
,AV-2026-004034,ENTRA_CUMPLIENDO
,AV-2026-004035,ENTRA_CUMPLIENDO
,AV-2026-004036,ENTRA_CUMPLIENDO
,AV-2026-004037,ENTRA_CUMPLIENDO
,AV-2026-004038,ENTRA_CUMPLIENDO
,AV-2026-004039,NUEVO
,AV-2026-004040,ENTRA_CUMPLIENDO
,AV-2026-004041,ENTRA_CUMPLIENDO
,AV-2026-004042,ENTRA_CUMPLIENDO
,AV-2026-004043,ENTRA_CUMPLIENDO
,AV-2026-004044,ENTRA_CUMPLIENDO
,AV-2026-004045,ENTRA_CUMPLIENDO
,AV-2026-004046,ENTRA_CUMPLIENDO
,AV-2026-004047,ENTRA_CUMPLIENDO
,AV-2026-004048,NUEVO
,AV-2026-004049,ENTRA_CUMPLIENDO
,AV-2026-004050,ENTRA_CUMPLIENDO
,AV-2026-004051,ENTRA_CUMPLIENDO
,AV-2026-004052,ENTRA_CUMPLIENDO
,AV-2026-004053,ENTRA_CUMPLIENDO
,AV-2026-004054,ENTRA_CUMPLIENDO
,AV-2026-004055,ENTRA_CUMPLIENDO
,AV-2026-004056,ENTRA_CUMPLIENDO
,AV-2026-004057,ENTRA_CUMPLIENDO
,AV-2026-004058,ENTRA_CUMPLIENDO
,AV-2026-004059,ENTRA_CUMPLIENDO
,AV-2026-004060,ENTRA_CUMPLIENDO
,AV-2026-004061,ENTRA_CUMPLIENDO
,AV-2026-004062,ENTRA_CUMPLIENDO
,AV-2026-004063,ENTRA_CUMPLIENDO
,AV-2026-004064,ENTRA_CUMPLIENDO
,AV-2026-004065,ENTRA_CUMPLIENDO
,AV-2026-004066,ENTRA_CUMPLIENDO
,AV-2026-004067,ENTRA_CUMPLIENDO
,AV-2026-004068,ENTRA_CUMPLIENDO
,AV-2026-004069,ENTRA_CUMPLIENDO
,AV-2026-004070,ENTRA_CUMPLIENDO
,AV-2026-004071,ENTRA_CUMPLIENDO
,AV-2026-004072,ENTRA_CUMPLIENDO
,AV-2026-004073,ENTRA_CUMPLIENDO
,AV-2026-004074,ENTRA_CUMPLIENDO
,AV-2026-004075,ENTRA_CUMPLIENDO
,AV-2026-004076,ENTRA_CUMPLIENDO
,AV-2026-004077,ENTRA_CUMPLIENDO
,AV-2026-004078,ENTRA_CUMPLIENDO
,AV-2026-004079,ENTRA_CUMPLIENDO
,AV-2026-004080,ENTRA_CUMPLIENDO
,AV-2026-004081,ENTRA_CUMPLIENDO
,AV-2026-004082,ENTRA_CUMPLIENDO
,AV-2026-004083,ENTRA_CUMPLIENDO
,AV-2026-004084,ENTRA_CUMPLIENDO
,AV-2026-004085,ENTRA_CUMPLIENDO
,AV-2026-004086,ENTRA_CUMPLIENDO
,AV-2026-004087,ENTRA_CUMPLIENDO
,AV-2026-004088,ENTRA_CUMPLIENDO
,AV-2026-004089,NUEVO
,AV-2026-004090,ENTRA_CUMPLIENDO
,AV-2026-004091,ENTRA_CUMPLIENDO
,AV-2026-004092,ENTRA_CUMPLIENDO
,AV-2026-004093,ENTRA_CUMPLIENDO
,AV-2026-004094,ENTRA_CUMPLIENDO
,AV-2026-004095,ENTRA_CUMPLIENDO
,AV-2026-004096,ENTRA_CUMPLIENDO
,AV-2026-004097,ENTRA_CUMPLIENDO
,AV-2026-004098,ENTRA_CUMPLIENDO
,AV-2026-004099,ENTRA_CUMPLIENDO
,AV-2026-004100,ENTRA_CUMPLIENDO
,AV-2026-004101,ENTRA_CUMPLIENDO
,AV-2026-004102,ENTRA_CUMPLIENDO
,AV-2026-004103,ENTRA_CUMPLIENDO
,AV-2026-004104,ENTRA_CUMPLIENDO
,AV-2026-004105,ENTRA_CUMPLIENDO
,AV-2026-004106,ENTRA_CUMPLIENDO
,AV-2026-004107,ENTRA_CUMPLIENDO
,AV-2026-004108,ENTRA_CUMPLIENDO
,AV-2026-004109,ENTRA_CUMPLIENDO
,AV-2026-004110,ENTRA_CUMPLIENDO
,AV-2026-004111,ENTRA_CUMPLIENDO
,AV-2026-004112,ENTRA_CUMPLIENDO
,AV-2026-004113,ENTRA_CUMPLIENDO
,AV-2026-004114,ENTRA_CUMPLIENDO
,AV-2026-004115,ENTRA_CUMPLIENDO
,AV-2026-004116,ENTRA_CUMPLIENDO
,AV-2026-004117,ENTRA_CUMPLIENDO
,AV-2026-004118,ENTRA_CUMPLIENDO
,AV-2026-004119,ENTRA_CUMPLIENDO
,AV-2026-004120,ENTRA_CUMPLIENDO
,AV-2026-004121,ENTRA_CUMPLIENDO
,AV-2026-004122,ENTRA_CUMPLIENDO
,AV-2026-004123,ENTRA_CUMPLIENDO
,AV-2026-004124,ENTRA_CUMPLIENDO
,AV-2026-004125,ENTRA_CUMPLIENDO
,AV-2026-004126,ENTRA_CUMPLIENDO
,AV-2026-004127,ENTRA_CUMPLIENDO
,AV-2026-004128,ENTRA_CUMPLIENDO
,AV-2026-004129,ENTRA_CUMPLIENDO
,AV-2026-004130,NUEVO
,AV-2026-004131,ENTRA_CUMPLIENDO
,AV-2026-004132,ENTRA_CUMPLIENDO
,AV-2026-004133,ENTRA_CUMPLIENDO
,AV-2026-004134,ENTRA_CUMPLIENDO
,AV-2026-004135,ENTRA_CUMPLIENDO
,AV-2026-004136,ENTRA_CUMPLIENDO
,AV-2026-004137,ENTRA_CUMPLIENDO
,AV-2026-004138,ENTRA_CUMPLIENDO
,AV-2026-004139,ENTRA_CUMPLIENDO
,AV-2026-004140,ENTRA_CUMPLIENDO
,AV-2026-004141,ENTRA_CUMPLIENDO
,AV-2026-004142,ENTRA_CUMPLIENDO
,AV-2026-004143,ENTRA_CUMPLIENDO
,AV-2026-004144,ENTRA_CUMPLIENDO
,AV-2026-004145,ENTRA_CUMPLIENDO
,AV-2026-004146,ENTRA_CUMPLIENDO
,AV-2026-004147,ENTRA_CUMPLIENDO
,AV-2026-004148,ENTRA_CUMPLIENDO
,AV-2026-004149,NUEVO
,AV-2026-004150,ENTRA_CUMPLIENDO
,AV-2026-004151,ENTRA_CUMPLIENDO
,AV-2026-004152,ENTRA_CUMPLIENDO
,AV-2026-004153,ENTRA_CUMPLIENDO
,AV-2026-004154,ENTRA_CUMPLIENDO
,AV-2026-004155,ENTRA_CUMPLIENDO
,AV-2026-004156,ENTRA_CUMPLIENDO
,AV-2026-004157,NUEVO
,AV-2026-004158,ENTRA_CUMPLIENDO
,AV-2026-004159,ENTRA_CUMPLIENDO
,AV-2026-004160,ENTRA_CUMPLIENDO
,AV-2026-004161,ENTRA_CUMPLIENDO
,AV-2026-004162,ENTRA_CUMPLIENDO
,AV-2026-004163,ENTRA_CUMPLIENDO
,AV-2026-004164,ENTRA_CUMPLIENDO
,AV-2026-004165,ENTRA_CUMPLIENDO
,AV-2026-004166,ENTRA_CUMPLIENDO
,AV-2026-004167,ENTRA_CUMPLIENDO
,AV-2026-004168,ENTRA_CUMPLIENDO
,AV-2026-004169,ENTRA_CUMPLIENDO
,AV-2026-004170,NUEVO
,AV-2026-004171,ENTRA_CUMPLIENDO
,AV-2026-004172,ENTRA_CUMPLIENDO
,AV-2026-004173,ENTRA_CUMPLIENDO
,AV-2026-004174,ENTRA_CUMPLIENDO
,AV-2026-004175,ENTRA_CUMPLIENDO
,AV-2026-004176,ENTRA_CUMPLIENDO
,AV-2026-004177,NUEVO
,AV-2026-004178,ENTRA_CUMPLIENDO
,AV-2026-004179,ENTRA_CUMPLIENDO
,AV-2026-004180,ENTRA_CUMPLIENDO
,AV-2026-004181,ENTRA_CUMPLIENDO
,AV-2026-004182,ENTRA_CUMPLIENDO
,AV-2026-004183,ENTRA_CUMPLIENDO
,AV-2026-004184,ENTRA_CUMPLIENDO
,AV-2026-004185,ENTRA_CUMPLIENDO
,AV-2026-004186,ENTRA_CUMPLIENDO
,AV-2026-004187,ENTRA_CUMPLIENDO
,AV-2026-004188,ENTRA_CUMPLIENDO
,AV-2026-004189,ENTRA_CUMPLIENDO
,AV-2026-004190,ENTRA_CUMPLIENDO
,AV-2026-004191,ENTRA_CUMPLIENDO
,AV-2026-004192,ENTRA_CUMPLIENDO
,AV-2026-004193,ENTRA_CUMPLIENDO
,AV-2026-004194,ENTRA_CUMPLIENDO
,AV-2026-004195,ENTRA_CUMPLIENDO
,AV-2026-004196,ENTRA_CUMPLIENDO
,AV-2026-004197,ENTRA_CUMPLIENDO
,AV-2026-004198,ENTRA_CUMPLIENDO
,AV-2026-004199,ENTRA_CUMPLIENDO
,AV-2026-004200,NUEVO
