id_avaluo,numero_finca,finalidad,fecha_inspeccion,fecha_valor,fecha_informe,provincia,canton,distrito,latitud,longitud,tipologia_inmueble,moneda,area_terreno_m2,valor_unitario_terreno_m2,area_construccion_m2,valor_unitario_construccion_m2,valor_obras_complementarias,valor_total_inmueble,perito_id
AV-2025-000001,1-206214-301,Leasing,2025-04-07,2025-04-20,2025-04-25,San José,Montes de Oca,San Pedro,9.774689,-83.148196,Condominio horizontal,USD,281.5,860.01,106.68,1660.35,13034.36,363482,PER-008
AV-2025-000002,2-696951,Leasing,2025-01-01,2025-01-11,2025-01-22,Alajuela,San Carlos,Quesada,10.30459,-84.460832,Casa de habitación,CRC,162.46,2863081.27,51.84,367238.56,905987.71,485080000,PER-002
AV-2025-000003,5-170518,Actualización de garantía,2025-03-29,2025-04-04,2025-04-10,Guanacaste,Carrillo,Sardinal,10.492995,-85.65308,Terreno baldío urbano,CRC,1440.46,145196.77,0.0,0.0,0.0,209150000,PER-007
AV-2024-000004,1-474643-375,Actualización de garantía,2024-12-08,2024-12-13,2024-12-15,San José,Tibás,San Juan,9.951323,-84.088431,Apartamento,USD,104.76,692.54,171.39,1063.97,9856.43,264761,PER-001
AV-2025-000005,4-474913,Leasing,2025-06-29,2025-07-05,2025-07-07,Heredia,Sarapiquí,Puerto Viejo,10.559614,-83.996739,Terreno baldío rural,CRC,5320.73,47859.72,0.0,0.0,3273751.12,257922000,PER-007
AV-2024-000006,7-111572,Leasing,2024-11-17,2024-11-19,2024-12-01,Limón,Limón,Limón,9.989528,-83.031163,Terreno baldío rural,CRC,14758.6,106495.29,0.0,0.0,0.0,1571721000,PER-006
AV-2026-000007,3-760278-240,Actualización de garantía,2026-01-05,2026-01-11,2026-01-23,Cartago,Cartago,Oriental,9.870576,-83.92154,Condominio horizontal,USD,537.34,850.1,320.13,1155.27,27139.0,853768,PER-001
AV-2024-000008,3-400519,Leasing,2024-07-30,2024-08-16,2024-08-20,Cartago,Turrialba,Turrialba,9.870367,-83.719668,Casa de habitación,CRC,365.55,543550.26,110.72,651155.67,740248.98,271531000,PER-001
AV-2025-000009,3-270138,Actualización de garantía,2025-09-26,2025-09-26,2025-10-08,Cartago,La Unión,Tres Ríos,9.901611,-83.97512,Casa de habitación,CRC,360.85,385995.8,179.67,741792.75,5043287.69,277608000,PER-007
AV-2025-000010,4-102348,Actualización de garantía,2025-09-01,2025-09-21,2025-09-30,Heredia,Santo Domingo,Santo Domingo,9.971729,-84.077438,Terreno baldío urbano,CRC,1010.69,195880.12,0.0,0.0,0.0,197974000,PER-009
AV-2024-000011,1-215558,Garantía hipotecaria,2024-09-16,2024-09-23,2024-10-03,San José,Tibás,San Juan,9.953505,-84.065703,Casa de habitación,CRC,548.17,676446.03,274.52,326593.83,5664926.01,466129000,PER-007
AV-2025-000012,3-720097,Leasing,2025-11-20,2025-11-23,2025-11-27,Cartago,La Unión,Tres Ríos,9.911382,-83.987984,Casa de habitación,CRC,185.4,387462.68,70.36,374712.96,706861.56,98907000,PER-009
AV-2025-000013,1-306654,Garantía hipotecaria,2022-10-27,2022-11-15,2022-11-17,San José,Escazú,Escazú,9.915431,-84.158241,Edificio de oficinas,USD,3282.41,1095.33,6614.53,,490539.29,12380284,PER-003
AV-2025-000014,1-769996-349,Leasing,2025-08-02,2025-08-15,2025-08-22,San José,Montes de Oca,San Pedro,9.942477,-84.056525,Condominio horizontal,USD,281.71,597.93,116.55,1429.26,8690.13,343713,PER-007
AV-2026-000015,4-629172,Contable,2026-01-10,2026-01-14,2026-01-25,Heredia,San Rafael,San Rafael,10.006703,-84.093158,Casa de habitación,CRC,330.24,553119.47,37.17,419056.14,337296.92,198576000,PER-002
AV-2025-000016,2-612525,Contable,2025-07-04,2025-07-22,2025-07-28,Alajuela,San Ramón,San Ramón,10.06652,-84.481116,Local comercial,CRC,2564.99,525433.74,4637.3,259163.46,19526900.74,2569078000,PER-004
AV-2025-000017,2-205941,Actualización de garantía,2025-04-09,2025-04-17,2025-04-23,Alajuela,Alajuela,Alajuela,10.033978,-84.21842,Casa de habitación,CRC,1119.33,863535.58,204.73,264954.16,2146575.25,1022972000,PER-002
AV-2026-000018,7-806889,Leasing,2026-01-19,2026-01-23,2026-01-31,Limón,Talamanca,Cahuita,9.702877,-82.798211,Casa de habitación,CRC,939.45,1357056.61,408.73,842104.17,13927279.66,1633007000,PER-006
AV-2026-000019,1-934706-133,Actualización de garantía,2026-01-04,2026-01-05,2025-12-06,San José,Tibás,San Juan,9.963222,-84.081349,Apartamento,USD,245.65,920.86,359.77,1209.7,356.25,661779,PER-007
AV-2026-000020,1-234081,Actualización de garantía,2026-01-02,2026-01-10,2026-01-22,San José,Montes de Oca,San Pedro,9.946893,-84.051462,Casa de habitación,CRC,499.76,1083596.27,175.07,461953.4,5892959.31,628305000,PER-005
AV-2025-000021,1-165219,Actualización de garantía,2025-10-05,2025-10-20,2025-11-01,San José,Santa Ana,Santa Ana,9.945506,-84.182264,Casa de habitación,CRC,508.06,639070.91,148.39,589869.48,2743794.16,414961000,PER-002
AV-2025-000022,5-720329,Garantía hipotecaria,2025-12-27,2025-12-28,,Guanacaste,Nicoya,Nicoya,10.114278,-85.457598,Local comercial,USD,341.72,100.39,591.36,1492.06,27055.46,943705,PER-007
AV-2025-000023,1-943028-376,Seguro,2025-11-30,2025-12-10,2025-12-15,San José,Goicoechea,Guadalupe,9.937753,-84.040812,Apartamento,CRC,146.69,918827.17,203.1,746256.28,5642469.63,291990000,PER-008
AV-2025-000024,6-121610,Leasing,2025-10-19,2025-11-04,2025-11-11,Puntarenas,Garabito,Jacó,9.624452,-84.597568,Casa de habitación,CRC,272.08,1171808.96,51.63,686918.18,218662.32,354510000,PER-006
AV-2025-000025,1-893139-085,Contable,2025-07-02,2025-07-13,2025-07-21,San José,Goicoechea,Guadalupe,9.951121,-84.056629,Apartamento,USD,164.52,444.42,218.46,1547.76, ,413774,PER-001
AV-2024-000026,5-497653,Actualización de garantía,2024-10-29,2024-11-05,2024-11-08,Guanacaste,Nicoya,Nicoya,10.737573,-85.315795,Local comercial,USD,1361.49,89.8,1624.66,1068.33,6735.12,1864670,PER-002
AV-2025-000027,6-296205-353,Leasing,2025-11-06,2025-11-12,2025-11-13,Puntarenas,Quepos,Quepos,9.401519,-84.13296,Apartamento,USD,139.8,2865.76,148.96,1497.27,11029.1,634696,PER-003
AV-2025-000028,N/A,Leasing,2025-09-23,2025-09-28,2025-10-02,Alajuela,Alajuela,Alajuela,10.032359,-84.203559,Casa de habitación,CRC,683.64,657775.91,425.04,793919.35,18608563.07,805738000,PER-007
AV-2024-000029,3-641921,Compraventa,2024-04-30,2024-05-02,2024-05-08,Cartago,La Unión,Tres Ríos,9.912501,-84.003256,Casa de habitación,CRC,346.87,449945.49,103.59,285516.79,2204053.25,187853000,PER-001
AV-2024-000030,1-546344,Seguro,2024-10-19,2024-11-06,2024-11-16,San José,Santa Ana,Santa Ana,9.922914,-84.176641,Terreno baldío urbano,CRC,637.84,397023.78,0.0,0.0,0.0,253238000,PER-003
AV-2025-000031,1-300296,Leasing,2025-09-01,2025-09-01,2025-09-09,San José,Montes de Oca,San Pedro,9.946458,-84.041375,Local comercial,CRC,508.99,1010704.57,439.02,327149.72,10287804.59,668352000,PER-001
AV-2025-000032,5-888463,Actualización de garantía,2023-08-27,2023-09-08,2023-09-15,Guanacaste,Nicoya,Nicoya,10.130815,-85.442102,Local comercial,USD,1427.06,84.83,1387.24,984.59,73320.74,1560241,PER-003
AV-2025-000033,5-111696,Compraventa,2025-01-25,2025-02-04,2025-02-15,Guanacaste,Liberia,Liberia,10.617246,-85.424524,Terreno baldío urbano,USD,391.84,228.5,0.0,0.0,0.0,89535,PER-005
AV-2025-000034,5-339850,Compraventa,2025-07-18,2025-07-22,2025-08-01,Guanacaste,Nicoya,Nicoya,10.168514,-85.492893,Casa de habitación,CRC,739.47,511458.38,229.22,314457.01,944636.77,451233000,PER-008
AV-2025-000035,1-546151,Compraventa,2025-04-27,2025-04-29,2025-05-01,San José,Goicoechea,Guadalupe,9.953154,-84.060307,Casa de habitación,CRC,424.49,596491.12,296.83,379191.72,4897645.95,370658000,PER-006
AV-2026-000036,3-884652,Leasing,2026-01-08,2026-01-21,2026-02-02,Cartago,La Unión,Tres Ríos,9.897056,-83.973557,Casa de habitación,CRC,623.0,848985.58,427.93,419773.08,13446451.63,721998000,PER-002
AV-2025-000037,7-587318,Garantía hipotecaria,2025-07-11,2025-07-27,2025-07-29,Limón,Pococí,Guápiles,10.178974,-83.809323,Terreno baldío urbano,CRC,848.35,147778.59,0.0,0.0,914294.02,126282000,PER-002
AV-2026-000038,1-552566,Actualización de garantía,2026-01-08,2026-01-08,2026-01-10,San José,Puriscal,Santiago,9.879891,-84.362541,Terreno baldío rural,USD,31461.41,64.89,0.0,0.0,0.0,2041531,PER-005
AV-2025-000039,6-628672,Leasing,2025-10-22,2025-11-08,2025-11-14,Puntarenas,Puntarenas,Puntarenas,9.995606,-84.832799,Casa de habitación,CRC,622.23,550613.54,410.88,679776.89,21333947.9,643249000,PER-003
AV-2024-000040,1-513419-104,Seguro,2024-11-14,2024-11-25,2024-12-04,San José,Tibás,San Juan,9.973151,-84.077597,Condominio horizontal,USD,276.13,834.83,122.77,1206.76,1525.41,380201,PER-004
AV-2024-000041,3-563828,Garantía hipotecaria,2021-06-16,2021-06-24,2021-06-25,Cartago,Paraíso,Paraíso,9.816891,-83.847495,Terreno baldío urbano,CRC,1520.74,88311.87,0.0,0.0,0.0,134299000,PER-004
AV-2025-000042,5-751971,Leasing,2025-01-10,2025-01-20,2025-01-25,Guanacaste,Liberia,Liberia,11.514155,-85.913867,Local comercial,USD,335.45,238.7,490.41,1532.73,36612.67,868351,PER-003
AV-2025-000043,1-905975,Leasing,2025-11-29,2025-12-15,2025-12-19,San José,Escazú,Escazú,9.914809,-84.1583,Local comercial,CRC,639.78,1098052.79,1240.61,461262.56,12518268.52,1287277000,PER-006
AV-2025-000044,7-986641,Garantía hipotecaria,2021-05-06,2021-05-06,2021-05-13,Limón,Pococí,Guápiles,10.228648,-83.812813,Finca agrícola,CRC,113927.09,63893.44,4696.82,596267.81,207048250.22,10286805000,PER-001
AV-2025-000045,5-687301,Actualización de garantía,2025-05-24,2025-06-09,2025-06-16,Guanacaste,Liberia,Liberia,10.652126,-85.447045,Finca agrícola,CRC,293881.1,133924.39,0.0,0.0,0.0,39357847000,PER-003
AV-2026-000046,7-693863,Actualización de garantía,2026-01-17,2026-01-28,2026-02-05,Limón,Talamanca,Cahuita,9.771251,-82.843047,Casa de habitación,CRC,761.56,1165784.22,337.45,486563.39,121381.95,1052127000,PER-001
AV-2025-000047,1-469044,Leasing,2025-11-13,2025-11-20,2025-11-28,San José,Santa Ana,Santa Ana,9.93759,-84.198458,Casa de habitación,CRC,805.09,829281.38,373.8,802764.06,1915916.73,969635000,PER-004
AV-2025-000048,4-744533,Actualización de garantía,2025-07-09,2025-07-25,2025-08-06,Heredia,Santo Domingo,Santo Domingo,9.969849,-84.080723,Bodega o nave industrial,USD,1288.71,446.71,559.1,858.21,9616.92,1065122,PER-005
AV-2024-000049,2-190602,Actualización de garantía,2024-05-15,2024-05-27,2024-06-07,Alajuela,Alajuela,Alajuela,10.012147,-84.212133,Casa de habitación,USD,730.84,867.77,382.55,616.99,16315.34,886546,PER-009
AV-2025-000050,4-960038,Leasing,2025-10-06,2025-10-25,2025-10-26,Heredia,San Rafael,San Rafael,10.000466,-84.092279,Bodega o nave industrial,CRC,8758.27,1403281.64,1757.85,339553.74,19900707.69,12907105000,PER-009
AV-2025-000051,1-772249,Garantía hipotecaria,2025-10-13,2025-10-27,2025-10-29,San José,Desamparados,Desamparados,9.883064,-84.069235,Bodega o nave industrial,USD,12254.48,194.04,5647.71,1536.04,482162.68,11535130,PER-002
AV-2025-000052,1-512590,Actualización de garantía,2025-12-03,2025-12-20,2025-12-21,San José,Escazú,Escazú,9.933768,-84.151777,Casa de habitación,CRC,927.46,903243.84,444.58,822062.62,15034029.81,1218229000,PER-001
AV-2025-000053,3-942124,Leasing,2025-08-11,2025-08-30,2025-09-06,Cartago,Paraíso,Paraíso,9.822391,-83.87366,Terreno baldío urbano,CRC,1093.27,187242.74,0.0,0.0,5972914.13,210680000,PER-008
AV-2025-000054,3-155479,Actualización de garantía,2025-11-29,2025-12-13,2025-12-25,Cartago,La Unión,Tres Ríos,9.903855,-83.987141,Casa de habitación,CRC,212.73,597919.89,82.21,381861.77,2509371.12,161098000,PER-007
AV-2025-000055,1-636671,Actualización de garantía,2025-10-06,2025-10-14,2025-10-20,San José,Desamparados,Desamparados,9.905373,-84.054438,Casa de habitación,CRC,438.3,734782.21,266.4,791341.21,16741463.99,549610000,PER-009
AV-2025-000056,1-565517,Actualización de garantía,2025-11-05,2025-11-22,2025-11-30,San José,Desamparados,Desamparados,10.958049,-84.202183,Casa de habitación,CRC,314.91,727993.87,66.35,704344.2,189995.11,276176000,PER-006
AV-2025-000057,6-783574,Leasing,2025-05-31,2025-06-07,2025-06-19,Puntarenas,Puntarenas,Puntarenas,9.988483,-84.825748,Casa de habitación,USD,212.61,247.23,22.19,1277.96,1383.03,82305,PER-001
AV-2025-000058,1-799780,Leasing,2025-06-16,2025-06-25,2026-08-12,San José,Montes de Oca,San Pedro,9.947335,-84.046246,Local comercial,USD,1227.11,1089.29,1265.23,862.22,32502.91,2460088,PER-007
AV-2025-000059,1-938417,Garantía hipotecaria,2025-08-23,2025-09-10,2025-09-14,San José,Puriscal,Santiago,9.848845,-84.379495,Terreno baldío rural,CRC,8088.41,76259.6,0.0,0.0,0.0,616819000,PER-007
AV-2025-000060,3-841314,Leasing,2025-08-05,2025-08-16,2025-08-27,Cartago,Turrialba,Turrialba,9.905647,-83.68953,Bodega o nave industrial,USD,3449.75,173.0,1478.25,1316.35,134210.5,2676912,PER-002
AV-2025-000061,2-550243,Leasing,2025-07-27,2025-07-31,2025-08-06,Alajuela,San Ramón,San Ramón,10.063352,-84.446778,Casa de habitación,CRC,818.46,1579752.28,472.75,844812.56,21953651.06,1714303000,PER-006
AV-2024-000062,7-649615,Actualización de garantía,2024-08-22,2024-09-07,2024-09-09,Limón,Limón,Limón,9.998843,-83.04104,Casa de habitación,CRC,386.26,691210.6,69.07,395109.88,1725950.46,296003000,PER-002
AV-2025-000063,1-191008,Leasing,2025-11-17,2025-11-26,2025-11-27,San José,Curridabat,Curridabat,9.926767,-84.038795,Edificio de oficinas,USD,3632.34,818.82,15429.37,589.78,250460.56,12324627,PER-003
AV-2024-000064,4-986266,Actualización de garantía,2024-12-18,2024-12-27,2025-01-03,Heredia,Belén,San Antonio,9.976785,-84.194511,Casa de habitación,USD,419.04,644.69,203.92,1655.84,18598.56,626408,PER-002
AV-2025-000065,1-436279,Leasing,2025-02-09,2025-02-09,2025-02-11,San José,Puriscal,Santiago,9.839682,-84.287963,Casa de habitación,USD,517.36,40.44,79.32,1397.39,8597.65,140361,PER-007
AV-2026-000066,2-272775,Actualización de garantía,2026-02-16,2026-02-20,2026-02-25,Alajuela,Atenas,Atenas,-84.353584,9.994934,Casa de habitación,CRC,896.71,1959549.21,266.21,724035.18,12615902.77,1962509000,PER-003
AV-2025-000067,7-323857,Compraventa,2025-09-14,2025-09-25,2025-10-04,Limón,Pococí,Guápiles,10.176712,-83.799156,Casa de habitación,CRC,250.22,368116.46,144.95,331662.86,3616098.68,137990000,PER-003
AV-2024-000068,6-226023,Leasing,2024-02-11,2024-02-18,2024-02-27,Puntarenas,Quepos,Quepos,9.437572,-84.112784,Terreno baldío urbano,CRC,472.92,176985.01,0.0,0.0,620396.05,84320000,PER-007
AV-2025-000069,1-456091,Garantía hipotecaria,2025-12-01,2025-12-13,2025-12-19,San José,Curridabat,Curridabat,9.912369,-84.019852,Terreno baldío urbano,CRC,601.84,461683.21,0.0,0.0,0.0,277859000,PER-001
AV-2025-000070,4-770703,Seguro,2025-12-09,2025-12-21,2025-12-23,Heredia,Belén,San Antonio,9.978364,-84.170839,Terreno baldío urbano,CRC,421.57,374244.07,0.0,0.0,0.0,157770000,PER-003
AV-2025-000071,3-273956,Actualización de garantía,2024-01-08,2024-01-27,2024-02-02,Cartago,Paraíso,Paraíso,9.844969,-83.857526,Casa de habitación,CRC,607.82,479641.23,399.85,592572.32,10679739.7,539155000,PER-004
AV-2026-000072,3-203894,Garantía hipotecaria,2025-12-26,2026-01-13,2026-01-20,Cartago,La Unión,Tres Ríos,9.917024,-83.99511,Casa de habitación,USD,548.76,255.17,171.17,1297.65,12247.92,374394,PER-008
AV-2025-000073,5-238924,Compraventa,2025-09-30,2025-10-09,2025-10-16,Guanacaste,Nicoya,Nicoya,10.177074,-85.437862,Terreno baldío urbano,CRC,313.01,118355.43,0.0,0.0,0.0,37046000,PER-008
AV-2024-000074,1-557762,Garantía hipotecaria,2024-05-08,2024-05-11,2024-05-20,San José,Puriscal,Santiago,9.880651,-84.321795,Casa de habitación,CRC,437.39,365629.63,58.44,285464.15,802695.46,177408000,PER-002
AV-2025-000075,4-127064,Garantía hipotecaria,2023-06-22,2023-06-24,2023-06-27,Heredia,San Rafael,San Rafael,-84.08156,10.012435,Terreno baldío urbano,CRC,1251.11,91674.53,0.0,0.0,731300.77,115426000,PER-003
AV-2025-000076,5-514511,Garantía hipotecaria,2025-03-28,2025-04-13,2025-04-17,Guanacaste,Carrillo,Sardinal,10.541851,-85.629332,Terreno baldío urbano,CRC,1383.71,284037.21,0.0,0.0,0.0,393025000,PER-003
AV-2025-000077,1-542214-330,Actualización de garantía,2025-09-28,2025-10-13,2025-10-25,San José,Curridabat,Curridabat,9.797659,-83.421752,Apartamento,USD,86.41,558.24,46.71,1095.28,3783.27,103181,PER-008
AV-2026-000078,7-769883,Actualización de garantía,2023-01-10,2023-01-13,2023-01-14,Limón,Limón,Limón,9.981647,-83.059331,Local comercial,CRC,1111.39,405736.13,838.23,781075.93,46131083.33,1151783000,PER-007
AV-2025-000079,2-629843,Actualización de garantía,2025-10-08,2025-10-24,2025-10-30,Alajuela,Atenas,Atenas,9.966775,-84.414303,Terreno baldío rural,CRC,69444.57,69980.83,0.0,0.0,0.0,4859789000,PER-001
AV-2024-000080,2-576091,Leasing,2024-07-17,2024-07-18,2024-07-19,Alajuela,Atenas,Atenas,9.994508,-84.386826,Terreno baldío rural,CRC,16870.48,87240.4,0.0,0.0,0.0,1471787000,PER-006
AV-2024-000081,5-810104-149,Garantía hipotecaria,2024-12-25,2024-12-31,2025-01-10,Guanacaste,Santa Cruz,Tamarindo,10.327667,-85.824454,Condominio horizontal,USD,320.65,188.09,207.5,984.57,8553.54,273163,PER-007
AV-2025-000082,4-367562,Actualización de garantía,2025-04-05,2025-04-25,2025-05-05,Heredia,Heredia,Heredia,10.000949,-84.113382,Casa de habitación,CRC,740.39,785593.16,207.05,313030.37,438669.85,646897000,PER-009
AV-2024-000083,4-244981,Actualización de garantía,2024-05-12,2024-05-21,2024-06-01,Heredia,Heredia,Heredia,9.994111,-84.125318,Casa de habitación,CRC,986.02,1246705.04,426.96,291893.01,615857.15,1354519000,PER-003
AV-2025-000084,5-950683-296,Actualización de garantía,2025-12-15,2025-12-16,2025-12-27,Guanacaste,Carrillo,Sardinal,10.4993,-85.670465,Condominio horizontal,USD,421.89,432.72,118.28,1404.17,1289.86,349935,PER-002
AV-2025-000085,4-539834,Compraventa,2025-07-09,2025-07-12,2025-07-15,Heredia,San Rafael,San Rafael,10.003626,-84.097532,Casa de habitación,CRC,715.06,775824.72,452.65,541675.47,17937671.45,817888000,PER-001
AV-2024-000086,2-716120,Contable,2024-12-06,2024-12-11,2024-12-22,Alajuela,Alajuela,Alajuela,10.028017,-84.199253,Local comercial,CRC,1813.18,4825295.47,1646.05,564199.22,40135882.12,9717965000,PER-003
AV-2025-000087,2-298321,Garantía hipotecaria,2025-12-03,2025-12-05,2025-12-10,Alajuela,San Ramón,San Ramón,10.072568,-84.433721,Casa de habitación,CRC,578.07,1705204.75,104.15,495282.48,3783217.67,1041095000,PER-003
AV-2025-000088,1-356001,Leasing,2025-09-09,2025-09-17,2025-09-27,San José,Escazú,Escazú,9.921502,-84.153286,Local comercial,USD,1001.02,901.39,740.51,1345.67,18632.45,1917424,PER-004
AV-2025-000089,1-253204-143,Contable,2024-12-23,2025-01-12,2025-01-22,San José,Tibás,San Juan,9.972763,-84.083481,Condominio horizontal,USD,591.01,1071.59,445.12,1587.34,55604.74,1395482,PER-009
AV-2025-000090,1-640134,Garantía hipotecaria,2025-09-05,2025-09-07,2025-09-18,San José,Goicoechea,Guadalupe,9.957424,-84.061099,Terreno baldío urbano,USD,384.59,542.89,0.0,0.0,5862.8,214653,PER-002
AV-2024-000091,4-530093,Actualización de garantía,2024-10-22,2024-11-10,2024-11-14,Heredia,Santo Domingo,Santo Domingo,9.978029,-84.077542,Terreno baldío urbano,CRC,1497.28,240302.98,0.0,0.0,7619671.39,367421000,PER-005
AV-2025-000092,3-260841,Garantía hipotecaria,2021-02-24,2021-03-14,2021-03-22,Cartago,Cartago,Oriental,9.854533,-83.915796,Casa de habitación,CRC,632.4,889932.66,235.42,337723.96,1501370.82,643802000,PER-003
AV-2025-000093,2-203090,Leasing,2025-11-21,2025-11-24,2025-11-25,Alajuela,Grecia,Grecia,10.078359,-84.339609,Casa de habitación,CRC,712.37,570209.84,319.69,287967.85,6333911.74,504595000,PER-002
AV-2026-000094,1-528363,Actualización de garantía,2026-01-22,2026-02-10,2026-02-12,San José,Santa Ana,Santa Ana,10.314274,-83.60383,Bodega o nave industrial,USD,4795.14,980.68,2501.32,1375.25,78783.09,8221221,PER-007
AV-2026-000095,6-742849-274,Seguro,2025-12-31,2026-01-08,2026-01-09,Puntarenas,Garabito,Jacó,9.641526,-84.652216,Condominio horizontal,USD,453.4,180.11,268.13,549.91,3323.51,232433,PER-002
AV-2025-000096,4-240542-093,Garantía hipotecaria,2025-09-28,2025-10-02,2025-10-12,Heredia,Belén,San Antonio,9.990025,-84.176019,Condominio horizontal,USD,386.51,434.07,143.58,837.1,4501.51,292465,PER-001
AV-2025-000097,2-116328,Contable,2025-05-24,2025-06-11,2025-06-15,Alajuela,Atenas,Atenas,10.01615,-84.36727,Finca agrícola,CRC,40788.98,15076.53,0.0,0.0,10871895.83,625828000,PER-009
AV-2026-000098,5-903503,Leasing,2025-12-24,2026-01-07,2026-01-12,Guanacaste,Santa Cruz,Tamarindo,10.314132,-85.831671,Terreno baldío urbano,CRC,334.32,187354.28,0.0,0.0,0.0,62636000,PER-001
AV-2025-000099,1-144025,Leasing,2021-11-24,2021-12-13,2021-12-15,San José,Santa Ana,Santa Ana,9.913029,-84.190821,Casa de habitación,USD,938.32,860.29,345.71,1339.02,15988.37,1286128,PER-009
AV-2024-000100,2-413180,Contable,2024-08-15,2024-08-16,2024-08-23,Alajuela,Alajuela,Alajuela,10.015034,-84.218457,Edificio de oficinas,USD,1535.04,965.65,1641.91,531.73,8591.44,2363956,PER-006
AV-2025-000101,2-650224,Leasing,2025-08-19,2025-08-24,2025-08-27,Alajuela,Alajuela,Alajuela,10.026142,-84.230879,Casa de habitación,CRC,770.07,545266.48,285.65,251977.8,4887624.98,496758000,PER-002
AV-2025-000102,1-673886,Actualización de garantía,2023-10-17,2023-10-22,2023-10-28,San José,Santa Ana,Santa Ana,9.941645,-84.195597,Terreno baldío urbano,CRC,1227.57,153272.16,0.0,0.0,0.0,188152000,PER-003
AV-2025-000103,4-358528,Compraventa,2025-06-08,2025-06-16,2025-06-21,Heredia,Sarapiquí,Puerto Viejo,10.546112,-83.949933,Casa de habitación,CRC,744.49,1703733.7,368.98,289923.53,689335.11,1376078000,PER-004
AV-2025-000104,1-832379,Garantía hipotecaria,2022-01-18,2022-01-24,2022-02-04,San José,Tibás,San Juan,9.968815,-84.077152,Casa de habitación,CRC,207.85,1154396.3,105.55,707093.67,4068194.07,318643000,PER-008
AV-2025-000105,6-305181-311,Garantía hipotecaria,2024-01-07,2024-01-19,2024-01-26,Puntarenas,Quepos,Quepos,9.423968,-84.121688,Condominio horizontal,CRC,292.59,169471.86,168.67,265399.47,1110794.91,95461000,PER-007
AV-2026-000106,1-129003-100,Garantía hipotecaria,2026-01-22,2026-01-28,2026-01-31,San José,Tibás,San Juan,9.958925,-84.072228,Condominio horizontal,USD,337.31,592.6,209.86,1065.98,908.04,424505,PER-001
AV-2025-000107,1-534833-172,Garantía hipotecaria,2025-10-01,2025-10-17,2025-10-28,San José,Santa Ana,Santa Ana,9.92306,-84.168757,Condominio horizontal,USD,236.81,893.02,47.81,1403.9,4851.46,264020,PER-007
AV-2025-000108,1-907708-127,Leasing,2025-03-04,2025-03-19,2025-03-23,San José,Goicoechea,Guadalupe,9.940604,-84.05952,Condominio horizontal,USD,479.12,424.9,364.85,624.83,11630.16,443177,PER-005
AV-2026-000109,2-610873,Compraventa,2025-12-15,2026-01-01,2026-01-02,Alajuela,San Carlos,Quesada,10.35846,-84.400374,Casa de habitación,CRC,362.46,461318.7,206.16,308869.81,1055525.37,231942000,PER-007
AV-2025-000110,2-904811,Actualización de garantía,2025-10-30,2025-11-02,2025-11-08,Alajuela,Grecia,Grecia,10.049257,-84.285241,Terreno baldío rural,CRC,66036.19,119043.16,0.0,0.0,0.0,7861157000,PER-009
AV-2024-000111,4-341659-124,Garantía hipotecaria,2024-07-21,2024-08-05,2024-08-08,Heredia,Heredia,Heredia,9.986352,-84.127999,Apartamento,CRC,72.02,1103927.16,215.72,807585.31,4306897.71,266827000,PER-002
AV-2025-000112,1-561311-248,Leasing,2025-07-08,2025-07-20,2025-07-23,San José,Montes de Oca,San Pedro,9.919362,-84.044088,Apartamento,USD,80.17,841.53,35.63,526.82,1171.97,87408,PER-009
AV-2026-000113,1-643307,Garantía hipotecaria,2026-02-17,2026-02-26,2026-03-05,San José,Santa Ana,Santa Ana,9.941652,-84.174955,Terreno baldío urbano,CRC,1819.87,250160.94,0.0,0.0,0.0,455260000,PER-005
AV-2025-000114,1-337593-022,Garantía hipotecaria,2023-04-06,2023-04-19,2023-04-22,San José,San José,Carmen,9.931253,-84.071154,Apartamento,USD,50.77,838.7,131.88,700.51,5862.19,140826,PER-005
AV-2025-000115,1-999441-161,Leasing,2025-05-16,2025-05-30,2025-06-11,San José,Montes de Oca,San Pedro,9.933655,-84.041422,Apartamento,USD,125.12,972.97,306.34,784.3,3769.19,365770,PER-002
AV-2025-000116,4-714528,Garantía hipotecaria,2025-07-20,2025-07-23,2025-08-03,Heredia,Santo Domingo,Santo Domingo,9.98579,-84.077332,Casa de habitación,USD,424.88,290.65,53.49,,1909.35,210333,PER-006
AV-2025-000117,5-543295,Garantía hipotecaria,2025-07-14,2025-07-19,2025-07-25,Guanacaste,Santa Cruz,Tamarindo,10.333384,-85.84013,Casa de habitación,CRC,755.13,917763.81,167.43,314207.34,3689484.87,749328000,PER-004
AV-2024-000118,1-485496-267,Leasing,2024-06-30,2024-07-16,2024-07-27,San José,Escazú,Escazú,9.930624,-84.126835,Condominio horizontal,USD,313.1,551.68,201.58,963.15,9966.0,376849,PER-001
AV-2025-000119,2-929362,Actualización de garantía,2025-10-05,2025-10-12,2025-10-22,Alajuela,San Ramón,San Ramón,10.091356,-84.480523,Finca agrícola,CRC,232668.49,105345.3,0.0,0.0,0.0,24510532000,PER-004
AV-2025-000120,7-121243,Contable,2025-11-27,2025-12-05,2025-12-11,Limón,Limón,Limón,9.978637,-83.03003,Local comercial,CRC,508.68,694108.53,889.48,325285.01,8004937.54,650419000,PER-001
AV-2024-000121,1-247630,Garantía hipotecaria,2024-11-16,2024-12-01,2024-12-04,San José,Montes de Oca,San Pedro,9.283223,-84.438363,Terreno baldío urbano,CRC,415.29,1896549.09,0.0,0.0,3131008.02,790749000,PER-003
AV-2025-000122,2-805424,Contable,2025-11-16,2025-11-28,2025-12-05,Alajuela,Upala,Upala,10.823801,-84.959979,Casa de habitación,CRC,309.42,384491.54,108.35,418443.29,3088512.62,167396000,PER-008
AV-2025-000123,3-945458,Leasing,2025-10-15,2025-10-29,2025-10-31,Cartago,Paraíso,Paraíso,9.867953,-83.878874,Casa de habitación,CRC,398.14,570851.11,137.67,552457.5,1633953.25,304969000,PER-006
AV-2025-000124,7-786695-235,Actualización de garantía,2021-07-28,2021-08-05,2021-08-10,Limón,Talamanca,Cahuita,9.688581,-82.799266,Apartamento,USD,109.97,15215.84,123.49,1033.69,3561.06,1804497,PER-003
AV-2025-000125,2-670629,Leasing,2025-10-21,2025-11-02,2025-11-04,Alajuela,Alajuela,Alajuela,10.022261,-84.205015,Casa de habitación,CRC,471.15,853801.67,177.2,603991.01,2988524.35,512284000,PER-006
AV-2025-000126,1-316844,Garantía hipotecaria,2021-05-17,2021-05-21,2021-05-31,San José,San José,Carmen,9.930985,-84.080887,Local comercial,CRC,1610.72,572560.14,2048.8,481314.67,4911603.39,1913263000,PER-007
AV-2025-000127,1-340975,Leasing,2025-06-18,2025-06-28,2025-07-05,San José,Puriscal,Santiago,9.870926,-84.322613,Terreno baldío rural,CRC,47625.89,81253.73,0.0,0.0,0.0,3869781000,PER-009
AV-2025-000128,4-814626,Garantía hipotecaria,2025-05-25,2025-06-09,2025-06-15,Heredia,San Rafael,San Rafael,10.025041,-84.09619,Casa de habitación,CRC,474.75,738052.71,173.13,254714.2,2135810.19,396625000,PER-007
AV-2025-000129,3-500621,Actualización de garantía,2025-12-07,2025-12-09,2025-12-20,Cartago,Turrialba,Turrialba,9.908917,-83.702216,Casa de habitación,CRC,406.03,600388.46,249.51,344118.93,3306178.12,332943000,PER-006
AV-2025-000130,4-793039,Actualización de garantía,2025-08-15,2025-09-04,2025-09-09,Heredia,Heredia,Heredia,9.989392,-84.122292,Terreno baldío urbano,CRC,684.09,170187.45,0.0,0.0,0.0,116424000,PER-008
AV-2024-000131,1-911706,Garantía hipotecaria,2024-06-03,2024-06-18,2024-06-28,San José,Montes de Oca,San Pedro,9.938748,-84.059256,Bodega o nave industrial,USD,7802.11,450.42,2382.75,1370.01,128473.01,6907091,PER-005
AV-2025-000132,1-434247,Leasing,2025-08-20,2025-08-23,2025-09-04,San José,Goicoechea,Guadalupe,9.941374,-84.04748,Casa de habitación,CRC,369.61,583839.05,211.68,631601.33,4755775.8,354246000,PER-007
AV-2024-000133,1-664886,Actualización de garantía,2024-10-29,2024-11-02,2024-11-06,San José,Goicoechea,Guadalupe,9.957963,-84.039413,Local comercial,CRC,2148.31,757261.41,2662.93,471798.46,22346825.72,2905545000,PER-002
AV-2024-000134,4-271554,Garantía hipotecaria,2024-08-14,2024-08-28,2024-09-09,Heredia,San Rafael,San Rafael,10.009624,-84.0939,Terreno baldío urbano,CRC,464.85,135523.81,0.0,0.0,0.0,62998000,PER-005
AV-2026-000135,1-502660,Compraventa,2026-01-04,2026-01-18,2026-01-23,San José,Santa Ana,Santa Ana,9.927823,-84.202827,Local comercial,USD,460.1,1108.65,309.6,961.65,22387.02,830204,PER-009
AV-2025-000136,1-465456,Seguro,2022-03-03,2022-03-23,2022-03-28,San José,Montes de Oca,San Pedro,9.921829,-84.045357,Casa de habitación,CRC,357.26,1048558.62,173.03,462894.69,1367503.02,456070000,PER-009
AV-2026-000137,1-721093,Leasing,2026-01-11,2026-01-24,2026-02-01,San José,Montes de Oca,San Pedro,9.918698,-84.048708,Terreno baldío urbano,USD,1247.34,524.66,0.0,0.0,5914.1,660344,PER-001
AV-2025-000138,1-167395,Actualización de garantía,2022-01-14,2022-01-29,2022-02-01,San José,Desamparados,Desamparados,9.899568,-84.078109,Local comercial,CRC,429.65,666739.66,142.36,272218.5,2592478.69,327810000,PER-007
AV-2024-000139,1-583394-221,Leasing,2024-12-09,2024-12-15,2024-12-20,San José,Goicoechea,Guadalupe,9.94551,-84.058654,Condominio horizontal,USD,295.25,346.14,192.68,777.07,4370.51,256294,PER-005
AV-2025-000140,4-423919-397,Garantía hipotecaria,2025-12-19,2025-12-22,2025-12-24,Heredia,Belén,San Antonio,10.082903,-83.527275,Condominio horizontal,CRC,382.28,294108.72,110.95,701329.7,104314.46,190349000,PER-002
AV-2025-000141,5-648307-288,Compraventa,2025-01-26,2025-02-10,2025-02-13,Guanacaste,Santa Cruz,Tamarindo,10.303375,-85.803962,Apartamento,USD,101.77,1573.4,33.2,588.96,238.77,179917,PER-004
AV-2025-000142,3-233124,Leasing,2025-05-06,2025-05-09,2025-05-12,Cartago,Cartago,Oriental,9.870171,-83.918082,Terreno baldío urbano,CRC,815.57,349880.71,99.0,287398.94,0.0,313805000,PER-005
AV-2025-000143,7-898219,Garantía hipotecaria,2022-02-07,2022-02-21,2022-02-25,Limón,Limón,Limón,9.6001,-82.295403,Bodega o nave industrial,USD,2969.32,193.85,772.32,946.66,31966.29,1338693,PER-002
AV-2026-000144,3-403877,Garantía hipotecaria,2026-01-18,2026-01-20,2026-01-30,Cartago,Paraíso,Paraíso,9.815606,-83.881187,Local comercial,CRC,1744.95,362822.54,3131.77,445586.79,5531824.64,2034114000,PER-009
AV-2025-000145,1-503427,Actualización de garantía,2025-11-18,2025-12-07,2025-12-13,San José,Goicoechea,Guadalupe,9.965078,-84.048557,Casa de habitación,CRC,668.36,364573.19,135.47,826847.24,8847529.39,364527000,PER-008
AV-2025-000146,2-866303,Seguro,2025-06-29,2025-07-14,2025-07-16,Alajuela,Grecia,Grecia,10.073514,-84.288167,Local comercial,CRC,1551.97,571883.6,2672.07,783772.18,N/A,3000292000,PER-003
AV-2025-000147,3-221447,Garantía hipotecaria,2025-03-14,2025-03-16,2025-03-23,Cartago,Paraíso,Paraíso,9.847687,-83.867632,Casa de habitación,CRC,887.1,537638.35,526.55,552915.88,5653682.6,773731000,PER-006
AV-2025-000148,5-513609,Seguro,2025-01-31,2025-02-02,2025-02-04,Guanacaste,Nicoya,Nicoya,10.14839,-85.468662,Casa de habitación,CRC,317.98,584961.83,87.36,516751.53,2664164.72,233814000,PER-003
AV-2024-000149,4-523650,Compraventa,2024-10-21,2024-11-08,2024-11-12,Heredia,Heredia,Heredia,9.989866,-84.126147,Casa de habitación,CRC,936.99,713778.53,514.41,627954.17,24488838.74,1016318000,PER-004
AV-2025-000150,5-369142,Garantía hipotecaria,2023-03-31,2023-04-20,2023-04-29,Guanacaste,Nicoya,Nicoya,10.142175,-85.457037,Casa de habitación,CRC,418.89,285393.25,241.99,496514.7,5529153.95,245229000,PER-007
AV-2024-000151,5-394339,Seguro,2024-10-12,2024-11-01,2024-11-03,Guanacaste,Liberia,Liberia,10.637657,-85.452171,Casa de habitación,CRC,730.03,451463.98,151.6,265067.24,250193.6,370017000,PER-001
AV-2025-000152,6-170475,Garantía hipotecaria,2025-03-25,2025-03-26,2025-03-29,Puntarenas,Quepos,Quepos,9.436254,-84.120503,Terreno baldío rural,CRC,13070.82,259233.01,0.0,0.0,0.0,3388388000,PER-001
AV-2026-000153,1-792940,Leasing,2026-02-17,2026-02-19,2026-02-24,San José,Santa Ana,Santa Ana,9.951831,-84.193207,Terreno baldío urbano,USD,541.48,778.03,0.0,0.0,0.0,421288,PER-006
AV-2024-000154,1-332092,Seguro,2023-07-07,2023-07-19,2023-07-27,San José,Goicoechea,Guadalupe,9.945321,-84.046971,Local comercial,CRC,579.15,352551.76,315.26,311317.22,5856891.06,308183000,PER-004
AV-2025-000155,6-894427,Contable,2025-10-10,2025-10-26,2025-11-03,Puntarenas,Puntarenas,Puntarenas,10.001823,-84.819545,Casa de habitación,CRC,242.88,689091.9,106.73,473341.5,3805966.38,221692000,PER-001
AV-2025-000156,2-677789,Actualización de garantía,2025-10-10,2025-10-11,2025-10-21,Alajuela,Grecia,Grecia,10.066141,-84.277567,Terreno baldío rural,CRC,39145.7,132480.14,0.0,0.0,0.0,5186028000,PER-002
AV-2025-000157,1-286122,Actualización de garantía,2025-11-02,2025-11-06,2025-11-17,San José,Pérez Zeledón,San Isidro de El General,9.37658,-83.696501,Casa de habitación,CRC,901.59,1291105.99,602.16,483028.93,4722035.32,1459631000,PER-003
AV-2025-000158,2-730129,Garantía hipotecaria,2025-07-28,2025-08-09,2025-08-15,Alajuela,Grecia,Grecia,10.115137,-84.313793,Terreno baldío urbano,CRC,747.15,112054.18,0.0,0.0,0.0,83721000,PER-001
AV-2025-000159,1-647319,Contable,2025-07-30,2025-08-10,2025-08-11,San José,Curridabat,Curridabat,9.93194,-84.02776,Casa de habitación,CRC,269.3,1094562.05,132.63,759583.79,7313424.31,402823000,PER-005
AV-2024-000160,1-205160-102,Garantía hipotecaria,2024-07-20,2024-08-09,2024-08-17,San José,San José,Carmen,9.935425,-84.075703,Apartamento,USD,214.78,690.11,444.62,511.24,6467.7,381997,PER-005
AV-2026-000161,4-319228,Compraventa,2026-01-16,2026-01-16,2026-01-22,Heredia,San Rafael,San Rafael,10.689185,-83.939265,Local comercial,USD,201.44,390.6,0.0,0.0,6539.02,85221,PER-001
AV-2025-000162,4-853243-290,Seguro,2025-04-21,2025-04-24,2025-04-26,Heredia,Heredia,Heredia,10.002859,-84.131422,Apartamento,USD,95.15,630.48,225.26,1047.05,13215.78,309064,PER-006
AV-2025-000163,4-254396,Leasing,2025-01-11,2025-01-28,2025-02-03,Heredia,San Rafael,San Rafael,10.008383,-84.074713,Casa de habitación,CRC,778.47,652835.52,521.44,417379.01,12194710.13,738046000,PER-005
AV-2026-000164,6-762477,Leasing,2026-01-21,2026-02-07,2026-02-10,Puntarenas,Puntarenas,Puntarenas,9.979263,-84.855066,Local comercial,CRC,1384.36,442123.49,2453.47,831852.88,62917063.0,2715901000,PER-005
AV-2025-000165,1-742581,Actualización de garantía,2025-05-21,2025-06-01,2025-06-06,San José,Tibás,San Juan,-84.067817,9.95533,Bodega o nave industrial,USD,8440.37,474.13,3339.91,1469.28,54510.18,8963606,PER-007
AV-2024-000166,1-748812,Leasing,2021-07-27,2021-08-12,2021-08-18,San José,San José,Carmen,10.35442,-83.519559,Edificio de oficinas,USD,2325.87,1054.73,6103.54,624.28,88908.58,6352391,PER-007
AV-2025-000167,2-119915,Compraventa,2025-09-28,2025-10-01,2025-10-04,Alajuela,Upala,Upala,10.903433,-84.937594,Casa de habitación,CRC,710.43,1114167.6,278.4,559246.72,4283757.52,951516000,PER-003
AV-2024-000168,1-725376,Actualización de garantía,2024-06-15,2024-06-16,2024-06-24,San José,Goicoechea,Guadalupe,9.94773,-84.036014,Casa de habitación,CRC,337.37,575333.73,102.29,411776.17,2179786.99,238401000,PER-003
AV-2025-000169,5-179998,Actualización de garantía,2022-10-04,2022-10-13,2022-10-23,Guanacaste,Nicoya,Nicoya,10.117204,-85.415032,Finca agrícola,CRC,150912.22,53976.17,10206.68,416222.47,77223860.01,12471137000,PER-001
AV-2025-000170,1-388648,Actualización de garantía,2025-04-23,2025-05-01,2025-05-13,San José,Santa Ana,Santa Ana,9.942167,-84.193363,Terreno baldío urbano,CRC,478.3,489634.14,0.0,0.0,0.0,234192000,PER-002
AV-2025-000171,1-523585,Leasing,2025-08-01,2025-08-08,2025-08-17,San José,Montes de Oca,San Pedro,9.939758,-84.042172,Casa de habitación,CRC,576.25,579535.01,384.03,706083.11,12431798.01,617546000,PER-001
AV-2024-000172,7-261479,Garantía hipotecaria,2024-10-01,2024-10-08,2024-10-14,Limón,Pococí,Guápiles,10.197597,-83.793268,Casa de habitación,CRC,1063.0,446999.19,558.21,303259.25,3386380.19,647829000,PER-002
AV-2025-000173,4-230777-298,Leasing,2025-08-31,2025-09-02,2025-09-07,Heredia,Heredia,Heredia,9.98315,-84.118924,Apartamento,USD,185.05,959.79,406.44,1107.67,30007.68,657818,PER-004
AV-2025-000174,4-376105,Garantía hipotecaria,2022-12-31,2023-01-14,2023-01-23,Heredia,Heredia,Heredia,9.996822,-84.12582,Casa de habitación,CRC,226.78,502909.9,149.42,677121.38,4505222.62,219731000,PER-007
AV-2025-000175,3-150159,Garantía hipotecaria,2025-06-22,2025-06-27,2025-07-01,Cartago,Paraíso,Paraíso,9.861605,-83.88124,Casa de habitación,CRC,890.31,649873.87,202.32,255125.01,2246484.89,632453000,PER-006
AV-2024-000176,1-311087-097,Leasing,2024-06-25,2024-07-01,2024-07-08,San José,Curridabat,Curridabat,9.904422,-84.027299,Condominio horizontal,USD,323.53,502.68,250.17,988.73,3864.59,413847,PER-008
AV-2025-000177,1-490480,Garantía hipotecaria,2025-04-08,2025-04-28,2025-05-05,San José,Montes de Oca,San Pedro,9.933874,-84.043572,Local comercial,USD,808.46,881.65,909.49,1519.33,82662.17,2177256,PER-005
AV-2024-000178,2-210544,Actualización de garantía,2024-11-25,2024-11-28,2024-12-10,Alajuela,San Ramón,San Ramón,10.096931,-84.467008,Local comercial,CRC,359.19,451837.0,418.92,433251.9,10798467.42,354592000,PER-004
AV-2025-000179,2-907614,Leasing,2025-05-07,2025-05-15,2025-05-20,Alajuela,San Carlos,Quesada,10.308673,-84.411697,Local comercial,CRC,1331.72,728475.36,1514.84,542268.28,18308720.22,1809884000,PER-002
AV-2025-000180,2-746522,Actualización de garantía,2025-08-12,2025-09-01,2025-09-08,Alajuela,Atenas,Atenas,9.972922,-84.381977,Terreno baldío urbano,CRC,571.52,12703.87,0.0,0.0,0.0,7261000,PER-006
AV-2025-000181,1-841392-245,Garantía hipotecaria,2025-05-11,2025-05-15,2025-05-23,San José,Desamparados,Desamparados,9.892139,-84.079341,Condominio horizontal,USD,645.33,326.52,375.54,835.62,8363.19,532885,PER-002
AV-2025-000182,7-890634,Contable,2025-02-12,2025-02-18,2025-02-25,Limón,Limón,Limón,9.970013,-83.046103,Casa de habitación,CRC,363.96,673246.06,107.17,295747.11,1519928.02,278250000,PER-002
AV-2025-000183,1-889541,Actualización de garantía,2025-11-09,2025-11-12,2025-11-20,San José,San José,Carmen,9.930682,-84.081344,Bodega o nave industrial,USD,4162.59,448.23,1486.75,541.88,54628.85,2726067,PER-005
AV-2026-000184,3-385047,Garantía hipotecaria,2023-11-30,2023-12-11,2023-12-23,Cartago,Turrialba,Turrialba,9.893704,-83.684112,Local comercial,CRC,372.97,441462.73,639.04,501251.59,6381750.28,491354000,PER-003
AV-2026-000185,7-373452,Actualización de garantía,2026-01-22,2026-01-25,2026-01-26,Limón,Limón,Limón,9.589106,-83.199755,Casa de habitación,CRC,258.55,518680.91,107.88,755836.42,419049.27,216064000,PER-006
AV-2024-000186,1-164918,Garantía hipotecaria,2024-10-29,2024-11-14,2024-11-25,San José,Puriscal,Santiago,9.918653,-84.29055,Casa de habitación,CRC,799.82,234124.25,160.59,306002.5,1283337.64,237682000,PER-008
AV-2025-001190,4-347031-184,Actualización de garantía,2024-12-28,2025-01-06,2025-01-15,Heredia,Heredia,Heredia,9.989898,-84.125673,Apartamento,USD,58.11,1019.6,157.57,1367.77,1451.25,276220,PER-004
AV-2026-000188,1-962499,Garantía hipotecaria,2025-12-23,2026-01-01,2026-01-12,San José,Santa Ana,Santa Ana,9.950291,-84.18054,Casa de habitación,CRC,482.19,1202615.45,119.32,270755.02,850136.43,613046000,PER-009
AV-2025-000189,1-468339-140,Garantía hipotecaria,2025-10-10,2025-10-17,2025-10-28,San José,Santa Ana,Santa Ana,9.915007,-84.177571,Condominio horizontal,USD,210.31,1056.25,160.02,1270.21,14401.63,439801,PER-003
AV-2025-000190,2-403637,Compraventa,2025-05-10,2025-05-30,2025-06-01,Alajuela,Atenas,Atenas,10.013538,-84.368982,Terreno baldío rural,CRC,16871.88,78390.74,0.0,0.0,17417746.99,1340017000,PER-003
AV-2025-000191,3-405396,Leasing,2024-12-24,2025-01-08,2025-01-10,Cartago,La Unión,Tres Ríos,9.923308,-83.997035,Casa de habitación,CRC,865.32,346093.13,532.97,312640.78,1106973.58,467216000,PER-008
AV-2026-000192,2-561865,Garantía hipotecaria,2023-07-08,2023-07-26,2023-07-29,Alajuela,Alajuela,Alajuela,10.013353,-84.231789,Casa de habitación,CRC,461.96,1061137.02,183.99,671047.31,3486558.71,617155000,PER-003
AV-2025-000193,7-362781-002,Leasing,2025-03-18,2025-03-22,2025-04-03,Limón,Talamanca,Cahuita,9.713834,-82.819303,Apartamento,USD,223.45,3079.61,327.62,1171.52,9523.28,1081476,PER-008
AV-2025-000194,7-193580,Contable,2025-05-28,2025-05-30,2025-06-03,Limón,Limón,Limón,10.001314,-83.018994,Bodega o nave industrial,USD,8219.88,146.3,2327.3,1626.93,8866.21,4997789,PER-004
AV-2025-000195,2-398454,Garantía hipotecaria,2025-04-26,2025-04-29,2025-05-08,Alajuela,Upala,Upala,10.913822,-85.014355,Finca agrícola,USD,98909.97,28.32,6801.91,1245.14,147159.71,11417620,PER-009
AV-2025-000196,1-400697,Garantía hipotecaria,2025-10-09,2025-10-28,2025-10-31,San José,Montes de Oca,San Pedro,9.927576,-84.061381,Casa de habitación,CRC,338.56,1121764.13,226.67,403531.52,2511722.21,473765000,PER-008
AV-2024-000197,7-131979-005,Garantía hipotecaria,2024-07-25,2024-07-31,2024-08-09,Limón,Talamanca,Cahuita,9.713312,-82.82827,Condominio horizontal,USD,779.69,213.36,537.15,579.4,20922.87,498502,PER-007
AV-2025-000198,1-897521,Garantía hipotecaria,2025-09-25,2025-09-26,2025-10-08,San José,Puriscal,Santiago,9.789466,-84.305186,Casa de habitación,CRC,851.82,469116.57,303.16,582555.46,5651876.33,581862000,PER-006
AV-2025-000199,1-299031,Seguro,2025-04-30,2025-05-15,2025-05-18,San José,Santa Ana,Santa Ana,9.935371,-84.192855,Edificio de oficinas,CRC,1016.52,1261608.26,2391.95,369523.55,70468424.65,2236800000,PER-002
AV-2025-000200,4-808709-023,Leasing,2025-08-26,2025-09-02,2025-09-03,Heredia,Belén,San Antonio,9.974361,-84.172926,Condominio horizontal,USD,296.5,640.54,181.68,1695.58,21570.3,519543,PER-001
AV-2024-000201,5-901287,Garantía hipotecaria,2024-10-27,2024-11-08,2024-11-15,Guanacaste,Carrillo,Sardinal,10.565221,-85.710188,Casa de habitación,CRC,407.49,511034.44,190.21,685190.95,9445118.44,348017000,PER-007
AV-2025-000202,2-689032,Garantía hipotecaria,2025-06-04,2025-06-17,2025-06-25,Alajuela,Alajuela,Alajuela,10.009302,-84.22767,Terreno baldío urbano,CRC,842.54,191018.37,0.0,0.0,3626138.1,164567000,PER-002
AV-2025-000203,3-382645-242,Compraventa,2025-05-04,2025-05-11,2025-05-15,Cartago,Cartago,Oriental,9.877186,-83.914355,Apartamento,USD,98.66,410.11,199.2,1601.67,13676.3,373190,PER-005
AV-2025-000204,5-617743,Garantía hipotecaria,2025-02-08,2025-02-25,2025-02-26,Guanacaste,Santa Cruz,Tamarindo,10.324161,-85.817329,Casa de habitación,CRC,894.48,731512.52,129.17,389872.29,1460459.57,706144000,PER-002
AV-2025-000205,3-161975,Actualización de garantía,2025-10-04,2025-10-04,2025-10-15,Cartago,La Unión,Tres Ríos,9.893117,-83.979219,Casa de habitación,CRC,432.14,486091.4,300.09,326630.06,6273679.15,314352000,PER-009
AV-2025-000206,3-706934,Garantía hipotecaria,2025-03-02,2025-03-20,2025-03-28,Cartago,Turrialba,Turrialba,9.90102,-83.736629,Terreno baldío rural,USD,52554.23,85.58,0.0,0.0,109620.54,4607212,PER-009
AV-2025-000207,6-254558,Garantía hipotecaria,2021-06-16,2021-07-04,2021-07-16,Puntarenas,Puntarenas,Puntarenas,9.966881,-84.811194,Casa de habitación,CRC,147.57,669496.69,52.07,766805.38,1757813.36,140483000,PER-007
AV-2025-000208,1-778539,Compraventa,2025-07-27,2025-07-31,2025-08-03,San José,Montes de Oca,San Pedro,9.925212,-84.049634,Terreno baldío urbano,CRC,1102.62,240352.69,0.0,0.0,0.0,265018000,PER-001
AV-2026-000209,1-754682,Leasing,2026-02-02,2026-02-11,2026-02-14,San José,Pérez Zeledón,San Isidro de El General,9.417487,-83.68972,Casa de habitación,CRC,390.67,295755.87,53.22,585161.97,2243489.13,148929000,PER-004
AV-2025-000210,4-337225,Actualización de garantía,2023-04-07,2023-04-24,2023-05-06,Heredia,Heredia,Heredia,9.234424,-84.466363,Bodega o nave industrial,USD,1887.81,778.54,865.88,970.78,22934.97,2333250,PER-005
AV-2025-000211,7-105024,Contable,2025-12-18,2025-12-25,2025-12-26,Limón,Limón,Limón,9.973189,-83.033086,Terreno baldío rural,CRC,17499.34,71195.59,0.0,0.0,24120375.57,1269996000,PER-009
AV-2026-000212,3-829835-020,Garantía hipotecaria,2025-12-20,2026-01-02,2026-01-03,Cartago,La Unión,Tres Ríos,9.908446,-84.000449,Condominio horizontal,CRC,410.49,85042.14,324.12,558640.61,3208676.33,219184000,PER-003
AV-2025-000213,4-541614,Leasing,2025-06-12,2025-06-18,2025-06-22,Heredia,Santo Domingo,Santo Domingo,9.97899,-84.08839,Casa de habitación,CRC,224.4,533744.93,99.56,670408.7,2082092.17,188600000,PER-007
AV-2025-000214,3-410231,Leasing,2025-02-23,2025-02-27,2025-03-10,Cartago,Paraíso,Paraíso,9.841203,-83.835884,Casa de habitación,CRC,650.84,393248.22,313.6,848090.7,14195065.85,536098000,PER-009
AV-2025-000215,2-107489-173,Leasing,2022-01-29,2022-02-13,2022-02-22,Alajuela,Alajuela,Alajuela,10.006112,-84.217366,Apartamento,USD,84.39,769.96,172.72,786.4,2975.47,203779,PER-009
AV-2025-000216,3-518829,Contable,2025-08-16,2025-08-23,2025-08-24,Cartago,Turrialba,Turrialba,9.923056,-83.669156,Casa de habitación,CRC,347.84,655079.18,200.02,789749.05,8375197.91,366369000,PER-007
AV-2026-000217,1-646390,Garantía hipotecaria,2026-01-16,2026-02-05,2026-02-06,San José,Desamparados,Desamparados,9.903147,-84.049752,Casa de habitación,CRC,588.89,359945.56,104.58,747324.54,3848188.17,293972000,PER-008
AV-2024-000218,1-524629,Actualización de garantía,2024-10-25,2024-11-01,2024-11-02,San José,Goicoechea,Guadalupe,9.934094,-84.052903,Casa de habitación,CRC,333.26,333285.3,190.12,358017.6,3813254.38,182950000,PER-006
AV-2025-000219,2-141010,Garantía hipotecaria,2025-09-27,2025-10-13,2025-10-15,Alajuela,San Carlos,Quesada,10.32433,-84.460374,Casa de habitación,CRC,333.26,2944530.9,114.66,660847.92,5596064.7,1062663000,PER-008
AV-2025-000220,3-438244,Garantía hipotecaria,2025-08-03,2025-08-22,2025-09-03,Cartago,Cartago,Oriental,9.86147,-83.916784,Casa de habitación,CRC,221.73,119061.47,30.82,647919.24,995794.93,47364000,PER-002
AV-2025-000221,1-461629-292,Leasing,2025-06-02,2025-06-15,2025-06-26,San José,Curridabat,Curridabat,9.906291,-84.035709,Apartamento,USD,178.48,1101.93,88.9,1235.11,188.66,306662,PER-001
AV-2025-000222,6-686527-215,Actualización de garantía,2025-11-07,2025-11-15,2025-11-23,Puntarenas,Quepos,Quepos,9.478125,-84.141968,Condominio horizontal,USD,202.67,208.59,116.86,1243.66,2126.06,189735,PER-002
AV-2025-000223,2-261267,Compraventa,2025-08-18,2025-09-05,2025-09-10,Alajuela,San Ramón,San Ramón,10.087916,-84.498877,Terreno baldío rural,CRC,8198.23,53049.25,0.0,0.0,0.0,434910000,PER-004
AV-2025-000224,3-456813,Garantía hipotecaria,2025-06-14,2025-07-03,2025-07-04,Cartago,La Unión,Tres Ríos,9.900737,-83.977689,Terreno baldío urbano,USD,272.43,224.89,0.0,0.0,0.0,61267,PER-004
AV-2024-000349,1-941765,Compraventa,2025-02-12,2025-02-18,2025-02-23,San José,Goicoechea,Guadalupe,9.950291,-84.039433,Terreno baldío urbano,CRC,1260.77,253172.75,0.0,0.0,0.0,319193000,PER-008
AV-2025-000226,5-801540,Leasing,2025-03-30,2025-04-06,2025-04-11,Guanacaste,Nicoya,Nicoya,10.140352,-85.425043,Casa de habitación,CRC,212.82,306911.11,123.83,517989.46,1391832.97,130851000,PER-007
AV-2025-000227,1-378383,Seguro,2025-09-07,2025-09-18,2025-09-29,San José,Desamparados,Desamparados,9.885526,-84.069273,Casa de habitación,CRC,419.18,725781.93,197.68,571724.23,5074109.96,422326000,PER-008
AV-2025-000228,2-521450,Leasing,2025-12-20,2025-12-25,2025-12-26,Alajuela,Atenas,Atenas,9.978332,-84.337702,Terreno baldío rural,CRC,5594.78,62976.87,0.0,0.0,0.0,352342000,PER-008
AV-2025-000229,3-120124-278,Actualización de garantía,2025-12-14,2025-12-31,2026-01-10,Cartago,Cartago,Oriental,9.853191,-83.910986,Apartamento,USD,84.09,676.28,58.66,1621.33,517.06,152493,PER-005
AV-2025-000230,2-181993,Leasing,2024-12-26,2025-01-02,2025-01-09,Alajuela,Upala,Upala,10.919073,-85.028196,Terreno baldío rural,CRC,54588.66,48300.42,0.0,0.0,33401929.17,2670057000,PER-005
AV-2026-000231,1-667905,Garantía hipotecaria,2023-07-25,2023-07-26,2023-07-31,San José,Escazú,Escazú,10.373616,-83.279592,Edificio de oficinas,USD,2335.93,535.34,7867.98,813.21,72428.23,7721265,PER-003
AV-2025-000232,3-975032,Leasing,2025-03-18,2025-04-05,2025-04-07,Cartago,Paraíso,Paraíso,9.865757,-83.878177,Casa de habitación,CRC,398.46,476985.08,60.89,544301.57,1985460.72,225187000,PER-006
AV-2025-000233,6-935463,Garantía hipotecaria,2025-01-04,2025-01-13,2025-01-21,Puntarenas,Quepos,Quepos,9.400614,-84.16316,Terreno baldío rural,CRC,19968.55,69293.13,0.0,0.0,0.0,1383683000,PER-003
AV-2026-000234,1-806909-339,Actualización de garantía,2026-01-31,2026-02-08,2026-02-13,San José,San José,Carmen,9.942662,-84.070666,Apartamento,USD,233.92,419.37,93.6,517.89,2654.81,149228,PER-007
AV-2025-000235,1-754095,Garantía hipotecaria,2025-12-04,2025-12-19,2025-12-24,San José,Montes de Oca,San Pedro,9.929084,-84.050016,Local comercial,USD,520.14,403.47,307.56,952.25,15657.04,518392,PER-002
AV-2025-000236,4-879330,Actualización de garantía,2025-12-18,2025-12-22,2026-01-02,Heredia,Sarapiquí,Puerto Viejo,10.445843,-83.950768,Casa de habitación,CRC,960.94,254431.5,561.32,546257.29,19119055.83,570238000,PER-001
AV-2025-000237,4-895047,Actualización de garantía,2025-04-19,2025-04-27,2025-05-08,Heredia,Belén,San Antonio,9.979661,-84.196367,Terreno baldío urbano,CRC,371.6,443912.62,0.0,0.0,3624558.83,168582000,PER-004
AV-2025-000238,6-499067-221,Garantía hipotecaria,2025-06-09,2025-06-20,2025-07-01,Puntarenas,Quepos,Quepos,9.403436,-84.207329,Apartamento,USD,150.83,2723.66,114.25,1324.77,2479.99,564645,PER-005
AV-2025-000239,3-846376,Garantía hipotecaria,2025-10-15,2025-10-27,2025-10-31,Cartago,La Unión,Tres Ríos,9.894667,-84.001896,Terreno baldío urbano,CRC,671.09,156821.41,0.0,0.0,0.0,105241000,PER-002
AV-2025-000240,1-637001,Garantía hipotecaria,2025-09-16,2025-09-16,2025-09-28,San José,Goicoechea,Guadalupe,9.957148,-84.059359,Local comercial,CRC,210.75,654108.35,296.58,571526.64,1105297.7,308462000,PER-001
AV-2026-000241,3-974498-298,Actualización de garantía,2026-02-08,2026-02-16,2026-02-23,Cartago,Cartago,Oriental,9.8524,-83.929386,Condominio horizontal,CRC,425.98,334484.6,0.0,0.0,1453997.55,242043000,PER-009
AV-2024-000242,4-222358,Actualización de garantía,2023-07-27,2023-08-06,2023-08-11,Heredia,Sarapiquí,Puerto Viejo,10.475622,-83.93354,Casa de habitación,CRC,398.25,376624.28,180.11,461059.85,4921916.44,237954000,PER-006
AV-2026-000243,4-653125,Seguro,2026-02-03,2026-02-12,2026-02-19,Heredia,Santo Domingo,Santo Domingo,9.977142,-84.094969,Terreno baldío urbano,CRC,456.14,204986.33,0.0,0.0,0.0,93502000,PER-004
AV-2025-000244,4-999990,Leasing,2022-09-13,2022-09-23,2022-09-28,Heredia,Belén,San Antonio,9.977565,-84.172318,Casa de habitación,CRC,455.82,1087869.85,240.72,330316.71,2081886.22,577469000,PER-009
AV-2025-000245,4-140340,Leasing,2025-01-12,2025-01-20,2025-01-22,Heredia,Sarapiquí,Puerto Viejo,10.386375,-83.945425,Casa de habitación,CRC,479.1,356790.5,85.42,408818.18,1601832.46,207461000,PER-001
AV-2025-000246,6-334908,Compraventa,2025-05-08,2025-05-27,2025-06-02,Puntarenas,Garabito,Jacó,9.633519,-84.621901,Casa de habitación,CRC,530.1,1140231.92,313.9,795685.06,14038445.82,703726000,PER-003
AV-2025-000247,1-975771,Garantía hipotecaria,2025-07-25,2025-07-25,2025-07-26,San José,Santa Ana,Santa Ana,9.913025,-84.17945,Local comercial,CRC,166.88,604224.28,221.15,633663.18,8667524.97,249635000,PER-004
AV-2025-000248,1-963633,Garantía hipotecaria,2025-05-20,2025-05-22,2025-05-27,San José,Escazú,Escazú,9.938544,-84.147402,Local comercial,CRC,732.55,1080290.64,467.64,721832.92,2575403.4,1131500000,PER-005
AV-2025-000249,4-429825,Garantía hipotecaria,2023-10-17,2023-12-16,2023-12-22,Heredia,Heredia,Heredia,9.988263,-84.116805,Edificio de oficinas,USD,1632.07,791.66,9660.69,620.88,227605.46,7517779,PER-003
AV-2025-000250,6-771339,Seguro,2025-10-24,2025-10-26,2025-11-06,Puntarenas,Quepos,Quepos,9.404112,-84.133836,Terreno baldío urbano,CRC,1243.88,190512.19,0.0,0.0,5464910.05,242439000,PER-006
AV-2025-000251,2-611205-092,Seguro,2021-12-21,2021-12-26,2021-12-29,Alajuela,Alajuela,Alajuela,10.009302,-84.208381,Condominio horizontal,USD,371.66,1094.72,219.09,1029.75,17181.84,649653,PER-003
AV-2025-000252,2-391369,Garantía hipotecaria,2025-02-03,2025-02-18,2025-02-24,Alajuela,Grecia,Grecia,10.041645,-84.294688,Finca agrícola,CRC,164485.72,137691.8,17288.55,773332.31,574313705.24,36592443000,PER-005
AV-2025-000253,4-837699,Garantía hipotecaria,2025-08-26,2025-09-10,2025-09-20,Heredia,San Rafael,San Rafael,10.009887,-84.092108,Local comercial,CRC,2632.51,490477.47,4272.61,514259.16,51443644.74,3539859000,PER-006
AV-2024-000254,4-984713,Actualización de garantía,2024-12-08,2024-12-11,2024-12-23,Heredia,Santo Domingo,Santo Domingo,9.982773,-84.0996,Casa de habitación,CRC,408.23,3523683.05,252.53,374740.49,4122929.18,1537229000,PER-009
AV-2026-000255,2-864922,Compraventa,2021-03-04,2021-03-17,2021-03-27,Alajuela,Atenas,Atenas,9.998409,-84.414473,Casa de habitación,CRC,268.99,343830.94,66.97,284010.25,147280.04,111655000,PER-008
AV-2025-000256,1-814759,Actualización de garantía,2025-05-08,2025-05-28,2025-06-07,San José,Montes de Oca,San Pedro,9.922855,-84.056561,Casa de habitación,CRC,808.03,784459.24,503.13,844642.43,16702122.15,1075534000,PER-002
AV-2025-000257,2-351994,Actualización de garantía,2025-06-08,2025-06-12,2025-06-18,Alajuela,Alajuela,Alajuela,10.020372,-84.215932,Casa de habitación,USD,391.55,549.03,138.09,1016.09,6908.1,362193,PER-001
AV-2024-000258,1-793119-348,Leasing,2024-09-14,2024-10-02,2024-10-09,San José,Curridabat,Curridabat,-84.029116,9.930744,Condominio horizontal,USD,541.36,534.47,366.87,1227.61,22716.6,762431,PER-003
AV-2025-000259,5-475130,Actualización de garantía,2024-12-27,2025-01-04,2025-01-05,Guanacaste,Santa Cruz,Tamarindo,10.315321,-85.858584,Casa de habitación,USD,186.88,1959.0,104.2,859.59,493.29,456160,PER-001
AV-2025-000260,1-516895-072,Garantía hipotecaria,2025-10-11,2025-10-22,2025-10-31,San José,Montes de Oca,San Pedro,9.930132,-84.0618,Condominio horizontal,USD,454.43,924.05,109.83,1278.0,2121.74,562401,PER-001
AV-2025-000261,1-953109,Garantía hipotecaria,2022-05-11,2022-05-28,2022-05-30,San José,Curridabat,Curridabat,9.926388,-84.040523,Casa de habitación,CRC,289.9,730910.31,130.67,258081.19,1700637.38,247315000,PER-009
AV-2025-000262,2-182274-115,Actualización de garantía,2025-07-17,2025-08-01,2025-08-13,Alajuela,Alajuela,Alajuela,10.02835,-84.22839,Apartamento,USD,117.56,774.18,89.61,1511.31,4542.28,230983,PER-005
AV-2025-000263,3-886145-031,Leasing,2021-09-10,2021-09-28,2021-10-05,Cartago,Cartago,Oriental,9.865284,-83.931632,Apartamento,USD,105.51,473.95,189.84,1039.11,3718.82,250990,
AV-2026-000264,4-215163,Compraventa,2026-01-27,2026-02-07,2026-02-14,Heredia,Sarapiquí,Puerto Viejo,10.516953,-83.923015,Terreno baldío rural,CRC,35126.49,72533.88,0.0,0.0,76428334.06,2624289000,PER-005
AV-2026-000265,3-268412,Leasing,2026-02-11,2026-02-23,2026-02-27,Cartago,Paraíso,Paraíso,9.850323,-83.871223,Casa de habitación,USD,426.84,248.06,71.55,1585.21,930.58,263720,PER-003
AV-2025-000266,4-132466,Leasing,2025-01-19,2025-01-31,2025-02-04,Heredia,Santo Domingo,Santo Domingo,9.969409,-84.095279,Bodega o nave industrial,USD,10208.94,189.85,5244.99,738.08,75658.12,5885048,PER-004
AV-2026-000267,2-890987,Garantía hipotecaria,2026-01-05,2026-01-18,2026-01-26,Alajuela,Grecia,Grecia,10.060389,-84.298787,Casa de habitación,USD,546.56,90.14,148.88,784.0,430.48,166419,PER-003
AV-2025-000268,4-877391,Seguro,2025-05-09,2025-05-24,2025-05-28,Heredia,San Rafael,San Rafael,10.011641,-84.070929,Local comercial,CRC,234.5,639513.86,465.82,685444.03,11485615.43,480745000,PER-005
AV-2024-000269,2-694960,Garantía hipotecaria,2021-05-16,2021-05-26,2021-06-06,Alajuela,Alajuela,Alajuela,10.003623,-84.223818,Casa de habitación,CRC,1113.81,569984.12,532.89,630546.01,13231776.01,984097000,PER-009
AV-2024-000270,2-852642,Actualización de garantía,2024-08-10,2024-08-22,2024-09-01,Alajuela,Grecia,Grecia,10.048966,-84.318873,Casa de habitación,CRC,612.03,399834.07,270.97,533905.91,2508713.46,391892000,PER-005
AV-2025-000271,2-959764,Actualización de garantía,2025-04-02,2025-04-11,2025-04-19,Alajuela,Grecia,Grecia,10.84548,-84.000989,Casa de habitación,CRC,191.79,514798.12,60.18,273843.55,1126995.97,116340000,PER-001
AV-2025-000272,4-195702,Actualización de garantía,2025-08-15,2025-08-16,2025-08-24,Heredia,San Rafael,San Rafael,10.015834,-84.100157,Terreno baldío urbano,CRC,1241.63,254242.11,0.0,0.0,0.0,315675000,PER-003
AV-2025-000273,4-282947,Garantía hipotecaria,2023-09-05,2023-09-06,2023-09-16,Heredia,Heredia,Heredia,9.240063,-84.105137,Casa de habitación,CRC,1165.86,557036.85,730.62,837548.26,12672262.14,1274029000,PER-003
AV-2024-000274,3-390426,Actualización de garantía,2023-01-24,2023-02-12,2023-02-14,Cartago,Turrialba,Turrialba,9.859576,-83.683738,Local comercial,CRC,630.64,503648.87,396.6,655406.79,7573105.46,585129000,PER-007
AV-2025-000275,6-252566-247,Compraventa,2025-03-15,2025-03-27,2025-03-30,Puntarenas,Garabito,Jacó,9.607927,-84.641081,Condominio horizontal,USD,614.68,261.64,287.89,1083.75,5967.88,478794,PER-005
AV-2025-000276,3-991209,Actualización de garantía,2025-11-17,2025-12-03,2025-12-11,Cartago,Paraíso,Paraíso,9.188791,-83.750458,Local comercial,USD,2226.82,220.49,2814.45,1596.1,39146.77,5022282,PER-009
AV-2026-000277,2-865208-020,Actualización de garantía,2023-01-31,2023-02-02,2023-02-09,Alajuela,Alajuela,Alajuela,10.006997,-84.226655,Apartamento,USD,139.67,982.68,210.53, ,6694.6,481914,PER-003
AV-2025-000278,1-748448,Garantía hipotecaria,2025-12-03,2025-12-22,2025-12-31,San José,Goicoechea,Guadalupe,9.959011,-84.061713,Casa de habitación,CRC,194.0,629553.58,111.88,762842.85,4481942.41,211962000,PER-007
AV-2026-000279,1-378273,Compraventa,2026-01-11,2026-01-15,2026-01-20,San José,Montes de Oca,San Pedro,9.925817,-84.05838,Casa de habitación,CRC,633.56,714523.6,91.37,772330.32,340960.52,523602000,PER-003
AV-2025-000280,1-800125,Actualización de garantía,2025-09-16,2025-09-24,2025-09-26,San José,Puriscal,Santiago,9.838165,-84.346889,Casa de habitación,CRC,935.35,298450.81,541.29,568314.64,2157975.58,588937000,PER-008
AV-2025-000281,3-709969-195,Leasing,2024-12-20,2025-01-02,2025-01-10,Cartago,Cartago,Oriental,9.86842,-83.909899,Condominio horizontal,USD,350.2,823.06,76.71,1654.24,4320.71,419453,PER-004
AV-2025-000282,2-756566-354,Contable,2025-09-07,2025-09-11,2025-09-23,Alajuela,Alajuela,Alajuela,10.294023,-83.470265,Apartamento,USD,167.71,772.75,255.23,1444.18,16086.36,514282,PER-008
AV-2025-000283,4-209001,Actualización de garantía,2025-11-29,2025-12-06,2025-12-17,Heredia,Belén,San Antonio,9.985001,-84.176816,Local comercial,CRC,212.56,593099.58,194.89,332756.34,1493101.25,192413000,PER-005
AV-2025-000284,5-834174,Leasing,2025-09-22,2025-10-05,2025-10-06,Guanacaste,Carrillo,Sardinal,10.499253,-85.703928,Casa de habitación,CRC,212.74,123765.5,114.27,560020.29,5104344.44,95428000,PER-006
AV-2025-000285,1-626980,Leasing,2025-01-29,2025-01-31,2025-02-12,San José,Escazú,Escazú,9.904883,-84.129886,Edificio de oficinas,USD,2975.99,786.1,12924.27,1580.68,1521437.33,24289998,PER-003
AV-2025-000286,2-107539,Garantía hipotecaria,2025-12-12,2025-12-15,2025-12-25,Alajuela,Atenas,Atenas,9.97342,-84.397133,Casa de habitación,CRC,483.97,477437.57,162.11,434743.9,147948.94,301690000,PER-004
AV-2025-000287,1-844230,Leasing,2025-07-12,2025-07-21,2025-07-29,San José,Goicoechea,Guadalupe,9.949617,-84.040228,Casa de habitación,CRC,642.26,773303.64,212.47,674834.71,10920985.49,650965000,PER-009
AV-2025-000288,3-855185,Garantía hipotecaria,2025-07-23,2025-08-05,2025-08-11,Cartago,Cartago,Oriental,9.875249,-83.917128,Terreno baldío urbano,CRC,1762.53,191199.19,0.0,0.0,0.0,336994000,PER-003
AV-2024-000289,3-182617,Leasing,2024-10-27,2024-11-09,2024-11-18,Cartago,Paraíso,Paraíso,9.858275,-83.877524,Bodega o nave industrial,CRC,7135.68,252560.19,4887.85,816501.66,31571903.01,5824698000,PER-004
AV-2025-000290,1-277862,Actualización de garantía,2025-09-07,2025-09-26,2025-10-03,San José,Curridabat,Curridabat,10.466017,-84.497842,Edificio de oficinas,USD,2915.23,400.87,8085.51,1295.14,367271.01,12007767,PER-006
AV-2024-000291,1-417145-268,Leasing,2024-09-21,2024-09-27,2024-10-07,San José,San José,Carmen,9.944413,-84.078668,Apartamento,USD,151.91,1001.57,354.82,861.83,15180.33,473123,PER-007
AV-2024-000292,7-540843-348,Garantía hipotecaria,2024-12-12,2024-12-14,2024-12-22,Limón,Talamanca,Cahuita,9.723328,-82.784876,Condominio horizontal,USD,380.35,186.24,209.16,1133.02,11781.89,319601,PER-001
AV-2025-000293,5-412672-160,Actualización de garantía,2025-08-20,2025-09-04,2025-09-14,Guanacaste,Carrillo,Sardinal,10.542157,-85.707883,Condominio horizontal,USD,257.49,524.32,71.83,1078.05,4414.9,216858,PER-001
AV-2024-000294,4-843828,Compraventa,2024-11-06,2024-11-24,2024-11-28,Heredia,Santo Domingo,Santo Domingo,9.976952,-84.091838,Casa de habitación,CRC,607.72,644967.56,168.6,353216.26,1864247.18,453376000,PER-006
AV-2025-000295,1-744676,Garantía hipotecaria,2025-08-30,2025-09-04,2025-09-07,San José,Curridabat,Curridabat,9.930612,-84.040635,Casa de habitación,CRC,231.51,1113556.36,44.14,473350.77,1214876.47,279908000,PER-006
AV-2025-000296,5-834615,Actualización de garantía,2021-05-13,2021-05-20,2021-05-26,Guanacaste,Carrillo,Sardinal,10.501216,-85.707864,Casa de habitación,USD,149.9,1313.18,58.53,757.55,1199.94,242385,PER-004
AV-2024-000297,4-486309,Actualización de garantía,2021-12-07,2021-12-09,2021-12-16,Heredia,Santo Domingo,Santo Domingo,9.745851,-83.614751,Casa de habitación,CRC,279.79,485646.31,153.22,417568.59,1728898.58,201588000,PER-001
AV-2025-000298,6-424314-390,Garantía hipotecaria,2025-09-16,2025-08-28,2025-09-04,Puntarenas,Quepos,Quepos,9.431227,-84.216264,Apartamento,CRC,180.21,207653.04,64.8,823337.1,239613.9,91013000,PER-003
AV-2026-000299,3-243569-283,Contable,2026-02-04,2026-02-20,2026-03-02,Cartago,La Unión,Tres Ríos,9.926814,-83.993162,Condominio horizontal,USD,453.23,246.75,134.35,592.21,4133.3,195531,PER-008
AV-2025-000300,4-809226-069,Actualización de garantía,2025-11-08,2025-11-20,2025-11-23,Heredia,Belén,San Antonio,9.971441,-84.169775,Apartamento,USD,206.67,750.17,78.86,1352.93,3827.81,265558,PER-005
AV-2025-000301,2-415114,Leasing,2025-08-07,2025-08-27,2025-08-28,Alajuela,Alajuela,Alajuela,10.018666,-84.224478,Casa de habitación,CRC,895.94,3228873.46,511.99,522200.03,4861901.57,3165100000,PER-007
AV-2025-000302,3-496468,Compraventa,2021-10-22,2021-11-10,2021-11-12,Cartago,Cartago,Oriental,9.87375,-83.930338,Local comercial,CRC,653.04,804873.39,847.29,284440.79,6205413.1,772824000,PER-007
AV-2025-000303,1-662735,Garantía hipotecaria,2023-10-30,2023-11-18,2023-11-22,San José,Tibás,San Juan,9.949902,-84.092033,Terreno baldío urbano,USD,1163.56,1003.0,0.0,0.0,27814.71,1194865,PER-004
AV-2024-000304,2-881630,Actualización de garantía,2024-06-11,2024-07-01,2024-07-08,Alajuela,Grecia,Grecia,10.084652,-84.34502,Local comercial,CRC,1545.79,423403.02,2013.59,375597.66,11951540.13,1422743000,PER-005
AV-2025-000305,1-385210,Garantía hipotecaria,2025-02-18,2025-03-04,2025-03-14,San José,San José,Carmen,9.944353,-84.068157,Bodega o nave industrial,USD,8196.28,877.11,5384.41,1166.76,166337.79,13637691,PER-001
AV-2025-000306,1-582491,Garantía hipotecaria,2025-12-15,2025-12-30,2026-01-10,San José,Goicoechea,Guadalupe,9.941446,-84.046509,Casa de habitación,CRC,290.41,878691.2,148.52,759017.48,8356073.24,376266000,PER-004
AV-2025-000307,6-519350-394,Actualización de garantía,2025-08-27,2025-09-06,2025-09-08,Puntarenas,Quepos,Quepos,9.449147,-84.183944,Apartamento,USD,143.23,3382.94,86.13,1617.87,4763.25,628649,PER-001
AV-2026-000308,1-224039,Actualización de garantía,2022-07-30,2022-08-06,2022-08-07,San José,Tibás,San Juan,9.972542,-84.089999,Edificio de oficinas,USD,1914.47,968.46,9550.92,652.13,351469.62,8433999,PER-004
AV-2025-000309,1-908549-395,Garantía hipotecaria,2021-10-07,2021-10-13,2021-10-24,San José,San José,Carmen,9.941046,-84.077494,Apartamento,USD,112.16,610.46,53.65,1227.19,4069.85,138378,PER-002
AV-2025-000310,3-119331,Garantía hipotecaria,2025-12-13,2025-12-30,2026-01-02,Cartago,Cartago,Oriental,9.856367,-83.930154,Casa de habitación,CRC,964.64,939459.4,368.85,357162.36,1806746.4,1039786000,PER-005
AV-2025-000311,5-916031,Leasing,2022-10-19,2022-10-20,2022-10-25,Guanacaste,Santa Cruz,Tamarindo,10.283128,-85.835325,Terreno baldío urbano,CRC,640.95,297841.99,0.0,0.0, ,190902000,PER-003
AV-2025-000312,1-511909,Leasing,2025-09-05,2025-09-21,2025-09-26,San José,Santa Ana,Santa Ana,9.94549,-84.198541,Bodega o nave industrial,USD,9381.28,681.96,2936.45,1511.93,31614.31,10868979,PER-001
AV-2025-000313,1-120044,Actualización de garantía,2025-08-10,2025-08-22,2025-09-01,San José,Montes de Oca,San Pedro,9.939797,-84.049757,Local comercial,CRC,496.95,166055.46,489.34,421872.47,16069931.04,305030000,PER-008
AV-2025-000314,1-675095,Garantía hipotecaria,2025-11-26,2025-12-15,2025-12-19,San José,Montes de Oca,San Pedro,9.931444,-84.055159,Casa de habitación,CRC,607.94,796143.46,90.73,438651.12,2227120.72,526033000,PER-002
AV-2025-000315,1-877794,Garantía hipotecaria,2022-10-12,2022-10-26,2022-10-28,San José,Puriscal,Santiago,9.890275,-84.382233,Finca agrícola,CRC,336852.76,6178.05,33835.65,649400.94,807689438.3,24861686000,PER-004
AV-2025-000316,1-341651,Actualización de garantía,2025-02-16,2025-02-21,2025-03-02,San José,Montes de Oca,San Pedro,9.932968,-84.043336,Casa de habitación,CRC,413.38,789293.33,141.46,557376.48,4208931.43,409333000,PER-009
AV-2025-000317,4-811227,Leasing,2025-03-11,2025-03-22,2025-04-01,Heredia,Heredia,Heredia,9.999267,-84.11923,Casa de habitación,CRC,321.35,705553.35,118.25,692724.08,3449281.82,312093000,PER-007
AV-2025-000318,2-725193,Actualización de garantía,2025-09-18,2025-09-24,2025-09-28,Alajuela,Upala,Upala,10.871853,-85.1202,Finca agrícola,CRC,25082.54,19960.68,0.0,0.0,4959991.04,505625000,PER-004
AV-2024-000319,3-138927,Leasing,2024-10-08,2024-10-28,2024-10-31,Cartago,La Unión,Tres Ríos,9.92813,-83.983168,Terreno baldío urbano,CRC,1375.37,132786.82,0.0,0.0,3134025.22,185765000,PER-006
AV-2025-000320,4-988280-011,Leasing,2025-10-10,2025-10-16,2025-10-19,Heredia,Belén,San Antonio,9.9652,-84.178863,Apartamento,USD,122.05,414.02,171.11,772.72,144.6,182896,PER-001
AV-2025-000321,4-621668,Leasing,2025-05-30,2025-06-05,2025-06-12,Heredia,Belén,San Antonio,9.990987,-84.176529,Casa de habitación,CRC,401.75,684238.87,156.68,748245.17,7531014.31,399659000,PER-007
AV-2025-000322,3-103259,Garantía hipotecaria,2025-08-26,2025-09-06,2025-09-18,Cartago,La Unión,Tres Ríos,9.902972,-83.973653,Local comercial,CRC,715.0,636642.72,1375.42,804614.0,33433958.02,1595316000,PER-007
AV-2026-000323,4-140913-177,Garantía hipotecaria,2026-02-08,2026-02-21,2026-03-02,Heredia,Heredia,Heredia,-84.102102,9.997394,Apartamento,USD,136.56,1052.28,364.78,553.81,14773.54,360492,PER-002
AV-2025-000324,3-797770,Garantía hipotecaria,2025-09-21,2025-12-30,2026-01-01,Cartago,Cartago,Oriental,8.803421,-83.799743,Casa de habitación,CRC,269.95,1130981.53,58.74,297352.62,1348677.36,324124000,PER-006
AV-2025-000325,4-677186,Garantía hipotecaria,2022-05-15,2022-05-27,2022-06-04,Heredia,Santo Domingo,Santo Domingo,9.971,-84.100967,Casa de habitación,CRC,489.17,856550.22,150.34,307599.74,3640398.18,468884000,PER-001
AV-2025-000326,4-738136-017,Contable,2025-08-03,2025-08-06,2025-08-10,Heredia,San Rafael,San Rafael,10.005043,-84.095395,Condominio horizontal,USD,319.35,411.03,210.01,517.96,1553.39,241593,PER-006
AV-2025-000327,6-761852-259,Compraventa,2025-06-05,2025-06-22,2025-06-25,Puntarenas,Garabito,Jacó,9.609679,-84.611105,Condominio horizontal,USD,323.87,503.67,127.58,529.06,4786.87,235408,PER-001
AV-2025-000328,3-606907,Garantía hipotecaria,2025-12-28,2025-12-31,2026-01-05,Cartago,Paraíso,Paraíso,9.862647,-83.845805,Terreno baldío urbano,CRC,760.14,257856.75,0.0,0.0,3429240.53,199436000,PER-006
AV-2025-000329,1-636225-327,Leasing,2022-03-19,2022-03-25,2022-03-27,San José,Escazú,Escazú,9.904555,-84.139186,Condominio horizontal,USD,492.04,640.61,358.7,1145.76,17477.32,743667,PER-002
AV-2026-000330,1-695111,Seguro,2026-01-21,2026-01-29,2026-02-10,San José,Montes de Oca,San Pedro,9.927989,-84.035317,Local comercial,CRC,1753.12,79629.39,2530.43,573514.33,35845263.44,1626683000,PER-009
AV-2025-000331,N/A,Leasing,2025-03-07,2025-03-16,2025-03-17,San José,Desamparados,Desamparados,9.901984,-84.076346,Casa de habitación,CRC,454.38,600564.78,264.72,833028.74,1665219.92,495069000,PER-006
AV-2025-000332,4-344993-103,Actualización de garantía,2025-11-08,2025-10-29,2025-10-31,Heredia,Belén,San Antonio,10.151855,-83.489445,Condominio horizontal,USD,326.17,847.72,197.59,1579.62,4711.14,593329,PER-004
AV-2025-000333,1-300341,Actualización de garantía,2025-02-04,2025-02-14,2025-02-19,San José,Pérez Zeledón,San Isidro de El General,9.933873,-84.09648,Finca agrícola,CRC,292622.45,114210.84,0.0,0.0,0.0,33420656000,PER-007
AV-2025-000334,1-914500,Garantía hipotecaria,2025-11-21,2025-12-05,2025-12-06,San José,Goicoechea,Guadalupe,9.944967,-84.042086,Casa de habitación,CRC,272.84,471536.73,89.04,816647.63,4733161.23,206102000,PER-005
AV-2025-000335,2-952252,Garantía hipotecaria,2025-08-02,2025-08-04,2025-08-07,Alajuela,Atenas,Atenas,10.007939,-84.366603,Finca agrícola,USD,376472.35,29.35,0.0,0.0,0.0,11049463,PER-008
AV-2025-000336,3-805374,Garantía hipotecaria,2025-09-14,2025-10-04,2025-10-11,Cartago,Turrialba,Turrialba,9.902474,-83.642202,Finca agrícola,CRC,25786.93,62106.11,822.66,720277.0,42436053.89,2236505000,PER-008
AV-2024-000337,3-777291,Actualización de garantía,2024-08-26,2024-09-14,2024-09-21,Cartago,La Unión,Tres Ríos,9.90629,-84.008161,Terreno baldío urbano,USD,415.12,1464.81,0.0,0.0,0.0,608072,PER-002
AV-2025-000338,4-815523,Garantía hipotecaria,2025-01-12,2025-01-13,2025-01-19,Heredia,Santo Domingo,Santo Domingo,9.970583,-84.103305,Casa de habitación,CRC,856.24,804965.16,453.19,320770.8,8628718.71,843242000,PER-005
AV-2025-000339,1-986171-229,Leasing,2025-11-10,2025-11-22,2025-11-28,San José,Santa Ana,Santa Ana,9.945264,-84.166133,Apartamento,USD,106.44,506.96,55.92,742.65,98.84,95589,PER-001
AV-2025-000340,1-877810,Actualización de garantía,2025-02-06,2025-02-15,2025-02-21,San José,Montes de Oca,San Pedro,9.928364,-84.059122,Casa de habitación,CRC,628.22,1100338.68,277.88,459683.15,745388.23,819737000,PER-008
AV-2026-000341,1-497060,Actualización de garantía,2022-05-25,2022-05-29,2022-06-06,San José,Desamparados,Desamparados,9.896492,-84.072675,Bodega o nave industrial,USD,14280.62,253.72,6546.72,1469.87,429132.3,13675239,PER-009
AV-2025-000342,1-894094-380,Actualización de garantía,2025-04-02,2025-04-04,2025-04-11,San José,Curridabat,Curridabat,9.915655,-84.023786,Apartamento,USD,169.62,877.95,182.4,574.28,3465.22,257132,PER-009
AV-2025-000343,3-908759,Compraventa,2025-08-27,2025-09-04,2025-09-08,Cartago,La Unión,Tres Ríos,9.910985,-83.984183,Terreno baldío urbano,CRC,213.26,93907.8,0.0,0.0,143487.62,20170000,PER-005
AV-2025-000344,3-802715,Compraventa,2025-02-17,2025-02-24,2025-02-25,Cartago,Cartago,Oriental,9.857617,-83.921116,Local comercial,CRC,670.29,1152442.13,1124.01,488239.05,31382767.73,1352639000,PER-009
AV-2024-000345,1-433880-114,Leasing,2024-04-03,2024-04-23,2024-05-02,San José,Tibás,San Juan,9.961912,-84.075531,Condominio horizontal,USD,514.6,1060.84,327.34,1559.92,20989.18,1077522,PER-002
AV-2025-000346,1-815288,Actualización de garantía,2025-05-20,2025-05-21,2025-05-29,San José,Tibás,San Juan,9.971834,-84.069929,Bodega o nave industrial,USD,10523.31,1017.86,3092.07,802.03,135635.44,13326825,PER-004
AV-2025-000347,1-518343,Actualización de garantía,2025-10-31,2025-11-18,2025-11-23,San José,Escazú,Escazú,9.903268,-84.142385,Terreno baldío urbano,CRC,454.31,166943.43,0.0,0.0,0.0,75844000,PER-005
AV-2025-000348,3-750396,Actualización de garantía,2025-08-31,2025-09-04,2025-09-08,Cartago,Cartago,Oriental,9.860601,-83.92735,Terreno baldío urbano,CRC,315.77,170561.72,0.0,0.0,694586.15,54553000,PER-003
AV-2024-000349,6-531641,Compraventa,2024-12-22,2024-12-25,2024-12-26,Puntarenas,Puntarenas,Puntarenas,9.996472,-84.815914,Finca agrícola,CRC,192112.35,81693.42,8569.07,578277.89,227469438.38,20877088000,PER-003
AV-2024-000350,6-948764,Actualización de garantía,2024-12-10,2024-12-19,2024-12-20,Puntarenas,Puntarenas,Puntarenas,9.954632,-84.838529,Local comercial,CRC,780.08,537360.27,1324.56,656199.76,62270848.27,1350631000,PER-005
AV-2025-000351,4-764412-323,Leasing,2025-05-02,2025-05-15,2025-05-16,Heredia,Heredia,Heredia,10.004909,-84.122064,Apartamento,USD,99.74,1018.02,251.76,1352.41,16807.32,458827,PER-005
AV-2026-000352,1-236628-371,Garantía hipotecaria,2026-02-10,2026-02-16,2026-02-21,San José,San José,Carmen,9.93623,-84.065063,Apartamento,USD,217.15,1092.25,398.73,1693.39,21041.43,933429,PER-005
AV-2025-000353,6-726363,Leasing,2025-07-26,2025-07-31,2025-08-04,Puntarenas,Garabito,Jacó,9.584509,-84.612571,Casa de habitación,CRC,450.72,1073814.04,299.94,801200.19,6751121.75,731053000,PER-008
AV-2025-000354,4-494820,Garantía hipotecaria,2022-05-09,2022-05-16,2022-05-20,Heredia,Santo Domingo,Santo Domingo,10.060463,-83.563828,Casa de habitación,USD,688.53,389.79,424.96,1460.16,49464.18,938356,PER-004
AV-2025-000355, ,Leasing,2025-10-12,2025-10-23,2025-10-29,Guanacaste,Liberia,Liberia,10.593956,-85.424875,Terreno baldío urbano,CRC,563.55,106710.53,0.0,0.0,0.0,60137000,PER-004
AV-2026-000356,3-198993,Actualización de garantía,2026-01-29,2026-02-13,2026-02-21,Cartago,Cartago,Oriental,9.857443,-83.905159,Casa de habitación,CRC,899.26,561923.74,623.47,789304.93,39239009.83,1036662000,PER-007
AV-2024-000357,1-754013,Garantía hipotecaria,2024-11-08,2024-11-08,2024-11-09,San José,Curridabat,Curridabat,-84.032861,9.911945,Local comercial,CRC,624.85,669644.86,191.76,707002.09,8601874.3,562604000,PER-007
AV-2026-000358,7-252844,Leasing,2026-01-23,2026-02-04,2026-02-09,Limón,Pococí,Guápiles,10.208514,-83.814883,Terreno baldío rural,CRC,37620.17,134161.66,0.0,0.0,0.0,5047184000,PER-005
AV-2026-000359,1-306961,Seguro,2026-01-11,2026-01-11,2026-01-15,San José,Desamparados,Desamparados,9.891103,-84.08176,Bodega o nave industrial,CRC,3912.13,421787.24,1948.14,409195.08,26918386.23,2474174000,PER-009
AV-2025-000360,4-859403,Compraventa,2025-11-14,2025-11-18,2025-11-24,Heredia,Heredia,Heredia,10.005536,-84.12177,Terreno baldío urbano,CRC,330.84,419566.8,0.0,0.0,0.0,138809000,PER-007
AV-2025-000361,2-787254-168,Garantía hipotecaria,2025-01-03,2025-01-14,2025-01-25,Alajuela,Alajuela,Alajuela,10.018192,-84.227989,Apartamento,USD,139.65,531.48,385.2,1030.72,4512.63,475767,PER-001
AV-2025-000362,4-381431,Actualización de garantía,2025-09-19,2025-09-22,2025-09-29,Heredia,Sarapiquí,Puerto Viejo,10.545681,-84.008347,Terreno baldío rural,CRC,10329.23,41567.68,0.0,0.0,9969299.76,439331000,PER-005
AV-2025-000363,6-171347,Garantía hipotecaria,2025-05-25,2025-06-11,2025-06-21,Puntarenas,Garabito,Jacó,9.577255,-84.611434,Terreno baldío urbano,USD,1521.48,347.35,107.32,629.45,0.0,528486,PER-005
AV-2024-000364,5-679781,Actualización de garantía,2024-08-27,2024-09-09,2024-09-19,Guanacaste,Liberia,Liberia,10.66334,-85.460021,Terreno baldío rural,USD,7503.44,164.65,0.0,0.0,0.0,1235441,PER-006
AV-2024-000365,5-470877,Actualización de garantía,2024-09-20,2024-10-06,2024-10-13,Guanacaste,Nicoya,Nicoya,10.19939,-85.466487,Finca agrícola,CRC,87953.09,67675.48,0.0,0.0,148364053.93,6100632000,PER-003
AV-2026-000366,7-649454,Leasing,2026-01-22,2026-02-07,2026-02-15,Limón,Talamanca,Cahuita,9.760915,-82.837979,Casa de habitación,CRC,912.31,1049976.0,613.84,766528.42,5938126.59,1434368000,PER-003
AV-2026-000367,2-953812,Leasing,2023-01-19,2023-01-25,2023-02-05,Alajuela,Alajuela,Alajuela,10.008096,-84.192867,Terreno baldío urbano,CRC,947.5,397318.9,0.0,0.0,0.0,376460000,PER-007
AV-2026-000368,1-661062,Garantía hipotecaria,2025-12-31,2026-01-01,2026-01-03,San José,Desamparados,Desamparados,9.89994,-84.061388,Casa de habitación,CRC,157.16,475338.38,19.02,477916.68,566794.52,84361000,PER-002
AV-2025-000369,7-924792,Actualización de garantía,2025-09-11,2025-09-30,2025-10-12,Limón,Limón,Limón,9.976134,-83.00819,Local comercial,CRC,399.16,705291.1,463.48,782139.91,21955978.3,665986000,PER-009
AV-2024-000370,7-452099,Actualización de garantía,2024-06-30,2024-07-04,2024-07-15,Limón,Talamanca,Cahuita,-82.881433,9.700504,Casa de habitación,CRC,241.1,767852.73,48.15,807762.44,1990219.7,226013000,PER-001
AV-2025-000371,4-565674,Contable,2021-05-05,2021-04-30,2021-05-04,Heredia,Santo Domingo,Santo Domingo,9.969958,-84.081227,Local comercial,CRC,561.4,388872.51,925.83,848862.59,14350097.96,1018566000,PER-006
AV-2025-000372,5-407113,Actualización de garantía,2023-02-02,2023-02-15,2023-02-25,Guanacaste,Liberia,Liberia,10.639143,-85.455486,Casa de habitación,CRC,582.76,2439705.07,88.14,674117.42,2786821.08,1483966000,PER-006
AV-2026-000373,1-474380-374,Actualización de garantía,2026-02-01,2026-02-04,2026-02-14,San José,San José,Carmen,9.927546,-84.068796,Apartamento,USD,95.02,832.47,191.81,836.35,7160.03,246682,PER-009
AV-2024-000374,3-820857,Actualización de garantía,2024-10-30,2024-10-31,2024-11-09,Cartago,La Unión,Tres Ríos,9.908304,-83.96977,Local comercial,CRC,1652.03,820074.96,1724.83,733382.3,18967675.03,2638716000,PER-003
AV-2025-000375,3-315393,Garantía hipotecaria,2025-07-31,2025-08-19,2025-08-28,Cartago,Paraíso,Paraíso,9.863118,-83.872635,Casa de habitación,USD,314.56,232.67,49.23,849.48,2455.07,117464,PER-009
AV-2025-000376,2-382281,Leasing,2025-04-13,2025-04-17,2025-04-24,Alajuela,Upala,Upala,10.933265,-85.030067,Terreno baldío urbano,USD,1386.81,30.25,0.0,0.0,539.6,42491,PER-002
AV-2025-000377,3-823862,Actualización de garantía,2025-11-24,2025-12-07,2025-12-19,Cartago,Paraíso,Paraíso,9.826159,-83.857378,Bodega o nave industrial,CRC,11093.81,539645.55,4523.15,507759.37,24658446.21,8308055000,PER-006
AV-2025-000378,4-851918-351,Compraventa,2025-01-13,2025-01-16,2025-01-18,Heredia,Santo Domingo,Santo Domingo,9.864214,-85.081914,Apartamento,USD,117.74,361.45,110.3,622.41,736.73,111946,PER-004
AV-2025-000379,1-395045,Garantía hipotecaria,2025-09-16,2025-10-01,2025-10-10,San José,Santa Ana,Santa Ana,10.615449,-83.87451,Edificio de oficinas,USD,1390.54,674.39,7627.01,787.64,303057.0,7248161,PER-004
AV-2025-000380,3-667836,Garantía hipotecaria,2025-08-31,2025-09-12,2025-09-24,Cartago,Cartago,Oriental,9.854329,-83.908833,Terreno baldío urbano,CRC,1088.51,886044.47,0.0,0.0,0.0,964468000,PER-007
AV-2025-000381,1-950960,Leasing,2025-05-11,2025-05-21,2025-05-29,San José,Puriscal,Santiago,9.846629,-84.259989,Finca agrícola,CRC,276103.17,8769.16,0.0,0.0,14860281.02,2436053000,PER-001
AV-2024-000382,3-500072,Garantía hipotecaria,2024-08-15,2024-08-19,2024-08-23,Cartago,Cartago,Oriental,9.870206,-83.918884,Terreno baldío urbano,CRC,731.13,317067.86,0.0,0.0,6485817.71,238304000,PER-002
AV-2024-000383,2-268201-381,Garantía hipotecaria,2024-09-23,2024-10-03,2024-10-15,Alajuela,Alajuela,Alajuela,10.022225,-84.197127,Apartamento,USD,110.8,994.0,159.06,1133.17,12285.17,302662,PER-003
AV-2025-000384,1-833691-066,Contable,2024-12-23,2025-01-12,2025-01-15,San José,Goicoechea,Guadalupe,9.965739,-84.053152,Condominio horizontal,CRC,491.28,146925.41,187.65,821824.0,6241512.87,232638000,PER-004
AV-2026-000385,1-201693-214,Garantía hipotecaria,2021-09-14,2021-09-22,2021-10-02,San José,Curridabat,Curridabat,9.915892,-84.017749,Apartamento,USD,193.96,599.77,264.81,1377.46,25035.73,506132,PER-008
AV-2025-000386,3-604656,Seguro,2025-06-09,2025-06-20,2025-06-22,Cartago,Paraíso,Paraíso,9.807949,-83.863709,Casa de habitación,CRC,510.52,464576.55,305.45,712423.63,2818980.37,457604000,PER-001
AV-2025-000387,1-912576,Actualización de garantía,2025-10-09,2025-10-17,2025-10-23,San José,Santa Ana,Santa Ana,9.934196,-84.184698,Local comercial,CRC,1754.14,802018.51,2719.15,551926.83,66737803.5,2974362000,PER-002
AV-2025-000388,5-512081,Actualización de garantía,2025-11-26,2025-12-06,2025-12-10,Guanacaste,Liberia,Liberia,10.603354,-85.421526,Casa de habitación,CRC,471.84,656870.18,283.89,556076.6,11649699.84,479452000,PER-009
AV-2025-000389,5-449581-151,Leasing,2025-10-03,2025-10-04,2025-10-05,Guanacaste,Santa Cruz,Tamarindo,10.302854,-85.823299,Apartamento,USD,94.51,3479.13,46.89,596.71,603.25,357396,PER-003
AV-2025-000390,4-315042-091,Actualización de garantía,2025-07-01,2025-07-12,2025-07-17,Heredia,Heredia,Heredia,10.002574,-84.111692,Apartamento,USD,95.78,1031.1,282.85,626.68,13049.61,289065,PER-002
AV-2026-000391,1-238512,Actualización de garantía,2023-08-14,2023-08-23,2023-09-02,San José,Santa Ana,Santa Ana,9.914458,-84.179765,Casa de habitación,USD,344.41,693.08,161.16,N/A,7827.92,427666,PER-006
AV-2025-000392,4-713062,Contable,2025-09-10,2025-09-13,2025-09-19,Heredia,Santo Domingo,Santo Domingo,10.683407,-84.819158,Terreno baldío urbano,USD,243.27,1685.94,0.0,0.0,0.0,410139,PER-003
AV-2025-000393,5-727994,Garantía hipotecaria,2025-09-02,2025-09-18,2025-09-29,Guanacaste,Liberia,Liberia,10.623451,-85.438039,Casa de habitación,CRC,837.19,363666.94,315.71,289134.45,7176801.96,402918000,PER-003
AV-2024-000394,1-593321,Leasing,2022-09-15,2022-10-05,2022-10-09,San José,Santa Ana,Santa Ana,9.482738,-84.198442,Bodega o nave industrial,USD,14503.86,516.59,8509.74,1105.55,82385.98,16982878,PER-003
AV-2025-000395,1-168617-183,Garantía hipotecaria,2025-04-01,2025-04-12,2025-04-23,San José,Santa Ana,Santa Ana,9.948762,-84.189294,Condominio horizontal,USD,711.98,997.66,185.74,1098.16,8339.53,922626,PER-006
AV-2024-000396,1-861312,Actualización de garantía,2024-09-21,2024-10-05,2024-10-10,San José,Escazú,Escazú,9.921079,-84.122242,Bodega o nave industrial,USD,3485.16,644.42,1013.28,529.64,42211.31,2824792,PER-006
AV-2025-000397,1-992956,Seguro,2025-01-05,2025-01-20,2025-01-26,San José,Tibás,San Juan,9.970004,-84.080955,Local comercial,CRC,1952.52,652066.65,696.13,613111.22,632593.25,1700611000,PER-004
AV-2025-000398,1-491378,Garantía hipotecaria,2025-08-15,2025-08-26,2025-09-05,San José,Curridabat,Curridabat,9.927324,-84.023212,Local comercial,USD,1226.76,634.08,2349.45,1411.01,26604.6,4119566,PER-009
AV-2025-000399,4-663723,Actualización de garantía,2025-08-08,2025-08-12,2025-08-21,Heredia,Santo Domingo,Santo Domingo,9.988341,-84.09298,Bodega o nave industrial,USD,3617.53,417.84,2148.54,1630.19,228219.98,5242297,PER-002
AV-2025-000400,1-185516-383,Seguro,2022-04-10,2022-04-13,2022-04-20,San José,Santa Ana,Santa Ana,10.495868,-83.844719,Apartamento,USD,148.08,578.11,224.74,1477.24,2889.68,420491,PER-005
AV-2024-000401,1-926426,Actualización de garantía,2024-04-25,2024-05-07,2024-05-16,San José,Goicoechea,Guadalupe,9.95093,-84.055424,Casa de habitación,CRC,165.66,3454941.26,17.94,500513.82,71265.97,581396000,PER-003
AV-2025-000402,1-103029-211,Actualización de garantía,2025-09-18,2025-10-04,2025-10-15,San José,Desamparados,Desamparados,9.90935,-84.083782,Apartamento,USD,125.01,328.1,269.89,1203.73,8832.84,374723,PER-009
AV-2025-000403,3-406885,Actualización de garantía,2025-09-27,2025-09-30,2025-10-12,Cartago,Cartago,Oriental,9.859001,-83.914999,Casa de habitación,USD,315.57,649.6,71.89,694.16,2491.86,257389,PER-004
AV-2025-000404,7-195127,Actualización de garantía,2022-08-24,2022-08-30,2022-09-09,Limón,Pococí,Guápiles,10.172353,-83.799918,Local comercial,CRC,1357.7,510644.3,2701.69,842850.21,160899028.66,3131321000,PER-006
AV-2024-000405,4-629328-125,Actualización de garantía,2022-02-11,2022-02-25,2022-03-06,Heredia,Belén,San Antonio,9.975099,-84.183692,Apartamento,USD,85.59,479.62,210.8,1477.95,20249.92,372852,PER-002
AV-2025-000406,7-399387,Actualización de garantía,2025-08-29,2025-08-29,2025-09-09,Limón,Limón,Limón,9.982181,-83.06043,Casa de habitación,CRC,477.48,267855.17,220.93,622564.09,9683541.71,275122000,PER-005
AV-2025-000407,3-261423,Leasing,2025-08-11,2025-08-22,2025-08-28,Cartago,Cartago,Oriental,9.850127,-83.921865,Local comercial,CRC,576.52,738347.44,249.33,323313.34,5741888.73,512026000,PER-001
AV-2024-000408,1-313118,Seguro,2024-10-11,2024-10-15,2024-10-25,San José,Escazú,Escazú,9.928797,-84.15584,Casa de habitación,CRC,813.46,1229343.21,0.0,0.0,19605368.96,1285001000,PER-007
AV-2025-000409,4-801489,Compraventa,2025-11-06,2025-11-06,2025-11-14,Heredia,Heredia,Heredia,9.998029,-84.112927,Edificio de oficinas,USD,1777.06,1020.28,9696.71,920.99,682493.66,11426165,PER-009
AV-2024-000410,1-775924,Leasing,2024-10-10,2024-10-16,2024-10-18,San José,Curridabat,Curridabat,9.92776,-84.023376,Casa de habitación,CRC,661.83,1166144.26,424.25,718930.74,16586394.41,1093382000,PER-005
AV-2025-000411,7-806401,Leasing,2025-09-01,2025-09-03,2025-09-09,Limón,Limón,Limón,9.985648,-83.014803,Finca agrícola,CRC,78743.19,86915.74,3369.65,302547.0,36492087.76,7899992000,PER-001
AV-2024-000412,5-651642,Actualización de garantía,2024-12-11,2024-12-21,2025-01-01,Guanacaste,Nicoya,Nicoya,10.10646,-85.433394,Bodega o nave industrial,USD,9541.87,131.91,4622.43,994.29,178160.49,6032864,PER-002
AV-2025-000413,2-360048,Leasing,2025-08-13,2025-08-21,2025-08-24,Alajuela,San Carlos,Quesada,10.33262,-84.378935,Terreno baldío urbano,CRC,1084.28,98839.69,0.0,0.0,0.0,107170000,PER-009
AV-2025-000414,5-235509,Garantía hipotecaria,2023-03-07,2023-03-22,2023-03-28,Guanacaste,Santa Cruz,Tamarindo,10.308956,-85.859389,Terreno baldío urbano,USD,585.2,578.77,0.0,0.0,0.0,338696,PER-002
AV-2026-000415,1-467508-203,Actualización de garantía,2026-01-24,2026-01-31,2026-02-07,San José,Curridabat,Curridabat,9.908404,-84.044285,Apartamento,CRC,154.04,915696.32,410.04,720034.05,18540999.18,454838000,PER-008
AV-2024-000416,6-315531,Leasing,2024-10-29,2024-11-13,2024-11-20,Puntarenas,Quepos,Quepos,9.450268,-84.180651,Terreno baldío urbano,CRC,1572.99,210650.44,0.0,0.0,0.0,331351000,PER-008
AV-2024-000417,4-584658,Actualización de garantía,2024-11-09,2024-11-26,2024-12-05,Heredia,Sarapiquí,Puerto Viejo,10.390337,-83.927766,Finca agrícola,CRC,95394.19,17775.9,5682.58,557917.1,59879832.93,4926006000,PER-002
AV-2025-000418,2-150614,Garantía hipotecaria,2025-01-26,2025-02-12,2025-02-15,Alajuela,San Ramón,San Ramón,10.116837,-84.437796,Casa de habitación,CRC,933.15,457549.63,443.5,770901.75,11881037.81,780738000,PER-009
AV-2025-000419,1-375059,Actualización de garantía,2025-11-26,2025-11-26,2025-12-05,San José,San José,Carmen,9.936161,-84.083152,Terreno baldío urbano,CRC,438.38,360969.23,0.0,0.0,0.0,158242000,PER-003
AV-2026-000420,7-167781,Seguro,2025-12-25,2026-01-09,2026-01-15,Limón,Pococí,Guápiles,10.220025,-83.766733,Casa de habitación,CRC,1037.9,336160.59,343.04,789390.68,21019411.07,640713000,PER-001
AV-2025-000421,5-447381,Actualización de garantía,2024-12-30,2025-01-08,2025-01-09,Guanacaste,Carrillo,Sardinal,10.488287,-85.66011,Terreno baldío urbano,CRC,1428.47,166584.4,0.0,0.0,0.0,237961000,PER-004
AV-2025-000422,3-610752,Garantía hipotecaria,2025-04-29,2025-05-01,2025-05-09,Cartago,Cartago,Oriental,9.877349,-83.912639,Terreno baldío urbano,USD,832.84,81.2,0.0,0.0,0.0,67627,PER-003
AV-2025-000423,1-484230-340,Actualización de garantía,2025-11-13,2025-11-16,2025-11-18,San José,Desamparados,Desamparados,9.907966,-84.048709,Condominio horizontal,USD,243.23,336.51,140.81,1071.22,1606.81,190880,PER-002
AV-2025-000424,1-982729,Leasing,2021-10-18,2021-10-18,2021-10-23,San José,Goicoechea,Guadalupe,10.240618,-83.36932,Casa de habitación,CRC,574.46,348890.37,285.42,770644.05,3361181.44,423742000,PER-001
AV-2024-000425,1-606900-102,Actualización de garantía,2024-09-09,2024-09-10,2024-09-14,San José,Tibás,San Juan,9.951642,-84.086447,Apartamento,USD,108.79,689.53,73.34,1038.26,2778.79,153939,PER-001
AV-2025-000426,4-746716,Actualización de garantía,2025-02-10,2025-02-27,2025-03-05,Heredia,Santo Domingo,Santo Domingo,9.979079,-84.095521,Casa de habitación,CRC,248.35,100713.99,81.7,346430.5,23492.04,53339000,PER-004
AV-2026-000427,1-510928,Contable,2026-01-01,2026-01-17,2026-01-19,San José,Pérez Zeledón,San Isidro de El General,9.334255,-83.736915,Terreno baldío urbano,CRC,517.08,133160.5,0.0,0.0,0.0,68855000,PER-005
AV-2024-000428,N/A,Contable,2024-10-27,2024-10-27,2024-11-05,Cartago,Turrialba,Turrialba,9.892671,-83.634262,Casa de habitación,CRC,662.81,364084.43,288.57,718758.4,10621705.47,459353000,PER-004
AV-2025-000429,5-748681-245,Leasing,2025-01-23,2025-01-28,2025-02-04,Guanacaste,Carrillo,Sardinal,10.492997,-85.652283,Condominio horizontal,CRC,456.38,72641.21,144.61,683228.24,1440452.33,133394000,PER-006
AV-2026-000430,2-561230,Garantía hipotecaria,2026-01-10,2026-01-28,2026-02-01,Alajuela,San Carlos,Quesada,10.289446,-84.444685,Finca agrícola,CRC,225383.23,109239.16,5367.59,646387.56,3973083.03,28094191000,PER-008
AV-2026-000431,1-184435,Compraventa,2025-12-29,2026-01-05,2026-01-15,San José,Desamparados,Desamparados,9.908219,-84.082397,Casa de habitación,CRC,281.47,480055.63,120.85,339116.07,1633796.24,177737000,PER-001
AV-2025-000432,4-808594-025,Garantía hipotecaria,2025-10-17,2025-10-27,2025-11-02,Heredia,Santo Domingo,Santo Domingo,9.977219,-84.096067,Apartamento,USD,102.29,336.19,283.31,650.11,11485.71,230057,PER-002
AV-2024-000433,1-339608-186,Garantía hipotecaria,2024-08-03,2024-08-15,2024-08-18,San José,Tibás,San Juan,9.959908,-84.079797,Apartamento,CRC,88.1,1180392.75,144.04,488443.5,1154722.44,175503000,PER-003
AV-2025-000434,3-384612-328,Leasing,2025-08-09,2025-08-13,2025-08-14,Cartago,La Unión,Tres Ríos,9.921983,-83.975778,Condominio horizontal,USD,235.47,337.95,53.67,560.97,403.63,110088,PER-001
AV-2025-000435,3-288449,Compraventa,2025-09-10,2025-09-30,2025-10-06,Cartago,La Unión,Tres Ríos,9.903671,-83.984147,Casa de habitación,CRC,398.17,764986.03,0.0,0.0,78751.58,304673000,PER-007
AV-2025-000436,4-509559,Garantía hipotecaria,2025-05-08,2025-05-26,2025-06-06,Heredia,Santo Domingo,Santo Domingo,9.985614,-84.082407,Terreno baldío urbano,CRC,903.39,131820.22,0.0,0.0,0.0,119085000,PER-007
AV-2025-000437,6-609658,Contable,2025-11-13,2025-10-19,2025-10-23,Puntarenas,Quepos,Quepos,9.44908,-84.126972,Terreno baldío urbano,CRC,1441.13,138258.91,0.0,0.0,0.0,199249000,PER-007
AV-2026-000438,5-310536,Garantía hipotecaria,2023-01-17,2023-01-23,2023-01-25,Guanacaste,Santa Cruz,Tamarindo,10.308923,-85.810085,Casa de habitación,CRC,464.76,748669.41,108.35,441777.59,1967673.33,397786000,PER-001
AV-2025-000439,1-978305,Garantía hipotecaria,2025-10-09,2025-10-09,2025-10-19,San José,Montes de Oca,San Pedro,9.930427,-84.056162,Local comercial,USD,2546.36,1075.27,812.4,685.24,15909.64,3310623,PER-001
AV-2025-000440,2-947632,Garantía hipotecaria,2025-07-09,2025-07-28,2025-08-01,Alajuela,Upala,Upala,10.909189,-84.935635,Terreno baldío urbano,USD,304.8,55.74,0.0,0.0,0.0,16990,PER-001
AV-2025-000441,4-573206,Actualización de garantía,2025-01-04,2025-01-23,2025-01-29,Heredia,San Rafael,San Rafael,10.026149,-84.102415,Casa de habitación,CRC,243.0,720466.46,115.68,659302.81,5728630.62,257070000,PER-001
AV-2025-000442,2-160024,Seguro,2025-05-09,2025-05-25,2025-06-02,Alajuela,Upala,Upala,10.934598,-85.108367,Terreno baldío urbano,CRC,410.12,13039.38,0.0,0.0,0.0,5348000,PER-005
AV-2025-000443,7-888635,Actualización de garantía,2025-05-21,2025-05-21,2025-05-22,Limón,Limón,Limón,9.96236,-83.028237,Local comercial,CRC,1397.94,374936.27,2182.96,461954.08,56024984.66,1588591000,PER-007
AV-2024-000444,1-713114,Actualización de garantía,2024-12-13,2024-12-22,2024-12-29,San José,Santa Ana,Santa Ana,9.922249,-84.173381,Local comercial,CRC,180.26,1140288.76,98.93,288107.67,1079549.71,235130000,PER-004
AV-2025-000445,1-140514,Leasing,2025-12-04,2025-12-10,2025-12-12,San José,Goicoechea,Guadalupe,9.970591,-84.692077,Casa de habitación,USD,269.49,412.86,134.38,872.62,4169.66,232694,PER-003
AV-2024-000446,3-625850,Seguro,2024-11-19,2024-11-27,2024-11-29,Cartago,Cartago,Oriental,9.872913,-83.906639,Casa de habitación,CRC,738.98,927097.69,289.31,544037.58,10431679.82,852934000,PER-008
AV-2024-000447,6-518820,Garantía hipotecaria,2024-09-09,2024-09-10,2024-09-13,Puntarenas,Quepos,Quepos,9.462908,-84.151586,Terreno baldío urbano,CRC,759.53,126362.55,0.0,0.0,0.0,95976000,PER-003
AV-2025-000448,3-349012,Actualización de garantía,2025-05-22,2025-05-31,2025-06-02,Cartago,La Unión,Tres Ríos,9.081831,-84.101318,Casa de habitación,USD,556.14,215.53,353.09,537.0,8292.48,371154,PER-009
AV-2025-000449,1-619657,Garantía hipotecaria,2023-12-27,2024-01-09,2024-01-12,San José,Curridabat,Curridabat,9.906467,-84.041893,Bodega o nave industrial,USD,3901.49,1079.58,2225.39,1493.62,12987.17,7548845,PER-003
AV-2024-000450,1-196345,Seguro,2024-12-17,2024-12-17,2024-12-18,San José,Curridabat,Curridabat,9.912969,-84.02951,Casa de habitación,USD,219.62,415.59,33.82,1157.71,2758.43,133184,PER-005
AV-2026-000451,4-659906,Leasing,2026-02-02,2026-02-02,2026-02-06,Heredia,Santo Domingo,Santo Domingo,9.964585,-84.093873,Casa de habitación,USD,367.61,204.07,199.29,1028.34,4380.08,284336,PER-008
AV-2025-000452,2-108717-212,Actualización de garantía,2025-12-10,2025-12-20,2025-12-29,Alajuela,Alajuela,Alajuela,10.022397,-84.209896,Apartamento,USD,101.71,535.83,131.53,1170.84,4759.64,213259,PER-006
AV-2025-000453,4-641273,Actualización de garantía,2025-01-16,2025-02-01,2025-02-03,Heredia,Santo Domingo,Santo Domingo,9.977868,-84.103203,Terreno baldío urbano,CRC,1404.47,954252.44,0.0,0.0,0.0,1340219000,PER-007
AV-2025-000454,1-957734,Actualización de garantía,2025-06-05,2025-06-18,2025-06-19,San José,Tibás,San Juan,9.96347,-84.084977,Casa de habitación,CRC,566.55,801710.79,331.42,843906.91,21177029.56,755074000,PER-009
AV-2025-000455,4-748765,Actualización de garantía,2025-10-11,2025-10-17,2025-10-24,Heredia,Belén,San Antonio,9.974451,-84.182787,Terreno baldío urbano,CRC,224.78,231836.87,0.0,0.0,0.0,52112000,PER-006
AV-2025-000456,2-515003,Actualización de garantía,2025-05-30,2025-06-10,2025-06-14,Alajuela,Grecia,Grecia,10.101281,-84.313511,Local comercial,CRC,1656.56,1470213.35,2308.96,766519.52,71646200.35,4607581000,PER-008
AV-2025-000457,1-182379,Garantía hipotecaria,2025-11-17,2025-11-23,2025-11-29,San José,Desamparados,Desamparados,9.882182,-84.078028,Terreno baldío urbano,CRC,794.76,233472.7,73.36,829874.09,0.0,246434000,PER-001
AV-2025-000458,5-619261,Compraventa,2025-02-05,2025-02-15,2025-02-18,Guanacaste,Liberia,Liberia,10.612944,-85.438031,Casa de habitación,CRC,249.11,295471.55,147.12,659349.5,4989088.58,175598000,PER-002
AV-2026-000459,3-855237,Actualización de garantía,2026-02-03,2026-02-18,2026-02-25,Cartago,La Unión,Tres Ríos,9.899295,-83.972464,Local comercial,CRC,1384.74,563324.62,989.56,543772.19,34591462.86,1352745000,PER-002
AV-2025-000460,5-781636,Actualización de garantía,2025-10-22,2025-11-03,2025-11-08,Guanacaste,Santa Cruz,Tamarindo,10.307539,-85.856688,Casa de habitación,CRC,662.82,758543.26,130.34,365481.85,1716033.92,552131000,PER-005
AV-2025-000461,1-563007,Garantía hipotecaria,2025-11-23,2025-11-26,2025-12-04,San José,Goicoechea,Guadalupe,9.944838,-84.04953,Bodega o nave industrial,USD,4992.38,343.9,2420.39,1181.61,65180.38,4642017,PER-001
AV-2025-000462,4-462140,Garantía hipotecaria,2025-04-07,2025-04-15,2025-04-18,Heredia,San Rafael,San Rafael,10.012804,-84.102138,Casa de habitación,CRC,454.64,515762.68,269.44,522413.44,158374.29,375404000,PER-005
AV-2024-000463,1-472218,Contable,2024-10-07,2024-10-26,2024-10-27,San José,Escazú,Escazú,9.92738,-84.155954,Local comercial,CRC,876.33,1212101.73,991.65,684272.54,46186741.92,1786947000,PER-009
AV-2025-000464,1-751771,Leasing,2025-10-19,2025-11-04,2025-11-09,San José,Montes de Oca,San Pedro,9.943947,-84.040693,Casa de habitación,CRC,592.54,636808.71,232.37,836209.86,3981659.18,649263000,PER-007
AV-2024-000465,1-324123-383,Garantía hipotecaria,2024-06-16,2024-07-06,2024-07-11,San José,San José,Carmen,9.946089,-84.078292,Apartamento,CRC,94.63,3708619.86,33.47,688929.2,720759.33,374726000,PER-003
AV-2025-000466,7-775154,Garantía hipotecaria,2025-10-09,2025-10-19,2025-10-31,Limón,Limón,Limón,9.968099,-83.029012,Terreno baldío urbano,CRC,441.88,62222.55,0.0,0.0,0.0,27495000,PER-005
AV-2026-000467,4-927840,Compraventa,2026-01-20,2026-01-29,2026-02-05,Heredia,Heredia,Heredia,10.007058,-84.109452,Edificio de oficinas,USD,2633.11,1104.47,4106.41,741.62,115891.49,6069478,PER-008
AV-2026-000468,1-689142-072,Actualización de garantía,2026-01-09,2026-01-26,2026-02-02,San José,Escazú,Escazú,9.923301,-84.1476,Apartamento,USD,125.83,978.09,294.9,509.54,6713.99,280050,PER-007
AV-2025-000469,6-432817,Garantía hipotecaria,2025-09-16,2025-09-20,2025-09-28,Puntarenas,Quepos,Quepos,9.804391,-83.676681,Terreno baldío rural,CRC,38935.09,166678.92,0.0,0.0,0.0,6489659000,PER-002
AV-2026-000470,1-745966,Actualización de garantía,2026-02-20,2026-02-21,2026-02-27,San José,Desamparados,Desamparados,9.897863,-84.088086,Terreno baldío urbano,CRC,722.95,505474.68,0.0,0.0,4102457.35,369535000,PER-009
AV-2024-000471,1-830975,Leasing,2024-04-04,2024-04-13,2024-04-20,San José,Pérez Zeledón,San Isidro de El General,9.347127,-83.71673,Casa de habitación,CRC,356.42,496358.16,193.64,298660.17,1161564.79,235906000,PER-001
AV-2025-000472,6-712497,Garantía hipotecaria,2025-09-24,2025-10-14,2025-10-23,Puntarenas,Quepos,Quepos,9.427595,-84.184268,Casa de habitación,CRC,312.9,535956.87,160.93,263427.33,1357244.28,211452000,PER-008
AV-2025-000473,1-684389,Contable,2025-05-09,2025-05-18,2025-05-27,San José,Goicoechea,Guadalupe,9.952126,-84.065966,Casa de habitación,CRC,846.84,710418.12,203.73,769459.68,4223048.54,762596000,PER-009
AV-2025-000474,1-349066,Actualización de garantía,2025-08-10,2025-08-14,2025-08-25,San José,Tibás,San Juan,9.957481,-84.078082,Edificio de oficinas,CRC,1658.69,1373848.67,6687.94,332141.04,98317286.8,4598446000,PER-004
AV-2026-000475,4-891247,Garantía hipotecaria,2026-01-08,2026-01-26,2026-02-02,Heredia,Sarapiquí,Puerto Viejo,10.473075,-83.947228,Finca agrícola,CRC,249153.29,92001.44,5608.56,793171.98,131182440.79,27502197000,PER-007
AV-2024-000476,4-785764-355,Leasing,2022-05-07,2022-05-15,2022-05-19,Heredia,Heredia,Heredia,10.004475,-84.102218,Apartamento,USD,96.74,778.2,174.61,885.1,6332.51,236163,PER-007
AV-2024-000477,6-883218,Garantía hipotecaria,2022-02-23,2022-03-10,2022-03-18,Puntarenas,Quepos,Quepos,-84.173929,9.477089,Casa de habitación,CRC,405.33,1304368.7,228.24,265805.9,586315.27,589954000,PER-003
AV-2025-000478,2-385991,Leasing,2025-02-24,2025-02-27,2025-03-01,Alajuela,San Ramón,San Ramón,10.083672,-84.500682,Casa de habitación,CRC,1098.49,319746.28,320.91,414564.74,9293288.94,493569000,PER-005
AV-2025-000479,1-777515,Actualización de garantía,2025-08-20,2025-08-23,2025-08-27,San José,Santa Ana,Santa Ana,10.189184,-83.78087,Terreno baldío urbano,CRC,951.52,1801732.93,0.0,0.0,0.0,1714385000,PER-007
AV-2024-000480,5-716636,Leasing,2024-09-04,2024-09-22,2024-09-29,Guanacaste,Carrillo,Sardinal,10.519598,-85.656961,Casa de habitación,CRC,558.41,841992.54,75.05,516063.06,2416462.37,511324000,PER-003
AV-2025-000481,1-178895-227,Garantía hipotecaria,2025-11-12,2025-11-26,2025-11-29,San José,Escazú,Escazú,9.917552,-84.124377,Apartamento,USD,147.62,486.92,421.62,682.54,14613.74,374265,PER-002
AV-2025-000482,1-958774,Leasing,2023-07-26,2023-07-27,2023-08-05,San José,San José,Carmen,9.943122,-84.066856,Terreno baldío urbano,CRC,1271.67,433769.92,0.0,0.0,0.0,551612000,PER-001
AV-2025-000483,1-959677,Leasing,2025-06-17,2025-06-19,2025-06-29,San José,Montes de Oca,San Pedro,9.109693,-84.040049,Bodega o nave industrial,USD,5918.26,690.89,2109.56,1394.04,68807.25,7098485,PER-001
AV-2024-000484,6-445862,Leasing,2024-09-18,2024-09-25,2024-10-01,Puntarenas,Garabito,Jacó,9.619606,-84.625852,Terreno baldío urbano,CRC,306.89,182041.34,0.0,0.0,1216203.97,57083000,PER-009
AV-2025-000485,1-940924-131,Garantía hipotecaria,2023-11-28,2023-12-11,2023-12-23,San José,Montes de Oca,San Pedro,9.925196,-84.051363,Apartamento,CRC,152.85,698043.41,63.51,754184.83,2909827.12,157504000,PER-003
AV-2025-000486,1-650009,Contable,2025-08-18,2025-08-21,2025-08-30,San José,Goicoechea,Guadalupe,9.938409,-84.047787,Local comercial,USD,2184.81,228.47,4196.89,966.64,272422.87,4828468,PER-001
AV-2024-000487,5-750544-362,Garantía hipotecaria,2021-10-14,2021-10-21,2021-10-26,Guanacaste,Carrillo,Sardinal,10.563856,-85.627728,Apartamento,USD,176.07,1667.53,490.92,875.4,27850.1,751203,PER-003
AV-2025-000488,3-184031,Leasing,2025-12-15,2025-12-27,2025-12-29,Cartago,Paraíso,Paraíso,9.834498,-83.868998,Terreno baldío urbano,CRC,1090.33,190876.46,0.0,0.0,2953792.43,211072000,PER-002
AV-2025-000489,1-167489-213,Compraventa,2024-12-13,2025-01-01,2025-01-10,San José,Curridabat,Curridabat,9.912828,-84.046057,Condominio horizontal,USD,603.82,1081.94,189.16,1556.18,14201.81,961866,PER-008
AV-2024-000490,1-471621,Garantía hipotecaria,2021-08-18,2021-08-21,2021-08-28,San José,Desamparados,Desamparados,9.894612,-84.04826,Casa de habitación,USD,333.11,269.32,144.48,1324.23,2327.8,283366,PER-008
AV-2025-000491,6-627924,Leasing,2025-11-21,2025-12-11,2025-12-15,Puntarenas,Garabito,Jacó,9.57685,-84.61673,Terreno baldío urbano,CRC,738.44,104209.9,0.0,0.0,0.0,76953000,PER-004
AV-2025-000492,4-760185,Actualización de garantía,2024-12-28,2025-01-16,2025-01-23,Heredia,San Rafael,San Rafael,10.018871,-84.101228,Terreno baldío urbano,CRC,389.49,174025.93,0.0,0.0,0.0,67781000,PER-002
AV-2025-000493,3-256052,Actualización de garantía,2025-09-08,2025-09-18,2025-09-30,Cartago,Turrialba,Turrialba,9.931992,-83.674515,Casa de habitación,CRC,596.53,361683.71,152.3,807923.66,1477510.68,340279000,PER-005
AV-2025-000494,1-869933,Leasing,2025-07-14,2025-07-28,2025-08-05,San José,Escazú,Escazú,9.939953,-84.137568,Edificio de oficinas,USD,2011.74,520.27,2487.04,1305.82,51279.51,4345554,PER-003
AV-2025-000495,2-492110,Actualización de garantía,2025-01-01,2025-01-20,2025-01-28,Alajuela,Alajuela,Alajuela,10.030373,-84.220598,Terreno baldío urbano,CRC,1195.22,314587.16,0.0,0.0,5996449.11,381997000,PER-002
AV-2026-000496,3-265530,Seguro,2026-02-06,2026-02-25,2026-02-26,Cartago,Cartago,Oriental,9.871379,-83.917098,Local comercial,CRC,2847.15,1088603.47,1731.09,544759.91,44054339.6,4086500000,PER-005
AV-2026-000497,3-367137-325,Leasing,2026-01-17,2026-01-25,2026-02-03,Cartago,Cartago,Oriental,9.867715,-83.90765,Apartamento,USD,88.03,807.44,145.87,1553.16,11840.39,309479,PER-004
AV-2026-000498,1-265218-214,Garantía hipotecaria,2026-02-05,2026-02-12,2026-02-20,San José,Montes de Oca,San Pedro,9.923118,-84.051735,Apartamento,USD,88.13,736.34,263.65,1176.79,11426.8,386581,PER-001
AV-2026-000499,1-326499,Garantía hipotecaria,2025-12-26,2026-01-07,2026-01-13,San José,Goicoechea,Guadalupe,9.95541,-84.040073,Casa de habitación,CRC,956.34,521242.91,229.04,337968.98,4337288.17,580231000,PER-005
AV-2025-000500,1-496701,Actualización de garantía,2025-06-05,2025-06-09,2025-06-19,San José,Tibás,San Juan,9.964192,-84.086002,Bodega o nave industrial,USD,12707.44,637.23,5170.4,781.53,89385.55,12227770,PER-001
AV-2025-000501,5-636985,Compraventa,2021-08-01,2021-08-14,2021-08-23,Guanacaste,Nicoya,Nicoya,10.140336,-85.466954,Terreno baldío urbano,CRC,1103.09,90688.84,0.0,0.0,0.0,100038000,PER-009
AV-2025-000502,1-194568,Actualización de garantía,2025-05-02,2025-05-22,2025-05-31,San José,San José,Carmen,9.936104,-84.063157,Local comercial,CRC,301.92,1159070.57,217.89,465908.82,2052614.52,453516000,PER-001
AV-2025-000503,1-407967,Actualización de garantía,2025-06-12,2025-06-21,2025-06-22,San José,San José,Carmen,9.94671,-84.076484,Casa de habitación,CRC,872.64,702597.23,235.61,623201.02,8802788.01,768750000,PER-009
AV-2025-000504,4-435280,Leasing,2025-01-03,2025-01-15,2025-01-24,Heredia,Santo Domingo,Santo Domingo,9.979719,-84.085907,Local comercial,CRC,203.91,369517.58,362.99,759749.88,3838742.84,354969000,PER-001
AV-2024-000505,1-642380,Actualización de garantía,2024-12-24,2024-12-30,2025-01-10,San José,Goicoechea,Guadalupe,9.947591,-84.042316,Casa de habitación,CRC,503.58,646306.89,204.58,498802.76,2118342.52,429631000,PER-007
AV-2024-000506,1-408265,Garantía hipotecaria,2024-07-25,2024-08-09,2024-08-14,San José,Desamparados,Desamparados,9.881371,-84.056427,Terreno baldío urbano,USD,1212.41,258.28,0.0,0.0,0.0,313141,PER-003
AV-2025-000507,1-365161,Compraventa,2025-06-18,2025-07-04,2025-07-07,San José,Tibás,San Juan,9.975348,-84.07714,Casa de habitación,CRC,698.48,809986.1,457.76,737389.3,2872620.96,906179000,PER-001
AV-2025-000508,1-881618-218,Garantía hipotecaria,2025-05-06,2025-05-07,2025-05-13,San José,Curridabat,Curridabat,9.922635,-84.037044,Apartamento,USD,108.69,593.35,214.63,1148.44,6138.79,317120,PER-009
AV-2025-000509,1-282501-217,Leasing,2025-07-21,2025-08-01,2025-08-08,San José,Tibás,San Juan,-84.074792,9.974557,Apartamento,USD,99.92,886.0,93.26,1607.28,3029.92,241454,PER-007
AV-2025-000510,7-696609,Actualización de garantía,2025-07-27,2025-07-30,2025-08-04,Limón,Limón,Limón,9.977672,-83.031277,Finca agrícola,CRC,134283.38,47745.04,19441.64,457383.83,76421031.47,15380078000,PER-001
AV-2025-000511,3-500074,Actualización de garantía,2023-04-04,2023-04-21,2023-04-26,Cartago,La Unión,Tres Ríos,9.90353,-83.977691,Terreno baldío urbano,CRC,1049.89,248462.75,0.0,0.0,0.0,260859000,PER-006
AV-2024-000512,7-327158,Actualización de garantía,2024-09-25,2024-10-04,2024-10-07,Limón,Limón,Limón,9.128976,-82.88264,Casa de habitación,USD,523.47,165.26,138.3,1534.06,6645.8,305315,PER-007
AV-2025-000513,1-603418,Garantía hipotecaria,2025-04-16,2025-04-28,2025-05-09,San José,Escazú,Escazú,9.913479,-84.123557,Local comercial,CRC,1705.57,751899.41,1432.8,481988.05,43075418.15,2016085000,PER-009
AV-2025-000514,4-745864-373,Contable,2021-10-27,2021-11-11,2021-11-18,Heredia,Heredia,Heredia,10.244469,-83.731128,Apartamento,USD,207.85,1089.74,496.51,1563.61,18036.35,1020887,PER-002
AV-2025-000515,1-683219-095,Garantía hipotecaria,2025-11-01,2025-11-10,2025-11-16,San José,Desamparados,Desamparados,9.893654,-84.065753,Apartamento,USD,103.36,176.17,158.57,759.13,1068.94,139653,PER-007
AV-2025-000516,1-452356,Garantía hipotecaria,2021-12-14,2021-12-21,2021-12-30,San José,Curridabat,Curridabat,9.920024,-84.019498,Local comercial,CRC,632.99,872792.62,956.67,390071.55,6030329.95,931669000,PER-009
AV-2025-000517,2-598683,Garantía hipotecaria,2025-02-22,2025-02-25,2025-03-09,Alajuela,Upala,Upala,10.938227,-85.105423,Finca agrícola,CRC,55793.89,22733.34,896.88,483921.5,23696678.15,1726098000,PER-009
AV-2025-000518,1-537892-192,Garantía hipotecaria,2025-10-26,2025-11-02,2025-11-07,San José,Santa Ana,Santa Ana,9.914425,-84.189951,Condominio horizontal,USD,427.32,1072.99,277.34,742.72,14614.71,679111,PER-003
AV-2025-000519,1-287412,Garantía hipotecaria,2025-11-22,2025-11-27,2025-12-08,San José,Montes de Oca,San Pedro,9.920451,-84.050543,Local comercial,USD,506.93,897.38,922.45,585.46,32437.38,1027404,PER-009
AV-2025-000520,1-714808-026,Leasing,2025-12-06,2025-12-12,2025-12-17,San José,Goicoechea,Guadalupe,10.613579,-83.783427,Apartamento,USD,217.54,313.18,158.67,1698.55,17199.96,354838,PER-007
AV-2024-000521,1-923592,Actualización de garantía,2024-06-26,2024-07-14,2024-07-15,San José,Santa Ana,Santa Ana,9.948317,-84.167688,Edificio de oficinas,USD,1164.35,700.21,4009.48,1433.52,321809.54,6884769,PER-002
AV-2024-000522,5-468417-048,Garantía hipotecaria,2024-07-14,2024-07-25,2024-07-30,Guanacaste,Carrillo,Sardinal,10.490623,-85.639167,Condominio horizontal,USD,385.1,535.69,292.72,582.49,4842.79,381643,PER-008
AV-2025-000523,4-673615,Leasing,2025-03-09,2025-03-11,2025-03-14,Heredia,Santo Domingo,Santo Domingo,9.980692,-84.080924,Casa de habitación,CRC,1053.55,428783.25,163.24,678724.83,1077087.77,563617000,PER-005
AV-2025-000524,1-588780-136,Garantía hipotecaria,2025-05-25,2025-05-28,2025-06-06,San José,Santa Ana,Santa Ana,9.92998,-84.197323,Condominio horizontal,USD,698.98,450.62,0.0,0.0,37107.41,856152,PER-003
AV-2026-000525,2-943544,Leasing,2023-09-15,2023-09-19,2023-09-23,Alajuela,San Ramón,San Ramón,10.113787,-84.476267,Terreno baldío urbano,CRC,1257.02,59100.6,0.0,0.0,0.0,74291000,PER-003
AV-2025-000526,5-523863-049,Actualización de garantía,2025-10-30,2025-10-30,2025-11-01,Guanacaste,Carrillo,Sardinal,10.500273,-85.628988,Apartamento,USD,116.13,3144.89,181.1,1386.24,19407.1,635671,PER-007
AV-2025-000527,4-471365,Leasing,2025-03-17,2025-03-23,2025-03-26,Heredia,Heredia,Heredia,10.006749,-84.122295,Casa de habitación,CRC,329.45,763707.69,73.54,565041.65,3118506.62,296275000,PER-006
AV-2025-000528,1-643940,Garantía hipotecaria,2025-02-15,2025-02-16,2025-02-24,San José,Santa Ana,Santa Ana,9.914308,-84.173925,Casa de habitación,CRC,703.21,194749.19,264.48,625811.51,6842208.04,309306000,PER-001
AV-2026-000529,1-266257,Garantía hipotecaria,2025-12-28,2026-01-10,2026-01-14,San José,Puriscal,Santiago,9.788906,-84.280825,Finca agrícola,CRC,356716.28,26070.38,7271.97,589060.61,87758122.68,13671118000,PER-005
AV-2026-000530,2-242982-255,Actualización de garantía,2025-12-25,2026-01-05,2026-01-08,Alajuela,Alajuela,Alajuela,10.006719,-84.221954,Apartamento,USD,127.05,731.59,215.03,843.66,4432.47,278793,PER-003
AV-2025-000531,1-460762-338,Contable,2025-06-21,2025-07-05,2025-07-17,San José,Desamparados,Desamparados,9.897671,-84.080049,Condominio horizontal,USD,294.64,396.78,201.51,762.38,11170.12,281705,PER-001
AV-2025-000532,2-524720,Seguro,2025-02-19,2025-02-28,2025-03-12,Alajuela,Grecia,Grecia,10.066855,-84.288405,Local comercial,CRC,474.99,279969.43,414.03,,8900863.09,254494000,PER-003
AV-2025-000533,4-953785,Leasing,2025-10-26,2025-11-08,2025-11-16,Heredia,Heredia,Heredia,9.984915,-84.114651,Local comercial,CRC,837.07,1011663.68,521.68,765192.03,22376870.91,1268396000,PER-002
AV-2025-000534,7-756364,Leasing,2025-08-05,2025-08-12,2025-08-18,Limón,Pococí,Guápiles,10.20989,-83.773672,Casa de habitación,CRC,828.28,553862.65,535.29,567836.43,14470309.53,777181000,PER-004
AV-2024-000535,6-558075,Leasing,2024-08-17,2024-09-02,2024-09-11,Puntarenas,Quepos,Quepos,9.403475,-84.189986,Terreno baldío urbano,CRC,430.45,280198.83,0.0,0.0,0.0,120612000,PER-002
AV-2025-000536,1-995647,Actualización de garantía,2025-08-24,2025-08-27,2025-09-06,San José,Puriscal,Santiago,10.204647,-83.280686,Casa de habitación,USD,460.39,46.53,321.63,1228.59,25019.19,441593,PER-002
AV-2025-000537,2-221455,Leasing,2025-04-16,2025-04-29,2025-05-11,Alajuela,Grecia,Grecia,10.065922,-84.315063,Casa de habitación,CRC,546.22,599836.76,242.56,691733.21,11343655.02,506773000,PER-005
AV-2025-000538,4-535299-153,Garantía hipotecaria,2025-04-18,2025-05-02,2025-05-07,Heredia,Belén,San Antonio,9.985973,-84.181453,Apartamento,USD,85.58,1084.49,63.21,970.45,1643.28,155796,PER-004
AV-2025-000539,1-515199,Leasing,2025-01-26,2025-01-31,2025-02-08,San José,Desamparados,Desamparados,9.89452,-84.065587,Casa de habitación,CRC,337.76,853810.43,196.76,352793.58,3607778.31,361406000,PER-002
AV-2025-000540,2-771649,Garantía hipotecaria,2025-08-07,2025-08-23,2025-08-29,Alajuela,San Carlos,Quesada,10.358832,-84.447883,Casa de habitación,CRC,338.6,288349.22,112.79,448069.36,1715066.3,149888000,PER-002
AV-2025-000541,1-198749,Leasing,2025-11-06,2025-11-26,2025-12-04,San José,Goicoechea,Guadalupe,9.956272,-84.046685,Casa de habitación,CRC,261.15,366488.82,52.62,735137.6,1393685.26,135785000,PER-005
AV-2025-000542,7-757614,Garantía hipotecaria,2021-12-04,2021-12-21,2021-12-31,Limón,Pococí,Guápiles,10.211563,-83.735323,Terreno baldío rural,CRC,76947.42,68336.68,0.0,0.0,78330043.96,5336661000,PER-006
AV-2025-000543,5-598561,Seguro,2025-01-18,2025-02-06,2025-02-17,Guanacaste,Carrillo,Sardinal,9.809232,-84.871937,Terreno baldío rural,CRC,45912.6,248904.55,0.0,0.0,0.0,11427855000,PER-008
AV-2025-000544,1-296553,Contable,2025-05-21,2025-05-29,2025-05-31,San José,Montes de Oca,San Pedro,9.944078,-84.05916,Casa de habitación,CRC,713.36,558316.79,311.8,674179.02,2025838.86,610516000,PER-006
AV-2025-000545,1-526234,Actualización de garantía,2025-11-22,2025-12-10,2025-12-11,San José,Puriscal,Santiago,9.826123,-84.259055,Terreno baldío urbano,CRC,924.4,19445.57,0.0,0.0,0.0,17975000,PER-007
AV-2026-000546,4-984036,Leasing,2026-01-21,2026-01-31,2026-02-08,Heredia,San Rafael,San Rafael,10.023313,-84.069399,Casa de habitación,USD,1002.71,285.68,175.16,1022.72,11397.17,476991,PER-005
AV-2025-000547,4-708216,Garantía hipotecaria,2025-01-24,2025-02-13,,Heredia,Belén,San Antonio,9.968708,-84.170237,Edificio de oficinas,USD,1208.76,410.99,1131.91,734.26,3455.65,1331360,PER-003
AV-2025-000548,4-818369,Actualización de garantía,2025-09-22,2025-09-29,2025-10-01,Heredia,Santo Domingo,Santo Domingo,9.981475,-84.100183,Bodega o nave industrial,USD,4913.3,258.88,1897.63,1620.29,162090.58,4508757,PER-007
AV-2025-000549,4-641062-229,Leasing,2025-12-13,2025-12-23,2025-12-25,Heredia,Belén,San Antonio,9.987268,-84.171738,Condominio horizontal,USD,383.01,496.9,251.38,1282.01,23398.28,535988,PER-004
AV-2025-000550,3-554797,Garantía hipotecaria,2025-03-22,2025-03-27,2025-04-02,Cartago,La Unión,Tres Ríos,9.919583,-83.986237,Terreno baldío urbano,CRC,368.59,271495.2,0.0,0.0,0.0,100070000,PER-008
AV-2025-000551,2-648388,Actualización de garantía,2023-11-08,2023-11-23, ,Alajuela,San Carlos,Quesada,10.353032,-84.423241,Terreno baldío rural,CRC,20113.22,63559.18,0.0,0.0,0.0,1278380000,PER-003
AV-2024-000552,3-463636-136,Garantía hipotecaria,2024-09-26,2024-09-27,2024-10-09,Cartago,La Unión,Tres Ríos,9.919636,-83.992876,Condominio horizontal,CRC,312.69,152245.6,103.42,833411.59,4516768.09,138314000,PER-008
AV-2026-000553,7-678034,Seguro,2026-01-26,2026-02-06,2026-02-18,Limón,Talamanca,Cahuita,9.752773,-82.859725,Terreno baldío urbano,CRC,1097.92,261806.58,0.0,0.0,0.0,287443000,PER-005
AV-2025-000554,5-330928,Garantía hipotecaria,2025-11-07,2025-11-13,2025-11-14,Guanacaste,Liberia,Liberia,10.611227,-85.436101,Casa de habitación,CRC,718.97,551742.66,416.19,841454.66,17314498.04,764206000,PER-008
AV-2025-000555,1-569545,Garantía hipotecaria,2025-08-05,2025-08-18,2025-08-28,San José,San José,Carmen,9.932509,-84.064305,Local comercial,CRC,1603.39,500963.9,2782.5,818023.65,161495627.03,3240887000,PER-003
AV-2025-000556,1-875498,Contable,2025-06-28,2025-06-20,2025-06-30,San José,Desamparados,Desamparados,9.90594,-84.084822,Casa de habitación,CRC,623.02,744513.98,284.97,424196.95,6799274.32,591530000,PER-003
AV-2025-000557,4-625648,Garantía hipotecaria,2025-07-20,2025-08-07,2025-08-19,Heredia,Heredia,Heredia,10.013754,-84.115895,Casa de habitación,CRC,845.61,5139017.62,493.98,412776.25,9805435.25,4559313000,PER-002
AV-2024-000558,1-739358,Leasing,2024-12-04,2024-12-17,2024-12-20,San José,Puriscal,Santiago,9.916901,-84.33299,Finca agrícola,CRC,70843.81,14596.38,3236.73,254167.14,58567562.58,1915301000,PER-009
AV-2026-000559,2-865671,Actualización de garantía,2026-01-03,2026-01-20,2026-01-22,Alajuela,San Carlos,Quesada,10.337462,-84.460033,Casa de habitación,USD,270.05,179.49,120.19,879.87,7070.89,173403,PER-007
AV-2025-000560,2-473695,Leasing,2025-04-04,2025-04-13,2025-04-19,Alajuela,San Ramón,San Ramón,10.090965,-84.485368,Casa de habitación,CRC,777.26,684510.71,361.19,382759.59,10045413.56,680337000,PER-003
AV-2025-000561,3-272454,Leasing,2025-09-16,2025-10-03,2025-10-10,Cartago,La Unión,Tres Ríos,9.90838,-83.984854,Casa de habitación,CRC,181.2,856541.36,50.26,771335.69,1675654.31,195648000,PER-001
AV-2025-000562,3-834504,Leasing,2025-10-23,2025-11-09,2025-11-11,Cartago,Cartago,Oriental,9.861431,-83.928134,Casa de habitación,USD,633.3,833.66,423.65,567.99,16954.13,785540,PER-001
AV-2025-000563,1-621519,Leasing,2021-12-09,2021-12-24,2022-01-03,San José,Santa Ana,Santa Ana,9.93282,-84.202292,Edificio de oficinas,USD,2712.56,1081.48,14309.2,1215.39,1144723.9,21469562,PER-002
AV-2025-000564,4-192970-123,Actualización de garantía,2025-11-10,2025-11-27,2025-12-07,Heredia,Heredia,Heredia,9.985651,-84.125205,Condominio horizontal,USD,677.04,523.33,509.3,753.15,11171.52,749066,PER-005
AV-2024-000565,2-166752,Compraventa,2024-11-27,2024-11-27,2024-12-02,Alajuela,San Carlos,Quesada,10.297361,-84.439247,Local comercial,CRC,2440.24,3043673.39,4273.16,830387.54,221656409.96,11197329000,PER-002
AV-2024-000566,5-366427,Actualización de garantía,2024-08-19,2024-09-08,2024-09-09,Guanacaste,Nicoya,Nicoya,10.12839,-85.434208,Casa de habitación,CRC,149.83,537562.82,68.63,671189.48,2656973.74,129264000,PER-007
AV-2025-000567,4-332258,Actualización de garantía,2025-09-08,2025-09-19,2025-09-27,Heredia,San Rafael,San Rafael,10.001594,-84.092148,Local comercial,USD,238.15,300.61,118.88,1101.17,2290.37,204788,PER-006
AV-2025-000568,7-756892,Actualización de garantía,2025-09-12,2025-09-23,2025-10-04,Limón,Talamanca,Cahuita,9.789944,-82.84174,Terreno baldío rural,CRC,24626.95,210341.02,0.0,0.0,0.0,5180058000,PER-003
AV-2024-000569,1-591547-131,Actualización de garantía,2022-09-10,2022-09-13,2022-09-21,San José,Santa Ana,Santa Ana,9.922904,-84.167775,Apartamento,USD,154.96,1103.41,448.2,1168.41,18911.78,713578,PER-003
AV-2025-000570,4-308727,Garantía hipotecaria,2025-07-25,2025-08-11,2025-08-22,Heredia,San Rafael,San Rafael,10.019992,-84.083452,Bodega o nave industrial,USD,6368.7,361.33,4249.69,1326.59,179752.2,8118551,PER-003
AV-2026-000571,7-899666,Leasing,2025-12-20,2026-01-07,2026-01-19,Limón,Pococí,Guápiles,10.197537,-84.777251,Finca agrícola,CRC,281247.51,93251.32,22407.31,718259.45,751578739.55,43072542000,PER-001
AV-2025-000572,1-200913-349,Actualización de garantía,2025-04-15,2025-04-27,2025-05-01,San José,Escazú,Escazú,9.938601,-84.145328,Condominio horizontal,USD,372.93,743.78,158.89,648.05,4913.75,385260,PER-006
AV-2025-000573,1-105045-338,Garantía hipotecaria,2024-10-29,2025-02-14,2025-02-16,San José,Escazú,Escazú,9.911483,-84.130402,Condominio horizontal,USD,581.49,556.76,288.1,1645.42,24837.35,822633,PER-004
AV-2024-000574,1-642259,Seguro,2024-07-14,2024-07-28,2024-08-05,San José,Escazú,Escazú,9.926614,-84.124613,Local comercial,USD,2226.34,1061.13,1376.84,1000.87,65788.4,3806262,PER-001
AV-2025-000575,1-113253,Leasing,2025-11-10,2025-11-30,2025-12-08,San José,San José,Carmen,9.943369,-84.073351,Terreno baldío urbano,USD,634.31,835.05,0.0,0.0,0.0,529681,PER-001
AV-2024-000576,1-679811,Garantía hipotecaria,2024-11-08,2024-11-18,2024-11-29,San José,Escazú,Escazú,9.924868,-84.122519,Local comercial,CRC,594.87,4886866.85,338.78,270461.41,2229411.48,3000907000,PER-003
AV-2026-000577,3-625432,Garantía hipotecaria,2026-01-11,2026-01-26,2026-02-07,Cartago,Paraíso,Paraíso,9.813282,-83.867025,Local comercial,CRC,314.99,655065.59,629.36,578404.83,7360278.92,577724000,PER-001
AV-2025-000578,1-916293,Leasing,2025-10-21,2025-10-23,2025-11-02,San José,Curridabat,Curridabat,9.914149,-84.044292,Casa de habitación,USD,484.43,678.33,90.26,1230.92,4182.71,443889,PER-009
AV-2025-000579,2-163763,Contable,2025-04-08,2025-04-17,2025-04-23,Alajuela,Grecia,Grecia,10.087854,-84.311565,Casa de habitación,CRC,614.4,471574.51,0.0,0.0,1650550.45,291386000,PER-006
AV-2025-000580,1-598876,Garantía hipotecaria,2025-04-04,2025-04-18,2025-04-22,San José,Curridabat,Curridabat,9.932422,-84.034392,Bodega o nave industrial,CRC,11393.28,89888.95,3477.03,688462.92,144480712.09,3562417000,PER-004
AV-2025-000581,3-851757-145,Garantía hipotecaria,2025-08-03,2025-08-05,2025-08-13,Cartago,Cartago,Oriental,9.85855,-83.917857,Condominio horizontal,USD,480.62,854.66,335.17,987.61,14527.4,756311,PER-008
AV-2024-000582,2-848895-077,Garantía hipotecaria,2024-07-29,2024-08-11,2024-08-17,Alajuela,Alajuela,Alajuela,10.024841,-84.206835,Apartamento,USD,110.52,559.77,65.01,855.75,2309.02,119807,PER-002
AV-2025-000583,1-437721-252,Actualización de garantía,2025-02-23,2025-03-02,2025-03-06,San José,San José,Carmen,9.944502,-84.070465,Condominio horizontal,CRC,427.56,531807.47,256.66,458567.28,1803217.48,346879000,PER-007
AV-2025-000584,1-543700,Leasing,2025-03-11,2025-03-11,2025-03-15,San José,Goicoechea,Guadalupe,9.959965,-84.051178,Casa de habitación,USD,687.4,216.0,94.16,1184.54,5660.91,265676,PER-006
AV-2026-000585,4-282676,Actualización de garantía,2023-11-13,2023-11-26,2023-12-05,Heredia,San Rafael,San Rafael,10.01453,-84.097542,Casa de habitación,CRC,283.04,332292.68,107.77,421653.22,3453257.14,161046000,PER-001
AV-2026-000586,1-284710,Seguro,2026-01-09,2026-01-17,2026-01-25,San José,Tibás,San Juan,9.954909,-84.065242,Casa de habitación,CRC,487.62,719177.75,316.97,839265.86,2093413.95,618801000,PER-002
AV-2024-000587,3-368402,Seguro,2024-09-24,2024-10-02,2024-10-09,Cartago,La Unión,Tres Ríos,9.904388,-83.995217,Casa de habitación,CRC,196.34,699749.13,29.87,432190.16,428034.77,150726000,PER-009
AV-2025-000588,5-196034,Garantía hipotecaria,2022-11-01,2022-11-12,2022-11-16,Guanacaste,Nicoya,Nicoya,10.162756,-85.448652,Local comercial,CRC,760.68,665980.47,494.9,704092.64,1213391.0,856267000,PER-006
AV-2025-000589,2-124272-288,Leasing,2025-10-11,2025-10-23,2025-10-29,Alajuela,Alajuela,Alajuela,10.001888,-84.211309,Condominio horizontal,USD,636.08,625.47,256.35,890.62,680.91,626840,PER-006
AV-2025-000590,1-938719,Garantía hipotecaria,2025-05-08,2025-05-12,2025-05-22,San José,Goicoechea,Guadalupe,9.940443,-84.044271,Casa de habitación,USD,343.89,408.37,112.43,1362.86,1063.84,294725,PER-009
AV-2026-000591,2-705394,Contable,2022-03-11,2022-03-12,2022-03-14,Alajuela,San Carlos,Quesada,10.830271,-83.668045,Finca agrícola,CRC,311232.2,72865.88,0.0,0.0,0.0,22678208000,PER-003
AV-2026-000592,4-979784,Garantía hipotecaria,2026-01-24,2026-02-10,2026-02-22,Heredia,Santo Domingo,Santo Domingo,9.983114,-84.089268,Casa de habitación,CRC,260.59,1951932.44,81.1,528326.0,402930.41,551904000,PER-004
AV-2024-000593,4-875538-020,Leasing,2024-09-20,2024-09-22,2024-09-23,Heredia,San Rafael,San Rafael,10.023795,-84.072115,Condominio horizontal,CRC,268.36,151513.0,135.05,423006.56,3033928.57,100821000,PER-008
AV-2026-000594,4-182959,Compraventa,2026-01-27,2026-02-13,2026-02-22,Heredia,Belén,San Antonio,9.967937,-84.185772,Local comercial,CRC,1725.45,1113304.52,2525.37,404934.97,1199191.91,2944761000,PER-002
AV-2024-000595,2-809436,Actualización de garantía,2024-12-12,2024-12-17,2024-12-28,Alajuela,Upala,Upala,10.892873,-84.918353,Terreno baldío rural,CRC,26298.78,233285.54,0.0,0.0,0.0,6135125000,N/A
AV-2025-000596,1-642360-310,Garantía hipotecaria,2025-10-12,2025-10-22,2025-10-30,San José,Montes de Oca,San Pedro,9.926421,-84.052479,Condominio horizontal,USD,415.98,394.17,212.51,893.15,4138.19,357908,PER-001
AV-2026-000597,4-406289,Leasing,2026-01-14,2026-01-21,2026-01-29,Heredia,Santo Domingo,Santo Domingo,9.969281,-84.094307,Casa de habitación,CRC,358.96,532956.81,191.71,461486.25,4141167.64,283923000,PER-006
AV-2026-000598,1-439674,Leasing,2025-12-31,2026-01-19,2026-01-24,San José,Puriscal,Santiago,9.871216,-84.372399,Casa de habitación,CRC,739.59,438636.77,207.71,623723.16,7801111.44,461766000,PER-006
AV-2025-000599,1-894662-328,Contable,2025-07-07,2025-07-21,2025-07-31,San José,Goicoechea,Guadalupe,9.941017,-84.054565,Condominio horizontal,USD,365.89,450.6,115.36,965.71,6239.25,282514,PER-007
AV-2025-000600,1-822592,Garantía hipotecaria,2025-11-09,2025-11-14,2025-11-16,San José,San José,Carmen,9.937635,-84.080667,Local comercial,CRC,314.63,1120847.84,229.32,847527.41,12451758.17,559459000,PER-003
AV-2026-000601,4-176127,Garantía hipotecaria,2026-02-07,2026-02-08,2026-02-17,Heredia,Santo Domingo,Santo Domingo,9.992046,-84.095714,Casa de habitación,USD,282.94,255.99,137.77,1349.67,11154.0,269528,PER-009
AV-2025-000602,1-459573-190,Actualización de garantía,2025-09-23,2025-09-29,2025-10-10,San José,Santa Ana,Santa Ana,9.945851,-84.195427,Apartamento,USD,140.53,573.39,126.53,1664.13,11056.26,302197,PER-007
AV-2025-000603,3-271447,Garantía hipotecaria,2025-01-05,2025-01-15,2025-01-20,Cartago,Paraíso,Paraíso,9.832243,-83.855524,Casa de habitación,CRC,741.9,87081.11,446.9,321380.92,5389195.16,213620000,PER-003
AV-2025-000604,1-442463,Actualización de garantía,2025-05-09,2025-05-11,2025-05-20,San José,Santa Ana,Santa Ana,9.91945,-84.17792,Casa de habitación,CRC,574.88,1168505.81,297.16,841753.26,15281717.32,937168000,PER-003
AV-2024-000605,1-478735,Actualización de garantía,2024-07-06,2024-07-25,2024-07-31,San José,Goicoechea,Guadalupe,9.953632,-84.044831,Casa de habitación,CRC,250.61,780288.39,56.04,763333.1,3033623.78,241359000,PER-005
AV-2025-000606,1-983621-322,Compraventa,2025-04-19,2025-05-08,2025-05-20,San José,Tibás,San Juan,9.968916,-84.081174,Condominio horizontal,CRC,517.49,524870.71,115.69,534130.37,2677703.73,336087000,PER-008
AV-2024-000607,4-966699,Contable,2024-11-06,2024-11-18,2024-11-27,Heredia,San Rafael,San Rafael,10.012819,-84.107721,Casa de habitación,CRC,751.12,762869.84,485.68,549581.75,14528998.23,854457000,PER-002
AV-2025-000608,1-619002,Leasing,2025-11-06,2025-11-12,2025-11-21,San José,Desamparados,Desamparados,9.879731,-84.0605,Local comercial,CRC,286.97,431586.77,433.44,387136.35,4387736.0,296041000,PER-005
AV-2025-000609,4-199450,Seguro,2025-11-27,2025-12-14,2025-12-17,Heredia,San Rafael,San Rafael,10.030335,-84.09632,Terreno baldío urbano,CRC,540.03,110055.82,0.0,0.0,0.0,59433000,PER-007
AV-2026-000610,5-240585,Actualización de garantía,2026-02-18,2026-02-19,2026-02-26,Guanacaste,Carrillo,Sardinal,10.51707,-85.686943,Terreno baldío urbano,CRC,543.88,142534.73,165.31,271340.55,0.0,77522000,PER-003
AV-2024-000611,3-182404,Compraventa,2024-06-11,2024-06-26,2024-07-08,Cartago,Cartago,Oriental,9.873916,-83.917667,Local comercial,CRC,557.69,646063.96,942.15,310417.4,12139662.76,664903000,PER-003
AV-2026-000612,6-959754,Actualización de garantía,2021-04-03,2021-04-13,2021-04-24,Puntarenas,Quepos,Quepos,9.471452,-83.699399,Terreno baldío urbano,CRC,360.79,190323.42,0.0,0.0,0.0,68667000,PER-007
AV-2024-000613,1-604192,Garantía hipotecaria,2024-12-10,2024-12-23,2024-12-31,San José,Pérez Zeledón,San Isidro de El General,-83.672983,9.388963,Casa de habitación,USD,594.79,248.46,264.54,1533.36,19936.81,573353,PER-009
AV-2025-000614,2-870094,Compraventa,2025-09-01,2025-09-08,2025-09-18,Alajuela,Upala,Upala,10.97024,-85.06806,Casa de habitación,CRC,418.78,248948.06,148.99,600994.01,3001261.08,196798000,PER-003
AV-2025-000615,1-775330,Leasing,2025-08-14,2025-08-22,2025-08-28,San José,Tibás,San Juan,9.957201,-84.067761,Edificio de oficinas,USD,449.12,972.62,1863.26,1023.14,52732.99,2395932,PER-002
AV-2025-000616,4-834858,Garantía hipotecaria,2025-04-07,2025-04-26,2025-04-29,Heredia,Santo Domingo,Santo Domingo,9.973772,-84.102496,Local comercial,CRC,2320.68,756538.18,3418.53,491348.33,88446646.66,3523819000,PER-004
AV-2025-000617,4-467362-074,Seguro,2025-06-06,2025-06-16,2025-06-28,Heredia,Heredia,Heredia,9.989924,-84.110093,Apartamento,USD,161.55,1096.92,135.02,818.88,633.31,288406,PER-001
AV-2024-000618,5-431427-226,Actualización de garantía,2024-12-06,2024-12-21,2024-12-27,Guanacaste,Carrillo,Sardinal,10.507922,-85.682648,Condominio horizontal,CRC,662.06,218597.61,273.72,578340.87,2182896.78,305211000,PER-007
AV-2025-000619,4-655910,Seguro,2025-03-08,2025-03-27,2025-03-29,Heredia,Sarapiquí,Puerto Viejo,10.473955,-83.933333,Terreno baldío rural,CRC,26955.08,172554.99,0.0,0.0,31520269.33,4682754000,PER-007
AV-2024-000620,1-604125,Compraventa,2024-12-08,2024-12-17,2024-12-26,San José,Santa Ana,Santa Ana,9.942386,-84.172199,Casa de habitación,CRC,714.17,1116411.39,103.0,416450.31,2448298.12,842650000,PER-009
AV-2025-000621,6-959604,Garantía hipotecaria,2025-11-23,2025-11-25,2025-12-06,Puntarenas,Garabito,Jacó,9.648444,-84.64331,Casa de habitación,CRC,543.38,1111393.88,151.5,692701.88,126757.93,708980000,PER-004
AV-2025-000622,4-554474,Leasing,2025-09-12,2025-09-16,2025-09-24,Heredia,Heredia,Heredia,10.001891,-84.129445,Casa de habitación,CRC,258.93,3011476.25,154.4,374596.86,2246798.78,839846000,PER-004
AV-2025-000623,1-221814,Leasing,2025-01-28,2025-02-10,2025-02-20,San José,Desamparados,Desamparados,9.90186,-84.084374,Terreno baldío urbano,CRC,1066.83,635364.12,0.0,0.0,0.0,677826000,PER-001
AV-2025-000624,5-746593,Contable,2025-10-11,2025-10-22,2025-11-03,Guanacaste,Santa Cruz,Tamarindo,10.307483,-85.807907,Terreno baldío urbano,USD,515.26,323.45,0.0,0.0,0.0,166661,PER-007
AV-2025-000625,4-199266,Compraventa,2025-07-03,2025-07-22,2025-07-28,Heredia,San Rafael,San Rafael,10.001328,-84.076164,Terreno baldío urbano,CRC,1235.4,140287.61,0.0,0.0,0.0,173311000,PER-009
AV-2025-000626,3-411617,Garantía hipotecaria,2025-12-09,2025-12-28,2026-01-07,Cartago,Turrialba,Turrialba,9.895586,-83.703517,Casa de habitación,CRC,320.9,267311.03,53.9,829624.71,1319445.43,131816000,PER-006
AV-2025-000627,7-677091-371,Compraventa,2025-02-23,2025-03-07,2025-03-10,Limón,Talamanca,Cahuita,9.723086,-82.795937,Condominio horizontal,USD,748.4,420.25,437.29,1166.62,33604.39,858271,PER-009
AV-2026-000628,7-933837,Actualización de garantía,2025-12-29,2026-01-18,2026-01-20,Limón,Limón,Limón,9.99779,-83.023305,Casa de habitación,CRC,506.57,2466664.3,106.93,408133.09,2616487.85,1295796000,PER-001
AV-2025-000629,4-242176-300,Actualización de garantía,2025-03-19,2025-03-26,2025-04-04,Heredia,Heredia,Heredia,9.997198,-84.104537,Apartamento,USD,119.67,491.9,85.75,877.49,1545.52,135656,PER-006
AV-2025-000630,1-636857,Actualización de garantía,2025-08-18,2025-08-18,2025-08-30,San José,Santa Ana,Santa Ana,9.930134,-84.17803,Terreno baldío urbano,CRC,803.17,446087.72,0.0,0.0,0.0,358284000,PER-001
AV-2025-000631,4-855040,Garantía hipotecaria,2021-12-09,2021-12-18,2021-12-19,Heredia,Santo Domingo,Santo Domingo,9.967836,-84.088079,Casa de habitación,CRC,823.04,696033.76,299.67,290270.64,160928.51,660010000,PER-003
AV-2025-000632,3-894757-375,Actualización de garantía,2025-07-20,2025-08-06,2025-08-15,Cartago,La Unión,Tres Ríos,9.898358,-84.001981,Apartamento,USD,209.7,336.87,236.29,515.55,2645.69,195107,PER-001
AV-2025-002894,1-521638-267,Leasing,2025-03-21,2025-04-10,2025-04-16,San José,Curridabat,Curridabat,9.920725,-84.020042,Apartamento,USD,155.82,778.42,71.92,1569.38,3416.58,237580,PER-007
AV-2024-000634,1-732482,Actualización de garantía,2024-09-17,2024-09-22,2024-10-02,San José,Escazú,Escazú,9.899859,-84.13422,Casa de habitación,USD,204.02,1007.05,108.71,1161.03,1684.92,333359,PER-002
AV-2025-000635,1-246516,Garantía hipotecaria,2025-06-21,2025-07-07,2025-07-11,San José,Santa Ana,Santa Ana,9.915852,-84.180281,Edificio de oficinas,CRC,1884.45,870012.71,1571.87,479920.89,18684420.69,2412553000,PER-003
AV-2024-000636,4-159600,Contable,2024-06-17,2024-07-06,2024-07-12,Heredia,Santo Domingo,Santo Domingo,9.975009,-84.07563,Casa de habitación,CRC,734.56,712356.03,347.65,612772.31,4069029.95,740368000,PER-009
AV-2024-000637,4-792909,Leasing,2024-11-12,2024-11-25,2024-11-28,Heredia,Heredia,Heredia,10.002798,-84.107227,Casa de habitación,CRC,794.82,597840.59,437.91,562996.95,14074370.33,735792000,PER-006
AV-2025-000638,3-678308,Garantía hipotecaria,2025-01-21,2025-01-24,2025-01-27,Cartago,Paraíso,Paraíso,9.854444,-83.879783,Casa de habitación,CRC,571.14,348170.32,240.22,843652.44,10008163.22,411524000,PER-006
AV-2025-000639,1-891744,Actualización de garantía,2022-09-29,2022-10-06,2022-10-10,San José,Santa Ana,Santa Ana,9.385406,-83.486437,Casa de habitación,CRC,946.72,1135317.44,647.65,699108.23,3749980.33,1531355000,PER-007
AV-2026-000640,1-491461,Contable,2026-01-14,2026-01-22,2026-01-29,San José,San José,Carmen,9.938624,-84.078923,Local comercial,USD,1682.88,728.5,2645.85,1349.24,15577.9,4811443,PER-001
AV-2026-000641,4-459607,Actualización de garantía,2023-08-15,2023-08-27,2023-08-31,Heredia,Santo Domingo,Santo Domingo,9.969935,-84.091547,Terreno baldío urbano,CRC,267.55,239245.21,0.0,0.0,0.0,64010000,PER-003
AV-2025-000642,3-186665,Garantía hipotecaria,2025-08-14,2025-08-27,2025-09-06,Cartago,Paraíso,Paraíso,9.860104,-83.879665,Terreno baldío urbano,CRC,619.09,80005.63,0.0,0.0,0.0,49531000,PER-005
AV-2025-000643,4-868570,Garantía hipotecaria,2025-07-22,2025-07-29,2025-08-08,Heredia,Heredia,Heredia,9.984275,-84.118411,Casa de habitación,CRC,598.58,615514.91,396.09,836000.87,17348614.43,716915000,PER-003
AV-2026-000644,4-698347-110,Garantía hipotecaria,2026-01-02,2026-01-17,2026-01-24,Heredia,Heredia,Heredia,9.993452,-84.105933,Apartamento,USD,192.54,1073.46,226.85,1378.23,6028.35,525364,PER-007
AV-2025-000645,6-897559-228,Garantía hipotecaria,2025-09-07,2025-09-21,2025-09-27,Puntarenas,Quepos,Quepos,9.450052,-84.211632,Condominio horizontal,USD,382.02,379.66,117.62,1233.13,10766.97,300845,PER-006
AV-2025-000646,4-926855,Leasing,2022-11-05,2022-11-08,2022-11-19,Heredia,Sarapiquí,Puerto Viejo,10.530651,-84.062198,Terreno baldío urbano,CRC,1423.51,8596.2,0.0,0.0,0.0,12237000,PER-008
AV-2026-000647,1-478352-281,Leasing,2026-01-04,2026-01-05,2026-01-08,San José,San José,Carmen,9.928312,-84.080392,Apartamento,USD,201.96,658.83,278.13,859.83,13198.6,385400,PER-008
AV-2024-000648,1-663126,Actualización de garantía,2024-09-26,2024-10-12,2024-10-15,San José,Goicoechea,Guadalupe,9.939519,-84.037674,Casa de habitación,CRC,278.36,415761.8,133.64,505385.6,181655.23,183453000,PER-009
AV-2025-000649,1-724967,Garantía hipotecaria,2025-07-27,2025-08-03,2025-08-14,San José,Pérez Zeledón,San Isidro de El General,9.397871,-83.704278,Terreno baldío urbano,CRC,754.99,64001.76,0.0,0.0,0.0,48321000,PER-002
AV-2025-000650,7-671490,Actualización de garantía,2025-07-29,2025-08-05,2025-08-16,Limón,Pococí,Guápiles,10.220156,-83.763303,Terreno baldío urbano,USD,492.27,280.11,0.0,0.0,0.0,137890,PER-001
AV-2024-000651,1-904584-044,Actualización de garantía,2024-10-21,2024-10-26,2024-11-04,San José,Goicoechea,Guadalupe,9.9529,-84.061081,Condominio horizontal,USD,457.16,380.65,109.16,1272.96,2072.69,315047,PER-009
AV-2024-000652,1-780365,Leasing,2024-11-01,2024-11-15,2024-11-16,San José,Santa Ana,Santa Ana,9.944893,-84.182817,Casa de habitación,CRC,777.59,1116211.56,379.11,414109.39,10930354.98,1035878000,PER-008
AV-2024-000653,1-507773-250,Garantía hipotecaria,2023-06-20,2023-07-05,2023-07-11,San José,Goicoechea,Guadalupe,9.961905,-84.041434,Apartamento,CRC,83.44,632964.41,39.36,582354.38,1600801.56,77337000,PER-009
AV-2026-000654,7-557482,Garantía hipotecaria,2026-01-08,2026-01-14,2026-01-22,Limón,Pococí,Guápiles,10.268626,-83.790026,Casa de habitación,CRC,868.36,655429.64,474.29,479036.88,1491085.61,797842000,PER-002
AV-2026-000655,4-712516,Garantía hipotecaria,2025-12-20,2026-01-06,2026-01-14,Heredia,Santo Domingo,Santo Domingo,9.967277,-84.100161,Terreno baldío urbano,CRC,1261.94,143143.06,0.0,0.0,0.0,180638000,PER-004
AV-2024-000656,4-716651-218,Garantía hipotecaria,2024-10-26,2024-11-05,2024-11-07,Heredia,Heredia,Heredia,9.994381,-84.114125,Apartamento,CRC,155.89,1303167.92,260.71,360086.14,437203.42,297466000,PER-004
AV-2025-000657,2-905666,Garantía hipotecaria,2025-06-09,2025-06-12,2025-06-23,Alajuela,San Ramón,San Ramón,10.062615,-84.481922,Bodega o nave industrial,USD,5483.26,216.55,2276.14,783.9,86474.42,3058141,PER-001
AV-2025-000658,1-491174-230,Leasing,2025-02-25,2025-03-17,2025-03-28,San José,San José,Carmen,9.934279,-84.072005,Condominio horizontal,USD,371.54,886.48,296.74,603.36,4134.16,512538,PER-009
AV-2024-000659,1-471003,Garantía hipotecaria,2024-11-02,2024-11-14,2024-11-19,San José,Curridabat,Curridabat,9.911285,-84.033237,Bodega o nave industrial,USD,5233.22,1027.38,2483.51,889.95,25095.56,7611801,PER-003
AV-2025-000660,4-932860,Leasing,2023-07-28,2023-08-10,2023-08-14,Heredia,San Rafael,San Rafael,10.011473,-84.084561,Bodega o nave industrial,USD,2228.19,388.41,1343.22,1673.11,123611.34,3236417,PER-007
AV-2025-000661,4-292909,Leasing,2025-08-07,2025-08-25,2025-09-04,Heredia,Belén,San Antonio,9.977536,-84.171863,Casa de habitación,CRC,384.4,688303.08,239.42,830189.44,7292996.78,470641000,PER-005
AV-2024-000662,3-879605,Actualización de garantía,2024-09-04,2024-09-22,2024-09-27,Cartago,La Unión,Tres Ríos,-83.982847,9.910286,Casa de habitación,USD,471.86,167.58,318.34,1380.07,986.13,519392,PER-001
AV-2025-000663,4-477393-119,Actualización de garantía,2025-03-23,2025-04-04,2025-04-14,Heredia,Santo Domingo,Santo Domingo,9.978266,-84.098931,Condominio horizontal,USD,463.07,283.9,186.65,1166.11,17370.69,366491,PER-004
AV-2024-000664,1-623064,Leasing,2024-08-31,2024-09-03,2024-09-11,San José,Tibás,San Juan,9.970525,-84.08393,Casa de habitación,USD,723.24,549.02,490.47,901.71,572.93,839908,PER-009
AV-2025-000665,1-116683,Leasing,2025-11-03,2025-11-20,2025-11-23,San José,Escazú,Escazú,9.927863,-84.127323,Bodega o nave industrial,USD,4499.39,490.91,3098.0,672.88,71917.33,4365295,PER-008
AV-2025-000666,4-748478,Actualización de garantía,2025-12-02,2025-12-14,2025-12-22,Heredia,Santo Domingo,Santo Domingo,9.991864,-84.088886,Casa de habitación,CRC,699.42,338305.44,100.11,666857.58,2938349.13,306315000,PER-007
AV-2025-000667,6-813663,Actualización de garantía,2025-06-22,2025-06-28,2025-07-02,Puntarenas,Puntarenas,Puntarenas,9.971811,-84.856677,Local comercial,CRC,1804.83,452311.98,1830.73,737231.6,28159020.62,2194177000,PER-003
AV-2026-000668,6-403302,Leasing,2026-02-05,2026-02-15,2026-02-25,Puntarenas,Puntarenas,Puntarenas,9.990067,-84.848629,Finca agrícola,CRC,335587.87,122455.49,0.0,0.0,1201299942.49,42295877000,PER-006
AV-2025-000669,1-480621,Actualización de garantía,2025-05-15,2025-05-21,2025-05-29,San José,Pérez Zeledón,San Isidro de El General,9.393701,-83.637605,Casa de habitación,CRC,369.12,415298.6,120.18,572163.8,5417656.26,227475000,PER-002
AV-2025-000670,4-140162,Garantía hipotecaria,2025-10-25,2025-10-29,2025-11-06,Heredia,Belén,San Antonio,9.977571,-84.173113,Casa de habitación,CRC,719.69,917087.73,488.13,627577.05,3326779.7,969685000,PER-005
AV-2024-000671,6-876430,Garantía hipotecaria,2024-12-11,2024-12-17,2024-12-23,Puntarenas,Puntarenas,Puntarenas,9.991467,-84.814544,Bodega o nave industrial,CRC,8793.86,127294.61,5406.85,664892.55,202433483.08,4916819000,PER-008
AV-2025-000672,2-244340,Leasing,2025-07-09,2025-07-09,2025-07-14,Alajuela,San Carlos,Quesada,10.287645,-84.416054,Local comercial,CRC,1082.8,443050.37,1781.69,744561.89,11088596.14,1817402000,PER-002
AV-2025-000673,1-498772,Garantía hipotecaria,2025-01-17,2025-01-20,2025-01-30,San José,Goicoechea,Guadalupe,9.946766,-84.044497,Casa de habitación,CRC,512.93,812896.01,319.63,839570.59,17878452.06,703189000,PER-004
AV-2025-000674,5-171321,Compraventa,2025-06-20,2025-07-09,,Guanacaste,Carrillo,Sardinal,10.485616,-85.670384,Terreno baldío urbano,CRC,276.91,246397.04,0.0,0.0,0.0,68230000,PER-003
AV-2025-000675,7-668758,Seguro,2025-02-11,2025-02-20,2025-03-03,Limón,Pococí,Guápiles,10.205313,-83.771165,Terreno baldío urbano,CRC,408.56,138640.95,0.0,0.0,0.0,56643000,PER-003
AV-2025-000676,6-692775,Compraventa,2025-03-10,2025-03-18,2025-03-26,Puntarenas,Quepos,Quepos,9.407714,-84.188781,Terreno baldío urbano,CRC,392.19,275012.44,0.0,0.0,0.0,107857000,PER-002
AV-2025-000677,1-611879,Garantía hipotecaria,2025-07-21,2025-07-26,2025-08-05,San José,Tibás,San Juan,9.965202,-84.094905,Bodega o nave industrial,USD,6953.23,894.7,1778.81,1473.47,148346.36,8990424,PER-009
AV-2025-000678,2-395262,Actualización de garantía,2025-11-13,2025-11-23,2025-12-03,Alajuela,San Carlos,Quesada,10.33209,-84.479132,Finca agrícola,CRC,166492.59,127808.98,8400.4,398239.55,214901412.77,24839521000,PER-002
AV-2025-000679,3-715752,Compraventa,2025-01-29,2025-02-18,2025-02-20,Cartago,La Unión,Tres Ríos,9.907661,-83.991067,Casa de habitación,CRC,436.99,564606.06,151.51,271645.89,1523732.84,289408000,PER-005
AV-2025-000680,3-968711,Garantía hipotecaria,2025-09-13,2025-09-26,2025-10-02,Cartago,Paraíso,Paraíso,9.858714,-83.889779,Casa de habitación,CRC,228.81,399889.47,127.28,737433.37,7225900.33,192585000,PER-003
AV-2026-000681,1-758006,Leasing,2026-02-02,2026-02-11,2026-02-12,San José,Curridabat,Curridabat,9.925044,-84.027924,Casa de habitación,CRC,716.32,560936.42,193.49,400043.59,3231431.45,482446000,PER-009
AV-2024-000682,5-820549,Actualización de garantía,2023-04-30,2023-05-05,2023-05-07,Guanacaste,Liberia,Liberia,10.626315,-85.401025,Casa de habitación,USD,292.94,164.21,84.26,1612.42,5406.95,189373,PER-003
AV-2025-000683,3-803621,Actualización de garantía,2025-02-21,2025-03-08,2025-03-16,Cartago,Cartago,Oriental,9.858519,-83.908793,Local comercial,CRC,1640.73,577287.73,1050.7,458219.87,26980146.81,1455605000,PER-005
AV-2025-000684,1-843562,Actualización de garantía,2025-10-27,2025-11-01,2025-11-09,San José,San José,Carmen,9.932477,-84.083016,Local comercial,CRC,738.85,819046.24,1430.02,540690.49,48833441.57,1427184000,PER-006
AV-2024-000685,2-264558-037,Actualización de garantía,2024-09-27,2024-10-10,2024-10-17,Alajuela,Alajuela,Alajuela,10.010721,-84.213306,Apartamento,USD,142.25,586.68,165.37,1170.77,5286.44,282352,PER-001
AV-2025-000686,2-435242,Actualización de garantía,2025-01-08,2025-01-14,2025-01-17,Alajuela,San Ramón,San Ramón,10.107152,-84.476788,Finca agrícola,CRC,222195.56,72221.79,3235.02,354723.47,85584368.59,17280483000,PER-001
AV-2025-000687,1-192555,Leasing,2025-01-24,2025-02-03,2025-02-11,San José,Goicoechea,Guadalupe,9.951735,-84.036629,Bodega o nave industrial,USD,3187.82,331.29,1635.39,634.79,57744.81,2151967,PER-007
AV-2025-000688,3-997608,Garantía hipotecaria,2025-02-20,2025-02-28,2025-03-09,Cartago,Paraíso,Paraíso,9.843506,-83.868348,Casa de habitación,CRC,504.13,720886.7,132.49,497862.35,1026831.93,430409000,PER-002
AV-2024-000689,1-441073,Leasing,2024-12-17,2024-12-26,2024-12-28,San José,Tibás,San Juan,9.95233,-84.076524,Casa de habitación,CRC,344.94,562520.71,136.31,770570.61,6638288.99,305711000,PER-008
AV-2025-000690,4-288788,Leasing,2025-06-20,2025-06-27,2025-07-03,Heredia,Heredia,Heredia,10.000842,-84.115338,Casa de habitación,CRC,841.11,777685.04,200.55,545708.8,6366963.76,769928000,PER-008
AV-2025-000691,3-265037,Actualización de garantía,2025-10-05,2025-10-13,2025-10-17,Cartago,La Unión,Tres Ríos,9.918121,-83.983256,Casa de habitación,CRC,439.19,525839.76,85.63,668709.21,490598.47,288696000,PER-007
AV-2025-000692,1-946003,Compraventa,2025-06-06,2025-06-23,2025-06-30,San José,San José,Carmen,9.933566,-84.07921,Local comercial,CRC,1185.11,1062623.2,1267.84,559472.82,54010377.19,2022658000,PER-004
AV-2024-000693,4-133407-381,Leasing,2021-09-11,2021-09-24,2021-09-29,Heredia,Santo Domingo,Santo Domingo,9.980662,-84.084592,Apartamento,USD,70.33,189.15,177.01,1271.65,7684.22,246082,PER-009
AV-2025-000694,3-142330-102,Contable,2025-08-15,2025-08-15,2025-08-19,Cartago,Paraíso,Paraíso,9.810584,-83.882387,Apartamento,USD,120.61,250.39,124.63,718.72,2087.89,121862,PER-008
AV-2025-000695,1-570874,Actualización de garantía,2025-10-29,2025-11-13,2025-11-24,San José,Desamparados,Desamparados,9.911876,-84.079783,Casa de habitación,CRC,628.72,3321327.42,410.04,807268.84,14367697.07,2433565000,PER-009
AV-2025-000696,1-974577-134,Compraventa,2025-02-02,2025-02-09,2025-02-12,San José,Tibás,San Juan,9.951779,-84.092132,Condominio horizontal,USD,317.11,911.39,234.12,811.56,10998.84,490012,PER-005
AV-2025-000697,2-241904,Seguro,2025-01-30,2025-01-31,2025-02-06,Alajuela,Alajuela,Alajuela,10.024605,-84.215606,Terreno baldío urbano,CRC,1056.25,406926.3,0.0,0.0,0.0,429816000,PER-004
AV-2025-000698, ,Garantía hipotecaria,2025-07-01,2025-07-12,2025-07-14,Limón,Limón,Limón,9.996552,-83.026067,Casa de habitación,CRC,402.71,536371.02,93.01,429297.52,993094.17,256924000,PER-003
AV-2026-000699,4-219554-154,Actualización de garantía,2025-12-22,2026-01-01,2026-01-08,Heredia,Heredia,Heredia,10.001307,-84.126981,Apartamento,CRC,114.28,1408356.55,288.48,710303.86,10143038.88,375998000,PER-009
AV-2025-000700,5-583390,Leasing,2025-09-06,2025-09-14,2025-09-20,Guanacaste,Carrillo,Sardinal,10.532609,-85.663335,Casa de habitación,CRC,1001.45,136469.11,145.89,444689.85,1832144.43,203375000,PER-007
AV-2026-000701,5-601652,Garantía hipotecaria,2026-02-27,2026-02-27,2026-03-11,Guanacaste,Nicoya,Nicoya,10.118956,-85.447865,Finca agrícola,CRC,94794.01,88911.95,9798.57,273451.04,92322384.2,11200072000,PER-002
AV-2024-000702,5-330919,Leasing,2024-05-06,2024-05-17,2024-05-29,Guanacaste,Carrillo,Sardinal,10.486137,-85.70019,Casa de habitación,USD,926.58,1093.15,524.82,1095.44,16319.78,1604120,PER-006
AV-2025-000703,4-835915,Leasing,2025-11-23,2025-12-07,2025-12-15,Heredia,Belén,San Antonio,9.974926,-84.182311,Casa de habitación,CRC,657.72,617522.1,244.71,822478.25,7111486.37,614537000,PER-003
AV-2025-000704,4-210941,Compraventa,2025-09-04,2025-09-18,2025-09-20,Heredia,Santo Domingo,Santo Domingo,9.994997,-84.095542,Casa de habitación,CRC,304.21,611710.61,134.49,727418.71,1986426.77,285905000,PER-007
AV-2025-000705,1-553173,Actualización de garantía,2025-05-31,2025-06-17,2025-06-19,San José,Desamparados,Desamparados,9.885314,-84.056586,Terreno baldío urbano,CRC,1362.34,267830.96,108.25,338334.37,4427240.49,369304000,PER-003
AV-2025-000706,2-713649-260,Seguro,2025-02-27,2025-03-11,2025-03-21,Alajuela,Alajuela,Alajuela,10.017364,-84.213904,Apartamento,USD,182.21,1047.5,56.08,1688.18,3609.9,289148,PER-001
AV-2025-000707,3-163994,Actualización de garantía,2022-01-17,2022-01-25,2022-01-28,Cartago,Paraíso,Paraíso,9.859003,-83.886302,Casa de habitación,USD,622.2,418.79,126.63,1134.4,1869.38,406090,PER-003
AV-2026-000708,4-238920-236,Compraventa,2026-01-16,2026-01-17,2026-01-24,Heredia,Belén,San Antonio,9.973284,-84.180506,Apartamento,USD,135.57,942.93,178.18,1205.57,10270.35,352912,PER-002
AV-2025-000709,1-777187-309,Contable,2025-08-21,2025-09-07,2025-09-18,San José,San José,Carmen,-84.075404,9.942173,Condominio horizontal,USD,447.36,924.29,160.73,1439.3,119.51,644949,PER-007
AV-2025-000710,7-259957,Compraventa,2025-06-16,2025-06-21,2025-07-01,Limón,Talamanca,Cahuita,9.746513,-82.901578,Terreno baldío urbano,CRC,354.1,193934.25,0.0,0.0,0.0,68672000,PER-008
AV-2024-000711,1-304332,Seguro,2024-08-09,2024-08-18,2024-08-21,San José,Goicoechea,Guadalupe,9.961451,-84.049773,Casa de habitación,CRC,666.66,679502.11,446.14,277745.55,5476920.09,582387000,PER-005
AV-2025-000712,2-395048,Actualización de garantía,2025-11-24,2025-12-06,2025-12-08,Alajuela,San Ramón,San Ramón,10.122711,-84.491854,Local comercial,CRC,556.5,590921.65,382.89,484750.52,10528045.47,524982000,PER-006
AV-2025-000713,1-785352,Leasing,2024-12-23,2025-01-04,2025-01-11,San José,Desamparados,Desamparados,9.909457,-84.069374,Casa de habitación,CRC,426.97,582432.91,261.44,519054.94,1962682.25,386346000,PER-004
AV-2025-000714,5-494097,Contable,2025-12-03,2025-12-16,2025-12-21,Guanacaste,Nicoya,Nicoya,10.122006,-85.413173,Casa de habitación,CRC,296.94,471166.9,31.36,839838.84,248172.67,166494000,PER-002
AV-2025-000715,2-729060,Garantía hipotecaria,2025-07-06,2025-07-09,2025-07-17,Alajuela,San Ramón,San Ramón,10.089896,-84.511953,Casa de habitación,USD,623.03,92.75,117.47,1565.76,321.56,242037,PER-009
AV-2025-000716,1-977613-316,Garantía hipotecaria,2025-01-14,2025-01-20,2025-01-21,San José,Montes de Oca,San Pedro,9.929734,-84.065913,Apartamento,USD,73.77,933.98,35.28,612.49,1142.1,91650,PER-006
AV-2025-000717,1-736086-159,Actualización de garantía,2025-07-29,2025-08-17,2025-08-28,San José,Curridabat,Curridabat,9.908304,-84.045358,Apartamento,USD,112.84,648.39,151.19,1601.91,3047.82,318405,PER-001
AV-2025-000718,7-378209,Garantía hipotecaria,2024-12-19,2025-01-02,2025-01-11,Limón,Pococí,Guápiles,10.246324,-83.742635,Finca agrícola,CRC,86516.21,95987.91,0.0,0.0,195336914.42,8499847000,PER-005
AV-2025-000719,4-978234,Garantía hipotecaria,2025-08-27,2025-09-03,2025-09-10,Heredia,Heredia,Heredia,9.984099,-84.12177,Casa de habitación,CRC,543.98,507953.34,194.04,468608.48,366110.5,367611000,PER-004
AV-2025-000720,2-570387,Actualización de garantía,2025-04-30,2025-05-19,2025-05-26,Alajuela,Alajuela,Alajuela,10.008628,-84.209298,Local comercial,CRC,2055.49,934980.09,3096.81,278515.45,62496481.5,2846848000,PER-002
AV-2025-000721,1-734098,Garantía hipotecaria,2025-11-02,2025-11-18,2025-11-27,San José,Goicoechea,Guadalupe,9.960952,-84.053708,Casa de habitación,CRC,537.24,551576.99,168.04,327645.1,2252955.63,353640000,PER-002
AV-2025-000722,1-927337,Contable,2025-06-04,2025-06-04,2025-06-05,San José,Goicoechea,Guadalupe,9.947564,-84.036567,Local comercial,CRC,2135.43,328181.34,2824.85,766892.9,102537428.0,2969703000,PER-005
AV-2026-000723,1-469781-156,Actualización de garantía,2026-01-04,2026-01-19,2026-01-27,San José,San José,Carmen,9.931057,-84.074525,Apartamento,USD,76.3,700.94,191.93,1472.57,510.16,336622,PER-004
AV-2025-000724,1-523818,Seguro,2025-12-09,2025-12-18,2025-12-23,San José,Pérez Zeledón,San Isidro de El General,9.395088,-83.724028,Casa de habitación,CRC,852.79,692363.89,172.78,613365.12,1379328.79,697798000,PER-009
AV-2024-000725,3-806276-175,Contable,2024-07-01,2024-07-21,2024-07-22,Cartago,La Unión,Tres Ríos,10.565028,-84.204815,Condominio horizontal,USD,433.7,222.43,321.49,1194.73,12383.04,492945,PER-005
AV-2025-000726,1-526057,Actualización de garantía,2025-06-20,2025-06-29,2025-07-08,San José,Desamparados,Desamparados,9.882938,-84.063275,Terreno baldío urbano,CRC,309.97,145163.63,0.0,0.0,888362.38,45885000,PER-006
AV-2025-000727,1-594315,Actualización de garantía,2023-10-08,2023-10-08,2023-10-19,San José,Curridabat,Curridabat,9.908112,-84.042515,Bodega o nave industrial,USD,9996.26,573.51,6806.08,808.39,270401.52,11505324,PER-002
AV-2025-000728,4-231424,Leasing,2025-02-19,2025-02-28,2025-03-03,Heredia,San Rafael,San Rafael,10.022977,-84.105137,Casa de habitación,CRC,1106.22,342559.29,530.95,374594.81,698898.64,578536000,PER-007
AV-2025-000729,1-748416,Leasing,2025-05-13,2025-05-29,2025-06-03,San José,Tibás,San Juan,9.9606,-84.079907,Casa de habitación,USD,453.7,626.45,240.49,1026.21,8069.56,539083,PER-001
AV-2025-000730,1-870162,Seguro,2023-12-19,2024-01-04,2024-01-06,San José,Puriscal,Santiago,9.823436,-84.352374,Casa de habitación,CRC,689.62,1472955.59,481.74,811403.48,4590859.06,1411256000,PER-003
AV-2025-000731,3-990268,Compraventa,2025-04-06,2025-04-21,2025-04-29,Cartago,Paraíso,Paraíso,9.825289,-83.872723,Terreno baldío urbano,CRC,737.75,258547.6,0.0,0.0,0.0,181948000,PER-003
AV-2025-000732,7-943749,Garantía hipotecaria,2025-09-20,2025-09-27,2025-10-01,Limón,Pococí,Guápiles,10.252447,-83.77472,Terreno baldío urbano,CRC,1623.52,133421.27,0.0,0.0,0.0,216612000,PER-001
AV-2024-000733,1-647836,Compraventa,2024-12-02,2024-12-10,2024-12-18,San José,Curridabat,Curridabat,9.915244,-84.027461,Casa de habitación,CRC,490.51,1043572.4,154.54,697779.37,7241068.47,626959000,PER-004
AV-2026-000734,7-868880,Contable,2026-01-17,2026-02-01,2026-02-10,Limón,Limón,Limón,9.986679,-83.056431,Casa de habitación,CRC,320.37,624300.54,52.18,322563.85,601713.17,217440000,PER-009
AV-2025-000735,1-540748,Contable,2025-08-15,2025-08-16,2025-08-26,San José,San José,Carmen,9.932293,-84.079991,Bodega o nave industrial,USD,16518.52,999.56,10676.89,539.91,290446.75,22566258,PER-006
AV-2025-000736,1-124796,Garantía hipotecaria,2025-05-06,2025-05-18,2025-05-22,San José,Puriscal,Santiago,9.842289,-84.398492,Casa de habitación,CRC,589.14,886789.54,195.6,540449.84,6260256.38,634415000,PER-006
AV-2025-000737,6-449218-070,Leasing,2022-01-19,2022-01-25,2022-02-02,Puntarenas,Garabito,Jacó,9.13263,-85.53076,Apartamento,USD,165.07,1803.67,273.58,1309.05,4269.68,660131,PER-007
AV-2025-000738,2-282284,Garantía hipotecaria,2025-07-27,2025-08-15,2025-08-17,Alajuela,Atenas,Atenas,9.976871,-84.33689,Terreno baldío rural,CRC,4125.98,65578.43,0.0,0.0,0.0,270575000,PER-001
AV-2026-000739,2-503155,Actualización de garantía,2022-11-25,2022-11-25,2022-11-30,Alajuela,Atenas,Atenas,9.945216,-84.386249,Terreno baldío rural,CRC,28355.36,56615.1,0.0,0.0,0.0,1605342000,PER-006
AV-2024-000740,1-589217,Compraventa,2024-09-02,2024-09-06,2024-09-07,San José,Santa Ana,Santa Ana,9.944399,-84.193492,Casa de habitación,CRC,1062.88,584233.94,401.69,420885.89,4365248.58,794401000,PER-006
AV-2025-000741,2-105864,Leasing,2025-02-23,2025-03-09,2025-03-12,Alajuela,Atenas,Atenas,9.952285,-84.386692,Finca agrícola,CRC,198289.42,6939.28,0.0,0.0,0.0,1375986000,PER-003
AV-2024-000742,3-268859-136,Actualización de garantía,2024-10-24,2024-11-06,2024-11-15,Cartago,Cartago,Oriental,9.864622,-83.915655,Apartamento,USD,165.42,856.52,451.41,953.1,22897.17,594822,PER-007
AV-2024-000743,4-278851,Leasing,2024-11-25,2024-12-12,2024-12-13,Heredia,Sarapiquí,Puerto Viejo,10.470578,-84.012991,Terreno baldío rural,CRC,33993.49,40072.95,0.0,0.0,31954430.0,1394174000,PER-004
AV-2025-000744,1-507162-113,Actualización de garantía,2025-08-28,2025-08-31,2025-09-01,San José,Curridabat,Curridabat,9.920344,-84.020469,Condominio horizontal,USD,530.55,789.43,309.59,561.26,7856.59,600449,PER-005
AV-2025-000745,2-893286,Contable,2025-09-27,2025-09-27,2025-10-08,Alajuela,San Ramón,San Ramón,10.091823,-84.455672,Casa de habitación,CRC,274.47,673196.86,73.45,330933.2,597962.29,209677000,PER-004
AV-2025-000746,1-286241,Contable,2025-10-13,2025-10-20,2025-10-24,San José,Puriscal,Santiago,9.890262,-84.248221,Finca agrícola,CRC,113537.61,17567.69,0.0,0.0,0.0,1994594000,PER-002
AV-2024-000747,2-542395-042,Garantía hipotecaria,2024-10-28,2024-11-03,2024-11-12,Alajuela,Alajuela,Alajuela,10.028164,-84.200677,Apartamento,USD,121.61,544.75,138.66,1592.6,7814.32,294891,PER-006
AV-2024-000748,3-213614,Compraventa,2024-09-10,2024-09-13,2024-09-25,Cartago,Cartago,Oriental,9.874406,-83.914126,Local comercial,CRC,516.38,482473.16,564.28,569532.94,19110487.72,589626000,PER-007
AV-2025-000749,1-608259,Leasing,2025-07-29,2025-07-30,2025-07-31,San José,Goicoechea,Guadalupe,9.952954,-84.059655,Local comercial,CRC,668.4,698344.86,982.74,766465.51,39985937.2,1259996000,PER-001
AV-2025-000750,2-312022,Contable,2025-09-14,2025-09-18,2025-09-24,Alajuela,San Carlos,Quesada,10.318667,-84.441736,Casa de habitación,CRC,691.34,373377.71,81.2,391210.52,1424663.78,291322000,
AV-2026-000751,3-608045,Leasing,2025-12-26,2026-01-13,2026-01-18,Cartago,Paraíso,Paraíso,9.831909,-83.894884,Casa de habitación,CRC,327.78,403384.08,174.43,295329.77,1656277.87,185392000,PER-003
AV-2024-000752,1-360483-390,Leasing,2024-04-26,2024-05-11,2024-05-12,San José,Goicoechea,Guadalupe,9.941452,-84.039574,Condominio horizontal,CRC,218.13,100157.31,112.24,796590.01,597744.58,111854000,PER-008
AV-2025-000753,4-552428-381,Actualización de garantía,2022-12-29,2022-12-29,2023-01-02,Heredia,Belén,San Antonio,9.493471,-83.698714,Apartamento,USD,146.28,402.13,329.27,1153.38,26076.68,464674,PER-007
AV-2025-000754,6-742931,Actualización de garantía,2025-10-27,2025-11-07,2025-11-09,Puntarenas,Puntarenas,Puntarenas,9.971272,-84.848962,Local comercial,CRC,733.22,442621.72,1419.22,503950.08,12898634.88,1052654000,PER-006
AV-2025-000755,3-668687,Seguro,2025-08-26,2025-09-01,2025-09-04,Cartago,La Unión,Tres Ríos,9.908421,-83.987904,Casa de habitación,USD,248.48,436.44,148.64,1499.56, ,339395,PER-008
AV-2026-000756,3-302850,Contable,2026-01-29,2026-02-11,2026-02-22,Cartago,Turrialba,Turrialba,9.885849,-83.656902,Terreno baldío urbano,CRC,365.71,66009.56,0.0,0.0,0.0,24140000,PER-005
AV-2024-000757,2-669065-234,Actualización de garantía,2024-10-14,2024-10-29,2024-10-31,Alajuela,Alajuela,Alajuela,10.009653,-84.202453,Condominio horizontal,USD,237.55,661.03,101.26,1335.63,2405.91,294679,PER-002
AV-2025-000758,4-717968,Contable,2025-12-14,2025-12-17,2025-12-28,Heredia,San Rafael,San Rafael,10.016873,-84.101608,Local comercial,CRC,427.46,518624.27,593.8,765394.1,15658986.1,691841000,PER-001
AV-2025-000759,7-244477,Actualización de garantía,2025-09-15,2025-09-29,2025-10-05,Limón,Talamanca,Cahuita,9.728035,-82.837425,Terreno baldío urbano,CRC,451.52,151474.01,0.0,0.0,0.0,68394000,PER-002
AV-2025-000760,1-261961,Contable,2025-08-05,2025-08-22,2025-08-25,San José,Escazú,Escazú,9.936263,-84.153004,Edificio de oficinas,USD,3067.76,562.7,4393.41,1467.11,293465.87,8465310,PER-009
AV-2025-000761,7-877994,Contable,2025-12-09,2025-12-09,2025-12-12,Limón,Talamanca,Cahuita,9.70982,-82.83598,Casa de habitación,CRC,303.55,1352409.76,109.26,347613.54,2421078.54,450925000,PER-003
AV-2025-000762,4-894437,Seguro,2023-03-10,2023-03-15,2023-03-17,Heredia,Santo Domingo,Santo Domingo,9.986522,-84.085227,Casa de habitación,CRC,396.25,340594.95,269.07,665581.5,1335301.98,315384000,PER-001
AV-2024-000763,5-940740,Garantía hipotecaria,2024-09-10,2024-09-11,2024-09-12,Guanacaste,Nicoya,Nicoya,-85.491342,10.130449,Casa de habitación,CRC,455.67,377756.69,128.95,812170.98,4327172.43,281189000,PER-003
AV-2025-000764,1-323466-399,Leasing,2025-09-27,2025-10-02,2025-10-07,San José,Escazú,Escazú,9.925554,-84.13617,Apartamento,USD,213.11,1017.82,92.71,656.99,1191.21,279008,PER-001
AV-2025-000765,1-245875,Actualización de garantía,2025-09-28,2025-10-03,2025-10-08,San José,Desamparados,Desamparados,9.900311,-84.078603,Terreno baldío urbano,CRC,426.83,231476.08,0.0,0.0,0.0,98801000,PER-006
AV-2025-000766,1-810649,Seguro,2022-12-10,2022-12-20,2023-01-01,San José,Goicoechea,Guadalupe,9.937091,-84.052834,Local comercial,CRC,2265.9,764939.48,3826.25,462511.58,24445046.81,3527406000,PER-007
AV-2025-000767,3-755052,Actualización de garantía,2025-04-01,2025-04-08,2025-04-16,Cartago,La Unión,Tres Ríos,9.891933,-83.98539,Local comercial,CRC,2414.12,779379.9,2598.92,445877.52,48984434.67,3089301000,PER-009
AV-2025-000768,4-157357-195,Actualización de garantía,2025-03-01,2025-06-17,2025-06-21,Heredia,Belén,San Antonio,9.985012,-84.170128,Apartamento,USD,86.93,1013.1,55.07,681.23,1350.25,126934,PER-007
AV-2025-000769,1-804202-312,Leasing,2025-10-23,2025-11-06,2025-11-12,San José,Curridabat,Curridabat,9.928674,-84.033343,Condominio horizontal,USD,502.36,779.21,218.64,1423.29,20143.48,722776,PER-002
AV-2025-000770,3-607708-154,Actualización de garantía,2025-01-30,2025-02-09,2025-02-20,Cartago,La Unión,Tres Ríos,9.888474,-83.995172,Apartamento,CRC,93.54,598952.2,244.64,428666.3,7360448.48,168255000,PER-005
AV-2025-000771,4-970273,Garantía hipotecaria,2022-07-09,2022-07-17,2022-07-26,Heredia,San Rafael,San Rafael,10.022426,-84.09082,Local comercial,CRC,1653.05,699530.09,2126.3,825640.51,5267144.43,2917185000,PER-007
AV-2025-000772,1-503805-202,Garantía hipotecaria,2025-06-18,2025-07-04,2025-07-16,San José,Tibás,San Juan,9.960018,-84.072343,Apartamento,USD,182.62,477.41,242.5,N/A,11514.15,260968,PER-003
AV-2024-000773,3-128932,Garantía hipotecaria,2024-06-10,2024-06-15,2024-06-17,Cartago,Cartago,Oriental,9.869678,-83.933979,Casa de habitación,CRC,690.01,738307.12,265.0,437348.31,7205921.08,632543000,PER-001
AV-2026-000774,4-366122,Leasing,2026-01-18,2026-01-20,2026-01-30,Heredia,Belén,San Antonio,9.982902,-84.172843,Casa de habitación,CRC,747.21,582173.71,208.37,507959.72,6214898.89,547064000,PER-008
AV-2025-000775,3-833478,Garantía hipotecaria,2025-02-06,2025-02-07,2025-02-10,Cartago,La Unión,Tres Ríos,9.909029,-83.980412,Local comercial,CRC,898.19,527388.19,674.85,838109.51,35482169.28,1074775000,PER-009
AV-2025-000776,3-240888-320,Garantía hipotecaria,2025-08-31,2025-09-03,2025-09-10,Cartago,Paraíso,Paraíso,9.814049,-83.854339,Apartamento,USD,98.37,400.18,203.57,1552.29,782.48,356148,PER-003
AV-2026-000777,4-814189,Actualización de garantía,2026-02-11,2026-02-11,2026-02-21,Heredia,Belén,San Antonio,9.985811,-84.184839,Casa de habitación,CRC,369.08,531206.62,84.92,398731.67,947004.59,230865000,PER-005
AV-2025-000778,1-361681-140,Compraventa,2025-01-14,2025-01-24,2025-01-29,San José,Escazú,Escazú,9.911379,-84.145827,Apartamento,USD,86.87,601.02,71.69,1491.13,1034.16,160144,PER-008
AV-2024-000779,4-644910,Actualización de garantía,2024-05-08,2024-05-15,2024-05-24,Heredia,Heredia,Heredia,9.998226,-84.127404,Casa de habitación,CRC,584.23,679475.56,203.86,787808.42,3271233.2,560844000,PER-008
AV-2025-000780,1-704275,Actualización de garantía,2025-07-21,2025-07-27,2025-08-02,San José,Escazú,Escazú,9.921723,-84.138773,Casa de habitación,CRC,457.62,646536.44,229.21,476308.34,7451738.64,412494000,PER-006
AV-2025-000781,7-146336,Garantía hipotecaria,2025-12-21,2025-12-31,2026-01-02,Limón,Limón,Limón,9.984901,-83.059544,Casa de habitación,CRC,943.48,535616.23,480.26,620338.68,1710864.1,804978000,PER-004
AV-2024-000782,6-662675-014,Compraventa,2024-04-30,2024-05-15,2024-05-20,Puntarenas,Quepos,Quepos,9.448942,-84.213242,Apartamento,USD,62.11,3670.85,72.57,1235.02,6013.84,323636,PER-009
AV-2026-000783,4-991360,Seguro,2026-02-10,2026-02-25,2026-03-03,Heredia,Heredia,Heredia,10.007018,-84.121258,Terreno baldío urbano,CRC,724.12,184526.09,0.0,0.0,1047495.94,117862000,PER-006
AV-2024-000784,7-112653,Actualización de garantía,2024-10-18,2024-10-24,2024-11-05,Limón,Pococí,Guápiles,10.239398,-83.783843,Finca agrícola,CRC,137923.32,85195.55,0.0,0.0,0.0,11750453000,PER-003
AV-2026-000785,4-243695-034,Actualización de garantía,2025-12-18,2026-01-02,2026-01-08,Heredia,San Rafael,San Rafael,10.027979,-84.095379,Condominio horizontal,CRC,282.75,113812.11,199.79,595630.13,1931339.42,153113000,PER-002
AV-2025-000786,2-767232-150,Leasing,2025-08-13,2025-08-19,2025-08-30,Alajuela,Alajuela,Alajuela,10.003356,-84.219324,Condominio horizontal,USD,448.21,785.66,352.13,1188.24,15757.22,786313,PER-005
AV-2025-000787,3-741337,Seguro,2025-09-05,2025-09-25,2025-10-03,Cartago,La Unión,Tres Ríos,9.907263,-83.978533,Local comercial,CRC,950.21,452653.84,1584.14,271059.83,32548238.14,892061000,PER-006
AV-2025-000788,1-478075,Garantía hipotecaria,2025-07-13,2025-07-14,2026-07-25,San José,Goicoechea,Guadalupe,9.938995,-84.046373,Casa de habitación,CRC,994.42,387954.79,670.41,526864.64,7734184.65,746740000,PER-004
AV-2025-000789,2-916213-173,Leasing,2022-12-13,2022-12-20,2022-12-29,Alajuela,Alajuela,Alajuela,10.029523,-84.196663,Apartamento,USD,111.71,1055.65,266.28,1524.73,21262.27,545194,PER-003
AV-2025-000790,5-179347,Garantía hipotecaria,2025-10-13,2025-10-23,2025-10-25,Guanacaste,Carrillo,Sardinal,10.511087,-85.633989,Terreno baldío urbano,CRC,1103.15,267387.91,0.0,0.0,0.0,294969000,PER-004
AV-2025-000791,1-730612,Actualización de garantía,2025-11-11,2025-11-26,2025-11-30,San José,Curridabat,Curridabat,9.926751,-84.027384,Local comercial,CRC,1755.82,562693.92,3426.66,409206.94,96625470.17,2486828000,PER-008
AV-2026-000792,5-523728-057,Garantía hipotecaria,2021-05-08,2021-05-17,2021-05-23,Guanacaste,Carrillo,Sardinal,10.541154,-85.668715,Apartamento,USD,204.84,14577.5,125.46,952.05,4115.22,3109615,PER-007
AV-2025-000793,7-889282,Garantía hipotecaria,2025-02-04,2025-02-09,2025-02-19,Limón,Talamanca,Cahuita,9.768239,-82.867372,Casa de habitación,CRC,445.44,751115.68,228.23,806460.35,1813690.28,520449000,PER-002
AV-2025-000794,4-469751-203,Seguro,2025-03-27,2025-03-28,2025-03-01,Heredia,Heredia,Heredia,10.008244,-84.121494,Condominio horizontal,USD,630.89,916.25,222.99,1156.57,18304.97,854261,PER-007
AV-2025-000795,1-741379,Garantía hipotecaria,2025-06-22,2025-07-02,2025-07-12,San José,Desamparados,Desamparados,9.89308,-84.047608,Local comercial,USD,466.14,330.08,404.22,983.54,31028.08,582458,PER-002
AV-2024-000796,2-741824-216,Leasing,2024-09-17,2024-09-20,2024-09-28,Alajuela,Alajuela,Alajuela,10.024409,-84.22994,Condominio horizontal,USD,222.17,966.2,124.79,553.32,4137.83,287847,PER-005
AV-2026-000797,2-167632,Actualización de garantía,2026-01-15,2026-01-21,2026-02-02,Alajuela,Alajuela,Alajuela,10.005833,-84.224569,Edificio de oficinas,USD,2009.52,456.36,10045.43,927.24,151664.14,10383253,PER-003
AV-2025-000798,4-205164,Garantía hipotecaria,2025-10-10,2025-10-10,2025-10-12,Heredia,Heredia,Heredia,9.983728,-84.11317,Casa de habitación,CRC,435.24,1187524.96,212.66,282890.12,514931.24,577533000,PER-004
AV-2025-000799,7-198543-364,Leasing,2025-07-28,2025-08-07,2025-08-12,Limón,Talamanca,Cahuita,9.713142,-82.802751,Condominio horizontal,USD,711.09,267.26,561.05,1009.72,14176.08,770725,PER-003
AV-2025-000800,7-946546,Compraventa,2025-06-09,2025-06-20,2025-07-01,Limón,Talamanca,Cahuita,9.771884,-82.851771,Terreno baldío rural,CRC,7636.17,158825.74,0.0,0.0,28089343.5,1143879000,PER-003
AV-2025-000801,1-434987,Actualización de garantía,2025-01-26,2025-02-05,2025-02-07,San José,Montes de Oca,San Pedro,9.937906,-84.039951,Bodega o nave industrial,CRC,4205.67,656670.39,1576.4,427966.19,11018927.72,3447404000,PER-001
AV-2025-000802,3-616552,Actualización de garantía,2025-01-21,2025-02-03,2025-02-09,Cartago,Cartago,Oriental,9.865041,-83.91566,Edificio de oficinas,CRC,1101.46,1058345.97,4037.43,329708.3,31363177.08,2528263000,PER-009
AV-2026-000803,2-462431,Actualización de garantía,2026-02-16,2026-02-27,2026-03-06,Alajuela,Upala,Upala,10.839372,-85.014053,Terreno baldío rural,USD,61340.88,58.33,0.0,0.0,0.0,3578014,PER-001
AV-2025-000804,6-555747,Actualización de garantía,2025-04-02,2025-04-13,2025-04-21,Puntarenas,Quepos,Quepos,9.442891,-84.127755,Casa de habitación,USD,292.6,2445.09,32.09,916.48,663.33,745507,PER-002
AV-2025-000805,2-662344,Actualización de garantía,2023-01-07,2023-01-23,2023-02-02,Alajuela,Atenas,Atenas,9.968289,-84.415361,Finca agrícola,CRC,250346.95,6870.65,27805.98,577143.79,605576226.32,18373671000,PER-007
AV-2024-000806,1-261678,Leasing,2024-10-10,2024-10-30,2024-11-05,San José,Escazú,Escazú,9.92027,-84.146191,Casa de habitación,CRC,651.61,715762.57,373.66,829832.11,22882468.37,799356000,PER-006
AV-2025-000807,3-181658,Leasing,2025-12-16,2025-12-20,2025-12-22,Cartago,Cartago,Oriental,9.87758,-83.927852,Casa de habitación,USD,278.7,1094.81,77.34,1020.97,4935.3,389021,PER-008
AV-2025-000808,7-715466,Leasing,2025-04-22,2025-05-11,2025-05-21,Limón,Pococí,Guápiles,10.21599,-83.785486,Finca agrícola,CRC,13567.08,70413.79,482.27,724382.61,15875677.92,1320533000,PER-005
AV-2024-000809,3-187291-027,Leasing,2024-10-20,2024-11-01,2024-11-08,Cartago,Paraíso,Paraíso,9.868838,-83.869482,Condominio horizontal,USD,665.61,456.19,206.39,705.93,5092.4,454434,PER-007
AV-2025-000810,1-911388,Leasing,2025-09-19,2025-10-08,2025-10-19,San José,Puriscal,Santiago,9.813005,-84.780192,Casa de habitación,USD,764.37,34.09,526.28,1450.18,40057.47,829316,PER-004
AV-2025-000811,1-549159,Actualización de garantía,2025-11-16,2025-11-20,2025-12-02,San José,Escazú,Escazú,9.902173,-84.144856,Local comercial,CRC,349.81,1289674.52,391.82,688581.33,2080493.82,723021000,PER-006
AV-2026-000812,1-663930,Contable,2026-01-13,2026-02-01,2026-02-05,San José,Goicoechea,Guadalupe,9.956956,-84.036453,Casa de habitación,CRC,575.27,844490.06,320.18,800861.22,11689366.7,753919000,PER-007
AV-2025-000813,3-816065,Garantía hipotecaria,2025-03-02,2025-03-15,2025-03-16,Cartago,Cartago,Oriental,9.872384,-83.929479,Bodega o nave industrial,USD,8369.35,510.33,5665.65,1167.12,266668.6,11150292,PER-005
AV-2025-000814,1-191746,Actualización de garantía,2025-05-28,2025-06-17,2025-06-22,San José,Santa Ana,Santa Ana,9.941901,-84.168926,Terreno baldío urbano,CRC,1157.71,399938.22,0.0,0.0,0.0,463012000,PER-006
AV-2025-000815,5-891479-119,Actualización de garantía,2021-08-24,2021-08-29,2021-09-09,Guanacaste,Santa Cruz,Tamarindo,10.313416,-85.866303,Apartamento,CRC,170.13,222106.17,331.95,660707.49,2962643.92,260071000,PER-007
AV-2025-000816,3-351842-062,Contable,2025-05-14,2025-05-16,2025-05-24,Cartago,Cartago,Oriental,-83.920341,9.847949,Condominio horizontal,USD,412.77,410.2,252.71,1200.64,1846.84,474579,PER-007
AV-2026-000817,3-152891,Leasing,2021-06-04,2021-06-21,2021-06-28,Cartago,Paraíso,Paraíso,9.860954,-83.88301,Terreno baldío urbano,CRC,1782.66,229151.31,0.0,0.0,0.0,408499000,PER-006
AV-2025-000818,1-207957-298,Garantía hipotecaria,2025-11-06,2025-11-18,2025-11-19,San José,Escazú,Escazú,9.924016,-84.135396,Apartamento,USD,79.41,395.32,112.43,955.07,503.49,139274,PER-001
AV-2025-000819,6-259794,Leasing,2025-09-08,2025-09-19,2025-09-29,Puntarenas,Garabito,Jacó,9.592482,-84.644211,Casa de habitación,CRC,261.64,894958.84,88.38,441469.85,587564.18,273762000,PER-005
AV-2024-000820,2-463929,Compraventa,2022-06-11,2022-06-27,2022-07-09,Alajuela,Alajuela,Alajuela,10.006962,-84.200565,Casa de habitación,CRC,1064.7,1223637.43,195.77,731453.49,5067821.03,1451071000,PER-004
AV-2024-000821,2-597306,Actualización de garantía,2024-08-23,2024-09-07,2024-09-18,Alajuela,Upala,Upala,10.914721,-85.108666,Finca agrícola,CRC,207408.58,24717.93,0.0,0.0,0.0,5126711000,PER-004
AV-2025-000822,5-957412,Contable,2025-09-17,2025-10-06,2025-10-11,Guanacaste,Nicoya,Nicoya,10.117901,-85.483857,Local comercial,CRC,295.6,361618.04,390.33,487144.77,4138936.06,301180000,PER-006
AV-2025-000823,4-490818,Actualización de garantía,2025-09-22,2025-09-24,2025-09-28,Heredia,Heredia,Heredia,9.994872,-84.116401,Terreno baldío urbano,CRC,656.99,268975.23,0.0,0.0,0.0,176714000,PER-008
AV-2024-000824,1-485457-134,Seguro,2021-09-27,2021-10-14,2021-10-21,San José,Tibás,San Juan,9.949277,-84.074978,Condominio horizontal,USD,193.27,710.09,55.68,625.68,692.93,172770,PER-006
AV-2025-000825,4-327900,Seguro,2025-03-18,2025-03-20,2025-03-31,Heredia,Heredia,Heredia,9.989818,-84.128031,Edificio de oficinas,USD,2059.29,898.63,9915.11,1449.84,1146672.8,17372536,PER-007
AV-2026-000826,1-519306,Garantía hipotecaria,2023-09-15,2023-09-17,2023-09-25,San José,Desamparados,Desamparados,9.880759,-84.066306,Casa de habitación,CRC,509.03,132101.81,350.46,835141.39,22294789.39,382222000,PER-001
AV-2024-000827,1-171473-033,Garantía hipotecaria,2024-07-17,2024-07-21,2024-07-29,San José,Montes de Oca,San Pedro,9.931674,-84.062147,Condominio horizontal,USD,367.08,503.31,194.58,1186.96,8871.02,424585,PER-001
AV-2025-000828,4-374345,Compraventa,2025-11-20,2025-11-27,2025-12-03,Heredia,Sarapiquí,Puerto Viejo,10.451018,-83.978248,Terreno baldío urbano,USD,694.24,43.17,0.0,0.0,0.0,29970,PER-002
AV-2024-000829,1-512586,Leasing,2022-03-02,2022-03-21,2022-03-29,San José,Goicoechea,Guadalupe,9.947297,-84.054517,Casa de habitación,CRC,181.13,500364.78,52.53,258311.7,362758.45,104563000,PER-007
AV-2025-000830,3-105207-214,Garantía hipotecaria,2025-10-01,2025-10-14,2025-10-23,Cartago,Paraíso,Paraíso,9.856907,-83.887605,Condominio horizontal,CRC,318.05,140914.95,0.0,0.0,2021235.26,46839000,PER-001
AV-2026-000831,3-116743,Actualización de garantía,2026-02-18,2026-02-18,2026-02-20,Cartago,La Unión,Tres Ríos,9.910301,-83.980522,Casa de habitación,CRC,680.12,655134.55,197.63,415494.0,2441930.4,530126000,PER-001
AV-2025-000832,4-247480,Actualización de garantía,2025-11-11,2025-11-14,2025-11-17,Heredia,Belén,San Antonio,10.826438,-83.951598,Casa de habitación,CRC,201.39,1240831.45,73.96,624773.08,1789301.76,297889000,PER-009
AV-2026-000833,1-750159,Leasing,2026-01-29,2026-02-17,2026-02-22,San José,Curridabat,Curridabat,9.917753,-84.044116,Edificio de oficinas,USD,3619.77,543.19,11082.56,992.54,4951.55,12971059,PER-005
AV-2025-000834,4-696541,Actualización de garantía,2025-06-16,2025-06-19,2025-06-23,Heredia,Heredia,Heredia,9.997546,-84.130391,Casa de habitación,CRC,223.12,915902.07,126.69,627711.9,1663411.66,285544000,PER-004
AV-2024-000835,5-631012,Compraventa,2024-11-17,2024-12-05,2024-12-07,Guanacaste,Nicoya,Nicoya,10.168039,-85.469324,Terreno baldío rural,CRC,41727.43,86216.62,0.0,0.0,0.0,3597598000,PER-007
AV-2025-000836,3-782102,Garantía hipotecaria,2021-10-12,2021-10-26,2021-10-30,Cartago,Turrialba,Turrialba,9.854731,-83.690696,Casa de habitación,CRC,293.53,300919.0,166.88,652109.0,8343480.62,205496000,PER-001
AV-2026-000837,1-930142,Compraventa,2026-01-24,2026-02-08,2026-02-10,San José,Goicoechea,Guadalupe,9.934124,-84.047082,Local comercial,USD,1117.0,412.67,688.16,722.53,30256.35,988425,PER-007
AV-2024-000838,4-609029-114,Contable,2021-11-11,2021-11-24,2021-12-03,Heredia,Heredia,Heredia,10.005157,-84.122054,Apartamento,USD,153.68,640.94,174.79,994.46,2543.42,274865,PER-007
AV-2025-000839,5-833087-057,Actualización de garantía,2025-10-10,2025-10-27,2025-11-04,Guanacaste,Carrillo,Sardinal,10.539382,-85.629163,Condominio horizontal,USD,490.66,540.07,189.26,577.46,4129.02,378410,PER-009
AV-2026-000840,2-590141,Actualización de garantía,2026-01-04,2026-01-06,2026-01-12,Alajuela,Grecia,Grecia,10.048953,-84.320277,Finca agrícola,CRC,24367.55,103355.14,1003.96,482138.55,18751429.71,3021311000,PER-007
AV-2024-000841,2-533016,Leasing,2024-11-25,2024-12-10,2024-11-12,Alajuela,Atenas,Atenas,9.944514,-84.393988,Casa de habitación,CRC,254.19,419701.87,116.5,845893.64,2382231.55,207613000,PER-002
AV-2024-000842,4-589704,Leasing,2024-09-02,2024-09-21,2024-10-01,Heredia,Belén,San Antonio,9.974784,-84.170298,Terreno baldío urbano,CRC,922.39,438186.84,0.0,0.0,0.0,404179000,PER-001
AV-2025-000843,2-989100-257,Actualización de garantía,2025-09-18,2025-10-02,2025-10-10,Alajuela,Alajuela,Alajuela,10.016911,-84.194519,Condominio horizontal,USD,325.26,880.58,238.23,537.18,9078.63,448170,PER-001
AV-2025-000844,1-915045,Contable,2023-10-31,2023-11-07,2023-11-19,San José,San José,Carmen,9.930138,-84.081287,Casa de habitación,USD,413.8,737.87,210.78,1302.58,2858.56,582747,PER-003
AV-2025-000845,5-622641,Contable,2025-04-03,2025-04-19,2025-04-29,Guanacaste,Carrillo,Sardinal,10.483994,-85.68702,Casa de habitación,CRC,220.97,1343454.24,113.91,597090.38,1706516.59,366584000,PER-007
AV-2025-000846,3-526069-128,Actualización de garantía,2025-06-10,2025-06-25,2025-06-30,Cartago,Cartago,Oriental,9.862003,-83.903481,Condominio horizontal,USD,586.49,1033.15,424.5,776.81,24280.92,959969,PER-006
AV-2024-000847,1-422369,Actualización de garantía,2024-04-25,2024-05-08,2024-05-16,San José,Tibás,San Juan,9.959627,-84.080513,Local comercial,CRC,493.72,152699.74,746.1,639020.91,689779.83,552854000,PER-009
AV-2026-000848,6-166520,Garantía hipotecaria,2026-01-29,2026-02-12,2026-02-16,Puntarenas,Garabito,Jacó,9.655863,-84.624837,Casa de habitación,CRC,313.22,903406.24,39.05,256108.21,723092.53,293689000,PER-001
AV-2024-000849,1-676951,Garantía hipotecaria,2024-11-20,2024-11-30,2024-12-07,San José,Puriscal,Santiago,9.813713,-84.338311,Casa de habitación,CRC,384.82,1742999.66,240.02,555606.27,10292891.91,814391000,PER-006
AV-2025-000850,5-161089-210,Garantía hipotecaria,2025-11-01,2025-11-04,2025-11-08,Guanacaste,Santa Cruz,Tamarindo,10.293849,-85.813018,Condominio horizontal,USD,447.96,452.85,250.18,796.55,12012.09,414152,PER-006
AV-2024-000851,4-254662-125,Contable,2024-06-03,2024-06-18,2024-06-29,Heredia,Heredia,Heredia,10.010155,-84.108207,Apartamento,CRC,88.56,809257.99,61.35,346316.07,456838.8,87724000,PER-005
AV-2025-000852,1-864097-132,Garantía hipotecaria,2025-04-19,2025-04-27,2025-05-02,San José,Santa Ana,Santa Ana,9.933687,-84.189328,Apartamento,USD,155.05,569.77,148.41,1173.66,13580.32,276106,PER-007
AV-2024-000853,1-618548-012,Actualización de garantía,2024-08-24,2024-08-31,2024-08-27,San José,Santa Ana,Santa Ana,9.937677,-84.192598,Apartamento,CRC,50.59,1230685.31,16.74,423001.0,367621.79,69709000,PER-001
AV-2024-000854,7-242558,Leasing,2024-12-08,2024-12-26,2025-01-04,Limón,Pococí,Guápiles,10.203318,-83.742615,Terreno baldío rural,CRC,7801.97,94664.83,0.0,0.0,5132016.14,743704000,PER-005
AV-2025-000855,1-393840-194,Garantía hipotecaria,2025-10-26,2025-11-14,2025-11-15,San José,Goicoechea,Guadalupe,10.246138,-84.438228,Condominio horizontal,CRC,494.49,108260.28,230.61,316334.26,259417.84,126743000,PER-001
AV-2024-000856,3-319185,Leasing,2024-07-23,2024-07-28,2024-08-07,Cartago,Cartago,Oriental,9.856544,-83.906005,Casa de habitación,CRC,347.49,872356.63,157.43,275073.37,1107076.22,416988000,PER-003
AV-2026-000857,1-877945,Leasing,2026-01-27,2026-02-12,2026-02-23,San José,Escazú,Escazú,9.918756,-84.125112,Bodega o nave industrial,USD,6029.07,1100.94,2659.01,943.89,188258.64,9335716,PER-008
AV-2024-000858,2-366125,Garantía hipotecaria,2024-07-08,2024-07-14,2024-07-15,Alajuela,San Carlos,Quesada,10.33484,-84.406922,Casa de habitación,CRC,315.89,466203.07,160.41,387875.37,295997.21,209784000,PER-001
AV-2024-000859,1-972708,Leasing,2022-08-09,2022-08-14, ,San José,Tibás,San Juan,9.97405,-84.087496,Edificio de oficinas,USD,3099.11,1091.41,15740.18,1369.53,1664928.34,26603977,PER-001
AV-2025-000860,1-327809,Actualización de garantía,2025-09-05,2025-09-07,2025-09-10,San José,Puriscal,Santiago,9.934184,-83.333274,Casa de habitación,CRC,584.38,343381.18,160.61,349019.8,862971.76,257584000,PER-004
AV-2025-000861,1-274185,Actualización de garantía,2025-05-23,2025-06-04,2025-06-11,San José,San José,Carmen,9.942149,-84.069541,Edificio de oficinas,CRC,1408.88,1093733.81,2043.8,305884.41,23331728.88,2189438000,PER-001
AV-2025-000862,2-957586-133,Leasing,2025-10-27,2025-10-29,2025-10-30,Alajuela,Alajuela,Alajuela,10.024433,-84.228179,Apartamento,USD,194.18,720.09,278.16,1291.85,17373.19,516541,PER-007
AV-2025-000863,3-671686-183,Garantía hipotecaria,2025-11-18,2025-11-21,2025-11-25,Cartago,Cartago,Oriental,9.798966,-84.419577,Apartamento,USD,232.86,405.83,300.44,538.54,10167.57,266468,PER-004
AV-2025-000864,1-555266,Garantía hipotecaria,2025-11-03,2025-11-06,2025-11-08,San José,Tibás,San Juan,9.972561,-84.089549,Casa de habitación,CRC,428.92,1027520.67,244.93,677053.49,4130870.63,610686000,PER-009
AV-2025-000865,1-524008-376,Leasing,2023-12-20,2023-12-24,2023-12-26,San José,Desamparados,Desamparados,9.903202,-84.073437,Condominio horizontal,USD,291.32,227.56,159.18,1420.32,6273.34,298653,PER-003
AV-2026-000866,2-174780,Garantía hipotecaria,2026-01-24,2026-02-06,2026-02-14,Alajuela,Grecia,Grecia,9.841092,-84.78306,Finca agrícola,CRC,149131.58,68369.54,22143.25,456370.86,670537807.14,20972129000,PER-007
AV-2026-000867,1-302752-046,Leasing,2022-01-29,2022-02-13,2022-02-20,San José,Goicoechea,Guadalupe,9.939591,-84.058957,Apartamento,USD,160.04,382.6,385.12,527.78,7446.97,271937,PER-003
AV-2025-000868,3-543655,Garantía hipotecaria,2025-06-12,2025-06-28,2025-07-07,Cartago,Paraíso,Paraíso,9.844553,-83.855397,Bodega o nave industrial,CRC,3974.7,1059709.29,2416.69,571538.42,27377173.85,5620635000,PER-004
AV-2026-001146,3-332087,Contable,2024-12-16,2024-12-22,2025-01-02,Cartago,Paraíso,Paraíso,9.852371,-83.869007,Terreno baldío urbano,CRC,1297.01,223779.36,0.0,0.0,7743622.64,297988000,PER-007
AV-2025-000870,7-828759,Contable,2025-05-20,2025-05-22,2025-05-31,Limón,Limón,Limón,9.982287,-83.041982,Terreno baldío urbano,CRC,1553.35,94751.22,0.0,0.0,3721344.3,150903000,PER-004
AV-2024-000871,4-633352,Leasing,2024-12-09,2024-12-16,2024-12-17,Heredia,Heredia,Heredia,9.992719,-84.112463,Casa de habitación,CRC,852.06,1050196.88,128.49,561282.87,1178636.81,968129000,PER-001
AV-2024-000872,2-809612,Garantía hipotecaria,2024-10-03,2024-10-19,2024-10-20,Alajuela,Upala,Upala,10.862251,-85.033264,Terreno baldío urbano,CRC,836.32,18858.31,0.0,0.0,0.0,15772000,PER-004
AV-2024-000873,4-908997,Actualización de garantía,2024-11-05,2024-11-21,2024-11-26,Heredia,San Rafael,San Rafael,10.004669,-84.095649,Terreno baldío urbano,CRC,630.12,118121.19,0.0,0.0,486441.7,74917000,PER-005
AV-2025-000874,3-121952,Actualización de garantía,2025-09-15,2025-10-01,2025-10-13,Cartago,La Unión,Tres Ríos,9.892234,-83.971854,Local comercial,CRC,1258.88,630525.33,465.06,606165.09,991286.0,1076650000,PER-008
AV-2024-000875,N/A,Leasing,2024-12-08,2024-12-28,2025-01-03,Puntarenas,Garabito,Jacó,9.65293,-84.639482,Terreno baldío urbano,CRC,605.95,73517.81,0.0,0.0,0.0,44548000,PER-003
AV-2025-000876,5-834230,Actualización de garantía,2025-06-09,2025-06-09,2025-06-10,Guanacaste,Liberia,Liberia,10.61986,-85.416621,Finca agrícola,CRC,391707.22,42232.11,0.0,0.0,0.0,16542622000,PER-006
AV-2024-000877,1-899852,Garantía hipotecaria,2024-06-23,2024-07-03,2024-07-12,San José,San José,Carmen,9.943933,-84.068632,Terreno baldío urbano,CRC,663.09,418325.21,0.0,0.0,0.0,277387000,PER-002
AV-2025-000878,1-891196,Leasing,2025-05-11,2025-05-11,2025-05-21,San José,Escazú,Escazú,9.917323,-84.127417,Casa de habitación,USD,306.63,991.69,175.01,1133.99,13722.08,516264,PER-005
AV-2024-000879,2-347252,Seguro,2024-10-29,2024-11-14,2024-11-20,Alajuela,Grecia,Grecia,10.040167,-84.301256,Terreno baldío urbano,CRC,693.46,123659.33,0.0,0.0,0.0,85753000,PER-003
AV-2025-000880,5-969349,Seguro,2025-04-19,2025-05-09,2025-05-15,Guanacaste,Liberia,Liberia,10.633092,-85.480725,Terreno baldío rural,CRC,11926.9,74236.2,0.0,0.0,0.0,885408000,PER-004
AV-2025-000881,3-619867,Garantía hipotecaria,2025-01-19,2025-01-31,2025-02-03,Cartago,Cartago,Oriental,9.870753,-83.931071,Local comercial,USD,907.51,997.17,796.99,1054.39,35923.05,1781203,PER-008
AV-2025-000882,3-913871,Leasing,2025-08-09,2025-08-12,2025-08-20,Cartago,Paraíso,Paraíso,9.824666,-83.878457,Casa de habitación,CRC,161.17,730588.89,57.98,638665.41,1209742.99,155989000,PER-003
AV-2025-000883,6-497681,Leasing,2023-01-07,2023-01-10,2023-01-18,Puntarenas,Garabito,Jacó,9.631497,-84.641096,Terreno baldío rural,CRC,11271.52,135532.78,0.0,0.0,0.0,1527660000,PER-002
AV-2024-000884,2-311295,Compraventa,2024-08-20,2024-09-09,2024-09-11,Alajuela,Atenas,Atenas,9.983341,-84.393538,Finca agrícola,CRC,27042.14,12459.06,0.0,0.0,5120487.94,342040000,PER-005
AV-2025-000885,7-958564,Leasing,2021-07-17,2021-07-21,2021-07-27,Limón,Pococí,Guápiles,10.253555,-83.799688,Terreno baldío urbano,CRC,681.3,132937.7,0.0,0.0,0.0,90570000,PER-004
AV-2025-000886,1-120483,Actualización de garantía,2025-02-06,2025-02-15,2025-02-23,San José,San José,Carmen,-84.077932,9.932343,Local comercial,CRC,736.54,1292609.36,232.29,650275.49,4311963.37,1107423000,PER-008
AV-2025-000887,6-661676,Seguro,2025-11-27,2025-11-27,2025-11-28,Puntarenas,Puntarenas,Puntarenas,9.961804,-84.833194,Finca agrícola,CRC,203416.46,125944.75,0.0,0.0,0.0,25619235000,PER-002
AV-2025-000888,1-656891,Actualización de garantía,2025-01-03,2025-01-05,2025-01-06,San José,Escazú,Escazú,9.92309,-84.126542,Local comercial,CRC,1166.58,668601.97,734.57,665724.38,38796123.81,1307795000,PER-001
AV-2024-000889,4-626193,Garantía hipotecaria,2024-12-09,2024-12-12,2024-12-19,Heredia,San Rafael,San Rafael,10.006186,-84.080401,Terreno baldío urbano,CRC,740.08,127366.09,0.0,0.0,914210.88,95175000,PER-001
AV-2025-000890,1-914041-336,Garantía hipotecaria,2025-11-07,2025-11-08,2025-11-20,San José,San José,Carmen,9.926695,-84.073648,Apartamento,USD,144.92,457.7,296.76,954.23,11438.37,360946,PER-002
AV-2024-000891,4-945802,Leasing,2024-04-18,2024-05-01,2024-05-06,Heredia,San Rafael,San Rafael,10.021943,-84.094248,Casa de habitación,CRC,900.32,721794.82,320.18,399847.54,9603635.72,787473000,PER-008
AV-2024-000892,2-908573,Actualización de garantía,2022-08-20,2022-08-27,2022-09-03,Alajuela,Upala,Upala,10.863709,-85.099828,Terreno baldío urbano,CRC,828.16,16531.48,0.0,0.0,101063.64,13792000,PER-009
AV-2025-000893,3-680943,Actualización de garantía,2025-02-01,2025-02-19,2025-03-01,Cartago,La Unión,Tres Ríos,9.923905,-83.991168,Casa de habitación,CRC,621.19,383698.52,87.91,845053.1,4711037.05,317349000,PER-001
AV-2025-000894,7-406782,Garantía hipotecaria,2025-06-01,2025-06-02,2025-06-11,Limón,Pococí,Guápiles,10.218843,-83.728243,Casa de habitación,CRC,316.07,478155.76,152.38,677666.54,7773081.64,262167000,PER-001
AV-2025-000895,1-653640,Garantía hipotecaria,2025-10-02,2025-10-14,2025-10-15,San José,Tibás,San Juan,9.973558,-84.084674,Casa de habitación,CRC,365.87,976859.58,41.09,809291.39,689512.23,391347000,PER-005
AV-2025-000896,1-236700,Contable,2025-12-23,2025-12-28,2026-01-06,San José,Santa Ana,Santa Ana,9.946786,-84.195992,Casa de habitación,USD,156.86,1017.29,40.74,1613.12,3805.79,229096,PER-007
AV-2024-000897,1-227917,Garantía hipotecaria,2024-11-15,2024-12-05,2024-12-07,San José,Montes de Oca,San Pedro,9.942901,-84.040043,Casa de habitación,CRC,718.77,696990.76,356.77,408176.48,10375186.59,656976000,PER-007
AV-2025-000898,3-569499,Actualización de garantía,2025-04-18,2025-04-21,2025-04-22,Cartago,Cartago,Oriental,9.871495,-83.927598,Bodega o nave industrial,USD,11048.42,905.72,5226.94,1142.97,126593.87,16107604,PER-007
AV-2026-000899,2-222345,Seguro,2021-12-22,2021-12-23,2022-01-04,Alajuela,San Carlos,Quesada,10.358787,-84.446753,Local comercial,CRC,728.83,438359.83,0.0,0.0,26240599.51,345730000,PER-008
AV-2025-000900,1-223851,Actualización de garantía,2025-12-01,2025-12-11,2025-12-19,San José,Tibás,San Juan,9.965347,-84.06563,Terreno baldío urbano,USD,1466.52,1063.79,148.08,1197.04,0.0,1737327,PER-007
AV-2025-000901,1-664663,Leasing,2023-05-21,2023-05-21,,San José,Desamparados,Desamparados,9.895304,-84.083223,Terreno baldío urbano,CRC,615.8,239643.87,0.0,0.0,0.0,147573000,PER-004
AV-2026-000902,3-700299,Seguro,2026-02-15,2026-02-16,2026-02-17,Cartago,La Unión,Tres Ríos,9.898763,-83.979378,Casa de habitación,CRC,347.9,739520.66,201.69,424328.55,5359551.04,348222000,PER-009
AV-2024-000903,1-435762,Leasing,2024-04-01,2024-04-08,2024-04-18,San José,Tibás,San Juan,9.97522,-84.075398,Casa de habitación,CRC,435.03,1048294.54,170.61,612022.57,845924.34,561303000,PER-003
AV-2025-000904,2-484925,Leasing,2021-11-17,2021-12-04,2021-12-07,Alajuela,Alajuela,Alajuela,10.032964,-84.220841,Casa de habitación,CRC,479.14,657681.79,325.25,714551.94,6035248.3,553565000,PER-007
AV-2025-000905,1-743434,Leasing,2021-05-25,2021-05-26,2021-05-29,San José,Santa Ana,Santa Ana,9.929576,-84.201043,Casa de habitación,CRC,289.46,820552.31,170.26,280195.78,1631471.73,286855000,PER-003
AV-2024-000906,4-919091-397,Garantía hipotecaria,2022-12-07,2022-12-25,2023-01-05,Heredia,Belén,San Antonio,9.965513,-84.176126,Condominio horizontal,USD,556.18,845.96,402.92,821.73,13980.68,815578,PER-003
AV-2025-000907,3-946219,Leasing,2025-06-08,2025-05-04,2025-05-15,Cartago,Cartago,Oriental,9.856284,-83.932117,Casa de habitación,CRC,281.0,949049.27,196.13,635106.56,5042545.49,396289000,PER-004
AV-2025-000908,1-951342,Garantía hipotecaria,2025-08-03,2025-08-21,2025-09-02,San José,Goicoechea,Guadalupe,9.954503,-84.051599,Casa de habitación,CRC,701.63,673840.78,246.1,325338.04,2218739.03,555071000,PER-007
AV-2025-000909,1-423164,Actualización de garantía,2022-01-04,2022-01-04,2022-01-06,San José,Pérez Zeledón,San Isidro de El General,9.33703,-83.679052,Casa de habitación,CRC,425.88,382404.4,184.41,692670.58,211011.23,290805000,PER-003
AV-2025-000910,3-242265,Leasing,2022-07-08,2022-07-28,2022-08-02,Cartago,Paraíso,Paraíso,9.812362,-83.881811,Casa de habitación,CRC,203.66,355380.98,43.57,347913.17,803440.43,88339000,PER-003
AV-2025-000911,2-387681-032,Actualización de garantía,2022-09-28,2022-10-10,2022-10-13,Alajuela,Alajuela,Alajuela,9.828876,-84.60024,Condominio horizontal,USD,345.76,991.74,260.31,1199.08,22854.62,677891,PER-004
AV-2026-000912,1-551600-367,Garantía hipotecaria,2026-01-12,2026-01-30,2026-02-10,San José,Goicoechea,Guadalupe,9.953287,-84.042549,Condominio horizontal,USD,507.14,368.85,111.89,581.78,4510.34,256664,PER-002
AV-2024-000913,3-255266-070,Leasing,2024-09-06,2024-09-18,2024-09-23,Cartago,Cartago,Oriental,9.864605,-83.910318,Apartamento,USD,114.9,556.9,212.84,1121.87,2235.8,305002,PER-009
AV-2024-000914,3-909919,Leasing,2024-10-06,2024-10-15,2024-10-17,Cartago,La Unión,Tres Ríos,9.900887,-83.969439,Casa de habitación,CRC,465.31,521730.73,58.99,611712.55,1886221.33,280738000,PER-006
AV-2024-000915,4-180961-040,Leasing,2022-10-08,2022-10-22,2022-11-01,Heredia,Belén,San Antonio,9.96292,-84.186554,Apartamento,USD,68.5,977.08,74.17,1695.9,5591.33,198306,PER-003
AV-2024-000916,1-864733,Actualización de garantía,2024-09-04,2024-09-13,2024-09-14,San José,Goicoechea,Guadalupe,9.940997,-84.057728,Bodega o nave industrial,CRC,9308.18,512747.48,3969.81,262774.64,23295348.25,5839207000,PER-005
AV-2025-000917,4-367458,Seguro,2025-11-02,2025-11-03,2025-11-05,Heredia,Santo Domingo,Santo Domingo,9.995203,-84.084736,Casa de habitación,CRC,562.7,549375.18,304.46,620411.01,15022169.25,513046000,PER-007
AV-2026-000918,3-470211-111,Actualización de garantía,2026-02-03,2026-02-03,2026-02-09,Cartago,La Unión,Tres Ríos,9.917199,-83.971977,Condominio horizontal,USD,522.13,237.16,294.06,1470.23,18828.93,574993,PER-001
AV-2026-000919,1-630939,Leasing,2026-02-14,2026-02-20,2026-02-22,San José,Goicoechea,Guadalupe,9.936862,-84.059615,Casa de habitación,CRC,654.25,438044.32,184.41,450735.78,3545881.64,373257000,PER-008
AV-2026-000920,1-622375,Garantía hipotecaria,2026-01-13,2026-01-27,2026-01-29,San José,Escazú,Escazú,9.923682,-84.138197,Edificio de oficinas,USD,1029.42,884.11,2174.71,790.63,125055.5,2754567,PER-001
AV-2025-000921,3-282654,Garantía hipotecaria,2025-10-29,2025-11-03,2025-11-07,Cartago,Cartago,Oriental,9.851188,-83.922992,Bodega o nave industrial,USD,8774.58,663.03,3195.43,1259.11,141922.64,9983130,PER-003
AV-2024-000922,1-642734,Compraventa,2022-05-12,2022-05-12,2022-05-13,San José,Desamparados,Desamparados,9.907621,-84.082365,Casa de habitación,CRC,303.47,715896.99,162.59,577274.73,3054382.35,314167000,PER-004
AV-2024-000923,1-442776-172,Seguro,2023-05-13,2023-05-23,2023-05-25,San José,Montes de Oca,San Pedro,9.218198,-83.480106,Apartamento,CRC,140.41,801064.73,163.27,496919.14,4778306.21,198388000,PER-005
AV-2024-000924,1-411274,Garantía hipotecaria,2023-06-09,2023-06-20,2023-06-25,San José,Tibás,San Juan,9.965025,-84.090195,Edificio de oficinas,USD,1324.63,1074.42,4081.12,756.39,195379.3,4705507,PER-007
AV-2025-000925,1-327508,Actualización de garantía,2025-08-23,2025-09-10,2025-09-18,San José,Goicoechea,Guadalupe,9.943239,-84.051463,Local comercial,CRC,2400.73,70954.83,1838.28,813348.7,69076703.63,1734583000,PER-009
AV-2026-000926,2-366741,Actualización de garantía,2026-01-30,2026-02-13,2026-02-19,Alajuela,Atenas,Atenas,9.910332,-84.045998,Finca agrícola,CRC,77342.9,15917.25,0.0,0.0,0.0,1231086000,PER-007
AV-2025-000927,1-480188-091,Leasing,2025-09-30,2025-10-18,2025-10-30,San José,Desamparados,Desamparados,9.896975,-84.050241,Condominio horizontal,CRC,370.95,177120.28,274.7,778627.33,12704129.0,292296000,PER-003
AV-2025-000928,6-392432,Contable,2025-04-27,2025-04-30,2025-05-06,Puntarenas,Quepos,Quepos,9.424959,-84.190989,Casa de habitación,CRC,342.06,2947691.89,237.41,694352.11,3123162.7,1176257000,PER-007
AV-2026-000929,2-291207,Leasing,2026-02-20,2026-02-20,2026-02-21,Alajuela,San Carlos,Quesada,10.31066,-84.460574,Local comercial,CRC,2631.15,350317.72,5138.32,610808.43,154159088.89,4214427000,PER-005
AV-2026-000930,1-158799,Actualización de garantía,2026-02-05,2026-02-16,2026-02-19,San José,Desamparados,Desamparados,9.8997,-84.080542,Casa de habitación,CRC,274.19,830251.73,92.0,271625.16,127042.31,252763000,PER-001
AV-2025-000931,2-955166,Leasing,2025-12-15,2025-12-21,2025-12-31,Alajuela,Upala,Upala,10.972012,-85.074356,Casa de habitación,USD,654.7,57.93,125.31,1303.54,4393.98,205667,PER-009
AV-2024-000932,3-387334,Compraventa,2024-09-09,2024-09-24,2024-09-30,Cartago,Turrialba,Turrialba,9.899412,-83.709501,Casa de habitación,CRC,262.39,598152.84,173.49,336036.62,1540381.86,216789000,PER-007
AV-2025-000933,4-310833,Seguro,2025-05-20,2025-06-09,2025-06-16,Heredia,Belén,San Antonio,9.972481,-84.189105,Local comercial,CRC,323.37,934720.44,412.51,543945.51,14013776.93,540657000,PER-006
AV-2024-000934,7-642440,Contable,2024-06-07,2024-06-27,2024-06-29,Limón,Pococí,Guápiles,10.171096,-83.784689,Finca agrícola,CRC,225746.02,97218.56,25255.66,470668.83,799841011.97,34633596000,PER-009
AV-2025-000935,3-754199,Garantía hipotecaria,2025-05-06,2025-05-06,2025-05-08,Cartago,La Unión,Tres Ríos,9.097161,-84.441621,Casa de habitación,USD,678.84,308.37,290.95,870.02,6969.66,469436,PER-001
AV-2024-000936,2-868863,Leasing,2024-09-21,2024-10-11,2024-10-21,Alajuela,Atenas,Atenas,9.964736,-84.415844,Casa de habitación,CRC,351.0,365810.38,96.94,425502.93,2162676.73,171810000,PER-006
AV-2025-000937,2-778557,Actualización de garantía,2025-08-31,2025-09-17,2025-09-28,Alajuela,Grecia,Grecia,10.072789,-84.270921,Casa de habitación,CRC,369.98,262893.88,219.13,452147.44,7583374.94,203928000,PER-009
AV-2024-000938,6-345471,Leasing,2024-12-07,2024-12-18,2024-12-23,Puntarenas,Garabito,Jacó,9.635527,-84.628657,Terreno baldío urbano,CRC,1041.35,282310.55,0.0,0.0,0.0,293984000,PER-002
AV-2025-000939,1-163996,Leasing,2025-03-08,2025-03-22,2025-03-26,San José,Desamparados,Desamparados,9.899556,-84.068545,Casa de habitación,CRC,827.04,489923.5,544.23,752783.99,31240931.42,846115000,PER-005
AV-2026-000940,7-775962-317,Contable,2025-12-31,2026-01-16,2026-01-23,Limón,Talamanca,Cahuita,9.732234,-82.907909,Condominio horizontal,USD,737.21,141.13,567.06,1055.49,22156.4,724725,PER-001
AV-2024-000941,6-539602-284,Leasing,2024-09-08,2024-09-25,2024-10-06,Puntarenas,Quepos,Quepos,9.450629,-84.20451,Condominio horizontal,USD,495.63,339.51,360.5,984.11,1205.67,524249,PER-001
AV-2024-000942,4-487506,Actualización de garantía,2024-10-22,2024-11-03,2024-11-15,Heredia,Sarapiquí,Puerto Viejo,10.486284,-84.071595,Finca agrícola,CRC,190391.06,102174.61,0.0,0.0,34737098.53,21999042000,PER-003
AV-2025-000943,4-322688,Leasing,2025-04-08,2025-04-25,2025-05-02,Heredia,Belén,San Antonio,9.984228,-84.175143,Casa de habitación,CRC,661.94,1226315.35,118.04,346499.36,2941187.54,855589000,PER-004
AV-2025-000944,1-824807,Leasing,2025-03-23,2025-03-24,2025-04-03,San José,Curridabat,Curridabat,9.907005,-84.045527,Local comercial,USD,1606.76,536.26,1711.14,812.9,83597.53,2336224,PER-001
AV-2025-000945,4-216429,Leasing,2025-09-03,2025-09-23,2025-09-28,Heredia,Heredia,Heredia,9.988217,-84.118831,Local comercial,CRC,1352.61,1103157.66,1906.57,396618.31,34499207.1,2282822000,PER-001
AV-2026-000946,3-945514,Leasing,2026-01-20,2026-02-07,2026-02-13,Cartago,Paraíso,Paraíso,9.817927,-83.860952,Terreno baldío urbano,CRC,805.31,133505.05,0.0,0.0,0.0,107513000,PER-008
AV-2025-000947,2-468523,Actualización de garantía,2025-11-03,2025-11-20,2025-11-26,Alajuela,Alajuela,Alajuela,10.009467,-84.194866,Terreno baldío urbano,CRC,685.79,304969.74,0.0,0.0,0.0,209145000,PER-006
AV-2025-000948,5-509300,Actualización de garantía,2025-01-06,2025-01-21,2025-01-26,Guanacaste,Carrillo,Sardinal,10.502419,-85.687153,Casa de habitación,CRC,407.03,584674.14,63.42,815698.91,286412.76,289998000,PER-002
AV-2024-000949,3-426425,Leasing,2024-08-31,2024-09-13,2024-09-20,Cartago,La Unión,Tres Ríos,9.892598,-83.973604,Local comercial,CRC,536.8,500017.1,842.45,262909.99,6010463.16,495908000,PER-001
AV-2025-000950,2-944416,Leasing,2021-11-29,2021-12-05,2021-12-15,Alajuela,Alajuela,Alajuela,10.00832,-84.22615,Edificio de oficinas,CRC,1291.34,933676.47,6907.24,356645.73,118928952.26,3788060000,PER-003
AV-2024-000951,5-965258,Contable,2023-02-09,2023-02-14,2023-02-16,Guanacaste,Nicoya,Nicoya,10.123089,-85.449717,Terreno baldío urbano,CRC,975.94,161234.35,0.0,0.0,0.0,157355000,PER-005
AV-2025-000952,3-415466-116,Garantía hipotecaria,2025-10-21,2025-10-21,2025-10-23,Cartago,Paraíso,Paraíso,9.82439,-83.875643,Apartamento,USD,203.07,431.09,292.14,779.1,4781.57,319929,PER-009
AV-2024-000953,4-986439,Actualización de garantía,2024-08-30,2024-09-16,2024-09-20,Heredia,Heredia,Heredia,10.011345,-84.122941,Edificio de oficinas,USD,2652.75,524.51,1861.53,1156.43,5679.11,3549802,PER-002
AV-2026-000954,4-227041-161,Actualización de garantía,2026-02-01,2026-02-14,2026-02-24,Heredia,Heredia,Heredia,10.006843,-84.128555,Apartamento,CRC,74.98,1277938.53,189.71,770396.48,265482.39,242237000,PER-006
AV-2025-000955,3-198203,Leasing,2025-07-18,2025-07-31,2025-08-05,Cartago,Paraíso,Paraíso,9.835762,-83.835983,Casa de habitación,CRC,984.97,593435.67,497.68,403919.49,4306242.56,789845000,PER-008
AV-2025-000956,3-673404-335,Leasing,2025-08-18,2025-08-18,2025-08-23,Cartago,Paraíso,Paraíso,9.810693,-83.878337,Apartamento,USD,163.37,374.05,208.98,590.55,1526.44,186048,PER-004
AV-2025-000957,4-444214,Garantía hipotecaria,2025-05-18,2025-06-06,2025-06-07,Heredia,Santo Domingo,Santo Domingo,9.988591,-84.089072,Casa de habitación,CRC,864.98,426872.06,306.32,704587.23,11694719.46,596760000,PER-007
AV-2025-000958,4-362444,Leasing,2025-03-05,2025-03-08,2025-03-09,Heredia,Belén,San Antonio,9.986744,-84.196778,Casa de habitación,CRC,461.48,855810.42,73.6,440623.58,503585.49,427873000,PER-007
AV-2024-000959,1-156044-116,Actualización de garantía,2024-07-18,2024-08-05,2024-08-14,San José,Goicoechea,Guadalupe,9.962174,-84.049447,Apartamento,CRC,121.92,1093008.59,52.42,256060.95,399002.46,147081000,PER-005
AV-2026-000960,6-754676-039,Actualización de garantía,2025-12-25,2026-01-12,2026-01-13,Puntarenas,Garabito,Jacó,9.635859,-84.641376,Condominio horizontal,USD,675.67,217.48,175.73,1414.1,4720.17,400165,PER-009
AV-2026-000961,1-264460,Actualización de garantía,2025-12-29,2026-01-02,2026-01-07,San José,Montes de Oca,San Pedro,9.529282,-84.114954,Local comercial,CRC,330.4,594080.63,478.42,514164.42,1434116.65,443705000,PER-003
AV-2025-000962,1-402582-303,Leasing,2025-09-10,2025-09-16,2025-09-22,San José,Desamparados,Desamparados,9.909184,-84.074224,Apartamento,USD,82.49,235.56,223.58,1529.23,2080.96,363418,PER-008
AV-2025-000963,1-731556,Garantía hipotecaria,2025-07-15,2025-07-19,2025-07-24,San José,Escazú,Escazú,9.925555,-84.133345,Casa de habitación,CRC,187.55,177611.51,76.97,354684.06,1586626.58,62198000,PER-003
AV-2025-000964,5-867840,Actualización de garantía,2025-07-17,2025-07-30,2025-08-05,Guanacaste,Liberia,Liberia,10.634205,-85.402436,Bodega o nave industrial,USD,1131.11,252.1,758.15,944.75,37247.88,1038663,PER-009
AV-2025-000965,3-278224,Compraventa,2025-03-12,2025-03-23,2025-04-04,Cartago,La Unión,Tres Ríos,9.917884,-83.987973,Bodega o nave industrial,USD,2465.25,228.14,823.24,560.9,15463.35,1039641,PER-001
AV-2025-000966,1-365128,Leasing,2025-11-04,2025-11-21,2025-11-25,San José,Curridabat,Curridabat,9.907977,-84.035671,Terreno baldío urbano,CRC,729.49,251137.96,0.0,0.0,4548519.06,187751000,PER-003
AV-2025-000967,1-721581,Actualización de garantía,2025-06-30,2025-07-14,2025-07-15,San José,Goicoechea,Guadalupe,9.944691,-84.055272,Casa de habitación,CRC,171.6,593742.23,98.97,443073.87,2389241.03,148126000,PER-007
AV-2024-000968,1-743773-019,Leasing,2024-07-26,2024-08-13,2024-08-20,San José,Escazú,Escazú,9.935585,-84.129238,Apartamento,CRC,161.58,1046263.85,458.82,362363.65,1915367.25,337230000,PER-001
AV-2025-000969,1-369742,Actualización de garantía,2025-03-21,2025-03-31,2025-04-04,San José,Montes de Oca,San Pedro,9.928186,-84.038042,Local comercial,CRC,1028.6,2270444.85,1712.74,286092.12,3472659.53,2828854000,PER-008
AV-2025-000970,4-411461,Leasing,2025-09-23,2025-09-30,2025-10-07,Heredia,Heredia,Heredia,10.002153,-84.106824,Local comercial,CRC,615.82,933368.92,366.07,393230.46,2659047.79,721396000,PER-007
AV-2025-000971,1-246020-086,Garantía hipotecaria,2025-08-20,2025-08-20,2025-08-29,San José,Escazú,Escazú,9.904244,-84.142685,Apartamento,CRC,111.59,862967.13,155.65,468869.11,1353967.61,170632000,PER-005
AV-2024-000972,3-211046,Actualización de garantía,2024-08-22,2024-09-08,2024-09-10,Cartago,La Unión,Tres Ríos,9.92211,-83.985761,Terreno baldío urbano,CRC,381.6,95528.04,0.0,0.0,0.0,36454000,PER-005
AV-2024-000973,1-736707,Actualización de garantía,2024-08-30,2024-08-30,2024-09-01,San José,Escazú,Escazú,9.905719,-84.126426,Edificio de oficinas,USD,1008.42,932.05,1994.42,1312.43,149350.59,3706785,PER-005
AV-2025-000974,5-504962,Seguro,2025-11-10,2025-11-12,2025-11-21,Guanacaste,Santa Cruz,Tamarindo,10.315739,-85.81542,Terreno baldío urbano,CRC,1192.13,138897.35,0.0,0.0,0.0,165584000,PER-002
AV-2025-000975,6-834470,Garantía hipotecaria,2025-12-10,2025-12-15,2025-12-24,Puntarenas,Puntarenas,Puntarenas,9.994115,-84.808977,Local comercial,CRC,449.57,678169.66,687.49,625032.4,28440912.68,763029000,PER-007
AV-2025-000976,1-494308,Leasing,2022-03-12,2022-03-31,2022-04-02,San José,Tibás,San Juan,9.946298,-84.082909,Casa de habitación,CRC,543.28,1025917.68,204.14,479384.38,6071034.09,661293000,PER-003
AV-2025-000977,1-418092,Leasing,2025-03-02,2025-03-02,2025-03-03,San José,Pérez Zeledón,San Isidro de El General,9.383616,-83.707971,Casa de habitación,CRC,1123.2,686697.32,543.82,367642.92,11064890.23,982295000,PER-004
AV-2026-000978,2-408197,Leasing,2024-01-14,2024-01-29,2024-02-04,Alajuela,Upala,Upala,10.883906,-85.102614,Casa de habitación,CRC,744.76,381690.26,437.11,634109.19,4396750.23,565840000,PER-003
AV-2025-000979,1-668907,Leasing,2025-01-17,2025-01-19,2025-01-20,San José,Montes de Oca,San Pedro,9.924025,-84.038055,Terreno baldío urbano,CRC,690.67,275352.8,0.0,0.0,0.0,190178000,PER-009
AV-2025-000980,1-916508,Contable,2025-05-15,2025-05-31,2025-06-05,San José,Pérez Zeledón,San Isidro de El General,9.547191,-83.223096,Finca agrícola,CRC,59232.45,135504.87,0.0,0.0,0.0,8026285000,PER-006
AV-2024-000981,1-140695,Leasing,2024-08-08,2024-08-26,2024-08-30,San José,Santa Ana,Santa Ana,9.921999,-84.164496,Bodega o nave industrial,USD,7256.57,845.08,4153.96,1516.29,429146.35,12860137,PER-009
AV-2025-000982,4-800762-366,Leasing,2025-04-08,2025-04-20,2025-04-27,Heredia,Santo Domingo,Santo Domingo,9.975895,-84.094026,Condominio horizontal,USD,327.74,173.44,108.25,700.82,305.54,133013,PER-007
AV-2024-000983,2-214076,Garantía hipotecaria,2024-07-11,2024-07-18,2024-07-26,Alajuela,San Carlos,Quesada,10.348517,-84.405656,Casa de habitación,USD,273.52,216.2,136.06,962.37,5736.81,195812,PER-001
AV-2025-000984,1-216155,Garantía hipotecaria,2025-10-30,2025-11-03,2025-11-04,San José,Montes de Oca,San Pedro,9.933804,-84.037987,Local comercial,CRC,739.89,690896.34,853.16,502054.64,,965969000,PER-007
AV-2024-000985,1-804116,Leasing,2024-08-16,2024-08-19,2024-08-22,San José,Curridabat,Curridabat,9.917231,-84.031568,Terreno baldío urbano,CRC,516.03,1366112.36,0.0,0.0,0.0,704955000,PER-002
AV-2025-000986,1-182559,Contable,2025-12-25,2025-12-27,2026-01-05,San José,Desamparados,Desamparados,9.904955,-84.052408,Casa de habitación,CRC,267.15,499307.01,101.75,579805.23,897392.09,193282000,PER-008
AV-2024-000987,4-169289,Actualización de garantía,2024-09-20,2024-09-28,2024-10-07,Heredia,Heredia,Heredia,9.99793,-84.128406,Bodega o nave industrial,CRC,11672.84,598742.2,5610.54,820616.09,105355354.38,11698477000,PER-003
AV-2024-000988,5-993813,Actualización de garantía,2024-10-31,2024-10-31,2024-11-10,Guanacaste,Nicoya,Nicoya,10.102073,-85.469361,Terreno baldío rural,CRC,23790.38,73063.91,0.0,0.0,0.0,1738218000,PER-005
AV-2024-000989,6-201624-333,Actualización de garantía,2024-11-29,2024-12-16,2024-12-19,Puntarenas,Garabito,Jacó,9.617706,-84.585955,Apartamento,USD,79.43,2966.82,190.74,1461.55,11143.49,525574,PER-004
AV-2025-000990,1-777029,Garantía hipotecaria,2025-06-21,2025-06-25,2025-07-07,San José,Santa Ana,Santa Ana,9.940754,-84.167791,Casa de habitación,CRC,689.71,994362.4,471.54,465862.54,9110184.43,914605000,PER-004
AV-2024-000991,7-983133,Actualización de garantía,2024-12-12,2024-12-31,2025-01-01,Limón,Pococí,Guápiles,10.192687,-83.822048,Casa de habitación,CRC,826.56,384779.34,153.5,708276.32,2632661.48,429396000,PER-006
AV-2026-000992,2-930381,Garantía hipotecaria,2025-12-17,2026-01-03,2026-01-09,Alajuela,Upala,Upala,10.929189,-84.987373,Casa de habitación,CRC,741.3,220931.25,161.79,463332.48,811903.98,239551000,PER-003
AV-2024-000993,4-758012-398,Actualización de garantía,2024-10-28,2024-11-07,2024-11-14,Heredia,Belén,San Antonio,9.989204,-84.177346,Apartamento,USD,75.48,993.76,204.3,1299.51,8004.97,348504,PER-006
AV-2026-000994,1-208596,Actualización de garantía,2026-02-10,2026-02-16,2026-02-20,San José,Escazú,Escazú,9.934427,-84.149398,Terreno baldío urbano,USD,726.16,882.43,0.0,0.0,7395.18,648181,PER-001
AV-2025-000995,7-452627-047,Leasing,2025-11-06,2025-11-15,2025-11-23,Limón,Talamanca,Cahuita,9.731744,-82.858279,Apartamento,USD,93.95,1533.79,49.09,946.99,2318.07,192905,PER-001
AV-2024-000996,5-315868,Leasing,2024-09-23,2024-10-07,2024-10-12,Guanacaste,Liberia,Liberia,10.640525,-85.444797,Casa de habitación,USD,1038.79,142.36,344.82,811.86,13829.47,441657,PER-004
AV-2025-000997,4-962737-118,Garantía hipotecaria,2025-08-03,2025-08-17,2025-08-23,Heredia,Heredia,Heredia,9.998054,-84.125869,Apartamento,USD,219.86,542.8,181.72,1005.6,8212.17,310290,PER-005
AV-2025-000998,7-688947,Contable,2025-11-01,2025-11-05,2025-11-11,Limón,Limón,Limón,9.995049,-83.056366,Casa de habitación,CRC,306.39,325226.77,212.3,753663.98,12764335.27,272413000,PER-008
AV-2025-000999,5-880033,Contable,2023-06-10,2023-06-22,2023-06-28,Guanacaste,Nicoya,Nicoya,10.111243,-85.441152,Terreno baldío rural,USD,20845.11,259.91,0.0,0.0,0.0,5417853,PER-009
AV-2024-001000,4-965968,Leasing,2024-12-14,2024-12-22,2024-12-27,Heredia,San Rafael,San Rafael,10.027052,-84.083208,Terreno baldío urbano,CRC,751.16,259588.94,0.0,0.0,1166838.48,196160000,PER-001
AV-2025-001001,2-867508,Garantía hipotecaria,2025-09-08,2025-09-24,2025-10-03,Alajuela,Upala,Upala,10.931767,-84.978126,Casa de habitación,CRC,260.3,219888.97,43.37,274193.61,7473.76,69136000,PER-007
AV-2025-001002,3-883009,Leasing,2025-08-18,2025-09-04,2025-09-09,Cartago,La Unión,Tres Ríos,9.907547,-84.004083,Casa de habitación,CRC,364.8,874192.38,78.59,372555.97,399702.8,348584000,PER-007
AV-2025-001003,2-372432-377,Leasing,2025-10-16,2025-10-24,2025-10-30,Alajuela,Alajuela,Alajuela,10.027075,-84.212973,Apartamento,USD,178.5,451.22,188.02,1315.77,19368.84,347303,PER-004
AV-2025-001004,1-978265,Actualización de garantía,2025-08-17,2025-09-03,2025-09-08,San José,San José,Carmen,9.934979,-84.083417,Bodega o nave industrial,USD,10705.62,627.58,3890.73,1698.64,28258.09,13355841,PER-001
AV-2024-001005,4-632339,Actualización de garantía,2024-06-01,2024-06-06,2024-06-11,Heredia,San Rafael,San Rafael,10.01346,-84.093974,Casa de habitación,CRC,243.71,654449.6,118.11,846984.78,4183949.66,263717000,PER-002
AV-2025-001006,3-504080,Leasing,2025-06-26,2025-06-26,2025-07-06,Cartago,Turrialba,Turrialba,9.949698,-83.692372,Casa de habitación,CRC,221.99,353526.75,44.96,341578.99,42828.35,93880000,PER-005
AV-2025-001007,3-680848,Leasing,2025-12-08,2025-12-24,2025-12-27,Cartago,La Unión,Tres Ríos,9.91978,-83.995026,Casa de habitación,CRC,771.5,843286.0,494.2,331721.7,12511631.92,801115000,PER-002
AV-2025-001008,1-979639,Garantía hipotecaria,2025-04-23,2025-04-23,2025-04-28,San José,Desamparados,Desamparados,9.910888,-84.084436,Casa de habitación,CRC,482.01,849888.16,91.05,423643.02,2254232.75,450482000,PER-006
AV-2024-001009,2-426171,Garantía hipotecaria,2023-05-25,2023-06-09,2023-06-11,Alajuela,Alajuela,Alajuela,-84.200321,10.024186,Local comercial,USD,471.9,838.06,569.62,990.71,7710.09,967519,PER-003
AV-2025-001010,1-843942-005,Seguro,2025-01-29,2025-02-15,2025-02-24,San José,Desamparados,Desamparados,9.894203,-84.064739,Apartamento,CRC,95.73,810537.44,115.41,479334.83,1063309.89,133976000,PER-004
AV-2025-001011,1-860634-139,Leasing,2025-01-31,2025-02-20,2025-02-23,San José,San José,Carmen,9.930231,-84.069262,Apartamento,USD,97.83,781.86,270.25,628.42,12106.24,258426,PER-001
AV-2025-001012,3-137605-099,Contable,2025-02-13,2025-02-24,2025-02-27,Cartago,Paraíso,Paraíso,9.828697,-83.842867,Condominio horizontal,USD,411.25,261.75,255.88,874.3,16979.09,348340,PER-008
AV-2025-001013,2-255297,Garantía hipotecaria,2025-07-24,2025-08-11,2025-08-16,Alajuela,Upala,Upala,10.882312,-85.08015,Casa de habitación,CRC,521.85,1472074.73,0.0,0.0,6153564.27,866877000,PER-003
AV-2025-001014,3-171650,Actualización de garantía,2025-10-08,2025-10-15,2025-10-24,Cartago,La Unión,Tres Ríos,9.911377,-83.998158,Local comercial,CRC,684.55,760177.58,1153.4,619658.9,56012269.68,1291106000,PER-001
AV-2025-001015,4-840725,Compraventa,2025-07-27,2025-07-27,2025-07-29,Heredia,San Rafael,San Rafael,10.007097,-84.094863,Local comercial,CRC,1732.15,453311.76,1263.09,627972.82,17001436.47,1595392000,PER-004
AV-2025-001016,4-361979-140,Actualización de garantía,2021-07-16,2021-07-26,2021-07-30,Heredia,Belén,San Antonio,9.968886,-84.194054,Apartamento,USD,196.5,510.33,237.42,861.34,5629.65,310409,PER-008
AV-2024-001017,1-190546-082,Leasing,2024-08-24,2024-09-10,2024-09-22,San José,Montes de Oca,San Pedro,9.922855,-84.051766,Apartamento,USD,163.62,606.31,272.48,1448.8,21773.32,515747,PER-003
AV-2024-001018,3-435958,Actualización de garantía,2024-05-24,2024-06-02,2024-06-07,Cartago,La Unión,Tres Ríos,9.918627,-83.993525,Casa de habitación,CRC,859.12,606268.59,544.41,618852.17,8645530.47,866412000,PER-009
AV-2025-001019,1-409230,Actualización de garantía,2021-07-07,2021-07-17,2021-07-21,San José,Escazú,Escazú,9.922849,-84.155093,Local comercial,CRC,306.55,1199863.65,179.91,540391.15,6516654.03,471557000,PER-009
AV-2025-001020,1-390110-119,Garantía hipotecaria,2025-03-31,2025-04-19,2025-04-23,San José,Santa Ana,Santa Ana,9.920668,-84.172606,Apartamento,USD,87.18,1016.0,222.45,879.15,102.91,284245,PER-009
AV-2024-001021,4-248653-255,Actualización de garantía,2024-08-25,2024-09-06,2024-09-18,Heredia,Santo Domingo,Santo Domingo,9.971933,-84.078117,Apartamento,USD,135.96,170.79,42.01,827.0,1993.77,59957,PER-006
AV-2025-001022,4-763220-369,Garantía hipotecaria,2021-06-06,2021-06-24,2021-06-28,Heredia,Belén,San Antonio,10.268265,-84.74224,Apartamento,USD,75.98,1062.0,206.19,1277.51,13310.48,357411,PER-001
AV-2025-001023,2-412553,Actualización de garantía,2025-06-30,2025-07-06,2025-07-11,Alajuela,Grecia,Grecia,10.054096,-84.319948,Casa de habitación,CRC,437.27,434989.45,136.71,618897.63,2441455.58,277259000,
AV-2025-001024,1-211134,Actualización de garantía,2025-04-18,2025-04-18,2025-04-26,San José,Desamparados,Desamparados,9.91338,-84.0511,Bodega o nave industrial,USD,17343.6,217.66,6758.08,1361.3,43717.95,11486854,PER-003
AV-2024-001025,2-832305,Actualización de garantía,2024-12-16,2024-12-26,2024-12-30,Alajuela,Alajuela,Alajuela,10.034115,-84.215469,Bodega o nave industrial,USD,7288.37,1071.07,2770.1,611.2,23525.71,9522965,PER-006
AV-2024-001026,3-406791,Leasing,2024-11-13,2024-11-29,2024-12-02,Cartago,Turrialba,Turrialba,9.927074,-83.682157,Finca agrícola,CRC,173348.42,73432.59,0.0,0.0,290090623.52,13019514000,PER-008
AV-2025-001027,4-585532,Actualización de garantía,2025-06-23,2025-07-11,2025-07-17,Heredia,San Rafael,San Rafael,10.028193,-84.080123,Casa de habitación,CRC,181.57,666994.8,93.0,488641.52,1888120.36,168438000,PER-006
AV-2025-001028,6-340949,Garantía hipotecaria,2025-09-29,2025-10-17,2025-10-23,Puntarenas,Garabito,Jacó,9.629009,-84.641926,Terreno baldío urbano,CRC,268.03,1020278.1,0.0,0.0,N/A,273465000,PER-007
AV-2026-001029,4-657535,Actualización de garantía,2022-08-11,2022-08-11,2022-08-13,Heredia,Santo Domingo,Santo Domingo,9.990643,-84.098436,Local comercial,CRC,408.51,778769.61,561.77,707758.73,19003707.41,734737000,PER-003
AV-2025-001030,6-312136,Leasing,2025-08-24,2025-08-26,2025-09-02,Puntarenas,Quepos,Quepos,9.402581,-84.173528,Terreno baldío urbano,CRC,343.18,310004.9,0.0,0.0,2517421.63,108905000,PER-007
AV-2025-001031,1-473079,Seguro,2025-10-16,2025-10-25,2025-10-28,San José,Goicoechea,Guadalupe,9.944321,-84.040473,Bodega o nave industrial,USD,3159.73,339.49,673.95,1601.29,8577.29,2160463,PER-004
AV-2025-001032,4-399571,Leasing,2025-11-29,2025-12-06,2025-12-08,Heredia,San Rafael,San Rafael,10.030295,-84.091581,Casa de habitación,CRC,786.18,469467.42,350.57,842154.36,4220819.82,733156000,PER-007
AV-2025-001033,1-844087,Actualización de garantía,2025-08-19,2025-09-01,2025-09-03,San José,Escazú,Escazú,9.901932,-84.137361,Casa de habitación,CRC,946.88,521718.09,289.12,487237.82,4033627.97,638908000,PER-009
AV-2025-001034,1-252342,Leasing,2025-07-06,2025-07-06,2025-07-15,San José,Goicoechea,Guadalupe,9.959997,-84.038664,Casa de habitación,CRC,1066.47,596013.4,119.4,713912.96,5828160.97,726700000,PER-008
AV-2025-001035,2-816375,Actualización de garantía,2025-09-07,2025-09-16,2025-09-20,Alajuela,Upala,Upala,10.930872,-84.995217,Terreno baldío rural,CRC,57888.59,79622.38,0.0,0.0,0.0,4609227000,PER-007
AV-2025-001036,3-883236,Actualización de garantía,2025-04-06,2025-04-15,2025-04-20,Cartago,Turrialba,Turrialba,9.921287,-83.665621,Bodega o nave industrial,USD,1995.47,167.23,704.55,1182.68,50661.45,1217621,PER-001
AV-2024-001037,1-704255,Actualización de garantía,2024-06-21,2024-07-03,2024-07-06,San José,Montes de Oca,San Pedro,10.486147,-83.701233,Local comercial,CRC,343.12,581595.31,346.05,422310.51,3443988.67,349142000,PER-003
AV-2025-001038,4-504705,Actualización de garantía,2024-12-30,2025-01-04,2025-01-13,Heredia,Santo Domingo,Santo Domingo,9.979568,-84.08512,Casa de habitación,CRC,427.44,716180.32,260.76,272006.43,4145794.16,381198000,PER-005
AV-2025-001039,1-269589,Garantía hipotecaria,2025-09-16,2025-09-25,2025-10-02,San José,Tibás,San Juan,9.947961,-84.070063,Bodega o nave industrial,USD,4588.23,784.75,1118.73,1147.14,241.32,4884195,PER-008
AV-2024-001040,1-697044,Compraventa,2024-06-26,2024-07-15,2024-07-23,San José,San José,Carmen,9.932854,-84.084001,Casa de habitación,USD,491.5,487.56,104.88,789.6,6501.2,328950,PER-003
AV-2024-001041,7-210849,Actualización de garantía,2024-11-30,2024-12-04,2024-12-06,Limón,Talamanca,Cahuita,9.773858,-82.869431,Casa de habitación,CRC,588.48,812337.95,94.79,546471.09,1082869.27,530928000,PER-006
AV-2025-001042,3-604696,Seguro,2025-04-10,2025-04-14,2025-04-19,Cartago,Cartago,Oriental,9.853205,-83.920947,Edificio de oficinas,USD,2362.14,795.55,8558.36,1445.23,241148.97,14489148,PER-003
AV-2025-001043,3-306424,Actualización de garantía,2025-03-15,2025-04-03,2025-04-04,Cartago,La Unión,Tres Ríos,9.895645,-83.970829,Casa de habitación,CRC,589.11,1710579.27,170.14,725688.35,1790233.26,1132978000,PER-007
AV-2025-001044,1-435201,Contable,2025-11-13,2025-11-18,2025-11-20,San José,Escazú,Escazú,9.903124,-84.126839,Casa de habitación,CRC,491.25,834969.12,166.48,819561.51,6234478.38,552854000,PER-001
AV-2025-001045,1-260457,Actualización de garantía,2025-04-17,2025-04-30,2025-05-08,San José,Tibás,San Juan,9.955838,-84.070796,Local comercial,CRC,731.13,1047208.49,1033.66,301873.42,22906579.65,1100587000,PER-006
AV-2024-001046,1-857001,Leasing,2024-04-02,2024-04-22,2024-04-30,San José,Curridabat,Curridabat,9.918415,-84.025358,Casa de habitación,CRC,554.72,954573.94,316.66,761366.37,18331906.48,788947000,PER-003
AV-2025-001047,3-778028,Leasing,2025-07-12,2025-07-26,2025-07-29,Cartago,Paraíso,Paraíso,9.826986,-83.884947,Local comercial,CRC,383.24,437034.7,276.04,604815.58,3754356.75,338197000,PER-002
AV-2025-001048,4-753868,Garantía hipotecaria,2025-01-31,2025-01-31,2025-02-03,Heredia,San Rafael,San Rafael,10.008849,-84.089405,Terreno baldío urbano,CRC,743.02,82530.79,0.0,0.0,0.0,61322000,PER-004
AV-2025-001049,1-858987-178,Garantía hipotecaria,2025-08-01,2025-08-11,2025-08-19,San José,Montes de Oca,San Pedro,9.560759,-83.580792,Condominio horizontal,USD,364.46,1078.98,289.69,664.72,9477.49,595285,PER-001
AV-2025-001050,4-473193-080,Actualización de garantía,2025-09-20,2025-10-10,2025-10-14,Heredia,Santo Domingo,Santo Domingo,9.973577,-84.085889,Condominio horizontal,USD,473.01,238.31,143.35,903.99,4646.65,246957,PER-008
AV-2025-001051,6-838004,Garantía hipotecaria,2025-01-19,2025-01-27,2025-02-03,Puntarenas,Puntarenas,Puntarenas,9.971395,-84.854342,Casa de habitación,USD,501.05,264.52,336.19,601.59,5249.25,340036,PER-001
AV-2025-001052,5-673971-081,Leasing,2022-03-02,2022-03-13,2022-03-15,Guanacaste,Santa Cruz,Tamarindo,10.315728,-85.806548,Apartamento,USD,42.15,3156.3,15.88,1597.94,952.42,159366,PER-002
AV-2026-001053,1-292797,Garantía hipotecaria,2026-02-01,2026-02-13,2026-02-14,San José,Desamparados,Desamparados,9.90785,-84.08472,Casa de habitación,USD,630.74,238.9,288.36,1247.29,23027.42,533380,PER-005
AV-2024-001054,4-206970,Garantía hipotecaria,2023-12-21,2023-12-27,2024-01-05,Heredia,Heredia,Heredia,10.003706,-84.108182,Bodega o nave industrial,USD,10082.24,547.19,6676.23,1482.29,131691.27,15544701,PER-001
AV-2025-001055,2-749792,Garantía hipotecaria,2025-07-25,2025-07-30,2025-08-05,Alajuela,San Ramón,San Ramón,10.057598,-84.458375,Bodega o nave industrial,USD,10610.07,210.7,6773.81,1025.43,97449.73,9279059,PER-006
AV-2025-001056,2-821071,Garantía hipotecaria,2025-06-12,2025-06-19,2025-06-29,Alajuela,Grecia,Grecia,10.051022,-84.327055,Casa de habitación,CRC,289.99,281456.04,56.77,362267.55,66060.24,102251000,PER-005
AV-2024-001057,2-655681,Leasing,2024-06-09,2024-06-26,2024-07-08,Alajuela,Upala,Upala,10.979574,-84.99561,Terreno baldío rural,CRC,48767.67,49664.36,0.0,0.0,0.0,2422015000,PER-001
AV-2025-001058,1-464899-173,Contable,2025-08-14,2025-08-23,2025-08-30,San José,Curridabat,Curridabat,9.923311,-84.021995,Apartamento,USD,126.55,432.68,247.48,629.87,2678.32,213314,PER-007
AV-2025-001059,1-323088,Seguro,2025-08-25,2025-09-10,2025-09-17,San José,Desamparados,Desamparados,9.899249,-84.088109,Casa de habitación,CRC,178.16,486098.6,122.02,782101.91,5449520.98,187485000,PER-007
AV-2024-001060,3-946819-280,Actualización de garantía,2024-12-07,2024-12-21,2025-01-01,Cartago,Cartago,Oriental,9.862696,-83.920235,Apartamento,USD,132.45,1086.08,299.66,932.25,6101.82,429311,PER-004
AV-2024-001061,2-615269,Leasing,2024-10-21,2024-10-28,2024-11-01,Alajuela,Upala,Upala,10.888179,-85.07656,Casa de habitación,CRC,900.99,345221.42,289.92,779261.66,7855922.59,544821000,PER-003
AV-2025-001062,3-114903,Actualización de garantía,2025-08-29,2025-09-04,2025-09-11,Cartago,Cartago,Oriental,9.866491,-83.909943,Edificio de oficinas,USD,2516.93,1021.26,8814.07,1546.61,616753.8,16819123,PER-009
AV-2026-001063,3-315757-229,Leasing,2021-03-22,2021-04-07,2021-04-12,Cartago,La Unión,Tres Ríos,9.918293,-84.003428,Condominio horizontal,USD,288.51,446.14,102.41,547.4,2550.37,187325,PER-003
AV-2024-001064,1-682598-062,Garantía hipotecaria,2024-11-29,2024-12-19,2024-12-26,San José,Santa Ana,Santa Ana,9.916801,-84.184764,Condominio horizontal,USD,369.43,1021.34,177.35,1450.55,16807.75,651376,PER-006
AV-2026-001065,3-254920,Leasing,2026-01-13,2026-01-21,2026-01-25,Cartago,La Unión,Tres Ríos,9.895857,-83.998873,Bodega o nave industrial,USD,6195.03,356.2,2132.53,775.85,69781.35,3930974,PER-006
AV-2024-001066,4-930581,Garantía hipotecaria,2024-12-03,2024-12-12,2024-12-15,Heredia,Santo Domingo,Santo Domingo,9.989134,-84.080021,Casa de habitación,CRC,459.32,674627.67,143.0,522542.26,2107560.62,386701000,PER-007
AV-2024-001067,5-742547-121,Garantía hipotecaria,2024-05-07,2024-05-20,2024-05-26,Guanacaste,Carrillo,Sardinal,-85.66088,10.551601,Condominio horizontal,USD,358.7,458.47,144.86,753.68,7510.53,281142,PER-004
AV-2025-001068,6-630841,Leasing,2025-12-14,2025-12-20,2025-12-31,Puntarenas,Quepos,Quepos,9.419039,-84.109781,Terreno baldío rural,CRC,41055.25,72862.84,0.0,0.0,0.0,2991402000,PER-007
AV-2026-001069,3-513464-285,Leasing,2026-01-10,2026-01-27,2026-02-03,Cartago,La Unión,Tres Ríos,9.924362,-83.988611,Condominio horizontal,CRC,360.33,203181.85,188.98,807687.74,554854.5,226404000,PER-005
AV-2025-001070,7-373462-091,Garantía hipotecaria,2025-08-15,2025-08-27,2025-08-31,Limón,Talamanca,Cahuita,9.776162,-82.800625,Condominio horizontal,USD,234.4,247.51,148.19,1177.76,4791.34,237340,PER-005
AV-2025-001071,6-609129,Contable,2022-03-11,2022-03-22,2022-03-25,Puntarenas,Garabito,Jacó,9.600253,-84.611932,Terreno baldío urbano,CRC,302.1,1230784.17,0.0,0.0,0.0,371820000,PER-006
AV-2025-001072,3-615414,Leasing,2025-01-24,2025-02-10,2025-02-20,Cartago,Paraíso,Paraíso,9.815046,-83.845938,Casa de habitación,USD,942.16,246.32,174.72,1446.86,16694.09,501562,PER-009
AV-2025-001073,1-497021-212,Garantía hipotecaria,2025-10-22,2025-10-24,2025-10-09,San José,Santa Ana,Santa Ana,9.934713,-84.163164,Apartamento,USD,206.28,1068.76,588.8,952.98,15807.66,797386,PER-002
AV-2024-001074,2-671991-259,Garantía hipotecaria,2024-11-24,2024-11-24,2024-12-01,Alajuela,Alajuela,Alajuela,10.009411,-84.209168,Condominio horizontal,USD,214.17,1021.45,163.48,1082.69,8814.77,404577,PER-006
AV-2025-001075,1-528574,Garantía hipotecaria,2023-02-23,2023-03-12,2023-03-17,San José,Santa Ana,Santa Ana,9.937817,-84.200681,Terreno baldío urbano,USD,704.47,1080.76,0.0,0.0,0.0,761363,PER-007
AV-2025-001076,1-878267-273,Leasing,2025-04-15,2025-04-26,2025-05-02,San José,Montes de Oca,San Pedro,9.92572,-84.045141,Apartamento,USD,161.65,1031.32,232.29,1136.5,14773.82,445484,PER-008
AV-2025-001077,4-823603,Actualización de garantía,2025-11-13,2025-12-02,2025-12-10,Heredia,Santo Domingo,Santo Domingo,9.9942,-84.085628,Local comercial,USD,1054.27,286.1,619.05,1008.24,45373.96,971152,PER-005
AV-2024-001078,5-552439-014,Actualización de garantía,2023-04-16,2023-04-28,N/A,Guanacaste,Carrillo,Sardinal,10.497285,-85.697825,Apartamento,USD,81.24,1805.98,164.03,1687.46,16143.73,439656,PER-003
AV-2025-001079,1-599365-036,Garantía hipotecaria,2025-08-06,2025-08-23,2025-08-29,San José,Santa Ana,Santa Ana,9.948288,-84.179489,Condominio horizontal,USD,268.41,730.83,175.61,736.27,1983.62,327442,PER-007
AV-2025-001080,3-170615-207,Leasing,2025-06-24,2025-07-05,2025-07-08,Cartago,La Unión,Tres Ríos,10.917005,-83.987901,Condominio horizontal,USD,364.15,354.79,250.94,1130.35,4639.26,417486,PER-003
AV-2024-001081,1-639363-197,Actualización de garantía,2024-09-08,2024-09-19,2024-09-20,San José,Santa Ana,Santa Ana,9.932387,-84.184528,Apartamento,USD,108.57,721.98,232.49,1684.82,7496.36,477586,PER-004
AV-2024-001082,4-456572,Leasing,2024-08-21,2024-08-31,2024-09-09,Heredia,Sarapiquí,Puerto Viejo,10.508795,-83.896727,Casa de habitación,CRC,1099.26,211173.81,741.73,342660.93,6542257.04,492839000,PER-005
AV-2025-001083,4-841740,Leasing,2025-01-07,2025-01-19,2025-01-24,Heredia,Sarapiquí,Puerto Viejo,10.38274,-83.946154,Terreno baldío urbano,CRC,761.74,33655.56,0.0,0.0,0.0,25637000,PER-009
AV-2026-001084,4-505381,Garantía hipotecaria,2026-01-24,2026-01-27,2026-02-01,Heredia,Belén,San Antonio,9.966807,-84.185254,Casa de habitación,CRC,386.61,1138674.22,151.01,771146.47,4114932.38,560789000,PER-005
AV-2025-001085,1-923629,Seguro,2025-04-23,2025-04-24,2025-05-02,San José,Santa Ana,Santa Ana,9.929685,-84.1675,Casa de habitación,CRC,264.33,1139138.95,88.18,633839.15,1957237.51,358958000,PER-005
AV-2025-001086,1-365436-231,Leasing,2023-05-19,2023-05-19,2023-05-26,San José,Santa Ana,Santa Ana,9.924654,-84.195403,Apartamento,CRC,132.74,1337848.9,46.31,796332.7,900142.63,215364000,PER-008
AV-2025-001087,4-631252,Leasing,2025-06-12,2025-06-21,2025-07-03,Heredia,Santo Domingo,Santo Domingo,9.97949,-84.079618,Casa de habitación,CRC,298.39,778289.57,35.71,624851.83,1737254.24,256285000,PER-002
AV-2025-001088,6-214266,Actualización de garantía,2025-02-14,2025-03-02,2025-03-13,Puntarenas,Puntarenas,Puntarenas,9.965682,-84.828218,Local comercial,CRC,2333.33,603642.6,3534.13,351683.45,86708554.17,2738101000,PER-002
AV-2025-001089,1-565632-369,Seguro,2025-11-15,2025-11-19,2025-11-27,San José,Montes de Oca,San Pedro,9.936174,-84.056932,Apartamento,USD,116.95,772.16,246.71,1031.63,2244.37,347062,PER-002
AV-2024-001090,6-191538-240,Leasing,2024-08-15,2024-08-31,2024-09-12,Puntarenas,Quepos,Quepos,9.468471,-84.131379,Condominio horizontal,USD,430.93,279.19,191.69,1571.19,5250.61,426743,PER-002
AV-2025-001091,4-887319,Actualización de garantía,2025-02-07,2025-02-27,2025-03-07,Heredia,Sarapiquí,Puerto Viejo,10.535596,-83.955839,Finca agrícola,CRC,137631.31,16733.95,0.0,0.0,0.0,2462608000,PER-009
AV-2024-001092,7-765518,Garantía hipotecaria,2024-07-16,2024-07-30,2024-08-06,Limón,Limón,Limón,9.981074,-83.01006,Casa de habitación,CRC,459.42,580852.94,239.02,660873.78,5850273.46,430668000,PER-001
AV-2026-001093,4-134007,Leasing,2025-12-15,2026-01-04,2026-01-05,Heredia,Belén,San Antonio,9.979268,-84.168423,Casa de habitación,CRC,301.61,1106758.33,84.65,327838.21,1200503.34,362761000,PER-003
AV-2025-001094,3-539447,Leasing,2023-06-06,2023-06-13,2023-06-17,Cartago,Cartago,Oriental,9.848282,-83.916725,Bodega o nave industrial,USD,4764.21,428.31,1009.88,1430.64,30578.69,3515912,PER-001
AV-2026-001095,1-865662,Contable,2026-01-14,2026-01-23,2026-01-30,San José,Goicoechea,Guadalupe,9.946912,-84.034011,Local comercial,CRC,2210.62,3241374.26,1944.79,817891.32,80746106.87,8836820000,PER-003
AV-2025-001096,1-546429,Garantía hipotecaria,2025-01-21,2025-01-27,2025-01-30,San José,Santa Ana,Santa Ana,9.927516,-84.170405,Local comercial,CRC,543.42,714856.07,567.76,257530.32,6433831.89,541116000,PER-009
AV-2025-001097,1-124494,Leasing,2025-10-26,2025-11-08,2025-11-19,San José,Escazú,Escazú,9.903952,-84.147202,Edificio de oficinas,USD,3559.57,510.31,10037.21,1190.12,137964.41,13899933,PER-009
AV-2025-001098,2-845514,Leasing,2025-02-06,2025-02-11,2025-02-13,Alajuela,San Carlos,Quesada,10.365046,-84.417428,Casa de habitación,CRC,256.26,375516.5,73.19,700826.67,3949055.32,151472000,PER-006
AV-2025-001099,2-803559,Contable,2023-08-22,2023-09-07,2023-09-11,Alajuela,Alajuela,Alajuela,10.020966,-84.208373,Edificio de oficinas,USD,1103.03,1071.41,1994.79,653.2,10250.1,2495044,PER-002
AV-2025-001100,4-489143,Leasing,2025-03-28,2025-04-03,2025-04-05,Heredia,Heredia,Heredia,9.997195,-84.120993,Local comercial,CRC,2218.05,1060880.16,3831.18,661770.98,24161537.66,4912611000,PER-001
AV-2026-001101,1-952223,Contable,2026-01-01,2026-01-17,2026-01-25,San José,San José,Carmen,9.936435,-84.072907,Casa de habitación,CRC,996.43,700693.45,675.1,290939.98,5915915.29,900521000,PER-001
AV-2025-001102,1-288916,Garantía hipotecaria,2025-05-29,2025-06-02,2025-06-05,San José,Santa Ana,Santa Ana,9.920927,-84.177533,Casa de habitación,CRC,407.23,505787.74,129.74,367778.84,855150.88,254543000,PER-009
AV-2026-001103,1-129311,Actualización de garantía,2026-01-08,2026-01-11,2026-01-18,San José,Tibás,San Juan,9.972714,-84.086705,Local comercial,USD,187.32,844.52,373.66,1439.94,13810.78,710054,PER-009
AV-2025-001104,1-875886,Actualización de garantía,2025-06-25,2025-07-03,2025-07-06,San José,Desamparados,Desamparados,9.912305,-84.052116,Casa de habitación,CRC,694.56,353827.17,286.28,698521.32,9805687.03,455533000,PER-004
AV-2024-001105,4-163674-015,Leasing,2024-09-16,2024-10-03,2024-10-13,Heredia,Heredia,Heredia,9.997609,-84.104183,Apartamento,USD,58.24,579.02,34.22,1425.17,334.75,82826,PER-009
AV-2025-001106,3-691295-159,Actualización de garantía,2025-05-03,2025-05-14,2025-05-15,Cartago,La Unión,Tres Ríos,9.909473,-83.978596,Apartamento,USD,71.76,212.99,0.0,0.0,4350.94,101594,PER-003
AV-2024-001107,1-629177,Garantía hipotecaria,2024-09-21,2024-10-03,2024-10-06,San José,Desamparados,Desamparados,9.898684,-84.078273,Casa de habitación,CRC,198.16,510195.31,21.85,646261.88,982335.69,116203000,PER-001
AV-2025-001108,3-136903,Garantía hipotecaria,2022-12-01,2022-12-18,2022-12-25,Cartago,La Unión,Tres Ríos,9.892481,-84.001446,Casa de habitación,CRC,597.09,1977945.08,400.07,426395.2,3885318.65,1355484000,PER-009
AV-2025-001109,1-552257,Actualización de garantía,2025-09-28,2025-10-13,2025-10-21,San José,Desamparados,Desamparados,9.88776,-84.053098,Local comercial,CRC,710.06,490284.81,918.46,661421.31,45153675.48,1000774000,PER-003
AV-2025-001110,3-964142,Leasing,2025-03-01,2025-03-07,2025-03-19,Cartago,Turrialba,Turrialba,9.897416,-83.689889,Casa de habitación,CRC,284.46,681057.74,193.22,539901.31,3995262.34,302049000,PER-009
AV-2025-001111,4-662026,Contable,2025-07-29,2025-08-07,2025-08-12,Heredia,Belén,San Antonio,9.97199,-84.185905,Casa de habitación,CRC,279.24,1082419.77,36.55,547896.77, ,322902000,PER-003
AV-2025-001112,1-199082-344,Garantía hipotecaria,2025-07-03,2025-07-18,2025-07-23,San José,Tibás,San Juan,9.965805,-84.066888,Condominio horizontal,USD,395.72,885.1,272.15,1296.34,6821.83,709873,PER-008
AV-2025-001113,3-375870,Leasing,2025-07-05,2025-07-18,2025-07-25,Cartago,Cartago,Oriental,9.861025,-83.915525,Casa de habitación,USD,241.42,988.35,116.88,1123.49,5400.44,375321,PER-008
AV-2024-001114,3-542593,Garantía hipotecaria,2024-08-25,2024-08-25,2024-08-27,Cartago,Turrialba,Turrialba,9.93261,-83.639273,Bodega o nave industrial,USD,4013.15,182.35,1835.61,1689.75,34759.48,3868279,PER-004
AV-2025-001115,4-241350,Garantía hipotecaria,2025-04-16,2025-04-27,2025-04-28,Heredia,San Rafael,San Rafael,10.016207,-84.098459,Casa de habitación,CRC,1012.66,481226.77,632.32,572433.3,22594661.71,871875000,PER-001
AV-2025-001116,3-423067,Leasing,2025-03-21,2025-03-26,2025-04-02,Cartago,Cartago,Oriental,9.852958,-83.927263,Local comercial,CRC,563.99,812271.72,1069.14,469531.16,10812132.34,970920000,PER-004
AV-2025-001117,5-637256,Actualización de garantía,2025-08-05,2025-08-14,2025-08-20,Guanacaste,Nicoya,Nicoya,10.15265,-85.426248,Casa de habitación,CRC,582.88,329415.66,334.1,520451.59,9402055.63,375295000,PER-005
AV-2025-001118,3-952325,Seguro,2025-05-27,2025-06-10,2025-06-20,Cartago,Cartago,Oriental,9.856367,-83.908986,Casa de habitación,CRC,316.07,709945.43,179.26,845745.05,1165916.48,377167000,PER-001
AV-2025-001119,1-193298-345,Actualización de garantía,2025-09-04,2025-09-04,2025-09-05,San José,San José,Carmen,9.946309,-84.077319,Condominio horizontal,USD,277.18,735.02,175.16,600.91,3025.58,312014,PER-001
AV-2025-001120,4-247181,Contable,2025-05-09,2025-05-16,2025-05-24,Heredia,Santo Domingo,Santo Domingo,9.972467,-84.094598,Casa de habitación,CRC,223.81,622705.25,94.95,585034.81,4170218.8,199087000,PER-006
AV-2025-001121,3-212716-130,Garantía hipotecaria,2023-10-12,2023-10-21,2023-11-02,Cartago,Cartago,Oriental,9.637569,-84.2119,Apartamento,USD,88.86,651.57,29.32,1546.88,1649.35,104902,PER-008
AV-2025-001122,4-536875,Actualización de garantía,2025-01-15,2025-01-18,2025-01-21,Heredia,Heredia,Heredia,-84.128691,9.999166,Casa de habitación,CRC,591.96,767668.88,102.65,843863.02,216607.48,541268000,PER-003
AV-2025-001123,1-587967,Actualización de garantía,2025-09-07,2025-09-15,2025-09-21,San José,Goicoechea,Guadalupe,9.949229,-84.034109,Local comercial,CRC,1747.19,781513.43,3466.82,602720.79,130215163.2,3585192000,PER-001
AV-2025-001124,6-136038,Seguro,2025-06-11,2025-06-22,2025-07-03,Puntarenas,Quepos,Quepos,9.466969,-84.195146,Terreno baldío urbano,CRC,922.19,196894.57,0.0,0.0,0.0,181574000,PER-005
AV-2026-001125,5-676125,Leasing,2025-12-24,2026-01-01,2026-01-12,Guanacaste,Carrillo,Sardinal,10.527361,-85.622976,Casa de habitación,CRC,324.92,738005.52,217.67,554888.67,2593965.4,363169000,PER-004
AV-2025-001126,6-508302,Leasing,2024-12-30,2025-01-19,2025-01-25,Puntarenas,Puntarenas,Puntarenas,9.997553,-84.819279,Local comercial,CRC,286.9,267955.34,429.29,584998.85,12928064.64,340939000,PER-004
AV-2025-001127,6-889111-107,Seguro,2025-07-15,2025-07-26,2025-07-27,Puntarenas,Quepos,Quepos,8.953633,-85.130467,Condominio horizontal,USD,433.14,227.18,335.61,515.84,3948.1,275470,PER-007
AV-2024-001128,4-553914-225,Leasing,2024-12-08,2024-12-27,N/A,Heredia,Heredia,Heredia,10.003586,-84.126256,Condominio horizontal,USD,474.87,609.95,191.91,1467.82,10702.02,582038,PER-007
AV-2025-001129,6-191382,Actualización de garantía,2021-12-06,2021-12-11,2021-12-13,Puntarenas,Quepos,Quepos,8.793659,-84.063815,Terreno baldío urbano,CRC,289.75,133375.03,0.0,0.0,354368.51,39000000,PER-008
AV-2025-001130,7-191308,Garantía hipotecaria,2025-04-20,2025-04-21,2025-04-24,Limón,Limón,Limón,9.981459,-83.025042,Local comercial,CRC,2137.85,717369.06,3017.39,620363.33,94933949.78,3500440000,PER-001
AV-2026-001131,5-448658,Compraventa,2026-01-30,2026-02-14,2026-02-21,Guanacaste,Carrillo,Sardinal,10.532411,-85.717436,Terreno baldío rural,CRC,64598.62,109460.74,0.0,0.0,204029956.98,7275043000,PER-008
AV-2025-001132,4-618256,Garantía hipotecaria,2025-03-17,2025-03-29,2025-04-04,Heredia,Belén,San Antonio,9.972221,-84.195782,Casa de habitación,CRC,172.96,574068.27,105.61,416672.93,522266.2,143818000,PER-007
AV-2025-001133,1-137629,Leasing,2025-03-21,2025-04-08,2025-04-16,San José,Escazú,Escazú,9.900692,-84.132647,Casa de habitación,CRC,251.05,177819.48,58.99,472152.3,942996.03,73437000,PER-008
AV-2026-001134,1-214749,Actualización de garantía,2026-01-22,2026-01-22,2026-01-26,San José,Desamparados,Desamparados,9.900153,-84.061481,Bodega o nave industrial,USD,4558.25,344.55,2862.32,757.44,67828.56,3806409,PER-007
AV-2025-001135,7-297229,Garantía hipotecaria,2023-09-19,2023-09-20,2023-09-21,Limón,Talamanca,Cahuita,9.707211,-82.792462,Casa de habitación,CRC,274.62,4713342.24,58.96,454548.8,517354.5,1321696000,PER-003
AV-2026-001136,3-449262,Garantía hipotecaria,2023-07-22,2023-08-07,2023-08-13,Cartago,Paraíso,Paraíso,9.577786,-84.732535,Bodega o nave industrial,USD,11036.73,289.6,6754.48,1291.32,368885.49,12287318,PER-007
AV-2025-001137,4-826093-148,Seguro,2025-12-08,2025-12-14,2025-12-15,Heredia,Belén,San Antonio,9.969404,-84.196433,Apartamento,CRC,155.45,689220.23,210.46,263932.62,1035835.97,163722000,PER-005
AV-2025-001138,3-584986,Garantía hipotecaria,2025-11-16,2025-12-01,2025-12-07,Cartago,La Unión,Tres Ríos,9.889143,-83.991183,Casa de habitación,CRC,611.6,693431.15,319.48,615450.91,9466871.25,630194000,PER-001
AV-2025-001139,1-954872-203,Garantía hipotecaria,2025-11-30,2025-12-06,2025-12-10,San José,Tibás,San Juan,9.959087,-84.086326,Apartamento,USD,170.92,991.44,429.58,1289.55,40739.81,764162,PER-004
AV-2024-001140,3-648914,Actualización de garantía,2024-10-08,2024-10-16,2024-10-28,Cartago,Turrialba,Turrialba,9.908166,-83.65797,Bodega o nave industrial,USD,2002.1,197.06,406.69,789.33,7156.84,722703,PER-002
AV-2025-001141,1-221176,Actualización de garantía,2025-05-06,2025-05-13,2025-05-19,San José,Pérez Zeledón,San Isidro de El General,9.352854,-83.727181,Bodega o nave industrial,USD,9749.69,163.23,4492.09,1173.84,377189.53,7241626,PER-005
AV-2024-001142,1-224401,Leasing,2024-11-05,2024-11-14,2024-11-20,San José,Santa Ana,Santa Ana,9.929589,-84.202411,Casa de habitación,CRC,199.01,1005003.15,46.87,401995.1,690526.78,219538000,PER-003
AV-2025-001143,4-289380,Leasing,2025-07-05,2025-07-25,2025-08-03,Heredia,Belén,San Antonio,9.813098,-83.370696,Local comercial,CRC,961.1,1240982.93,1328.92,265342.34,4685303.16,1550013000,PER-004
AV-2025-001144,2-137582,Garantía hipotecaria,2025-04-19,2025-04-19,2025-04-24,Alajuela,San Carlos,Quesada,10.973678,-84.139074,Terreno baldío rural,CRC,43564.11,74820.22,0.0,0.0,0.0,3259476000,PER-002
AV-2025-001145,5-563134,Actualización de garantía,2025-07-31,2025-08-05,2025-08-16,Guanacaste,Liberia,Liberia,10.650101,-85.44684,Casa de habitación,CRC,548.5,458879.62,192.45,423695.02,5810984.43,339047000,PER-003
AV-2026-001146,2-411462-006,Actualización de garantía,2026-02-04,2026-02-04,2026-02-11,Alajuela,Alajuela,Alajuela,10.010527,-84.199063,Apartamento,USD,191.72,1108.0,496.54,597.05,13246.6,522132,PER-006
AV-2024-001147,1-911529,Actualización de garantía,2024-10-23,2024-10-23,2024-10-30,San José,Puriscal,Santiago,9.891664,-84.35541,Casa de habitación,CRC,1083.6,310677.94,297.98,702318.09,15002566.63,560930000,PER-004
AV-2025-001148,7-834349,Leasing,2025-03-02,2025-03-10,2025-03-12,Limón,Pococí,Guápiles,10.208658,-83.830287,Casa de habitación,CRC,650.69,2664934.31,397.82,309039.34,693794.68,1857682000,PER-007
AV-2025-001149,5-730188-302,Leasing,2025-06-10,2025-06-28,2025-07-09,Guanacaste,Carrillo,Sardinal,10.527182,-85.657321,Condominio horizontal,USD,196.62,419.12,57.35,725.78,737.68,124769,PER-005
AV-2025-001150,7-482091,Actualización de garantía,2025-10-31,2025-11-18,2025-11-28,Limón,Pococí,Guápiles,10.227381,-83.828879,Local comercial,CRC,593.06,622993.17,716.15,614425.98,12888531.39,822382000,PER-002
AV-2024-001151,4-330263,Garantía hipotecaria,2024-05-28,2024-06-13,2024-06-22,Heredia,Heredia,Heredia,9.98841,-84.106926,Terreno baldío urbano,CRC,1196.14,212975.11,0.0,0.0,0.0,254748000,PER-001
AV-2025-001152,3-592652,Actualización de garantía,2025-06-26,2025-06-27,2025-07-01,Cartago,La Unión,Tres Ríos,9.910918,-83.974805,Casa de habitación,CRC,1069.95,424656.27,444.65,356525.74,11307921.87,624198000,PER-005
AV-2025-001153,7-329031,Leasing,2022-11-09,2022-11-28,2022-12-07,Limón,Limón,Limón,10.014576,-83.03519,Bodega o nave industrial,CRC,2891.65,106268.73,582.98,642825.62,10917429.27,692964000,PER-007
AV-2026-001154,1-767028,Contable,2023-02-12,2023-02-15,2023-02-22,San José,Desamparados,Desamparados,9.899838,-84.047887,Casa de habitación,CRC,354.21,556674.13,227.69,572091.32,5066844.05,332506000,PER-003
AV-2025-001155,3-823241,Actualización de garantía,2025-01-07,2025-01-12,2025-01-14,Cartago,Paraíso,Paraíso,9.838426,-83.859569,Casa de habitación,CRC,131.93,715664.18,0.0,0.0,758844.83,130583000,PER-007
AV-2025-001156,2-457277,Leasing,2022-07-19,2022-07-19,2022-07-26,Alajuela,San Ramón,San Ramón,10.116025,-84.456383,Casa de habitación,CRC,368.76,322636.27,239.12,357582.69,5090588.7,209571000,PER-002
AV-2025-001157,2-104999,Leasing,2025-01-31,2025-02-19,2025-02-27,Alajuela,Alajuela,Alajuela,10.017666,-84.225063,Casa de habitación,CRC,439.1,583271.41,60.25,597310.22,2054679.3,294157000,PER-003
AV-2024-001158,1-757103,Garantía hipotecaria,2024-08-06,2024-08-19,2024-08-25,San José,Goicoechea,Guadalupe,9.941632,-84.050745,Casa de habitación,CRC,916.76,596942.86,281.87,594972.15,5535059.96,720493000,PER-007
AV-2026-001159,1-286385,Seguro,2026-01-26,2026-01-27,2026-02-01,San José,Desamparados,Desamparados,9.897411,-84.054553,Terreno baldío urbano,CRC,335.04,106135.34,0.0,0.0,0.0,35560000,PER-006
AV-2026-001160,1-570883,Compraventa,2025-12-20,2026-01-05,2026-01-08,San José,Pérez Zeledón,San Isidro de El General,9.38439,-83.711101,Local comercial,CRC,1817.73,534640.19,2087.86,533912.5,87181867.93,2173748000,PER-007
AV-2025-001161,1-224304,Contable,2025-08-03,2025-08-15,2025-08-16,San José,San José,Carmen,9.935536,-84.079348,Casa de habitación,CRC,281.88,1227639.27,195.56,438106.96,2755636.31,434479000,PER-001
AV-2024-001162,5-931892,Garantía hipotecaria,2024-05-17,2024-05-20,2024-06-01,Guanacaste,Liberia,Liberia,10.617419,-85.42952,Casa de habitación,CRC,383.35,593016.98,250.68,592241.07,9420036.3,385216000,PER-001
AV-2024-001163,7-846928-397,Compraventa,2024-09-05,2024-09-13,2024-09-18,Limón,Talamanca,Cahuita,9.78632,-82.80974,Condominio horizontal,CRC,587.05,156275.15,305.09,304622.46,3250380.37,187929000,PER-007
AV-2024-001164,4-414363,Leasing,2024-08-22,2024-08-23,2024-09-04,Heredia,Belén,San Antonio,9.978678,-84.173634,Casa de habitación,USD,402.41,930.09,251.33,763.72,7426.19,573649,PER-001
AV-2025-001165,1-211983-379,Leasing,2022-11-17,2022-11-23,2022-11-28,San José,Curridabat,Curridabat,9.902445,-84.035617,Condominio horizontal,USD,481.4,743.47,345.45,726.85,10396.94,619394,PER-003
AV-2025-001166,1-249091-289,Garantía hipotecaria,2025-07-17,2025-07-23,2025-07-29,San José,Tibás,San Juan,9.965147,-84.076511,Apartamento,USD,191.57,745.01,302.77,632.29,2836.5,336997,PER-002
AV-2025-001167,5-547739,Leasing,2025-10-03,2025-10-10,2025-10-21,Guanacaste,Carrillo,Sardinal,10.489548,-85.675936,Terreno baldío urbano,CRC,518.86,299643.67,0.0,0.0,0.0,155473000,PER-009
AV-2026-001168,5-124518-140,Leasing,2026-02-13,2026-02-16,2026-02-26,Guanacaste,Carrillo,Sardinal,10.560392,-85.706661,Apartamento,USD,115.04,3139.88,78.72,1505.43,2359.39,482079,PER-004
AV-2024-001169,4-188542-007,Leasing,2024-10-20,2024-11-05,2024-11-15,Heredia,Heredia,Heredia,10.001315,-84.121467,Apartamento,USD,155.5,651.25,85.98,974.41,368.09,185417,PER-008
AV-2025-001170,1-936679,Garantía hipotecaria,2021-06-11,2021-06-22,2021-06-29,San José,Escazú,Escazú,9.917332,-84.121858,Terreno baldío urbano,CRC,589.61,160428.95,0.0,0.0,0.0,94591000,PER-001
AV-2024-001171,1-237457-135,Leasing,2022-06-07,2022-06-07,2022-06-13,San José,Desamparados,Desamparados,-84.057788,9.894584,Condominio horizontal,USD,682.38,382.62,519.33,1466.12,14816.54,1037309,PER-007
AV-2024-001172,7-235979,Actualización de garantía,2022-04-20,2022-04-20,N/A,Limón,Limón,Limón,9.973848,-83.045671,Casa de habitación,CRC,560.0,311883.97,282.21,542085.61,3425670.21,331063000,PER-007
AV-2025-001173,4-333230,Actualización de garantía,2025-06-10,2025-06-20,2025-06-28,Heredia,Belén,San Antonio,9.985929,-84.182964,Edificio de oficinas,USD,1443.25,988.74,3465.17,1613.47,150467.72,7168415,PER-004
AV-2025-001174,1-238992,Seguro,2025-05-10,2025-05-12,2025-05-23,San José,Goicoechea,Guadalupe,9.948318,-84.048222,Casa de habitación,CRC,232.31,631503.82,29.88,398259.38,647154.04,159252000,PER-005
AV-2024-001175,1-449502-305,Actualización de garantía,2024-08-20,2024-09-08,2024-09-12,San José,San José,Carmen,9.941026,-84.064011,Apartamento,USD,140.98,986.91,235.19,965.46,2921.35,369122,PER-005
AV-2025-001176,4-388957,Leasing,2025-09-28,2025-10-08,2025-10-16,Heredia,Santo Domingo,Santo Domingo,9.994738,-84.08955,Terreno baldío urbano,CRC,559.03,130324.28,0.0,0.0,0.0,72855000,PER-006
AV-2025-001177,2-220954,Leasing,2025-04-21,2025-05-01,2025-05-13,Alajuela,San Carlos,Quesada,10.323133,-84.436513,Casa de habitación,CRC,467.37,2525902.79,190.69,808260.44,6147972.58,1340806000,PER-007
AV-2025-001178,1-902565,Garantía hipotecaria,2025-04-14,2025-04-22,2025-04-30,San José,Tibás,San Juan,9.955202,-84.080351,Casa de habitación,CRC,319.26,1176491.95,136.02,643829.13,4691278.75,467872000,PER-007
AV-2025-001179,1-359255,Garantía hipotecaria,2025-04-16,2025-04-18,2025-04-24,San José,Puriscal,Santiago,9.876634,-84.329971,Terreno baldío urbano,CRC,497.44,24911.2,0.0,0.0,370183.63,12762000,PER-004
AV-2025-001180,1-212329-267,Actualización de garantía,2025-09-15,2025-09-26,2025-09-29,San José,San José,Carmen,9.935191,-84.068993,Condominio horizontal,USD,476.59,646.95,365.49,1024.51,1696.1,684474,PER-001
AV-2026-001181,5-717961,Leasing,2026-02-07,2026-02-11,2026-02-19,Guanacaste,Liberia,Liberia,10.238228,-84.854549,Terreno baldío rural,CRC,58091.73,101618.66,0.0,0.0,70586141.57,5973790000,PER-003
AV-2025-001182,3-864138,Garantía hipotecaria,2025-09-12,2025-09-16,2025-09-21,Cartago,Turrialba,Turrialba,9.89791,-83.698781,Finca agrícola,CRC,35501.92,61688.92,2755.19,363479.07,48392995.92,3239922000,PER-006
AV-2025-001183,7-743314,Compraventa,2025-07-19,2025-08-06,2025-08-11,Limón,Talamanca,Cahuita,9.711373,-82.826955,Terreno baldío urbano,USD,573.62,37.88,0.0,0.0,0.0,21729,PER-003
AV-2025-001184,4-559852,Actualización de garantía,2021-10-15,2021-11-03,2021-11-04,Heredia,Heredia,Heredia,9.99858,-84.117788,Casa de habitación,USD,677.48,1102.18,89.29,681.89,947.89,808539,PER-004
AV-2025-001185,1-612229,Leasing,2024-12-16,2025-01-01,2025-01-10,San José,Escazú,Escazú,9.934202,-84.132021,Edificio de oficinas,USD,600.2,894.45,1368.94,1476.02,142801.13,2700233,PER-003
AV-2025-001186,1-927983,Compraventa,2025-06-25,2025-07-05,2025-07-08,San José,Desamparados,Desamparados,9.894415,-84.069137,Bodega o nave industrial,USD,4568.94,238.05,2931.47,1464.31,183730.38,5563947,PER-001
AV-2025-001187,3-240816,Leasing,2025-11-23,2025-11-24,2025-12-03,Cartago,La Unión,Tres Ríos,9.919891,-83.99699,Local comercial,CRC,503.54,503658.49,664.25,844573.77,23637084.12,838257000,PER-002
AV-2025-001188,1-818943-377,Leasing,2025-12-19,2025-12-26,2025-12-29,San José,Desamparados,Desamparados,9.911204,-84.079754,Condominio horizontal,USD,577.06,261.92,365.64,990.94,12025.4,525496,PER-001
AV-2025-001189,1-306964,Actualización de garantía,2025-03-11,2025-03-30,2025-04-07,San José,Santa Ana,Santa Ana,9.925017,-84.1999,Local comercial,CRC,1055.54,1133499.05,987.56,791951.31,50953663.87,2029507000,PER-009
AV-2025-001190,3-668289,Actualización de garantía,2025-05-22,2025-06-10,2025-06-22,Cartago,La Unión,Tres Ríos,9.914386,-83.989454,Local comercial,CRC,2443.82,2962425.23,3574.94,279306.26,2830735.18,8240968000,PER-005
AV-2025-001191,5-358969,Garantía hipotecaria,2025-01-17,2025-01-29,2025-02-02,Guanacaste,Carrillo,Sardinal,10.558236,-85.671676,Terreno baldío urbano,CRC,768.34,132027.03,0.0,0.0,0.0,101442000,PER-003
AV-2024-001192,2-447751,Compraventa,2024-09-29,2024-10-04,2024-10-16,Alajuela,Atenas,Atenas,9.984421,-84.343561,Casa de habitación,CRC,210.29,201962.84,39.97,634166.78,749637.67,68568000,PER-001
AV-2024-001193,1-712491,Garantía hipotecaria,2024-08-27,2024-08-29,2024-08-30,San José,Goicoechea,Guadalupe,9.950661,-84.049038,Local comercial,CRC,556.17,579640.97,314.41,569151.0,13198237.32,514524000,PER-004
AV-2026-001194,1-487883,Leasing,2026-02-25,2026-02-27,2026-03-08,San José,Santa Ana,Santa Ana,9.934517,-84.164791,Casa de habitación,CRC,542.1,537416.03,261.74,593144.92,8099694.62,454683000,PER-004
AV-2025-001195,1-485165-080,Actualización de garantía,2025-11-18,2025-11-26,2025-11-30,San José,Curridabat,Curridabat,9.903144,-84.032698,Apartamento,USD,132.84,740.28,397.13,1368.56,6394.72,648230,PER-007
AV-2025-001196,1-239100-020,Garantía hipotecaria,2025-09-28,2025-10-13,2025-10-22,San José,Curridabat,Curridabat,9.916668,-84.048838,Condominio horizontal,USD,249.79,547.43,125.31,1067.5,2888.05,273399,PER-008
AV-2024-001197,7-629250,Compraventa,2024-07-30,2024-08-16,2024-08-27,Limón,Talamanca,Cahuita,9.728302,-82.781873,Casa de habitación,CRC,889.99,851159.68,239.65,292207.72,185591.85,827737000,PER-009
AV-2025-001198,1-884906,Garantía hipotecaria,2025-05-13,2025-05-19,2025-05-20,San José,Goicoechea,Guadalupe,9.943777,-84.057906,Bodega o nave industrial,USD,14420.78,263.23,3324.79,985.34,111715.93,7183746,PER-008
AV-2025-001199,5-526148,Garantía hipotecaria,2025-12-10,2025-11-16,2025-11-28,Guanacaste,Liberia,Liberia,10.629393,-85.468758,Local comercial,CRC,376.62,658240.82,596.67,380724.14,3868650.92,478942000,PER-007
AV-2024-001200,3-543859,Garantía hipotecaria,2024-11-25,2024-12-13,2024-12-22,Cartago,La Unión,Tres Ríos,9.901879,-83.997952,Bodega o nave industrial,USD,3986.97,314.07,2779.23,1409.35,242613.56,5411709,PER-004
AV-2025-001201,4-147438,Actualización de garantía,2025-04-23,2025-04-24,2025-05-01,Heredia,Sarapiquí,Puerto Viejo,10.409676,-83.91875,Finca agrícola,CRC,53874.4,19297.19,0.0,0.0,0.0,1039625000,PER-004
AV-2024-001202,1-145326,Leasing,2024-10-20,2024-11-07,2024-11-17,San José,San José,Carmen,9.935697,-84.070376,Bodega o nave industrial,CRC,7482.47,511137.88,2444.28,638422.99,81060517.68,5466119000,PER-007
AV-2025-001203,4-469992-063,Actualización de garantía,2025-10-05,2025-10-23,2025-10-27,Heredia,San Rafael,San Rafael,10.003722,-84.084374,Condominio horizontal,USD,548.17,178.46,176.21,1146.08,2186.76,301964,PER-001
AV-2025-001204,4-721526,Leasing,2025-06-03,2025-06-22,2025-06-24,Heredia,Heredia,Heredia,9.98919,-84.117254,Edificio de oficinas,USD,1160.48,1035.64,2310.84,1642.94,300405.81,5298817,PER-006
AV-2025-001205,1-935589,Contable,2025-09-20,2025-09-26,2025-10-07,San José,San José,Carmen,9.934824,-84.080961,Bodega o nave industrial,CRC,11999.85,363699.9,5832.11,327392.88,127490758.47,6401226000,PER-008
AV-2025-001206,3-169118,Leasing,2025-04-06,2025-04-19,2025-04-25,Cartago,Cartago,Oriental,9.874062,-83.928123,Bodega o nave industrial,USD,2902.08,992.26,782.94,1578.87,12097.47,4127876,PER-007
AV-2025-001207,7-166514,Garantía hipotecaria,2025-03-22,2025-04-07,2025-04-14,Limón,Limón,Limón,9.979873,-83.056557,Casa de habitación,CRC,780.96,508963.15,437.82,561990.2,1389382.11,644920000,PER-002
AV-2024-001208,1-123899,Garantía hipotecaria,2024-11-09,2024-11-10,2024-11-15,San José,Santa Ana,Santa Ana,9.949023,-84.195025,Edificio de oficinas,USD,2363.22,912.18,12940.13,1187.37,1608.16,17522012,PER-008
AV-2024-001209,3-659342,Garantía hipotecaria,2021-10-12,2021-10-21,2021-11-01,Cartago,Cartago,Oriental,9.861535,-83.928138,Edificio de oficinas,CRC,3024.55,1095112.06,1575.62,281881.47,27039972.22,3783399000,PER-003
AV-2025-001210,3-675134-374,Garantía hipotecaria,2025-12-10,2025-12-25,2025-12-29,Cartago,La Unión,Tres Ríos,9.913569,-84.001253,Condominio horizontal,USD,307.94,213.63,133.45,607.63,3736.29,150610,PER-006
AV-2025-001211,1-887736,Seguro,2025-01-27,2025-02-10,2025-02-19,San José,San José,Carmen,9.937929,-84.06772,Edificio de oficinas,USD,984.27,426.62,3944.99,1337.01,248711.82,5943112,PER-008
AV-2025-001212,7-905183,Leasing,2021-09-11,2021-09-17,2021-09-02,Limón,Pococí,Guápiles,10.217215,-83.768314,Casa de habitación,CRC,501.56,539484.94,279.43,828805.66,14734268.95,516912000,PER-001
AV-2025-001213,1-352494-387,Leasing,2025-04-20,2025-05-04,2025-05-08,San José,Curridabat,Curridabat,9.902955,-84.028516,Apartamento,USD,69.0,724.37,172.95,686.34,589.24,169273,PER-007
AV-2025-001214,4-686987-017,Actualización de garantía,2025-06-24,2025-07-11,2025-07-23,Heredia,Santo Domingo,Santo Domingo,9.988866,-84.076457,Apartamento,USD,92.74,246.74,0.0,0.0,3322.59,26205,PER-003
AV-2024-001215,5-823482,Actualización de garantía,2024-06-04,2024-06-13,2024-06-19,Guanacaste,Liberia,Liberia,10.608494,-85.447966,Terreno baldío urbano,CRC,777.11,72736.63,0.0,0.0,0.0,56524000,PER-006
AV-2025-001216,3-794832-251,Seguro,2025-10-04,2025-09-25,2025-09-30,Cartago,Cartago,Oriental,9.859493,-83.920523,Condominio horizontal,USD,264.76,399.45,110.06,983.74,1540.33,215569,PER-007
AV-2025-001217,3-917040,Leasing,2025-09-18,2025-09-22,2025-09-26,Cartago,Cartago,Oriental,9.877436,-83.917187,Terreno baldío urbano,CRC,1515.22,295801.83,0.0,0.0,0.0,448205000,PER-005
AV-2026-001218,1-791866,Seguro,2026-01-02,2026-01-21,2026-01-28,San José,Tibás,San Juan,9.956128,-84.095263,Casa de habitación,CRC,269.53,862476.8,79.31,542810.47,1837454.29,277351000,PER-004
AV-2025-001219,7-923578,Contable,2021-12-27,2022-01-16,2022-01-20,Limón,Limón,Limón,9.982492,-83.059357,Terreno baldío urbano,USD,1551.92,877.05,0.0,0.0,0.0,1361111,PER-003
AV-2025-001220,1-176146,Garantía hipotecaria,2025-05-28,2025-05-28,2025-06-09,San José,Goicoechea,Guadalupe,9.956922,-84.05763,Casa de habitación,USD,789.94,185.14,322.49,1157.05,18398.15,537785,PER-004
AV-2025-001221,4-978295,Leasing,2021-07-26,2021-08-11,2021-08-21,Heredia,Heredia,Heredia,9.996204,-84.121558,Casa de habitación,CRC,433.08,875983.91,209.02,759091.78,21015.38,538057000,PER-003
AV-2026-001222,7-363329,Leasing,2026-02-07,2026-02-11,2026-02-17,Limón,Limón,Limón,9.988046,-83.020518,Terreno baldío urbano,CRC,296.59,128583.1,0.0,0.0,732387.41,45702000,PER-003
AV-2025-001223,6-389277,Actualización de garantía,2025-07-07,2025-07-09,2025-07-19,Puntarenas,Puntarenas,Puntarenas,9.956164,-84.824973,Terreno baldío rural,CRC,13844.09,54392.64,0.0,0.0,0.0,753017000,PER-004
AV-2025-001224,1-620650-308,Garantía hipotecaria,2022-11-10,2022-11-17,2022-11-23,San José,Santa Ana,Santa Ana,9.925886,-84.182547,Condominio horizontal,USD,595.55,893.37,419.03,1362.99,12314.02,1115494,PER-008
AV-2026-001225,5-553743,Actualización de garantía,2026-01-13,2026-01-29,2026-02-06,Guanacaste,Carrillo,Sardinal,10.528228,-85.67558,Terreno baldío rural,CRC,3052.82,100262.68,0.0,0.0,8962917.78,315047000,PER-007
AV-2025-001226,4-834729,Garantía hipotecaria,2025-05-21,2025-05-24,2025-05-31,Heredia,Sarapiquí,Puerto Viejo,10.483374,-84.033862,Finca agrícola,CRC,219703.68,402.06,0.0,0.0,0.0,88334000,PER-009
AV-2026-001227,1-712674,Actualización de garantía,2026-01-30,2026-02-10,2026-02-13,San José,Santa Ana,Santa Ana,9.951921,-84.185682,Casa de habitación,USD,541.59,862.98,155.22,1115.58,11494.96,652037,PER-008
AV-2024-001228,1-502269,Garantía hipotecaria,2024-11-01,2024-11-05,2024-11-13,San José,San José,Carmen,9.942632,-84.07386,Casa de habitación,CRC,374.38,988045.48,233.11,343289.44,3549284.23,453478000,PER-007
AV-2025-001229,1-775391,Leasing,2024-12-30,2025-01-16,2025-01-26,San José,Santa Ana,Santa Ana,9.919383,-84.192512,Casa de habitación,CRC,1022.87,696931.27,173.32,793484.5,6562676.73,856959000,PER-007
AV-2025-001230,6-831134,Seguro,2025-09-20,2025-10-02,2025-10-06,Puntarenas,Puntarenas,Puntarenas,9.984259,-84.838849,Terreno baldío rural,USD,22566.19,193.85,0.0,0.0,35512.23,4409968,PER-007
AV-2025-001231,2-961700-317,Garantía hipotecaria,2025-04-05,2025-04-09,2025-04-15,Alajuela,Alajuela,Alajuela,10.020382,-84.224916,Apartamento,USD,44.19,915.74,53.91,1696.92,5385.35,137333,PER-001
AV-2025-001232,2-872175,Actualización de garantía,2025-04-04,2025-04-12,2025-04-23,Alajuela,Alajuela,Alajuela,10.005569,-84.201028,Casa de habitación,CRC,740.14,4945864.89,215.59,425211.81,5571654.32,3757876000,PER-003
AV-2025-001233,3-753914,Actualización de garantía,2025-12-01,2025-12-21,2025-12-22,Cartago,Paraíso,Paraíso,9.819176,-83.875853,Casa de habitación,CRC,607.07,695076.92,160.25,342735.3,166093.99,477050000,PER-004
AV-2025-001234,1-555322,Garantía hipotecaria,2022-05-06,2022-05-11,2022-05-19,San José,Montes de Oca,San Pedro,9.919029,-84.05153,Terreno baldío urbano,CRC,623.14,34659.73,0.0,0.0,0.0,21598000,PER-003
AV-2025-001235,6-839340,Seguro,2023-08-05,2023-08-06,2023-08-07,Puntarenas,Garabito,Jacó,9.622787,-84.613792,Casa de habitación,CRC,379.21,520875.9,233.92,460028.84,8323539.33,313455000,PER-001
AV-2025-001236,1-300641-045,Seguro,2023-03-26,2023-04-10,2023-04-16,San José,Santa Ana,Santa Ana,9.942023,-84.169296,Apartamento,USD,206.93,867.31,337.79,1152.03,30717.37,599334,PER-007
AV-2024-001237,4-517503,Actualización de garantía,2024-05-09,2024-05-23,2024-05-28,Heredia,Belén,San Antonio,-84.174575,9.981086,Bodega o nave industrial,USD,11535.55,417.61,6368.32,810.14,270602.33,10247194,PER-006
AV-2025-001238,1-580785,Garantía hipotecaria,2025-07-04,2025-07-17,N/A,San José,Goicoechea,Guadalupe,9.957893,-84.050682,Terreno baldío urbano,CRC,1030.44,267835.54,0.0,0.0,2911437.18,278900000,PER-007
AV-2025-001239,2-709823,Leasing,2025-08-15,2025-08-27,2025-09-03,Alajuela,Grecia,Grecia,10.030724,-84.304246,Finca agrícola,USD,72370.6,208.83,0.0,0.0,0.0,15113152,PER-008
AV-2025-001240,7-241624,Contable,2023-08-07,2023-08-25,2023-08-28,Limón,Pococí,Guápiles,9.792244,-83.484559,Local comercial,CRC,1950.45,709947.84,3490.72,518889.21,128830586.88,3324845000,PER-003
AV-2025-001241,5-600074,Garantía hipotecaria,2025-03-01,2025-03-17,2025-03-25,Guanacaste,Liberia,Liberia,10.6251,-85.415295,Terreno baldío urbano,CRC,805.68,127746.11,0.0,0.0,0.0,102922000,PER-005
AV-2025-001242,2-631517,Garantía hipotecaria,2025-10-30,2025-10-30,2025-11-10,Alajuela,Upala,Upala,10.944499,-85.066818,Finca agrícola,CRC,158853.22,18032.66,0.0,0.0,0.0,2864546000,PER-002
AV-2025-001243,2-123783,Leasing,2025-05-22,2025-05-28,2025-06-06,Alajuela,Grecia,Grecia,10.076071,-84.346377,Local comercial,USD,822.99,141.06,1401.43,1138.68,14647.26,1726519,PER-007
AV-2024-001244,6-769611,Garantía hipotecaria,2024-07-01,2024-07-01,2024-07-06,Puntarenas,Quepos,Quepos,9.415166,-84.11117,Casa de habitación,CRC,577.34,690203.62,304.15,747785.19,13179674.31,639101000,PER-004
AV-2025-001245,5-213117-245,Garantía hipotecaria,2025-09-14,2025-09-29,2025-10-01,Guanacaste,Santa Cruz,Tamarindo,10.286539,-85.855739,Condominio horizontal,USD,358.03,453.66,118.46,1422.48,3244.33,334175,PER-009
AV-2024-001246,4-437498,Actualización de garantía,2022-06-15,2022-06-15,2022-06-23,Heredia,Sarapiquí,Puerto Viejo,10.393653,-83.993434,Terreno baldío rural,CRC,59942.6,65882.65,0.0,0.0,N/A,4033826000,PER-003
AV-2026-001247,1-290637,Compraventa,2026-01-16,2026-01-24,2026-01-29,San José,Escazú,Escazú,9.932253,-84.13743,Edificio de oficinas,USD,3770.69,433.94,10296.84,767.21,621844.71,10157937,PER-002
AV-2025-001248,1-570632,Leasing,2025-05-31,2025-06-05,2025-06-07,San José,Escazú,Escazú,9.934355,-84.130749,Casa de habitación,CRC,250.68,917181.89,36.77,443480.61,1214658.61,247441000,PER-005
AV-2025-001249,3-866150,Garantía hipotecaria,2022-02-04,2022-02-24,2022-03-04,Cartago,Turrialba,Turrialba,9.884394,-83.660145,Terreno baldío urbano,CRC,584.09,124366.85,0.0,0.0,1511818.05,74153000,PER-006
AV-2024-001250,1-286040,Contable,2024-12-07,2024-12-08,2024-12-20,San José,Santa Ana,Santa Ana,9.93574,-84.168568,Edificio de oficinas,USD,570.0,412.89,0.0,0.0,5489.62,240837,PER-003
AV-2025-001251,5-800716,Leasing,2025-11-10,2025-11-12,2025-11-18,Guanacaste,Liberia,Liberia,10.661744,-85.440145,Terreno baldío urbano,CRC,296.5,64975.22,0.0,0.0,283889.01,20908000,PER-004
AV-2025-001252,3-711776,Compraventa,2025-11-06,2025-11-12,2025-11-18,Cartago,Cartago,Oriental,9.869703,-83.916115,Terreno baldío urbano,CRC,896.05,498623.63,0.0,0.0,0.0,446792000,PER-003
AV-2025-001253,3-719399-024,Contable,2022-03-08,2022-03-28,2022-03-30,Cartago,Cartago,Oriental,9.870495,-83.927232,Apartamento,USD,179.76,621.3,356.79,1410.73,15768.79,630788,PER-008
AV-2025-001254,1-902960,Leasing,2025-02-10,2025-02-12,2025-02-24,San José,San José,Carmen,9.942462,-84.071652,Casa de habitación,CRC,174.85,1033166.75,72.46,352076.8,229754.89,206390000,PER-006
AV-2025-001255,3-480914,Leasing,2025-11-21,2025-12-05,2025-12-08,Cartago,La Unión,Tres Ríos,9.907332,-83.967677,Casa de habitación,USD,625.37,198.13,274.99,1395.15,611.64,508168,PER-008
AV-2026-001256,4-249974-246,Leasing,2026-02-11,2026-02-21,2026-03-03,Heredia,Belén,San Antonio,-84.194715,9.983773,Apartamento,USD,126.52,990.6,197.9,1328.91,305.28,388627,PER-004
AV-2026-001257,1-985832,Actualización de garantía,2026-02-05,2026-02-11,2026-02-13,San José,Desamparados,Desamparados,9.914448,-84.069291,Casa de habitación,CRC,1100.87,661494.61,582.12,363891.34,9464343.76,949512000,PER-002
AV-2025-001258,3-302083-284,Seguro,2025-04-02,2025-04-14,2025-04-20,Cartago,Cartago,Oriental,9.85449,-83.913487,Condominio horizontal,USD,315.77,852.5,250.8,823.7,5486.64,481265,PER-004
AV-2025-001259,2-872427,Actualización de garantía,2025-06-09,2025-06-28,2025-07-01,Alajuela,San Carlos,Quesada,10.369346,-84.412452,Local comercial,CRC,1164.11,576650.02,449.01,351666.98,8623405.5,837809000,PER-001
AV-2024-001260,3-559923,Actualización de garantía,2024-09-20,2024-10-05,2024-10-15,Cartago,La Unión,Tres Ríos,9.913955,-83.986033,Terreno baldío urbano,CRC,496.57,14548.11,0.0,0.0,3220628.55,10445000,PER-003
AV-2025-001261,1-446708,Actualización de garantía,2025-10-02,2025-10-17,2025-10-24,San José,Curridabat,Curridabat,9.905256,-84.034881,Casa de habitación,CRC,651.55,180933.77,243.36,805861.45,14243378.55,328245000,PER-003
AV-2025-001262,1-486804,Garantía hipotecaria,2025-11-25,2025-12-12,2025-12-21,San José,Escazú,Escazú,9.907016,-84.12521,Terreno baldío urbano,CRC,591.06,1727807.88,0.0,0.0,3345589.41,1024584000,PER-009
AV-2025-001263,6-755533-152,Leasing,2025-09-17,2025-10-05,2025-10-13,Puntarenas,Quepos,Quepos,9.454504,-84.159765,Condominio horizontal,USD,348.63,375.86,246.05,992.01,5788.22,380908,PER-008
AV-2024-001264,3-910474-301,Leasing,2024-07-21,2024-08-07,2024-08-16,Cartago,Cartago,Oriental,9.857569,-83.919835,Apartamento,CRC,171.91,1229174.92,326.35,664068.19,10211538.52,438238000,PER-007
AV-2026-001265,1-554977,Actualización de garantía,2026-01-10,2026-01-22,2026-01-29,San José,San José,Carmen,9.933926,-84.079842,Casa de habitación,CRC,192.95,509852.17,19.4,835230.43,857292.59,115437000,PER-009
AV-2025-001266,1-981270,Actualización de garantía,2025-10-31,2025-11-10,2025-11-18,San José,San José,Carmen,9.934083,-84.068306,Bodega o nave industrial,USD,3264.54,437.84,1552.09,545.45,23284.86,2299219,PER-006
AV-2025-001267,1-428850,Garantía hipotecaria,2025-06-07,2025-06-15,2025-06-22,San José,Tibás,San Juan,9.951342,-84.08606,Casa de habitación,CRC,679.45,792563.42,150.41,634548.67,4668726.87,638618000,PER-003
AV-2026-001268,4-306249,Leasing,2026-02-14,2026-02-15,2026-02-17,Heredia,Heredia,Heredia,9.998524,-84.118804,Casa de habitación,CRC,804.64,894971.11,133.58,576018.34,1948126.01,799022000,PER-001
AV-2024-001269,1-936285-100,Garantía hipotecaria,2024-12-07,2024-12-10,2024-12-13,San José,Tibás,San Juan,9.955294,-84.076145,Apartamento,USD,153.82,1004.97,248.65,1422.67,10750.92,519082,PER-006
AV-2024-001270,1-580351-391,Actualización de garantía,2024-12-17,2024-12-27,2025-01-04,San José,Tibás,San Juan,9.967905,-84.076036,Apartamento,USD,140.82,551.54,135.4,1568.61,7963.27,298021,PER-009
AV-2025-001271,6-364610-257,Garantía hipotecaria,2025-04-20,2025-04-20,2025-04-30,Puntarenas,Quepos,Quepos,9.425913,-84.117274,Condominio horizontal,USD,287.02,535.67,122.25,1272.25,11299.46,320580,PER-006
AV-2025-001272,2-225715,Actualización de garantía,2025-06-13,2025-06-20,2025-06-24,Alajuela,San Ramón,San Ramón,10.070997,-84.450865,Casa de habitación,USD,1005.74,220.07,557.73,1253.19,41929.86,962205,PER-005
AV-2025-001273,4-572673-399,Seguro,2025-07-22,2025-08-07,2025-08-14,Heredia,Santo Domingo,Santo Domingo,9.990456,-84.078485,Condominio horizontal,USD,434.15,261.67,151.2,1613.86,18101.69,375721,PER-006
AV-2025-001274,2-995772-342,Leasing,2025-09-07,2025-09-13,2025-09-20,Alajuela,Alajuela,Alajuela,10.019934,-84.205248,Apartamento,USD,67.54,751.34,62.95,1081.82,1692.22,120538,PER-008
AV-2024-001275,1-200711,Actualización de garantía,2024-07-31,2024-08-01,2024-08-09,San José,Pérez Zeledón,San Isidro de El General,9.397789,-83.665669,Local comercial,CRC,1699.96,541917.62,2744.44,536097.91,47167142.6,2439694000,PER-005
AV-2025-001276,1-998096-069,Compraventa,2025-04-06,2025-04-17,2025-04-22,San José,Goicoechea,Guadalupe,9.945026,-84.036796,Apartamento,USD,196.91,396.22,99.52,1652.15,9684.52,252126,PER-004
AV-2026-001277,5-171245,Garantía hipotecaria,2026-02-15,2026-02-27,2026-03-11,Guanacaste,Nicoya,Nicoya,10.135964,-85.421032,Casa de habitación,CRC,879.79,655736.84,239.8,313983.84,1505490.14,653710000,PER-007
AV-2025-001278,4-295441,Leasing,2025-09-09,2025-09-24,2025-09-25,Heredia,San Rafael,San Rafael,10.005257,-84.086218,Casa de habitación,CRC,170.62,362751.76,112.02,843106.8,5155426.53,161493000,PER-007
AV-2026-001279,1-743374-242,Actualización de garantía,2026-01-14,2026-01-16,2026-01-27,San José,Santa Ana,Santa Ana,9.918566,-84.178532,Condominio horizontal,USD,430.74,835.22,133.2,634.17,4228.97,448463,PER-002
AV-2025-001280,2-658401,Garantía hipotecaria,2025-11-09,2025-11-20,2025-11-23,Alajuela,Upala,Upala,10.826319,-84.951959,Finca agrícola,CRC,156446.13,71272.74,0.0,0.0,0.0,11150344000,PER-003
AV-2025-001281,2-686404,Actualización de garantía,2025-11-28,2025-12-09,2025-12-11,Alajuela,Alajuela,Alajuela,10.022107,-84.226023,Terreno baldío urbano,CRC,262.8,487055.99,0.0,0.0,0.0,146397000,PER-003
AV-2025-001282,3-233391,Actualización de garantía,2025-02-14,2025-02-16,2025-02-23,Cartago,La Unión,Tres Ríos,9.913978,-84.000216,Bodega o nave industrial,USD,13305.49,160.33,3843.52,1182.01,150208.48,6826557,PER-004
AV-2026-001283,4-846870,Compraventa,2026-02-06,2026-02-13,2026-02-25,Heredia,San Rafael,San Rafael,10.019984,-84.097478,Casa de habitación,CRC,962.66,328581.36,250.54,293917.86,5019685.14,394970000,PER-001
AV-2025-001284,6-988594,Actualización de garantía,2025-08-10,2025-08-18,2025-08-29,Puntarenas,Garabito,Jacó,9.125353,-85.606961,Terreno baldío rural,CRC,41528.0,66111.34,0.0,0.0,18742555.18,2764214000,PER-007
AV-2025-001285,1-786797-290,Leasing,2025-08-04,2025-08-05,2025-08-09,San José,Desamparados,Desamparados,9.892719,-84.083995,Condominio horizontal,USD,654.8,391.03,267.94,633.33,10813.97,436555,PER-002
AV-2025-001286,2-188590-292,Garantía hipotecaria,2023-01-29,2023-02-11,2023-02-16,Alajuela,Alajuela,Alajuela,10.023607,-84.21927,Apartamento,USD,132.41,616.99,283.61,1532.29,9189.79,525458,PER-003
AV-2025-001287,1-586787,Contable,2025-01-12,2025-01-24,2025-01-31,San José,Puriscal,Santiago,9.851266,-84.260829,Finca agrícola,CRC,276582.94,12866.9,0.0,0.0,82511122.45,3641276000,PER-001
AV-2025-001288,1-612608,Contable,2025-12-07,2025-12-10,2025-12-16,San José,Montes de Oca,San Pedro,9.917362,-84.051842,Bodega o nave industrial,USD,1305.81,426.66,342.13,1252.09,20723.79,1006238,PER-007
AV-2025-001289,5-342499,Leasing,2025-12-19,2025-12-25,2026-01-02,Guanacaste,Carrillo,Sardinal,10.572508,-85.689669,Casa de habitación,USD,1089.55,158.95,366.5,1399.35,33265.81,719312,PER-006
AV-2025-001290,7-393394,Leasing,2021-03-08,2021-03-22,2021-03-29,Limón,Limón,Limón,9.989761,-83.014311,Casa de habitación,CRC,237.4,408524.49,140.39,363536.69,1198902.42,149220000,PER-003
AV-2025-001291,6-673834,Seguro,2025-07-26,2025-07-26,2025-08-03,Puntarenas,Quepos,Quepos,9.393643,-84.163272,Casa de habitación,USD,630.9,2117.4,217.33,1457.97,18147.55,1670876,PER-009
AV-2025-001292,3-193099-314,Garantía hipotecaria,2025-07-10,2025-07-22,2025-07-28,Cartago,Cartago,Oriental,9.868873,-83.929368,Apartamento,USD,109.85,785.35,224.29,636.89,276.83,229396,PER-001
AV-2025-001293,3-166475,Garantía hipotecaria,2025-12-20,2025-12-31,2026-01-01,Cartago,Paraíso,Paraíso,9.831542,-83.868378,Terreno baldío urbano,CRC,383.79,189895.43,0.0,0.0,0.0,72880000,PER-001
AV-2025-001294,1-916773,Contable,2021-07-10,2021-07-23,2021-07-31,San José,Escazú,Escazú,9.90135,-84.14715,Local comercial,CRC,811.38,1151925.16,1250.88,802664.0,15393199.39,1954079000,PER-006
AV-2025-001295,1-157000,Actualización de garantía,2025-05-07,2025-05-19,2025-05-29,San José,Santa Ana,Santa Ana,9.924162,-84.181637,Local comercial,CRC,2430.07,1092348.67,1790.56,616265.26,8881104.56,3766825000,PER-003
AV-2025-001296,1-284072-264,Actualización de garantía,2025-09-17,2025-09-22,2025-09-29,San José,Desamparados,Desamparados,9.915169,-84.051716,Condominio horizontal,CRC,439.68,181221.88,342.26,699897.33,9188831.75,328415000,PER-006
AV-2025-001297,1-883707,Garantía hipotecaria,2025-05-08,2025-05-14,2025-05-18,San José,Pérez Zeledón,San Isidro de El General,9.340972,-83.727013,Casa de habitación,CRC,287.76,405136.97,108.4,288006.49,1936879.77,149739000,PER-008
AV-2026-001298,1-836053-150,Compraventa,2026-01-03,2026-01-09,2026-01-15,San José,Curridabat,Curridabat,9.925528,-84.021899,Apartamento,USD,167.71,585.08,500.66,1078.29,14980.21,652961,PER-001
AV-2024-001299,1-530632-058,Garantía hipotecaria,2024-05-01,2024-05-17,2024-05-18,San José,San José,Carmen,9.938921,-84.078979,Condominio horizontal,USD,419.87,535.88,229.34,1339.28,18137.21,550288,PER-004
AV-2025-001300,4-880734,Seguro,2025-09-16,2025-09-26,2025-10-01,Heredia,Sarapiquí,Puerto Viejo,10.387452,-84.06539,Terreno baldío urbano,CRC,432.05,18067.81,0.0,0.0,149146.89,7955000,PER-001
AV-2025-001301,4-363482,Garantía hipotecaria,2025-10-16,2025-10-23,2025-11-01,Heredia,San Rafael,San Rafael,10.016811,-84.087988,Bodega o nave industrial,USD,3297.35,348.29,975.04,1414.54,23957.43,2551625,PER-009
AV-2025-001302,4-749522,Leasing,2025-08-13,2025-08-26,2025-08-30,Heredia,Santo Domingo,Santo Domingo,9.968089,-84.08495,Casa de habitación,CRC,431.85,440399.35,266.08,743300.61,1191465.28,389155000,PER-006
AV-2025-001303,3-207417,Leasing,2025-04-10,2025-04-26,2025-04-30,Cartago,Turrialba,Turrialba,9.905639,-83.713874,Terreno baldío urbano,CRC,567.64,61834.55,0.0,0.0,0.0,35100000,PER-006
AV-2025-001304,3-441523,Contable,2025-12-05,2025-12-07,2025-12-15,Cartago,Paraíso,Paraíso,9.828217,-83.860841,Casa de habitación,CRC,788.57,323151.04,150.54,681818.63,3305405.19,360774000,PER-007
AV-2025-001305,1-483092,Contable,2025-08-31,2025-09-03,2025-09-10,San José,Desamparados,Desamparados,9.901888,-84.075763,Local comercial,CRC,399.61,668147.02,719.0,736935.78,20741828.53,817597000,PER-006
AV-2025-001306,1-464927,Leasing,2025-10-22,2025-10-30,2025-11-07,San José,Pérez Zeledón,San Isidro de El General,9.012299,-84.033146,Bodega o nave industrial,CRC,14408.19,65691.94,6031.87,297462.57,32483748.73,2773241000,PER-004
AV-2025-001307,4-169487,Garantía hipotecaria,2025-09-17,2025-09-29,2025-10-04,Heredia,Sarapiquí,Puerto Viejo,10.405384,-83.931306,Casa de habitación,USD,568.98,49.43,349.42,794.13,12154.53,317764,PER-002
AV-2026-001308,4-821591,Leasing,2026-01-16,2026-01-25,2026-02-04,Heredia,Belén,San Antonio,9.977977,-84.192087,Casa de habitación,CRC,612.26,154793.75,241.26,596898.97,7796090.59,246578000,PER-003
AV-2025-001309,1-367137,Garantía hipotecaria,2021-12-20,2022-01-06,2022-01-07,San José,Desamparados,Desamparados,9.880848,-84.073298,Terreno baldío urbano,CRC,294.62,154845.5,0.0,0.0,0.0,45621000,PER-003
AV-2026-001310,1-563672,Garantía hipotecaria,2026-02-21,2026-02-26,2026-02-27,San José,Montes de Oca,San Pedro,9.733386,-83.515365,Local comercial,CRC,180.53,3282127.33,128.64,457965.76,3983206.47,655418000,PER-003
AV-2024-001311,1-745473,Actualización de garantía,2024-09-10,2024-09-14,2024-09-24,San José,Tibás,San Juan,9.946519,-84.0777,Casa de habitación,CRC,473.77,739781.27,176.76,807301.3,1002003.73,494187000,PER-001
AV-2025-001312,1-985014,Leasing,2025-08-04,2025-08-06,2025-08-18,San José,San José,Carmen,9.94025,-84.080028,Casa de habitación,USD,987.76,1082.77,235.52,1571.88,3331.8,1443058,PER-002
AV-2025-001313,1-729429,Actualización de garantía,2025-12-03,2025-12-23,2025-12-29,San José,San José,Carmen,9.93349,-84.07642,Casa de habitación,CRC,819.85,770914.14,305.54,473254.83,447923.74,777080000,PER-009
AV-2025-001314,1-339637-324,Actualización de garantía,2025-01-16,2025-01-26,2025-02-03,San José,Tibás,San Juan,9.958166,-84.089007,Apartamento,USD,76.06,878.81,58.06,1513.01,4934.63,159622,PER-009
AV-2024-001315,1-975113,Contable,2024-02-24,2024-02-29,2024-03-08,San José,San José,Carmen,9.908936,-84.536854,Casa de habitación,CRC,233.08,1050964.65,117.39,689471.79,2070760.78,327967000,PER-001
AV-2025-001316,2-315890,Actualización de garantía,2025-06-04,2025-06-19,2025-06-20,Alajuela,Atenas,Atenas,9.988981,-84.421665,Finca agrícola,CRC,250814.5,21287.85,5034.38,673969.07,244312896.16,8976631000,PER-005
AV-2025-001317,5-498177,Contable,2025-07-29,2025-07-29,2025-07-31,Guanacaste,Santa Cruz,Tamarindo,10.324486,-85.823238,Terreno baldío rural,USD,52039.12,132.72,0.0,0.0,0.0,6906632,PER-006
AV-2026-001318,1-719973-373,Leasing,2023-11-28,2023-12-18,2023-12-23,San José,Curridabat,Curridabat,9.924147,-84.043423,Condominio horizontal,USD,321.32,399.82,163.98,742.89,6236.24,256526,PER-003
AV-2025-001319,3-544792,Actualización de garantía,2025-05-18,2025-05-22,2025-05-31,Cartago,Cartago,Oriental,9.856119,-83.92979,Terreno baldío urbano,CRC,291.72,405700.04,0.0,0.0,0.0,118351000,PER-003
AV-2025-001320,1-385261,Actualización de garantía,2025-07-27,2025-08-01,2025-08-03,San José,Goicoechea,Guadalupe,9.945074,-84.041409,Casa de habitación,CRC,993.11,800453.55,620.9,377042.32,6521310.61,1035565000,PER-001
AV-2025-001321,2-226242,Garantía hipotecaria,2025-07-24,2025-07-31,2025-08-09,Alajuela,Upala,Upala,10.892661,-84.9278,Finca agrícola,CRC,267686.44,11964.68,0.0,0.0,0.0,3202783000,PER-008
AV-2025-001322,1-249049,Actualización de garantía,2025-05-02,2025-08-25,2025-08-30,San José,Montes de Oca,San Pedro,9.681285,-84.67629,Local comercial,USD,1458.47,612.21,731.06,1127.62,39994.68,1757242,PER-007
AV-2025-001323,2-726867,Compraventa,2025-09-07,2025-09-26,2025-09-29,Alajuela,Grecia,Grecia,10.084829,-84.327377,Casa de habitación,CRC,895.33,588427.82,309.14,699377.22,9469475.39,752512000,PER-002
AV-2026-001324,7-898649,Leasing,2026-01-02,2026-01-12,2026-01-23,Limón,Talamanca,Cahuita,9.777654,-82.794209,Casa de habitación,CRC,442.61,746823.1,91.77,843883.92,895341.09,408890000,PER-001
AV-2025-001325,7-228722-044,Seguro,2025-09-10,2025-09-24,2025-09-26,Limón,Talamanca,Cahuita,9.732365,-82.888369,Condominio horizontal,USD,543.95,196.87,354.79,868.53,24317.67,439551,PER-007
AV-2024-001326,3-413003,Actualización de garantía,2024-10-29,2024-11-10,2024-11-13,Cartago,La Unión,Tres Ríos,9.891892,-83.988222,Local comercial,USD,2109.71,446.68,3733.07,930.66,71831.9,4488416,PER-009
AV-2025-001327,5-289291,Garantía hipotecaria,2025-11-18,2025-11-23,2025-12-02,Guanacaste,Liberia,Liberia,10.659738,-85.446786,Casa de habitación,CRC,129.86,441238.22,69.36,296160.72,1454656.94,79296000,PER-003
AV-2025-001328,4-637864,Actualización de garantía,2025-08-09,2025-08-09,2025-08-13,Heredia,Santo Domingo,Santo Domingo,9.990637,-84.079435,Terreno baldío urbano,USD,770.28,330.7,0.0,0.0,2806.12,257538,PER-006
AV-2025-001329,6-498152-162,Actualización de garantía,2025-11-18,2025-12-07,2025-12-08,Puntarenas,Garabito,Jacó,9.635964,-84.664944,Condominio horizontal,USD,307.64,333.0,130.57,1515.39,4685.36,304994,PER-001
AV-2025-001330,1-126206-376,Leasing,2025-10-19,2025-11-01,2025-11-02,San José,Escazú,Escazú,9.911489,-84.132597,Condominio horizontal,USD,305.51,814.89,201.79,1078.71,13774.78,480405,PER-001
AV-2025-001331,6-309396,Garantía hipotecaria,2025-11-06,2025-11-19,2025-11-28,Puntarenas,Quepos,Quepos,9.385313,-84.180903,Casa de habitación,CRC,267.46,495355.12,140.45,750923.12,7596061.68,245551000,PER-008
AV-2025-001332,1-433211,Leasing,2025-11-30,2025-12-03,2025-12-12,San José,San José,Carmen,9.938224,-84.063421,Local comercial,CRC,1185.94,565631.64,1339.37,658516.8,45763086.45,1879474000,PER-005
AV-2025-001333,7-512804,Garantía hipotecaria,2025-03-13,2025-03-27,2025-03-29,Limón,Pococí,Guápiles,10.206262,-83.763405,Local comercial,CRC,1136.52,526253.2,1859.27,429945.08,5680923.43,1403162000,PER-002
AV-2026-001334,1-269410,Garantía hipotecaria,2026-01-02,2026-01-22,2026-01-29,San José,Puriscal,Santiago,9.87095,-84.361516,Terreno baldío urbano,CRC,1210.42,12386.35,0.0,0.0,0.0,14993000,PER-005
AV-2024-001335,2-495530,Leasing,2024-05-09,2024-05-18,2024-05-22,Alajuela,Alajuela,Alajuela,10.010199,-84.219835,Local comercial,CRC,1233.16,902825.0,1411.03,360882.3,39788752.9,1662332000,PER-004
AV-2025-001336,4-610678-374,Contable,2025-09-20,2025-10-05,2025-10-13,Heredia,Heredia,Heredia,9.994812,-84.118945,Apartamento,USD,100.89,444.57,140.89,935.82,4.5,176705,PER-006
AV-2025-001337,5-301325,Leasing,2025-12-03,2025-12-19,2025-12-31,Guanacaste,Liberia,Liberia,10.666807,-85.443728,Casa de habitación,CRC,300.03,74689.75,118.53,475424.77,1495796.13,80257000,PER-008
AV-2025-001338,2-195604,Actualización de garantía,2025-11-26,2025-12-15,2025-12-24,Alajuela,Upala,Upala,10.890992,-84.949046,Finca agrícola,CRC,79079.88,113318.59,0.0,0.0,0.0,8961220000,PER-005
AV-2024-001339,5-135365,Leasing,2024-10-04,2024-10-18,2024-10-29,Guanacaste,Nicoya,Nicoya,10.121307,-85.475671,Casa de habitación,CRC,333.11,504170.46,39.77,399200.17,439280.42,184260000,PER-007
AV-2025-001340,3-404331,Leasing,2025-11-06,2025-11-10,2025-11-20,Cartago,Paraíso,Paraíso,9.856499,-83.845928,Local comercial,CRC,680.34,460273.57,657.14,381790.68,3530041.08,567562000,PER-007
AV-2025-001341,5-818203,Garantía hipotecaria,2025-09-14,2025-10-03,2025-10-04,Guanacaste,Carrillo,Sardinal,10.509098,-85.636006,Terreno baldío rural,CRC,40969.27,214287.55,0.0,0.0,0.0,8779204000,PER-001
AV-2025-001342,3-235605-144,Seguro,2025-09-01,2025-09-04,2025-09-10,Cartago,Cartago,Oriental,9.861601,-83.914051,Apartamento,USD,117.78,1079.06,52.49,515.59,1608.35,155763,PER-002
AV-2026-001343,1-245780-338,Actualización de garantía,2026-01-06,2026-01-14,2026-01-18,San José,Tibás,San Juan,9.95985,-84.094032,Apartamento,USD,198.83,528.21,166.95,773.84,4152.41,238369,PER-006
AV-2025-001344,1-612891,Leasing,2025-05-05,2025-05-12,2025-05-16,San José,Escazú,Escazú,9.919325,-84.156613,Casa de habitación,CRC,765.47,793815.17,347.15,792452.95,7787201.8,890529000,PER-004
AV-2025-001345,7-385037,Leasing,2025-07-31,2025-08-01,2025-08-10,Limón,Limón,Limón,10.020531,-83.038958,Terreno baldío urbano,CRC,252.25,69285.64,0.0,0.0,231562.61,17709000,PER-009
AV-2025-001346,6-539047,Actualización de garantía,2025-10-18,2025-11-01,2025-11-02,Puntarenas,Quepos,Quepos,9.47644,-84.180138,Casa de habitación,CRC,963.62,609844.12,582.38,,28166811.25,1001632000,PER-007
AV-2025-001347,1-577059,Actualización de garantía,2025-10-05,2025-10-07,2025-10-17,San José,Escazú,Escazú,9.927004,-84.147529,Local comercial,CRC,1440.83,480474.07,928.87,478662.82,3046036.88,1139943000,PER-001
AV-2025-001348,1-429387,Compraventa,2025-11-08,2025-11-23,2025-12-04,San José,Pérez Zeledón,San Isidro de El General,9.338967,-83.656119,Finca agrícola,CRC,61159.63,125331.58,0.0,0.0,0.0,7665233000,PER-006
AV-2025-001349,1-158805,Actualización de garantía,2025-10-21,2025-10-21,2025-10-24,San José,Puriscal,Santiago,9.868907,-84.288933,Terreno baldío urbano,CRC,1254.52,17552.65,0.0,0.0,0.0,22020000,PER-005
AV-2025-001350,2-374549,Actualización de garantía,2025-03-15,2025-03-16,2025-03-22,Alajuela,San Carlos,Quesada,10.324535,-84.391304,Casa de habitación,CRC,285.6,666575.98,67.38,777734.21,7455.49,242785000,PER-005
AV-2024-001351,1-455525-053,Actualización de garantía,2024-07-09,2024-07-25,2024-07-16,San José,Curridabat,Curridabat,9.741375,-82.961331,Condominio horizontal,USD,266.61,1103.57,210.96,668.41,6659.34,441890,PER-001
AV-2025-001352,1-872878,Leasing,2025-07-14,2025-07-15,2025-07-17,San José,Puriscal,Santiago,9.774734,-84.288824,Finca agrícola,CRC,108609.43,13899.11,13595.92,479782.25,239967798.72,8272623000,PER-007
AV-2025-001353,2-937977,Garantía hipotecaria,2025-02-17,2025-02-17,2025-02-22,Alajuela,Atenas,Atenas,9.950047,-84.358557,Finca agrícola,USD,284050.53,34.5,40091.56,771.92,270087.78,41017308,PER-001
AV-2024-001354,4-787406,Leasing,2024-11-07,2024-11-26,2024-12-03,Heredia,San Rafael,San Rafael,9.995675,-84.083406,Casa de habitación,CRC,245.99,786188.28,45.05,258914.0,459648.37,205518000,PER-005
AV-2025-001355,1-683854,Leasing,2025-01-15,2025-01-17,2025-01-29,San José,Curridabat,Curridabat,9.920461,-84.028557,Terreno baldío urbano,USD,354.31,897.49,0.0,0.0,0.0,317990,PER-008
AV-2024-001356,3-203006,Actualización de garantía,2024-11-27,2024-12-12,2024-12-21,Cartago,Turrialba,Turrialba,9.908699,-83.68531,Terreno baldío urbano,CRC,1291.68,144699.35,0.0,0.0,0.0,186905000,PER-001
AV-2025-001357,2-197547,Garantía hipotecaria,2025-08-19,2025-08-27,2025-09-06,Alajuela,Alajuela,Alajuela,10.011707,-84.223522,Casa de habitación,CRC,789.41,1136332.35,129.33,679508.09,6353572.65,991266000,PER-005
AV-2024-001358,4-472741,Leasing,2024-08-03,2024-08-09,2024-08-11,Heredia,San Rafael,San Rafael,9.585379,-83.120287,Terreno baldío urbano,USD,330.47,185.38,0.0,0.0,1031.88,62294,PER-007
AV-2025-001359,2-512362,Actualización de garantía,2025-08-09,2025-08-11,2025-08-18,Alajuela,Atenas,Atenas,10.020262,-84.378633,Finca agrícola,CRC,40719.75,16803.66,0.0,0.0,18458568.08,702699000,PER-003
AV-2024-001360,2-396018-084,Actualización de garantía,2024-09-19,2024-10-02,2024-10-09,Alajuela,Alajuela,Alajuela,10.024049,-84.210647,Apartamento,USD,66.93,1053.13,173.45,1568.24,10360.11,352857,PER-005
AV-2025-001361,1-651024,Leasing,2022-11-03,2022-11-15,2022-11-18,San José,Curridabat,Curridabat,9.920345,-84.038133,Casa de habitación,CRC,454.12,583046.9,317.65,773388.93,19634426.87,530075000,PER-009
AV-2025-001362,4-228467,Actualización de garantía,2025-03-27,2025-04-11,2025-04-20,Heredia,Belén,San Antonio,9.981927,-84.17705,Casa de habitación,CRC,549.31,1108234.61,328.89,828599.94,2700401.85,883983000,PER-001
AV-2025-001363,7-394790,Actualización de garantía,2025-09-13,2025-09-14,2025-09-15,Limón,Limón,Limón,9.994317,-83.044355,Casa de habitación,CRC,307.14,557960.06,181.67,611698.01,6974718.56,289474000,PER-007
AV-2025-001364,4-749428,Garantía hipotecaria,2025-08-14,2025-08-28,2025-09-03,Heredia,Heredia,Heredia,10.007385,-84.109848,Casa de habitación,CRC,232.24,927553.79,102.92,649800.23,3652681.14,285945000,PER-002
AV-2025-001365,3-102307-399,Seguro,2024-12-26,2025-01-06,2025-01-07,Cartago,Paraíso,Paraíso,9.844261,-83.88757,Apartamento,USD,104.17,352.5,59.56,1658.8,603.51,136122,PER-006
AV-2025-001366,1-630542,Leasing,2021-11-18,2021-11-25,2021-12-06,San José,Tibás,San Juan,9.960447,-84.077917,Casa de habitación,CRC,438.4,830947.69,147.67,613451.9,5419203.32,460295000,PER-002
AV-2025-001367,1-556644-281,Leasing,2025-10-22,2025-10-28,2025-11-03,San José,Montes de Oca,San Pedro,9.925335,-84.038384,Apartamento,USD,205.66,1109.78,251.12,1509.2,9211.72,616439,PER-007
AV-2026-001368,4-392271,Garantía hipotecaria,2026-02-19,2026-02-22,2026-02-24,Heredia,Santo Domingo,Santo Domingo,9.98919,-84.080041,Casa de habitación,CRC,269.09,683127.81,32.29,385466.73,102199.63,196372000,PER-004
AV-2025-001369,1-128038,Garantía hipotecaria,2025-05-17,2025-05-19,2025-05-29,San José,San José,Carmen,9.932333,-84.071788,Edificio de oficinas,USD,1699.9,770.32,1869.3,1101.1,85772.92,3453526,PER-008
AV-2025-001370,3-215235,Leasing,2025-02-09,2025-02-09,2025-02-20,Cartago,Turrialba,Turrialba,9.906237,-83.640238,Terreno baldío rural,CRC,33660.41,104510.7,0.0,0.0,0.0,3517873000,PER-001
AV-2025-001371,6-229819-108,Actualización de garantía,2025-07-30,2025-08-16,2025-08-23,Puntarenas,Garabito,Jacó,9.606553,-84.609942,Apartamento,USD,83.28,2246.42,0.0,0.0,13447.34,458956,PER-001
AV-2025-001372,4-321172,Seguro,2025-01-17,2025-01-25,2025-01-29,Heredia,Belén,San Antonio,9.978653,-84.174715,Casa de habitación,CRC,470.6,1150984.0,174.36,677565.4,1580456.06,661374000,PER-003
AV-2025-001373,3-416579-360,Actualización de garantía,2025-02-16,2025-02-23,2025-03-03,Cartago,Cartago,Oriental,9.853576,-83.921729,Condominio horizontal,USD,491.21,722.65,298.8,1328.58,18839.94,770793,PER-008
AV-2026-001374,4-479857,Compraventa,2025-12-28,2026-01-10,2026-01-18,Heredia,Sarapiquí,Puerto Viejo,10.430982,-83.902591,Finca agrícola,CRC,192689.17,11920.34,0.0,0.0,0.0,2296920000,PER-009
AV-2025-001375,3-933266,Actualización de garantía,2025-05-29,2025-06-14,2025-06-23,Cartago,Cartago,Oriental,9.871904,-83.92884,Local comercial,CRC,1652.67,785148.72,1261.21,334828.55,24231682.04,1916466000,PER-009
AV-2025-001376,4-601774,Actualización de garantía,2025-04-14,2025-04-14,2025-04-26,Heredia,Santo Domingo,Santo Domingo,9.986801,-84.077444,Terreno baldío urbano,USD,480.5,306.73,0.0,0.0,0.0,147384,PER-009
AV-2025-001377,4-356754,Contable,2025-11-30,2025-12-02,2025-12-14,Heredia,Santo Domingo,Santo Domingo,9.982834,-84.102214,Terreno baldío urbano,CRC,1533.0,200280.68,0.0,0.0,0.0,307030000,PER-004
AV-2025-001378,2-322776,Contable,2025-11-01,2025-11-17,2025-11-29,Alajuela,Atenas,Atenas,9.968069,-84.354225,Casa de habitación,CRC,250.52,297718.47,53.47,563554.47,1250953.87,105969000,PER-002
AV-2024-001379,1-579090-248,Actualización de garantía,2024-05-11,2024-05-16,2024-05-20,San José,Montes de Oca,San Pedro,9.941539,-84.0432,Apartamento,USD,126.1,1020.79,186.22,1665.03,1730.34,440514,PER-006
AV-2024-001380,4-708935,Actualización de garantía,2024-06-11,2024-06-26,2024-07-06,Heredia,Belén,San Antonio,9.967196,-84.18926,Casa de habitación,CRC,517.22,507293.01,138.86,543032.72,921131.37,338709000,PER-002
AV-2024-001381,4-514061,Leasing,2024-11-16,2024-11-19,2024-11-20,Heredia,Heredia,Heredia,9.999085,-84.109861,Casa de habitación,CRC,666.08,932187.48,211.51,504792.77,8333367.22,736014000,PER-005
AV-2024-001382,1-274699-276,Compraventa,2021-06-01,2021-06-20,2021-06-24,San José,Curridabat,Curridabat,9.919572,-84.029123,Apartamento,USD,117.08,859.72,77.35,1242.05,1377.24,198106,N/A
AV-2025-001383,2-308754,Contable,2022-09-07,2022-09-09,2022-09-12,Alajuela,Alajuela,Alajuela,10.026017,-84.22848,Casa de habitación,USD,245.15,623.1,85.06,933.0,1880.81,233995,PER-009
AV-2025-001384,1-415755-032,Garantía hipotecaria,2025-07-10,2025-07-27,2025-08-03,San José,Escazú,Escazú,9.923343,-84.158412,Apartamento,USD,54.36,989.76,116.52,911.73,366.51,160405,PER-006
AV-2025-001385,1-402518-003,Seguro,2025-07-12,2025-07-15,2025-07-26,San José,Desamparados,Desamparados,9.880179,-84.060663,Apartamento,USD,131.33,175.44,266.77,1121.0,5165.88,327256,PER-001
AV-2025-001386,4-145183,Garantía hipotecaria,2025-02-02,2025-02-10,2025-02-14,Heredia,San Rafael,San Rafael,10.000244,-84.088321,Local comercial,CRC,1631.26,347697.56,1185.83,408281.16,35106272.18,1086443000,PER-001
AV-2025-001387,5-472750,Leasing,2025-10-27,2025-11-03,2025-11-09,Guanacaste,Nicoya,Nicoya,10.123623,-85.46803,Terreno baldío rural,CRC,37378.09,66153.23,0.0,0.0,0.0,2472681000,PER-001
AV-2025-001388,7-905761,Garantía hipotecaria,2025-08-06,2025-08-06,2025-08-18,Limón,Talamanca,Cahuita,9.705474,-82.851067,Terreno baldío urbano,CRC,982.75,175815.28,0.0,0.0,0.0,172782000,PER-001
AV-2025-001389,1-430866-019,Actualización de garantía,2025-09-24,2025-10-14,2025-10-24,San José,Curridabat,Curridabat,9.903493,-84.033431,Apartamento,USD,55.08,1023.1,164.69,588.01,7111.81,160304,PER-004
AV-2024-001390,3-752126,Actualización de garantía,2024-11-29,2024-12-19,2024-12-28,Cartago,La Unión,Tres Ríos,9.889949,-83.993016,Terreno baldío urbano,CRC,863.04,192700.45,0.0,0.0,1912758.55,168221000,PER-009
AV-2025-001391,1-281946,Leasing,2025-06-18,2025-07-05,2025-07-10,San José,Santa Ana,Santa Ana,9.925239,-84.177929,Casa de habitación,CRC,268.62,1156605.78,187.53,304420.1,3091824.01,370867000,PER-005
AV-2025-001392,5-202269,Contable,2025-04-19,2025-04-21,2025-04-29,Guanacaste,Carrillo,Sardinal,10.522683,-85.67869,Casa de habitación,USD,311.74,1535.47,113.81,1239.98,7267.15,713917,PER-003
AV-2026-001393,4-247652-145,Garantía hipotecaria,2026-02-09,2026-02-09,2026-02-20,Heredia,Heredia,Heredia,9.991896,-84.130291,Apartamento,CRC,145.11,680661.87,118.18,804235.22,4135424.62,197951000,PER-002
AV-2024-001394,3-873462,Contable,2024-08-02,2024-08-03,2024-08-06,Cartago,Cartago,Oriental,9.876287,-83.922519,Casa de habitación,USD,750.39,475.15,329.31,1323.95,990.19,793528,PER-006
AV-2025-001395,5-756595,Actualización de garantía,2025-01-26,2025-02-06,2025-02-09,Guanacaste,Nicoya,Nicoya,10.097903,-85.433921,Bodega o nave industrial,USD,3339.96,188.75,2231.38,1511.83,258586.94,4262472,PER-003
AV-2025-001396,1-283815,Actualización de garantía,2025-09-29,2025-10-07,2025-10-17,San José,Desamparados,Desamparados,9.894945,-84.074755,Casa de habitación,CRC,619.55,851223.36,173.55,717615.77,2902109.44,654820000,PER-001
AV-2026-001397,1-133352,Garantía hipotecaria,2026-02-05,2026-02-08,2026-02-16,San José,Desamparados,Desamparados,9.903277,-84.066332,Local comercial,CRC,1408.2,417073.6,786.98,707967.75,27907810.33,1172387000,PER-009
AV-2024-001398,1-888244,Actualización de garantía,2024-10-30,2024-11-16,2024-11-25,San José,Desamparados,Desamparados,9.906034,-84.064362,Local comercial,USD,1278.97,252.34,808.98,1287.2,27774.66,1391829,PER-007
AV-2024-001399,3-747665,Garantía hipotecaria,2024-08-05,2024-08-13,2024-08-21,Cartago,Cartago,Oriental,9.858888,-83.914069,Casa de habitación,CRC,406.24,3630839.22,241.27,754581.74,6013184.85,1663063000,PER-007
AV-2025-001400,6-792243,Garantía hipotecaria,2025-10-29,2025-11-02,2025-11-14,Puntarenas,Puntarenas,Puntarenas,10.000849,-84.822108,Terreno baldío rural,CRC,10557.8,54240.05,0.0,0.0,0.0,572656000,PER-001
AV-2024-001401,4-663522-391,Actualización de garantía,2024-04-30,2024-05-14,2024-05-19,Heredia,San Rafael,San Rafael,9.996549,-84.084374,Condominio horizontal,USD,348.29,269.04,218.21,1696.33,15883.22,401142,PER-007
AV-2025-001402,4-992197,Actualización de garantía,2025-10-26,2025-11-12,2025-11-22,Heredia,San Rafael,San Rafael,10.030468,-84.082464,Local comercial,USD,858.85,319.25,696.55,1574.05,19541.17,1390134,PER-005
AV-2024-001403,5-116547,Actualización de garantía,2024-11-27,2024-12-07,2024-12-11,Guanacaste,Carrillo,Sardinal,10.55951,-85.63859,Terreno baldío urbano,CRC,481.84,132558.1,0.0,0.0,0.0,63872000,PER-008
AV-2025-001404,1-987879,Garantía hipotecaria,2025-01-15,2025-01-23,2025-01-29,San José,Goicoechea,Guadalupe,9.939077,-84.043481,Local comercial,CRC,749.07,709007.68,586.23,378382.39,2542365.81,755458000,PER-002
AV-2025-001405,4-488223,Actualización de garantía,2025-10-25,2025-11-09,2025-11-11,Heredia,Heredia,Heredia,9.99263,-84.121529,Edificio de oficinas,USD,2386.64,801.17,11131.57,788.58,254589.32,10944827,PER-008
AV-2025-001406,1-388987-255,Garantía hipotecaria,2025-03-20,2025-03-31,2025-04-11,San José,Tibás,San Juan,9.948907,-84.085791,Apartamento,USD,129.98,1054.8,110.28,662.02,4488.52,214599,PER-008
AV-2024-001407,2-583812,Seguro,2024-10-30,2024-11-17,2024-11-25,Alajuela,San Carlos,Quesada,10.374567,-84.434768,Casa de habitación,CRC,903.54,429359.84,124.5,760993.49,3410202.18,486098000,PER-006
AV-2025-001408,1-875852,Garantía hipotecaria,2025-12-21,2025-12-31,2026-01-10,San José,Desamparados,Desamparados,9.903832,-84.075137,Casa de habitación,CRC,696.77,424698.89,429.23,450855.13,284364.53,489722000,PER-008
AV-2025-001409,5-937685-220,Actualización de garantía,2025-03-07,2025-03-08,2025-03-13,Guanacaste,Carrillo,Sardinal,10.52318,-85.665692,Apartamento,USD,97.02,1948.86,168.87,545.77,7233.28,288476,PER-008
AV-2024-001410,1-629361,Leasing,2024-07-23,2024-07-28,2024-08-07,San José,Puriscal,Santiago,9.860326,-84.36084,Casa de habitación,USD,339.6,66.96,54.09,1497.31,1956.85,105686,PER-003
AV-2025-001411,4-126670,Contable,2025-05-15,2025-05-21,2025-06-02,Heredia,San Rafael,San Rafael,10.008104,-84.10135,Bodega o nave industrial,CRC,18619.75,495536.39,9390.08,769611.21,11355018.04,16464830000,PER-003
AV-2025-001412,1-940452,Garantía hipotecaria,2025-03-25,2025-03-30,2025-04-09,San José,Santa Ana,Santa Ana,9.917847,-84.18855,Local comercial,CRC,927.15,671263.5,529.51,590264.77,13251266.67,948164000,PER-002
AV-2025-001413,7-691826,Garantía hipotecaria,2025-05-02,2025-05-05,2025-05-06,Limón,Limón,Limón,10.856735,-82.427222,Finca agrícola,CRC,124481.31,120661.77,0.0,0.0,0.0,15020135000,PER-005
AV-2025-001414,2-966716,Compraventa,2025-07-14,2025-07-17,2025-07-25,Alajuela,San Ramón,San Ramón,10.116538,-84.466041,Casa de habitación,USD,158.45,219.47,69.61,1599.05,5166.92,151252,PER-005
AV-2025-001415,4-213928,Actualización de garantía,2025-03-15,2025-03-27,2025-04-04,Heredia,Heredia,Heredia,9.997156,-84.126275,Local comercial,CRC,510.57,1098036.15,167.38,266671.74,2862934.5,608123000,PER-009
AV-2024-001416,2-513635,Garantía hipotecaria,2024-08-10,2024-08-19,2024-08-27,Alajuela,San Ramón,San Ramón,10.057148,-84.455682,Finca agrícola,CRC,92651.02,86988.53,13526.41,748877.89,775255197.82,18964461000,PER-001
AV-2025-001417,1-462157,Garantía hipotecaria,2022-12-12,2022-12-12,2022-12-22,San José,Puriscal,Santiago,9.840883,-84.239487,Finca agrícola,CRC,222628.38,18678.92,14575.27,715217.94,618858830.35,15201811000,PER-003
AV-2026-001418,3-107592,Leasing,2026-01-22,2026-02-04,2026-02-11,Cartago,Paraíso,Paraíso,9.810046,-83.859366,Casa de habitación,CRC,832.25,866643.29,335.66,599086.08,12961493.42,935315000,PER-008
AV-2025-001419,7-403522,Leasing,2025-03-15,2025-03-21,2025-03-30,Limón,Limón,Limón,10.016001,-83.01752,Local comercial,CRC,896.82,375450.29,1014.68,303563.1,8574111.11,653305000,PER-002
AV-2025-001420,4-436816,Garantía hipotecaria,2025-01-14,2025-01-22,2025-02-02,Heredia,Sarapiquí,Puerto Viejo,10.382034,-84.005829,Casa de habitación,CRC,458.68,263089.82,68.99,336718.01,1724676.41,173853000,PER-003
AV-2025-001421,1-182541,Actualización de garantía,2025-11-23,2025-12-09,2025-12-20,San José,Puriscal,Santiago,9.030238,-83.988547,Casa de habitación,CRC,220.67,218400.53,86.15,713578.84,4467482.84,114137000,PER-003
AV-2025-001422,6-715705,Leasing,2022-11-02,2022-11-06,2022-11-11,Puntarenas,Quepos,Quepos,9.386642,-84.179881,Casa de habitación,CRC,384.42,1062091.96,143.85,474966.55,3612024.1,480225000,PER-004
AV-2024-001423,1-345930-114,Leasing,2024-11-02,2024-11-18,2024-11-28,San José,Montes de Oca,San Pedro,9.928335,-84.059736,Condominio horizontal,CRC,240.85,507235.61,71.37,533731.78,1600063.32,161860000,PER-006
AV-2025-001424,1-508811,Garantía hipotecaria,2025-11-26,2025-12-03,2025-12-04,San José,Curridabat,Curridabat,9.907911,-84.037845,Local comercial,CRC,300.95,710691.95,200.96,834583.85,10882491.3,392483000,PER-004
AV-2025-001425,4-330941,Seguro,2025-10-31,2025-11-16,2025-11-25,Heredia,Sarapiquí,Puerto Viejo,10.415943,-83.929979,Casa de habitación,CRC,187.7,197642.88,114.07,645366.79,3783081.63,114498000,PER-003
AV-2024-001426,1-265396,Garantía hipotecaria,2024-07-30,2024-08-15,2024-08-22,San José,Escazú,Escazú,9.908096,-84.125919,Local comercial,CRC,2130.18,463292.16,1811.12,345049.15,19903413.77,1631725000,PER-002
AV-2025-001427,1-400357,Leasing,2025-01-29,2025-01-30,2025-02-09,San José,Santa Ana,Santa Ana,9.951765,-84.176916,Local comercial,CRC,2286.17,485288.8,733.53,418970.92,1553308.41,1418334000,PER-008
AV-2025-001428,1-698939,Contable,2025-02-16,2025-02-16,2025-02-24,San José,Puriscal,Santiago,9.845179,-84.236976,Finca agrícola,CRC,81258.24,803.72,0.0,0.0,0.0,65309000,PER-007
AV-2025-001429,4-206923,Leasing,2025-07-27,2025-08-08,2025-08-18,Heredia,Belén,San Antonio,9.982663,-84.180084,Terreno baldío urbano,CRC,238.47,344999.81,0.0,0.0,0.0,82272000,PER-009
AV-2025-001430,1-120368-108,Actualización de garantía,2025-06-04,2025-06-16,2025-06-22,San José,Escazú,Escazú,9.904731,-84.124307,Apartamento,USD,97.4,644.66,73.83,660.03,713.86,112234,PER-006
AV-2026-001431,1-135657,Actualización de garantía,2021-06-05,2021-06-21,2021-07-03,San José,Montes de Oca,San Pedro,9.927102,-84.06524,Casa de habitación,CRC,505.83,5122899.24,294.06,724221.54,5567613.48,2809848000,PER-008
AV-2025-001432,7-888792,Leasing,2025-08-10,2025-08-10,2025-08-18,Limón,Talamanca,Cahuita,9.701819,-82.869536,Terreno baldío rural,CRC,25825.84,81381.51,0.0,0.0,0.0,2101746000,PER-001
AV-2025-001433,4-959369,Actualización de garantía,2025-10-21,2025-11-03,2025-11-06,Heredia,Heredia,Heredia,10.004064,-84.127128,Local comercial,CRC,1904.52,1171764.27,612.62,394860.72,11225600.98,2484774000,PER-007
AV-2025-001434,4-997138-375,Actualización de garantía,2025-04-02,2025-04-16,2025-04-23,Heredia,Heredia,Heredia,10.007504,-84.117712,Apartamento,USD,214.8,752.2,84.27,1062.02,3100.15,254169,PER-009
AV-2025-001435,4-685795,Leasing,2025-05-02,2025-05-07,2025-05-12,Heredia,Santo Domingo,Santo Domingo,9.964813,-84.085464,Casa de habitación,CRC,911.76,360396.11,489.09,410600.51,13757637.78,543173000,PER-008
AV-2025-001436,1-961690-201,Leasing,2025-11-10,2025-11-23,2025-12-02,San José,Escazú,Escazú,9.922198,-84.149409,Apartamento,USD,121.84,697.19,246.45,1326.8,17219.05,429155,PER-005
AV-2025-001437,1-714267,Actualización de garantía,2025-12-06,2025-12-19,2025-12-20,San José,Tibás,San Juan,9.966752,-84.068006,Local comercial,CRC,742.88,845671.72,241.14,707012.11,12794544.41,811516000,PER-006
AV-2025-001438,7-806092,Leasing,2025-09-19,2025-10-03,2025-10-07,Limón,Pococí,Guápiles,10.208473,-83.741808,Casa de habitación,CRC,768.35,423392.56,514.59,255882.7,6330887.21,463319000,PER-002
AV-2025-001439,4-109341,Actualización de garantía,2025-11-06,2025-11-16,2025-11-18,Heredia,Santo Domingo,Santo Domingo,9.988209,-84.093582,Casa de habitación,CRC,765.95,738298.51,528.11,407798.79,6720098.56,787582000,PER-007
AV-2025-001440,1-883388,Actualización de garantía,2025-08-11,2025-08-15,2025-08-27,San José,Puriscal,Santiago,9.803052,-84.378134,Finca agrícola,CRC,295300.19,23905.44,0.0,0.0,55970070.83,7115251000,PER-008
AV-2025-001441,1-536928-276,Actualización de garantía,2025-05-16,2025-06-03,2025-06-09,San José,Santa Ana,Santa Ana,9.94079,-84.17311,Apartamento,USD,90.99,426.23,150.89,1318.62,4187.98,241937,PER-001
AV-2025-001442,1-221587,Contable,2025-08-18,2025-08-29,2025-08-30,San José,Desamparados,Desamparados,9.915688,-84.063645,Casa de habitación,CRC,272.1,517624.19,95.49,518111.75,2935975.79,193256000,PER-007
AV-2025-001443,1-849501-067,Contable,2025-04-29,2025-05-15,2025-05-19,San José,Curridabat,Curridabat,9.926488,-84.033062,Apartamento,USD,77.56,856.82,65.6,1129.11,860.52,141385,PER-005
AV-2025-003674,4-435948,Contable,2025-08-05,2025-08-07,2025-08-18,Heredia,Belén,San Antonio,9.975657,-84.178398,Casa de habitación,CRC,221.96,1074331.92,127.05,530021.99,4193054.1,309991000,PER-001
AV-2025-001445,1-155115,Contable,2025-10-25,2025-10-29,2025-11-02,San José,Montes de Oca,San Pedro,9.917351,-84.049358,Terreno baldío urbano,CRC,868.42,308196.62,0.0,0.0,3664007.49,271308000,PER-005
AV-2025-001446,5-247070,Garantía hipotecaria,2025-08-14,2025-08-16,2025-08-27,Guanacaste,Santa Cruz,Tamarindo,10.257647,-85.833481,Casa de habitación,CRC,173.92,1079824.33,65.87,614515.71,1515519.3,229797000,PER-007
AV-2025-001447,7-152527,Leasing,2025-10-25,2025-11-10,2025-11-22,Limón,Talamanca,Cahuita,9.708428,-82.897696,Terreno baldío rural,USD,17659.7,167.2,0.0,0.0,0.0,2952702,PER-001
AV-2025-001448,5-928576,Contable,2025-08-29,2025-09-11,2025-09-20,Guanacaste,Liberia,Liberia,10.649936,-85.441392,Terreno baldío rural,CRC,48808.4,83130.81,0.0,0.0,0.0,4057482000,PER-001
AV-2025-001449,1-225689,Garantía hipotecaria,2021-05-15,2021-05-15,2021-05-20,San José,Curridabat,Curridabat,9.91429,-84.04063,Casa de habitación,CRC,948.46,1010212.89,605.03,639001.49,16064165.96,1360826000,PER-004
AV-2025-001450,1-230743,Garantía hipotecaria,2025-07-14,2025-07-30,2025-08-03,San José,Curridabat,Curridabat,9.916778,-84.018741,Casa de habitación,CRC,387.93,1168537.78,257.15,581375.57,816484.75,603628000,PER-006
AV-2025-001451,1-453445,Actualización de garantía,2025-04-11,2025-05-01,2025-05-12,San José,Pérez Zeledón,San Isidro de El General,9.390246,-83.739729,Casa de habitación,CRC,317.9,63946.27,123.68,305587.38,1194110.97,59318000,PER-007
AV-2026-001452,1-234252,Leasing,2026-01-24,2026-02-08,2026-02-13,San José,Santa Ana,Santa Ana,9.929832,-84.168114,Casa de habitación,CRC,314.56,1122082.66,81.7,400631.72,1141787.46,386836000,PER-006
AV-2025-001453,1-906169,Leasing,2021-09-18,2021-10-07,2021-10-18,San José,Escazú,Escazú,9.907515,-84.146647,Casa de habitación,CRC,238.8,1248720.31,56.23,475240.85,1631308.22,326549000,PER-009
AV-2025-001454,1-120227,Leasing,2025-11-30,2025-12-11,2025-12-17,San José,San José,Carmen,9.934335,-84.065348,Casa de habitación,USD,338.92,997.61,109.04,1389.65,6112.3,495750,PER-001
AV-2024-001455,,Leasing,2024-09-10,2024-09-21,2024-09-30,San José,Goicoechea,Guadalupe,9.944954,-84.062379,Terreno baldío urbano,CRC,330.12,530112.12,0.0,0.0,1375204.75,176376000,PER-003
AV-2024-001456,4-718035,Actualización de garantía,2024-04-18,2024-04-21,2024-04-22,Heredia,Heredia,Heredia,10.258561,-83.715469,Local comercial,CRC,290.01,828012.39,427.28,631393.2,9257076.62,519171000,PER-005
AV-2025-001457,4-170241,Garantía hipotecaria,2025-10-06,2025-10-26,2025-10-30,Heredia,Belén,San Antonio,9.988912,-84.193442,Casa de habitación,CRC,345.58,1122720.98,140.35,616177.62,3551636.9,478022000,PER-008
AV-2025-001458,7-418916,Actualización de garantía,2025-05-01,2025-05-05,2025-05-13,Limón,Pococí,Guápiles,10.223597,-83.740098,Bodega o nave industrial,USD,6141.37,98.2,1470.54,1446.11,129503.38,2859149,PER-001
AV-2025-001459,3-498986,Contable,2025-12-18,2025-12-31,2026-01-06,Cartago,Turrialba,Turrialba,9.924454,-83.710377,Local comercial,CRC,2006.75,527045.17,1600.08,824027.16,71907674.16,2448065000,PER-007
AV-2025-001460,1-863187,Garantía hipotecaria,2025-11-23,2025-12-02,2025-12-13,San José,Goicoechea,Guadalupe,9.948726,-84.041524,Casa de habitación,CRC,841.51,616181.89,276.47,391848.75,7671933.02,634530000,PER-004
AV-2025-001461,6-897337,Garantía hipotecaria,2025-03-19,2025-04-02,2025-04-04,Puntarenas,Garabito,Jacó,9.60148,-84.60058,Terreno baldío urbano,CRC,344.94,225259.7,0.0,0.0,0.0,77701000,PER-007
AV-2025-001462,4-679451,Actualización de garantía,2025-01-08,2025-01-08,2025-01-17,Heredia,Belén,San Antonio,10.55143,-83.26571,Bodega o nave industrial,USD,2540.56,902.64,1057.76,890.71,60240.85,3295609,PER-001
AV-2025-001463,1-854217,Garantía hipotecaria,2022-11-05,2022-11-20,2022-11-30,San José,Desamparados,Desamparados,10.016398,-83.096885,Local comercial,CRC,2122.24,630600.89,1103.66,800356.9,59379972.86,2280988000,PER-003
AV-2024-001464,5-354428-128,Garantía hipotecaria,2024-08-15,2024-08-22,2024-08-26,Guanacaste,Carrillo,Sardinal,10.506187,-85.656762,Condominio horizontal,USD,658.3,473.63,414.84,908.35,19300.71,707911,PER-009
AV-2026-001465,3-453118,Garantía hipotecaria,2026-01-09,2026-01-18,2026-01-19,Cartago,Turrialba,Turrialba,9.911687,-83.71234,Casa de habitación,USD,518.72,84.22,305.37,1393.72,3751.05,473038,PER-003
AV-2025-001466,1-273681,Compraventa,2025-03-18,2025-03-27,2025-04-01,San José,Santa Ana,Santa Ana,9.935771,-84.168929,Local comercial,CRC,1073.33,1236361.38,2037.23,411180.22,7031050.29,2171723000,PER-003
AV-2025-001467,6-343784,Leasing,2025-06-12,2025-06-28,2025-06-29,Puntarenas,Garabito,Jacó,9.593708,-84.634127,Terreno baldío urbano,CRC,496.61,252351.85,0.0,0.0,0.0,125320000,PER-001
AV-2025-001468,4-434076,Leasing,2025-05-19,2025-05-20,2025-06-01,Heredia,San Rafael,San Rafael,10.031957,-84.091181,Casa de habitación,CRC,250.07,793483.14,138.02,747530.67,7390167.96,308991000,PER-007
AV-2025-001469,1-492689,Garantía hipotecaria,2025-11-02,2025-11-15,2025-11-16,San José,Desamparados,Desamparados,9.906133,-84.076577,Casa de habitación,CRC,505.86,102922.52,209.23,722865.45,5986.3,203316000,PER-007
AV-2025-001470,1-517889,Leasing,2025-10-12,2025-10-25,2025-10-30,San José,Santa Ana,Santa Ana,9.943655,-84.169559,Terreno baldío urbano,USD,1085.4,3431.45,0.0,0.0,23498.6,3940571,PER-001
AV-2024-001471,4-107355,Compraventa,2024-08-23,2024-08-26,2024-08-30,Heredia,Belén,San Antonio,9.973939,-84.190644,Casa de habitación,CRC,404.1,4401398.9,234.34,803569.74,3424525.2,1970338000,PER-009
AV-2025-001472,1-219115-284,Contable,2025-04-02,2025-04-12,2025-04-17,San José,Santa Ana,Santa Ana,9.91694,-84.19681,Condominio horizontal,USD,256.06,454.37,202.97,1550.49,3764.95,434814,PER-005
AV-2025-001473,3-495871,Actualización de garantía,2025-03-28,2025-04-03,2025-04-06,Cartago,La Unión,Tres Ríos,9.919715,-83.995189,Bodega o nave industrial,USD,6903.96,255.52,3005.07,665.4,61431.09,3825105,PER-008
AV-2025-001474,2-488029,Seguro,2025-08-25,2025-08-28,2025-09-06,Alajuela,Atenas,Atenas,9.731663,-84.885226,Terreno baldío rural,USD,8310.81,34.31,0.0,0.0,4034.92,289179,PER-007
AV-2025-001475,4-234489,Seguro,2025-05-06,2025-05-13,2025-05-14,Heredia,Heredia,Heredia,9.995124,-84.117992,Edificio de oficinas,USD,2294.53,965.03,1887.33,1469.67,84177.18,5072220,PER-008
AV-2025-001476,1-496790,Actualización de garantía,2025-03-20,2025-03-25,2025-03-28,San José,Curridabat,Curridabat,9.929447,-84.039245,Edificio de oficinas,USD,1554.35,708.28,4285.76,1407.8,58765.43,7193173,PER-006
AV-2024-001477,1-653016,Actualización de garantía,2024-06-30,2024-07-12,2024-07-17,San José,Montes de Oca,San Pedro,9.939246,-84.056941,Terreno baldío urbano,CRC,236.63,207682.4,0.0,0.0,768621.31,49913000,PER-001
AV-2025-001478,4-557177,Leasing,2025-10-19,2025-11-03,2025-11-06,Heredia,Heredia,Heredia,10.004933,-84.128938,Terreno baldío urbano,USD,1044.64,512.45,0.0,0.0,11351.63,546677,PER-002
AV-2025-001479,3-638673,Actualización de garantía,2025-07-11,2025-07-11,2025-07-19,Cartago,La Unión,Tres Ríos,9.917094,-83.977498,Casa de habitación,CRC,278.58,420203.47,109.39,789053.72,6625579.53,210000000,PER-006
AV-2026-001480,3-394792,Garantía hipotecaria,2026-02-06,2026-02-10,2026-02-15,Cartago,La Unión,Tres Ríos,9.900283,-83.99861,Casa de habitación,CRC,235.36,435148.91,157.59,775945.53,6014131.89,230712000,PER-001
AV-2025-001481,4-429477,Leasing,2021-08-18,2021-09-03,2021-09-10,Heredia,Heredia,Heredia,9.761732,-83.135481,Bodega o nave industrial,USD,4301.8,861.76,1942.2,1534.13,109759.64,6796466,PER-003
AV-2025-001482,1-210876,Garantía hipotecaria,2025-05-15,2025-05-19,2025-05-22,San José,Curridabat,Curridabat,9.930342,-84.037144,Casa de habitación,CRC,380.83,1204113.56,143.56,808601.75,6183661.27,580829000,PER-006
AV-2025-001483,1-804526,Actualización de garantía,2025-07-17,2025-08-01,2025-08-13,San José,Tibás,San Juan,10.027129,-85.170525,Bodega o nave industrial,USD,3284.5,678.34,1453.93,1062.24,38747.7,3811178,PER-003
AV-2026-001484,3-202948,Leasing,2025-12-23,2026-01-05,2026-01-14,Cartago,Cartago,Oriental,9.854171,-83.92667,Casa de habitación,CRC,979.14,1212876.73,392.68,621292.9,17376051.37,1448921000,PER-001
AV-2025-001485,2-408522,Seguro,2025-04-04,2025-03-18,2025-03-30,Alajuela,San Carlos,Quesada,10.332984,-84.439123,Casa de habitación,CRC,357.63,429793.76,61.27,727279.27,2148138.16,200416000,PER-007
AV-2025-001486,7-284025,Actualización de garantía,2025-01-04,2025-01-16,2025-01-24,Limón,Limón,Limón,10.011644,-83.023918,Casa de habitación,CRC,587.11,680485.29,124.86,752404.86,3752128.28,497217000,PER-008
AV-2025-001487,2-374892,Compraventa,2025-08-15,2025-08-24,2025-08-27,Alajuela,Upala,Upala,10.908526,-85.122706,Finca agrícola,USD,23192.38,202.46,3182.6,1230.57,212768.83,8824710,PER-003
AV-2025-001488,1-810054,Leasing,2025-09-25,2025-09-25,2025-10-02,San José,Tibás,San Juan,9.970973,-84.079212,Terreno baldío urbano,CRC,597.51,478116.54,0.0,0.0,3885928.7,289565000,PER-003
AV-2024-001489,6-216575,Compraventa,2024-11-15,2024-11-16,2024-11-27,Puntarenas,Quepos,Quepos,9.411793,-84.179603,Terreno baldío urbano,CRC,1834.29,259010.97,0.0,0.0,4017238.43,479118000,PER-001
AV-2026-001490,1-135266,Leasing,2026-02-19,2026-02-21,2026-02-28,San José,Montes de Oca,San Pedro,9.94154,-84.05693,Terreno baldío urbano,CRC,767.34,291267.94,0.0,0.0,0.0,223502000,PER-006
AV-2025-001491,1-263531,Actualización de garantía,2025-08-03,2025-08-17,2025-08-18,San José,Puriscal,Santiago,9.84467,-84.356176,Casa de habitación,CRC,760.25,258759.71,156.29,541926.89,2077956.27,283498000,PER-007
AV-2024-001492,2-145529,Garantía hipotecaria,2024-07-18,2024-07-28,2024-08-04,Alajuela,Atenas,Atenas,9.937315,-84.380713,Casa de habitación,USD,240.21,46.56,149.36,956.59,8924.76,162985,PER-004
AV-2025-001493,1-161146-367,Garantía hipotecaria,2025-12-18,2025-12-24,2025-12-31,San José,Escazú,Escazú,9.929328,-84.142229,Condominio horizontal,CRC,195.35,398411.0,123.78,776770.49,1779936.23,175758000,PER-001
AV-2025-001494,6-968388-070,Leasing,2025-05-27,2025-06-14,2025-06-22,Puntarenas,Quepos,Quepos,9.445986,-84.18225,Condominio horizontal,USD,472.57,215.75,158.4,521.54,5533.64,190103,PER-007
AV-2025-001495,4-516696,Garantía hipotecaria,2025-07-31,2025-08-14,2025-08-18,Heredia,San Rafael,San Rafael,10.002337,-84.097756,Terreno baldío urbano,CRC,1768.98,273111.61,0.0,0.0,14365520.21,497494000,PER-009
AV-2025-000039,1-671342,Garantía hipotecaria,2021-07-26,2021-08-11,2021-08-19,San José,Montes de Oca,San Pedro,9.929445,-84.044881,Local comercial,CRC,962.0,1282439.37,992.18,768856.26,9455218.44,2006006000,PER-003
AV-2025-001497,3-147141,Garantía hipotecaria,2025-06-15,2025-07-01, ,Cartago,Paraíso,Paraíso,9.842017,-83.880211,Casa de habitación,CRC,347.52,696536.88,155.62,829450.91,9746177.54,380886000,PER-003
AV-2024-001498,3-472140,Actualización de garantía,2024-10-06,2024-10-10,2024-10-14,Cartago,Paraíso,Paraíso,9.843446,-83.840759,Casa de habitación,CRC,451.52,406614.37,115.47,318358.24,2099123.93,222454000,PER-004
AV-2026-001499,6-165763-035,Actualización de garantía,2026-01-27,2026-02-01,2026-02-07,Puntarenas,Garabito,Jacó,9.649408,-84.632219,Condominio horizontal,CRC,401.24,188179.42,229.42,439476.73,4309036.72,180639000,PER-007
AV-2025-001500,1-900914,Compraventa,2025-12-07,2025-12-23,2026-01-01,San José,Santa Ana,Santa Ana,9.934644,-84.198254,Casa de habitación,CRC,240.34,1015098.75,107.02,434069.67,3351570.62,293775000,PER-007
AV-2025-001501,1-671333,Actualización de garantía,2025-04-10,2025-04-15,2025-04-23,San José,Curridabat,Curridabat,9.915132,-84.040517,Local comercial,CRC,305.98,726941.8,317.96,502086.66,756281.16,382829000,PER-003
AV-2024-001502,1-538239-392,Actualización de garantía,2024-08-18,2024-08-25,2024-09-02,San José,Montes de Oca,San Pedro,9.934119,-84.040237,Apartamento,USD,164.25,1065.4,206.11,1231.32,20102.07,448881,PER-001
AV-2024-001503,5-637011,Leasing,2024-07-04,2024-07-17,2024-07-27,Guanacaste,Carrillo,Sardinal,10.519927,-85.694988,Terreno baldío urbano,CRC,356.47,90019.21,0.0,0.0,0.0,32089000,PER-003
AV-2025-001504,7-537777,Leasing,2022-02-05,2022-02-07,2022-02-08,Limón,Talamanca,Cahuita,9.754579,-82.86382,Terreno baldío urbano,CRC,398.14,272842.58,0.0,0.0,0.0,108630000,PER-008
AV-2025-001505,4-479799,Garantía hipotecaria,2025-08-20,2025-08-20,2025-08-22,Heredia,San Rafael,San Rafael,9.99943,-84.088685,Casa de habitación,CRC,914.62,865474.9,228.69,484633.78,3000156.08,905412000,PER-005
AV-2024-001506,3-223495,Garantía hipotecaria,2024-09-18,2024-09-19,2024-09-23,Cartago,Turrialba,Turrialba,9.883789,-83.689714,Casa de habitación,CRC,230.23,571002.63,60.5,578926.83,1016522.23,167504000,PER-007
AV-2026-001507,1-949237,Actualización de garantía,2026-01-07,2026-01-21,2026-02-02,San José,Santa Ana,Santa Ana,9.946864,-84.195447,Local comercial,USD,525.58,756.97,1013.74,1299.64,31009.03,1746354,PER-006
AV-2025-001508,3-747461,Compraventa,2025-11-30,2025-12-01,2025-12-05,Cartago,La Unión,Tres Ríos,9.905142,-83.974963,Casa de habitación,CRC,925.6,814446.78,174.64,502632.81,4249032.95,845881000,PER-008
AV-2024-001509,1-246693,Garantía hipotecaria,2024-07-09,2024-07-10,2024-07-15,San José,Curridabat,Curridabat,9.916568,-84.046959,Casa de habitación,CRC,748.64,931414.61,444.23,675120.75,23855060.29,1021058000,PER-004
AV-2025-001510,3-951293,Garantía hipotecaria,2025-10-01,2025-10-11,2025-10-18,Cartago,Paraíso,Paraíso,9.815035,-83.877337,Casa de habitación,CRC,483.72,505857.39,272.92,724243.93,5901618.6,448256000,PER-002
AV-2025-001511,5-494886-277,Leasing,2025-10-07,2025-10-15,2025-10-25,Guanacaste,Carrillo,Sardinal,10.539526,-85.631469,Condominio horizontal,USD,546.65,485.42,349.57,1527.3,25831.9,825085,PER-007
AV-2026-001512,1-728492,Actualización de garantía,2026-01-09,2026-01-24,2026-01-30,San José,Goicoechea,Guadalupe,9.944659,-84.0517,Casa de habitación,CRC,284.64,631763.6,51.99,411716.58,577088.73,201807000,PER-005
AV-2025-001513,7-772088,Contable,2025-03-07,2025-03-17,2025-03-18,Limón,Pococí,Guápiles,10.246526,-83.755572,Finca agrícola,CRC,365535.91,80765.22,29631.81,393749.92,93421511.83,41283533000,PER-001
AV-2025-001514,1-311995,Leasing,2025-04-11,2025-04-26,2025-05-03,San José,Goicoechea,Guadalupe,9.947477,-84.035229,Bodega o nave industrial,USD,1639.12,267.07,887.16,934.79,51383.05,1318451,PER-001
AV-2024-001515,1-833968,Contable,2024-11-17,2024-11-30,2024-12-04,San José,Desamparados,Desamparados,9.904564,-84.060573,Casa de habitación,CRC,484.35,2094922.88,277.89,523293.43,8199601.54,1168294000,PER-007
AV-2024-001516,4-604311-121,Seguro,2024-05-08,2024-05-11,2024-05-22,Heredia,Heredia,Heredia,10.007877,-84.11553,Apartamento,USD,58.76,644.0,98.92,544.51,848.43,92553,PER-008
AV-2026-001517,1-354290,Leasing,2026-01-12,2026-01-19,2026-01-24,San José,Puriscal,Santiago,9.820698,-84.359937,Finca agrícola,USD,83958.07,28.76,0.0,0.0,0.0,2414634,PER-006
AV-2025-001518,1-673985-199,Leasing,2024-01-05,2024-01-08,2024-01-18,San José,Desamparados,Desamparados,9.902898,-84.054355,Apartamento,USD,125.33,360.16,335.82,992.02,15679.59,393959,PER-008
AV-2025-001519,4-541458,Garantía hipotecaria,2022-05-13,2022-05-22,2022-05-25,Heredia,Sarapiquí,Puerto Viejo,10.522636,-83.910347,Casa de habitación,CRC,454.7,217708.0,81.31,628775.54,3743109.07,153861000,PER-002
AV-2025-001520,1-849753,Garantía hipotecaria,2025-07-04,2025-07-04,2025-07-12,San José,Pérez Zeledón,San Isidro de El General,9.375743,-83.757245,Local comercial,USD,968.69,208.75,1361.86,975.98,669.99,1532032,PER-002
AV-2025-001521,1-691928-090,Garantía hipotecaria,2025-09-04,2025-09-19,2025-09-23,San José,Tibás,San Juan,9.954924,-84.077224,Apartamento,CRC,99.29,842629.09,43.53,719129.49,952810.82,115921000,PER-005
AV-2025-001522,1-229321-321,Contable,2025-04-04,2025-04-08,2025-04-18,San José,San José,Carmen,9.940191,-84.067261,Condominio horizontal,CRC,259.13,382038.53,60.08,655509.02,1977873.25,140358000,PER-007
AV-2025-001523,2-942069,Seguro,2025-07-21,2025-07-29,2025-08-08,Alajuela,Grecia,Grecia,10.069909,-84.34225,Local comercial,CRC,2675.54,569247.56,1161.24,460352.04,2982237.0,2060606000,PER-007
AV-2025-001524,2-563527,Contable,2024-12-31,2025-01-11,2025-01-21,Alajuela,Grecia,Grecia,10.099083,-84.33331,Terreno baldío urbano,CRC,548.58,61026.06,0.0,0.0,786519.65,34264000,PER-001
AV-2025-001525,1-405468,Contable,2025-08-07,2025-08-09,2025-08-16,San José,Desamparados,Desamparados,9.90657,-84.074499,Casa de habitación,CRC,588.98,735239.21,201.7,267676.61,1309944.8,488342000,PER-001
AV-2025-001526,1-623555,Leasing,2025-10-12,2025-10-15,2025-10-23,San José,Escazú,Escazú,9.911998,-84.155692,Local comercial,CRC,1467.72,653441.6,781.82,266595.4,558543.63,1168057000,PER-001
AV-2024-001527,4-305699,Leasing,2024-11-17,2024-12-04,2024-12-10,Heredia,Sarapiquí,Puerto Viejo,9.675332,-84.321647,Terreno baldío rural,CRC,14393.9,23751.59,0.0,0.0,0.0,341878000,PER-008
AV-2024-001528,3-936713-082,Contable,2023-06-03,2023-06-15,,Cartago,La Unión,Tres Ríos,9.894821,-83.973583,Apartamento,USD,84.67,301.04,214.96,683.99,9496.04,182016,PER-003
AV-2025-001529,1-362206,Contable,2025-08-24,2025-08-26,2025-09-07,San José,Curridabat,Curridabat,9.928784,-84.039958,Casa de habitación,CRC,629.06,1141720.14,316.23,584628.1,9877281.41,912965000,PER-009
AV-2025-001530,2-245525,Seguro,2025-06-05,2025-06-13,2025-06-25,Alajuela,Upala,Upala,10.975081,-84.972039,Casa de habitación,CRC,665.07,400939.18,118.7,786016.06,927332.64,360880000,PER-006
AV-2024-001531,2-197886,Actualización de garantía,2024-06-05,2024-06-06,2024-06-10,Alajuela,Alajuela,Alajuela,10.024991,-84.219984,Local comercial,CRC,1678.02,1043613.1,2459.03,820832.95,76236910.9,3845893000,PER-001
AV-2024-001532,4-121667,Leasing,2024-10-29,2024-11-17,2024-11-19,Heredia,Sarapiquí,Puerto Viejo,10.435473,-83.947115,Finca agrícola,CRC,135834.02,8846.67,13918.53,271193.92,34856666.45,5011156000,PER-007
AV-2025-001533,3-357422,Contable,2021-04-01,2021-04-12,2021-04-18,Cartago,La Unión,Tres Ríos,10.525444,-84.682256,Casa de habitación,USD,177.36,202.04,123.26,967.59,7815.99,162915,PER-003
AV-2024-001534,1-630202-180,Actualización de garantía,2024-07-28,2024-08-12,2024-08-20,San José,San José,Carmen,9.931063,-84.079076,Apartamento,USD,101.66,531.61,173.12,806.04,4235.79,197821,PER-002
AV-2025-001535,1-317129,Leasing,2025-05-05,2025-05-23,2025-05-26,San José,Goicoechea,Guadalupe,9.946951,-84.052361,Casa de habitación,CRC,291.27,3149036.43,156.66,396697.7,3480633.0,1160923000,PER-003
AV-2025-001536,1-339884,Leasing,2025-04-28,2025-05-15,2025-05-25,San José,Curridabat,Curridabat,9.906348,-84.029311,Casa de habitación,CRC,1059.33,575736.65,512.91,343300.68,6848689.55,792826000,PER-003
AV-2025-001537,5-993683,Contable,2021-09-14,2021-09-24,2021-09-28,Guanacaste,Nicoya,Nicoya,10.132894,-85.426861,Terreno baldío urbano,CRC,713.04,70875.21,0.0,0.0,0.0,50537000,PER-006
AV-2024-001538,3-457809-373,Actualización de garantía,2024-09-03,2024-09-11,2024-09-17,Cartago,Cartago,Oriental,9.943961,-82.909721,Apartamento,USD,222.92,861.04,438.2,1183.12,39335.25,749721,PER-006
AV-2025-001539,7-110975,Compraventa,2025-10-06,2025-10-24,2025-11-05,Limón,Pococí,Guápiles,10.224229,-83.761998,Terreno baldío urbano,CRC,325.73,54478.47,0.0,0.0,0.0,17745000,PER-008
AV-2024-001540,1-592666,Garantía hipotecaria,2024-09-25,2024-10-13,2024-10-18,San José,Curridabat,Curridabat,9.904809,-84.031428,Terreno baldío urbano,CRC,190.57,467068.77,0.0,0.0,700448.44,89710000,PER-001
AV-2025-001541,1-477133-018,Garantía hipotecaria,2025-12-18,2025-12-21,2025-12-29,San José,Montes de Oca,San Pedro,9.934313,-84.062895,Apartamento,USD,59.33,944.56,176.62,1549.6,14780.51,344512,PER-006
AV-2025-001542,1-516004,Seguro,2025-06-21,2025-06-25,2025-07-04,San José,Desamparados,Desamparados,9.902752,-84.051996,Casa de habitación,CRC,849.56,337826.25,543.72,668817.9,13871721.09,664525000,PER-002
AV-2025-001543,4-790560,Garantía hipotecaria,2025-06-24,2025-07-02,2025-07-09,Heredia,Santo Domingo,Santo Domingo,9.976488,-84.088282,Casa de habitación,CRC,740.16,766820.3,160.78,345987.77,2958516.19,626156000,PER-009
AV-2026-001544,1-181338,Garantía hipotecaria,2026-01-22,2026-01-25,2026-02-03,San José,Tibás,San Juan,-84.082172,9.95741,Casa de habitación,CRC,577.89,645636.76,121.74,644751.26,407638.74,452007000,PER-003
AV-2025-001545,1-159312,Leasing,2025-11-04,2025-11-24,2025-12-01,San José,Pérez Zeledón,San Isidro de El General,9.419373,-83.694832,Bodega o nave industrial,USD,8154.86,270.33,2513.69,687.4,52844.17,3985258,PER-004
AV-2026-001546,2-526023,Actualización de garantía,2026-01-18,2026-01-30,2026-02-01,Alajuela,Upala,Upala,10.969196,-85.05629,Casa de habitación,CRC,244.95,439277.78,167.72,364109.42,499066.75,169169000,PER-001
AV-2025-001547,7-678360,Leasing,2025-01-12,2025-01-15,2025-01-20,Limón,Pococí,Guápiles,10.17219,-83.775636,Casa de habitación,CRC,492.23,412081.33,258.45,490839.1,1061578.74,330758000,PER-003
AV-2025-001548,2-751759,Garantía hipotecaria,2025-04-02,2025-04-12,2025-04-21,Alajuela,San Carlos,Quesada,10.306703,-84.452934,Terreno baldío rural,USD,19370.27,156.79,0.0,0.0,0.0,3037065,PER-007
AV-2025-001549,4-222371,Garantía hipotecaria,2025-01-03,2025-01-15,2025-01-26,Heredia,San Rafael,San Rafael,9.64916,-83.245731,Local comercial,CRC,1694.32,2569107.21,700.94,459082.21,20118879.09,4694798000,PER-007
AV-2024-001550,2-833888,Compraventa,2024-05-20,2024-06-06,2024-06-07,Alajuela,Alajuela,Alajuela,9.999588,-84.217722,Local comercial,CRC,676.89,748805.41,1161.35,342147.17,20332548.74,924544000,PER-002
AV-2025-001551,4-525235,Garantía hipotecaria,2025-06-17,2025-06-23,2025-06-29,Heredia,Belén,San Antonio,9.968854,-84.180955,Casa de habitación,CRC,244.13,548239.99,129.07,262138.47,688827.52,168365000,PER-006
AV-2024-001552,1-823486-189,Actualización de garantía,2024-11-23,2024-11-29,2024-12-05,San José,Curridabat,Curridabat,9.918447,-84.017887,Condominio horizontal,CRC,572.81,305028.54,343.22,388704.49,1110157.56,309245000,PER-007
AV-2026-001553,4-494527,Garantía hipotecaria,2026-01-25,2026-02-08,2026-02-16,Heredia,Heredia,Heredia,9.994856,-84.110247,Bodega o nave industrial,USD,16419.57,594.37,9778.99,609.65,31706.45,15752768,PER-009
AV-2025-001554,5-427417,Actualización de garantía,2025-04-14,2025-04-19,2025-05-01,Guanacaste,Santa Cruz,Tamarindo,10.340134,-85.850147,Casa de habitación,CRC,718.31,474030.53,89.21,525974.48,1497250.85,388920000,PER-003
AV-2025-001555,5-450236,Actualización de garantía,2025-08-21,2025-08-31,2025-09-11,Guanacaste,Santa Cruz,Tamarindo,10.340064,-85.838184,Casa de habitación,CRC,440.44,776459.92,299.22,558972.42,11585767.93,520826000,PER-006
AV-2024-001556,1-864741,Contable,2024-07-17,2024-08-06,2024-08-12,San José,Montes de Oca,San Pedro,9.939123,-84.038312,Casa de habitación,CRC,557.62,767278.32,154.9,687894.34,1905575.34,536310000,PER-005
AV-2025-001557,7-625220,Leasing,2022-07-31,2022-08-13,2022-08-24,Limón,Limón,Limón,10.005701,-83.024843,Casa de habitación,CRC,914.68,334324.89,458.21,287486.05,4861838.7,442391000,PER-007
AV-2025-001558,6-568536,Actualización de garantía,2025-04-16,2025-05-05,2025-05-12,Puntarenas,Puntarenas,Puntarenas,9.979798,-84.815802,Casa de habitación,CRC,920.55,325925.56,198.2,426878.87,6312092.81,390950000,PER-008
AV-2025-001559,3-305223,Compraventa,2025-04-11,2025-04-22,2025-04-24,Cartago,Paraíso,Paraíso,9.856714,-83.846702,Terreno baldío urbano,CRC,782.81,207768.93,0.0,0.0,0.0,162644000,PER-003
AV-2025-001560,5-191485-217,Compraventa,2025-08-01,2025-08-07,2025-08-10,Guanacaste,Santa Cruz,Tamarindo,10.283781,-85.875131,Apartamento,USD,142.4,3420.49,151.76,1147.92,13607.39,674894,PER-002
AV-2025-001561,4-390081,Seguro,2022-12-17,2022-12-30,2023-01-01,Heredia,Santo Domingo,Santo Domingo,9.987076,-84.090522,Casa de habitación,CRC,676.86,683621.41,216.27,752028.39,6207984.42,631565000,PER-006
AV-2024-001562,6-721192-029,Leasing,2024-06-12,2024-07-02,2024-07-03,Puntarenas,Garabito,Jacó,9.609193,-84.6315,Condominio horizontal,USD,292.21,447.66,127.09,1533.46,2185.74,327884,PER-009
AV-2025-001563,4-250913,Actualización de garantía,2025-12-14,2025-12-21,2025-12-24,Heredia,San Rafael,San Rafael,10.015441,-84.071966,Local comercial,CRC,697.76,378777.18,0.0,0.0,11341685.6,275637000,PER-001
AV-2025-001564,1-815965,Contable,2025-06-24,2025-07-14,2025-07-26,San José,Santa Ana,Santa Ana,9.946859,-84.195838,Edificio de oficinas,USD,769.31,1061.8,1171.71,932.24,12070.13,1921238,PER-006
AV-2024-001565,4-453886-199,Leasing,2024-06-22,2024-07-02,2024-07-03,Heredia,San Rafael,San Rafael,10.015376,-84.070737,Condominio horizontal,USD,415.48,290.43,111.4,1295.05,9510.34,274447,PER-003
AV-2025-001566,7-879950-226,Seguro,2025-05-27,2025-05-29,2025-06-05,Limón,Talamanca,Cahuita,9.708308,-82.784338,Apartamento,USD,147.72,3295.08,306.62,1491.3,33864.97,977877,PER-007
AV-2025-001567,4-615550,Leasing,2024-01-03,2024-01-17,2024-01-29,Heredia,Santo Domingo,Santo Domingo,9.98356,-84.103108,Casa de habitación,CRC,433.02,325641.9,73.58,262656.14,672507.25,161008000,PER-009
AV-2024-001568,1-627650-068,Seguro,2024-12-03,2024-12-12,2024-12-23,San José,Escazú,Escazú,9.72839,-84.708696,Condominio horizontal,USD,657.75,640.54,0.0,0.0,22395.1,443710,PER-003
AV-2025-001569,4-958926,Actualización de garantía,2025-01-24,2025-01-26,2025-02-04,Heredia,San Rafael,San Rafael,10.023692,-84.103363,Bodega o nave industrial,USD,4406.17,253.6,1738.3,926.3,7246.51,2734839,PER-001
AV-2025-001570,2-191527,Garantía hipotecaria,2025-06-25,2025-07-10,2025-07-21,Alajuela,Atenas,Atenas,9.957855,-84.368923,Finca agrícola,CRC,103973.75,25297.6,0.0,0.0,34006815.0,2664293000,PER-001
AV-2024-001571,6-919847-025,Actualización de garantía,2024-11-28,2024-11-28,2024-12-03,Puntarenas,Garabito,Jacó,9.576961,-84.624796,Condominio horizontal,USD,334.04,397.32,167.16,614.89,7576.33,243082,PER-008
AV-2024-001572,3-393393,Contable,2021-09-02,2021-09-07,2021-09-18,Cartago,Turrialba,Turrialba,9.873116,-83.709688,Finca agrícola,CRC,130251.71,60471.48,0.0,0.0,0.0,7876514000,PER-007
AV-2024-001573,1-980915,Garantía hipotecaria,2024-08-16,2024-09-02,2024-09-09,San José,Tibás,San Juan,9.969434,-84.085891,Local comercial,CRC,817.4,1288506.07,461.36,827353.41,13977985.88,1448911000,PER-004
AV-2024-001574,1-747552,Garantía hipotecaria,2024-11-16,2024-12-05,2024-12-15,San José,Tibás,San Juan,9.963634,-84.064679,Casa de habitación,CRC,395.03,611146.96,160.65,635868.39,4524582.88,348098000,PER-002
AV-2025-001575,1-577532,Garantía hipotecaria,2025-06-29,2025-07-11,2025-07-20,San José,Escazú,Escazú,9.919571,-84.121833,Local comercial,CRC,465.61,1210464.07,569.07,786140.07,12258620.93,1023232000,PER-003
AV-2026-001576,1-753264-287,Leasing,2021-10-26,2021-11-10,2021-11-20,San José,Tibás,San Juan,9.965237,-84.092674,Apartamento,USD,130.01,780.85,386.85,1385.21,36529.32,673916,PER-003
AV-2024-001577,1-445839-205,Garantía hipotecaria,2024-09-22,2024-09-29,2024-10-09,San José,Santa Ana,Santa Ana,9.930233,-84.188602,Apartamento,USD,178.13,874.49,323.13,1268.19,19575.32,585138,PER-002
AV-2025-001578,1-653127,Seguro,2025-11-06,2025-11-18,2025-11-24,San José,Curridabat,Curridabat,9.918055,-84.031338,Local comercial,CRC,660.26,1119252.69,725.47,829103.55,45877768.99,1386365000,PER-003
AV-2025-001579,1-767898,Garantía hipotecaria,2025-07-10,2025-07-22,2025-07-23,San José,Santa Ana,Santa Ana,9.929821,-84.190178,Bodega o nave industrial,USD,7108.84,565.74,1548.59,558.23,52886.73,4939111,PER-001
AV-2025-001580,3-209905-257,Actualización de garantía,2025-02-07,2025-02-19,2025-02-23,Cartago,Cartago,Oriental,9.879315,-83.914902,Condominio horizontal,USD,371.71,814.43,262.4,602.08,1656.93,462374,PER-002
AV-2025-001581,1-788877,Leasing,2025-11-18,2025-11-27,2025-12-06,San José,San José,Carmen,9.931282,-84.077532,Casa de habitación,CRC,550.93,720605.78,72.78,270684.58,487468.61,417191000,PER-003
AV-2025-001582,4-119756,Garantía hipotecaria,2023-10-16,2023-10-26,2023-11-06,Heredia,Santo Domingo,Santo Domingo,10.896756,-83.69598,Terreno baldío urbano,USD,213.37,290.0,0.0,0.0,0.0,61877,PER-007
AV-2024-001583,4-685955,Garantía hipotecaria,2024-10-24,2024-11-01,2024-11-12,Heredia,San Rafael,San Rafael,10.019852,-84.100161,Local comercial,CRC,567.62,402263.99,747.27,634541.54,36959015.93,739466000,PER-004
AV-2025-001584,2-324726,Seguro,2025-08-20,2025-09-04,2025-09-10,Alajuela,Alajuela,Alajuela,10.027439,-84.229086,Local comercial,CRC,600.34,589098.71,184.09,681872.57,1709755.16,480895000,PER-005
AV-2025-001585,1-284836,Leasing,2025-09-18,2025-10-05,2025-10-08,San José,Santa Ana,Santa Ana,9.941981,-84.18941,Casa de habitación,CRC,302.57,959090.4,196.5,339982.57,3868712.29,360867000,PER-004
AV-2024-001586,1-831581,Garantía hipotecaria,2024-09-27,2024-10-09,2024-10-16,San José,Tibás,San Juan,9.958009,-84.065725,Local comercial,CRC,1443.0,821741.8,622.74,392879.35,17716228.15,1448151000,PER-003
AV-2024-001587,3-567720,Leasing,2024-12-17,2024-12-29,2024-12-31,Cartago,La Unión,Tres Ríos,9.894275,-83.983596,Casa de habitación,CRC,410.11,430985.47,113.86,619768.09,3399816.68,205826000,PER-003
AV-2025-001588,1-511441,Garantía hipotecaria,2025-11-16,2025-11-25,2025-11-29,San José,Montes de Oca,San Pedro,9.932599,-84.04645,Casa de habitación,CRC,694.66,526533.41,358.33,423767.92,6923087.66,524534000,PER-008
AV-2025-001589,5-930517,Compraventa,2025-07-08,2025-07-23,2025-08-02,Guanacaste,Santa Cruz,Tamarindo,10.276754,-85.80381,Terreno baldío urbano,CRC,809.17,182269.42,0.0,0.0,0.0,147487000,PER-003
AV-2025-001590,1-331464,Actualización de garantía,2021-04-01,2021-04-17,2021-04-27,San José,Puriscal,Santiago,9.873958,-84.250475,Finca agrícola,CRC,170647.2,22996.3,0.0,0.0,71910862.17,3996165000,PER-003
AV-2025-001591,1-223794,Compraventa,2025-01-24,2025-02-12,2025-02-18,San José,Escazú,Escazú,9.922892,-84.134447,Local comercial,CRC,1276.57,1141402.29,2197.26,587732.05,87378183.81,2835858000,PER-005
AV-2025-001592,5-591786,Actualización de garantía,2025-02-11,2025-03-03,2025-03-04,Guanacaste,Carrillo,Sardinal,10.527254,-85.61694,Terreno baldío urbano,CRC,750.46,276670.93,0.0,0.0,0.0,207630000,PER-008
AV-2025-001593,3-474174,Garantía hipotecaria,2025-07-20,2025-08-04,2025-08-10,Cartago,Turrialba,Turrialba,9.872465,-83.723093,Casa de habitación,CRC,502.01,618359.7,328.44,398545.0,3026479.97,444347000,PER-005
AV-2025-001594,1-470273-016,Compraventa,2025-07-31,2025-08-13,2025-08-18,San José,Montes de Oca,San Pedro,9.946699,-84.057453,Apartamento,USD,134.53,554.71,95.52,824.65,6038.94,159435,PER-005
AV-2025-001595,1-635664,Garantía hipotecaria,2025-06-24,2025-07-13,2025-07-17,San José,Tibás,San Juan,9.958209,-84.067209,Local comercial,CRC,1076.99,687087.01,1133.6,671665.45,41010554.19,1542396000,PER-006
AV-2025-001596,4-937016-340,Garantía hipotecaria,2025-06-25,2025-07-04,2025-07-06,Heredia,Belén,San Antonio,9.979409,-84.1975,Condominio horizontal,CRC,301.81,504656.67,194.2,785692.18,7386490.75,312278000,PER-001
AV-2024-001597,1-419308,Leasing,2024-10-01,2024-10-08,2024-10-12,San José,Santa Ana,Santa Ana,9.949369,-84.188015,Edificio de oficinas,USD,702.66,1032.26,1420.22,1196.56,64013.68,2488720,PER-004
AV-2024-001598,4-139738,Leasing,2024-09-20,2024-10-01,2024-10-05,Heredia,Sarapiquí,Puerto Viejo,10.488927,-84.046862,Casa de habitación,CRC,197.79,315801.7,35.3,703553.91,506720.7,87805000,PER-004
AV-2024-001599,1-595931,Garantía hipotecaria,2022-04-06,2022-04-09,2022-04-12,San José,Desamparados,Desamparados,9.91955,-84.066576,Casa de habitación,CRC,478.99,457560.2,231.82,562773.0,3124550.38,352753000,PER-007
AV-2025-001600,6-246565,Leasing,2025-04-16,2025-04-30, ,Puntarenas,Garabito,Jacó,9.630671,-84.620694,Terreno baldío urbano,CRC,1441.49,20698.59,0.0,0.0,0.0,29837000,PER-006
AV-2025-001601,2-926368,Garantía hipotecaria,2025-03-08,2025-03-14,2025-03-15,Alajuela,Upala,Upala,10.90901,-84.931678,Casa de habitación,CRC,373.58,239174.85,235.94,369698.25,3770676.39,180348000,PER-009
AV-2025-001602,6-494325-286,Leasing,2025-08-04,2025-08-10,2025-08-15,Puntarenas,Garabito,Jacó,9.623549,-84.659779,Apartamento,USD,196.49,3439.37,513.75,1148.75,15456.14,1281428,PER-004
AV-2024-001603,1-634343,Garantía hipotecaria,2024-06-29,2024-07-03,2024-07-15,San José,Santa Ana,Santa Ana,9.948487,-84.189199,Bodega o nave industrial,USD,5975.47,988.47,0.0,0.0,64203.37,8453252,PER-003
AV-2025-001604,1-387288-220,Leasing,2025-03-21,2025-03-27,2025-04-01,San José,Santa Ana,Santa Ana,10.489808,-83.976608,Condominio horizontal,USD,641.19,627.57,375.6,1413.96,17658.04,951133,PER-009
AV-2025-001605,6-218594,Actualización de garantía,2025-01-11,2025-01-12,2025-01-22,Puntarenas,Quepos,Quepos,9.450874,-84.144744,Terreno baldío rural,CRC,59680.9,190014.32,0.0,0.0,0.0,11340226000,PER-004
AV-2024-001606,2-193311,Leasing,2024-05-13,2024-05-23,2024-05-28,Alajuela,Atenas,Atenas,10.007415,-84.411032,Finca agrícola,CRC,105783.99,21162.36,12459.65,502053.47,66093449.51,8560143000,PER-004
AV-2024-001607,1-704060,Actualización de garantía,2024-10-23,2024-10-27,2024-10-29,San José,Puriscal,Santiago,9.857823,-84.239832,Terreno baldío rural,CRC,17429.81,48145.74,0.0,0.0,0.0,956099000,PER-001
AV-2024-001608,1-376125-379,Actualización de garantía,2024-10-16,2024-10-16,2024-10-24,San José,Santa Ana,Santa Ana,9.947079,-84.184975,Apartamento,USD,136.1,655.43,46.59,1102.24,2143.89,142701,PER-005
AV-2024-001609,4-208192,Seguro,2024-10-25,2024-11-02,2024-11-05,Heredia,San Rafael,San Rafael,9.997815,-84.08621,Local comercial,CRC,1234.69,404224.17,530.57,589150.39,10153542.77,821831000,PER-006
AV-2024-001610,1-373809,Garantía hipotecaria,2024-12-02,2024-12-10,2024-12-19,San José,Goicoechea,Guadalupe,9.940147,-84.046457,Casa de habitación,CRC,943.37,443478.58,211.41,267822.81,4049487.61,479034000,PER-004
AV-2025-001611,3-755378-011,Leasing,2025-10-03,2025-10-21,2025-10-28,Cartago,Cartago,Oriental,9.873985,-83.906174,Apartamento,USD,99.5,1060.75,69.55,1113.59,3350.37,186345,PER-006
AV-2026-001612,3-328550,Actualización de garantía,2026-02-05,2026-02-05,2026-02-10,Cartago,Cartago,Oriental,9.877457,-83.915967,Casa de habitación,CRC,1022.47,1063337.75,131.97,599271.03,4605595.9,1170922000,PER-008
AV-2025-001613,2-272040,Garantía hipotecaria,2021-09-09,2021-09-28,2021-09-30,Alajuela,San Ramón,San Ramón,10.049132,-84.485097,Terreno baldío urbano,CRC,533.66,142685.97,0.0,0.0,0.0,76146000,PER-009
AV-2024-001614,6-513812,Leasing,2024-11-15,2024-11-19,2024-12-01,Puntarenas,Garabito,Jacó,9.607214,-84.601616,Terreno baldío urbano,CRC,1465.98,69169.84,0.0,0.0,2432190.83,103834000,PER-005
AV-2025-001615,7-484021,Actualización de garantía,2025-12-19,2025-12-26,2025-12-31,Limón,Talamanca,Cahuita,9.766572,-82.851519,Casa de habitación,USD,977.18,2556.69,470.85,1448.29,34467.78,3214741,PER-001
AV-2026-001616,1-280895-218,Actualización de garantía,2026-01-17,2026-02-01,2026-02-06,San José,Goicoechea,Guadalupe,9.934726,-84.0542,Condominio horizontal,CRC,536.61,97373.34,402.72,761172.47,3849799.49,362641000,PER-001
AV-2025-001617,1-806626,Leasing,2022-02-01,2022-02-10,2022-02-12,San José,Goicoechea,Guadalupe,9.948127,-84.033655,Terreno baldío urbano,CRC,1253.44,124993.92,0.0,0.0,0.0,156672000,PER-003
AV-2025-001618,1-650567-286,Leasing,2025-05-14,2025-05-29,2025-06-09,San José,Escazú,Escazú,9.919756,-84.12535,Apartamento,USD,147.51,1046.6,239.05,1041.43,127.15,403465,PER-002
AV-2025-001619,5-710573-117,Garantía hipotecaria,2025-11-23,2025-12-07,2025-12-14,Guanacaste,Carrillo,Sardinal,10.556798,-85.665992,Apartamento,USD,128.28,1379.3,203.52,900.43,9868.25,370060,PER-004
AV-2025-001620,1-746372,Leasing,2025-03-16,2025-03-29,2025-04-08,San José,Curridabat,Curridabat,9.912962,-84.022768,Casa de habitación,CRC,198.96,643798.74,121.3,477321.4,1588420.33,187578000,PER-009
AV-2025-001621,7-745334-136,Garantía hipotecaria,2025-09-10,2025-09-11,2025-09-19,Limón,Talamanca,Cahuita,-82.857164,9.799377,Apartamento,USD,176.39,2267.48,123.77,1354.19,8793.75,576363,PER-004
AV-2025-001622,4-697037,Leasing,2023-01-17,2023-01-23,2023-01-31,Heredia,Belén,San Antonio,9.978857,-84.195247,Casa de habitación,CRC,187.97,891698.52,108.58,384567.81,1334906.75,210704000,PER-005
AV-2025-001623,4-456725,Garantía hipotecaria,2023-09-23,2023-09-27,2023-10-03,Heredia,Santo Domingo,Santo Domingo,10.028239,-83.424663,Casa de habitación,USD,560.51,279.11,113.76,1517.23,9023.01,338067,PER-005
AV-2025-001624,4-371055,Garantía hipotecaria,2025-10-25,2025-10-27,2025-11-02,Heredia,San Rafael,San Rafael,10.021935,-84.092757,Local comercial,USD,220.54,182.97,371.72,1673.09,45902.44,708176,PER-005
AV-2025-001625,5-994433,Actualización de garantía,2025-03-26,2025-04-11,2025-04-16,Guanacaste,Carrillo,Sardinal,10.542716,-85.691836,Terreno baldío urbano,CRC,575.43,209188.9,0.0,0.0,0.0,120374000,PER-007
AV-2025-001626,1-955658-076,Contable,2025-06-22,2025-06-25,2025-07-01,San José,Santa Ana,Santa Ana,9.918793,-84.179842,Apartamento,USD,52.49,633.2,96.43,657.57,1245.75,97892,PER-001
AV-2024-001627,1-615253,Contable,2024-10-24,2024-11-04,2024-11-11,San José,Montes de Oca,San Pedro,9.939408,-84.03774,Casa de habitación,CRC,345.14,571905.05,154.58,306662.83,2735762.16,247527000,PER-004
AV-2024-001628,2-990994,Actualización de garantía,2024-07-27,2024-08-01,2024-08-03,Alajuela,Upala,Upala,10.964974,-85.015662,Finca agrícola,CRC,198393.44,6179.13,9618.96,332811.88,77889827.45,4505093000,PER-007
AV-2025-001629,2-147217,Garantía hipotecaria,2023-03-08,2023-03-12,2023-03-20,Alajuela,Upala,Upala,10.915104,-85.013022,Casa de habitación,CRC,766.07,69214.13,188.97,835140.72,11719923.36,222559000,PER-007
AV-2025-001630,4-275363,Garantía hipotecaria,2025-01-17,2025-01-30,2025-02-08,Heredia,San Rafael,San Rafael,10.029832,-84.101258,Terreno baldío urbano,USD,1532.47,581.89,0.0,0.0,0.0,891729,PER-001
AV-2024-001631,5-520492,Leasing,2024-05-07,2024-05-21,2024-05-23,Guanacaste,Liberia,Liberia,10.661448,-85.404789,Bodega o nave industrial,USD,9627.77,141.08,3391.78,1353.28,225214.0,6173528,PER-005
AV-2025-001632,4-940363,Leasing,2023-11-18,2023-11-29,2023-12-10,Heredia,Santo Domingo,Santo Domingo,9.993004,-84.096467,Local comercial,USD,986.58,308.9,331.87,609.75,1397.24,508510,PER-003
AV-2025-001633,1-903888-135,Seguro,2025-09-11,2025-09-13,2025-09-20,San José,Desamparados,Desamparados,9.906316,-84.066879,Apartamento,USD,99.45,190.05,266.46,1668.67,28783.74,492318,PER-001
AV-2025-001634,2-482626,Actualización de garantía,2025-08-12,2025-08-17,2025-08-26,Alajuela,Atenas,Atenas,9.969102,-84.365733,Terreno baldío rural,CRC,76165.46,47100.71,0.0,0.0,0.0,3587447000,PER-007
AV-2025-001635,1-963062,Seguro,2025-01-23,2025-02-08,2025-02-10,San José,Escazú,Escazú,9.92097,-84.143961,Bodega o nave industrial,USD,13287.23,561.75,3255.58,1192.16,236985.98,11582260,PER-005
AV-2025-001636,5-469068,Seguro,2025-09-07,2025-09-08,2025-09-10,Guanacaste,Liberia,Liberia,10.632119,-85.434845,Local comercial,CRC,1176.14,1388926.64,2276.75,307468.05,9870470.74,2343471000,PER-003
AV-2025-001637,1-439719,Seguro,2025-02-04,2025-02-07,2025-02-15,San José,Tibás,San Juan,9.961075,-84.08023,Terreno baldío urbano,CRC,810.68,264121.18,0.0,0.0,0.0,214118000,PER-001
AV-2025-001638,5-124286,Compraventa,2025-03-07,2025-03-18,2025-03-22,Guanacaste,Nicoya,Nicoya,10.148372,-85.456163,Local comercial,CRC,1134.72,347210.37,738.13,352174.53,12520526.21,666458000,PER-009
AV-2025-001639,5-715230,Leasing,2025-01-18,2025-01-21,2025-01-28,Guanacaste,Nicoya,Nicoya,10.135202,-85.403632,Casa de habitación,USD,146.91,156.3,76.64,1205.52,3897.26,119250,PER-005
AV-2025-001640,3-379405,Seguro,2025-10-08,2025-10-28,2025-11-04,Cartago,Turrialba,Turrialba,9.863235,-83.688874,Local comercial,CRC,724.96,333369.4,420.25,464498.78,12558581.05,449444000,PER-001
AV-2025-001641,4-221821,Leasing,2022-10-03,2022-10-13,2022-10-20,Heredia,San Rafael,San Rafael,10.023591,-84.099155,Casa de habitación,CRC,364.14,825146.3,91.38,818463.61,4880188.88,380140000,PER-008
AV-2025-001642,2-443703,Leasing,2025-03-03,2025-03-07,2025-03-18,Alajuela,San Carlos,Quesada,10.36419,-84.435392,Casa de habitación,CRC,574.4,332262.61,72.82,619514.01,312426.96,236277000,PER-004
AV-2025-001643,3-204944,Garantía hipotecaria,2025-11-27,2025-12-17,2025-12-24,Cartago,La Unión,Tres Ríos,9.896615,-83.999831,Casa de habitación,CRC,424.02,360146.68,126.17,390519.84,962913.82,202944000,PER-004
AV-2025-001644,6-215080,Leasing,2025-01-25,2025-01-29,2025-02-09,Puntarenas,Puntarenas,Puntarenas,9.977174,-84.830464,Casa de habitación,CRC,582.02,375515.45,152.92,462869.0,1501909.51,290841000,PER-004
AV-2024-001645,4-927315-009,Garantía hipotecaria,2024-05-25,2024-05-28,2024-06-04,Heredia,Santo Domingo,Santo Domingo,10.680238,-84.633055,Condominio horizontal,USD,776.11,414.09,175.7,927.76,1704.68,486092,PER-008
AV-2026-001646,1-696789,Leasing,2026-02-14,2026-02-26,2026-03-07,San José,Desamparados,Desamparados,9.912035,-84.058263,Casa de habitación,CRC,209.39,2205230.66,27.42,582584.66,763405.22,478491000,PER-009
AV-2025-001647,4-946203,Garantía hipotecaria,2025-12-28,2025-12-30,2026-01-04,Heredia,Santo Domingo,Santo Domingo,9.985536,-84.078002,Casa de habitación,CRC,817.49,431565.13,254.91,591317.1,571371.4,504104000,PER-008
AV-2025-001648,3-277831-070,Contable,2022-01-23,2022-02-07,2022-02-01,Cartago,Cartago,Oriental,9.865835,-83.907518,Apartamento,USD,147.03,408.0,95.28,1022.79,3695.99,161136,PER-009
AV-2025-001649,3-996907,Garantía hipotecaria,2025-11-12,2025-11-29,2025-12-11,Cartago,Cartago,Oriental,9.865628,-83.920172,Local comercial,CRC,2091.78,893514.5,1144.07,333886.62,23234842.05,2274260000,PER-004
AV-2024-001650,5-977294,Leasing,2024-06-02,2024-06-10,2024-06-15,Guanacaste,Santa Cruz,Tamarindo,10.315195,-85.816048,Casa de habitación,CRC,705.69,1340916.88,221.6,374333.7,6343302.69,1035567000,PER-002
AV-2024-001651,3-679834,Garantía hipotecaria,2023-04-13,2023-04-20,2023-04-27,Cartago,Paraíso,Paraíso,9.832906,-83.888785,Casa de habitación,CRC,191.77,811822.69,85.57,385996.61,1430695.32,190144000,PER-002
AV-2025-001652,7-747619,Garantía hipotecaria,2025-07-18,2025-07-18,2025-07-26,Limón,Pococí,Guápiles,-83.821435,10.197992,Casa de habitación,USD,1074.72,216.88,280.98,682.17,3032.32,427794,PER-001
AV-2025-001653,1-869317,Leasing,2025-06-07,2025-06-27,2025-06-29,San José,Goicoechea,Guadalupe,9.943852,-84.034771,Casa de habitación,CRC,1145.0,1829348.51,360.29,791560.81,14095094.35,2393891000,PER-006
AV-2025-001654,2-180832-261,Actualización de garantía,2025-09-25,2025-10-08,2025-10-12,Alajuela,Alajuela,Alajuela,10.029699,-84.20769,Condominio horizontal,USD,343.28,875.84,128.2,1135.13,6722.68,452905,PER-004
AV-2025-001655,2-811920,Actualización de garantía,2025-12-20,2025-12-28,2026-01-02,Alajuela,San Ramón,San Ramón,10.057729,-84.490174,Casa de habitación,CRC,241.44,346594.84,61.24,502526.94,652944.71,115110000,PER-006
AV-2025-001656,1-558801-021,Garantía hipotecaria,2025-06-02,2025-06-17,2025-06-25,San José,Escazú,Escazú,9.916173,-84.141685,Apartamento,CRC,113.71,1471032.18,60.31,664750.28,147896.71,207510000,PER-007
AV-2025-001657,1-535205-023,Contable,2025-09-09,2025-09-28,2025-10-09,San José,Desamparados,Desamparados,10.357037,-84.264259,Condominio horizontal,USD,348.51,361.65,165.5,928.41,11883.57,291574,PER-001
AV-2024-003089,1-207580,Leasing,2023-04-08,2023-04-21,2023-05-01,San José,Montes de Oca,San Pedro,9.940902,-84.039357,Casa de habitación,USD,579.39,716.29,354.43,705.19,3007.85,667960,PER-004
AV-2024-001659,3-538573,Actualización de garantía,2024-11-15,2024-11-19,2024-11-24,Cartago,Paraíso,Paraíso,9.826585,-83.845605,Casa de habitación,CRC,563.43,771242.04,381.27,370693.01,3825709.03,579701000,PER-003
AV-2026-001660,6-456193,Garantía hipotecaria,2026-01-09,2026-01-23,2026-02-04,Puntarenas,Quepos,Quepos,9.402612,-84.185866,Terreno baldío urbano,CRC,1155.47,220868.71,0.0,0.0,0.0,255207000,PER-006
AV-2024-001661,1-285547-381,Actualización de garantía,2022-01-13,2022-01-22,2022-02-03,San José,Goicoechea,Guadalupe,9.93387,-84.048904,Condominio horizontal,USD,409.2,406.29,280.24,1385.93,17372.48,572019,PER-001
AV-2025-001662,1-753274,Leasing,2025-08-20,2025-09-02,2025-09-11,San José,Santa Ana,Santa Ana,9.935411,-84.168149,Edificio de oficinas,USD,2933.69,486.63,13631.02,906.71,27009.55,13814013,PER-001
AV-2024-001663,6-622258-390,Leasing,2023-01-21,2023-01-21,2023-01-24,Puntarenas,Garabito,Jacó,9.621728,-84.617502,Condominio horizontal,USD,226.61,172.22,81.62,745.21,976.01,100827,PER-007
AV-2025-003120,1-103812-265,Actualización de garantía,2026-01-10,2026-01-19,2026-01-23,San José,San José,Carmen,9.936333,-84.063698,Condominio horizontal,USD,502.68,1014.98,251.32,846.48,1201.35,724149,PER-006
AV-2025-001665,2-699276,Leasing,2023-12-17,2023-12-29,2023-12-31,Alajuela,San Ramón,San Ramón,10.103772,-84.435472,Casa de habitación,CRC,301.17,665740.22,37.68,480098.93,526994.11,219118000,PER-007
AV-2025-001666,5-900936,Actualización de garantía,2025-07-18,2025-07-24,2025-07-25,Guanacaste,Liberia,Liberia,10.624137,-85.425378,Casa de habitación,CRC,205.16,646799.5,132.95,720869.64,4093992.6,232631000,PER-009
AV-2025-001667,3-358675-199,Leasing,2025-06-30,2025-07-17,2025-07-25,Cartago,La Unión,Tres Ríos,9.901254,-83.992325,Condominio horizontal,USD,298.87,296.77,204.0,1457.12,12713.89,398662,PER-005
AV-2025-001668,1-547897,Garantía hipotecaria,2022-10-25,2022-11-11,2022-11-20,San José,Pérez Zeledón,San Isidro de El General,9.317434,-83.724987,Terreno baldío urbano,CRC,415.88,113152.18,0.0,0.0,0.0,47058000,PER-006
AV-2025-001669,1-612212,Garantía hipotecaria,2025-12-06,2025-12-21,2025-12-30,San José,Desamparados,Desamparados,9.901676,-84.077509,Bodega o nave industrial,USD,9587.15,345.65,4433.48,1217.77,91478.98,8804236,PER-008
AV-2026-001670,7-339284-133,Actualización de garantía,2026-02-01,2026-02-15,2026-02-19,Limón,Talamanca,Cahuita,9.761102,-82.794489,Condominio horizontal,USD,505.68,180.55,340.27,1539.24,27121.64,642179,PER-006
AV-2025-001671,4-223457-286,Leasing,2025-03-27,2025-04-01,2025-04-05,Heredia,Heredia,Heredia,10.373818,-84.429444,Apartamento,USD,86.01,866.66,140.73,1665.82,10948.17,319920,PER-006
AV-2024-001672,2-899600,Garantía hipotecaria,2024-08-08,2024-08-12,2024-08-23,Alajuela,San Carlos,Quesada,10.343803,-84.429916,Casa de habitación,USD,850.29,254.05,94.08,957.19,5377.57,311446,PER-001
AV-2026-001673,2-547512,Actualización de garantía,2026-01-11,2026-01-15,2026-01-17,Alajuela,Atenas,Atenas,9.947469,-84.390124,Terreno baldío rural,CRC,20159.09,70538.4,0.0,0.0,0.0,1421990000,PER-004
AV-2024-001674,1-431425,Leasing,2024-04-23,2024-05-03,2024-05-07,San José,Desamparados,Desamparados,9.911418,-84.072346,Terreno baldío urbano,CRC,396.61,191734.6,0.0,0.0,0.0,76044000,PER-001
AV-2024-001675,1-996552,Leasing,2024-06-06,2024-06-26,2024-06-27,San José,Montes de Oca,San Pedro,9.932834,-84.039079,Local comercial,CRC,2485.23,876237.82,2651.76,647307.79,28088216.65,3922246000,PER-008
AV-2025-001676,5-786358,Leasing,2025-04-09,2025-04-24,2025-04-29,Guanacaste,Santa Cruz,Tamarindo,10.292756,-85.857566,Casa de habitación,CRC,270.39,716373.04,29.96,360844.08,795902.43,205307000,PER-008
AV-2026-001677,4-378274,Actualización de garantía,2026-02-01,2026-02-09,2026-02-20,Heredia,Heredia,Heredia,10.00208,-84.104695,Local comercial,CRC,584.54,888350.89,276.76,603556.71,6982647.02,693300000,PER-007
AV-2025-001678,1-663692-117,Actualización de garantía,2025-11-17,2025-12-06,2025-12-07,San José,Desamparados,Desamparados,9.916461,-84.073619,Condominio horizontal,USD,317.16,270.1,115.6,889.25,6671.81,195134,PER-008
AV-2025-001679,4-945219,Actualización de garantía,2025-09-01,2025-09-02,2025-09-04,Heredia,Belén,San Antonio,9.987622,-84.1873,Local comercial,CRC,682.82,1117626.55,990.19,660025.31,13057378.08,1429746000,PER-006
AV-2025-001680,4-778918,Actualización de garantía,2022-10-11,2022-10-22,2022-10-23,Heredia,Heredia,Heredia,9.998108,-84.127564,Casa de habitación,CRC,330.04,825496.64,217.72,274931.3,1141763.07,333447000,PER-003
AV-2025-001681,4-933864,Actualización de garantía,2025-08-14,2025-08-31,2025-09-08,Heredia,Sarapiquí,Puerto Viejo,10.556047,-84.00556,Finca agrícola,CRC,71090.9,21151.83,5274.53,565353.27,103988652.12,4589664000,PER-004
AV-2025-001682,1-750529,Garantía hipotecaria,2025-09-30,2025-10-19,2025-10-25,San José,Escazú,Escazú,9.911336,-84.148389,Local comercial,CRC,421.47,573593.14,808.76,342166.62,12102984.02,530586000,PER-005
AV-2025-001683,1-141845,Garantía hipotecaria,2025-04-29,2025-05-01,2025-05-03,San José,Desamparados,Desamparados,9.880397,-84.064201,Casa de habitación,CRC,294.1,561571.17,101.7,259189.76,720853.86,192239000,PER-001
AV-2025-001684,2-769200,Contable,2025-09-20,2025-09-21,2025-10-03,Alajuela,San Ramón,San Ramón,10.059152,-84.44346,Terreno baldío urbano,CRC,618.84,115321.39,0.0,0.0,0.0,71365000,PER-003
AV-2026-001685,1-601383-003,Garantía hipotecaria,2026-01-03,2026-01-11,2026-01-20,San José,Santa Ana,Santa Ana,9.922776,-84.170595,Apartamento,USD,181.56,942.13,539.35,1364.22,57670.19,964515,PER-006
AV-2024-001686,2-549214,Actualización de garantía,2024-08-29,2024-09-16,2024-09-28,Alajuela,Alajuela,Alajuela,10.022633,-84.208095,Local comercial,CRC,974.9,991373.46,557.22,498898.02,8572417.84,1253058000,PER-009
AV-2025-001687,7-456145,Garantía hipotecaria,2025-02-12,2025-02-26,2025-02-27,Limón,Limón,Limón,10.012792,-83.051069,Finca agrícola,USD,203168.51,99.23,0.0,0.0,0.0,20160411,PER-009
AV-2024-001688,1-182003-111,Garantía hipotecaria,2024-10-21,2024-10-30,2024-11-07,San José,Escazú,Escazú,9.902254,-84.13196,Apartamento,USD,207.45,451.42,90.44,1267.84,5431.5,213742,PER-005
AV-2025-001689,1-920241,Garantía hipotecaria,2025-12-26,2025-12-26,2025-12-27,San José,Goicoechea,Guadalupe,9.957188,-84.056119,Casa de habitación,CRC,886.32,617042.77,619.52,278997.3,9705898.51,729448000,PER-009
AV-2025-001690,2-377437,Actualización de garantía,2021-02-23,2021-03-12,2021-03-22,Alajuela,San Carlos,Quesada,10.301991,-84.379544,Terreno baldío urbano,CRC,1201.2,103915.1,0.0,0.0,0.0,124823000,PER-004
AV-2025-001691,1-637049-083,Garantía hipotecaria,2025-11-14,2025-11-30,2025-12-12,San José,San José,Carmen,9.551333,-83.711163,Apartamento,USD,74.23,687.29,51.67,644.76,512.7,84845,PER-003
AV-2025-001692,1-779422,Seguro,2025-01-16,2025-01-28,2025-02-07,San José,Tibás,San Juan,9.96113,-84.086036,Casa de habitación,CRC,454.72,1194724.73,128.1,N/A,5069176.86,628124000,PER-009
AV-2025-001693,3-755286,Garantía hipotecaria,2023-05-04,2023-05-08,2023-05-09,Cartago,Paraíso,Paraíso,9.840934,-83.887495,Casa de habitación,USD,292.27,238.11,113.53,889.41,4999.27,175566,PER-003
AV-2025-001694,4-860370,Actualización de garantía,2025-12-09,2025-12-20,2025-12-29,Heredia,Santo Domingo,Santo Domingo,9.966127,-84.09288,Casa de habitación,CRC,704.52,792749.39,167.92,407796.91,2300161.36,629285000,PER-009
AV-2025-001695,4-776969,Compraventa,2023-05-22,2023-05-25,2023-05-27,Heredia,Belén,San Antonio,9.966218,-84.180263,Bodega o nave industrial,USD,10077.03,716.49,6585.39,839.24,317951.79,13064766,PER-007
AV-2025-001696,1-740263,Actualización de garantía,2025-11-29,2025-12-01,2025-12-05,San José,Puriscal,Santiago,9.888062,-84.34234,Terreno baldío urbano,CRC,795.85,20581.48,0.0,0.0,353004.13,16733000,PER-001
AV-2025-001697,1-299708-340,Garantía hipotecaria,2025-11-18,2025-12-01,2025-12-12,San José,Goicoechea,Guadalupe,9.961542,-84.050894,Apartamento,CRC,154.9,80009.73,184.78,522716.43,4053174.84,113034000,PER-003
AV-2025-001698,2-580213,Compraventa,2025-11-24,2025-11-29,2025-12-08,Alajuela,Alajuela,Alajuela,10.020746,-84.226136,Terreno baldío urbano,USD,984.55,551.3,0.0,0.0,0.0,542782,PER-005
AV-2024-001699,7-574194,Contable,2024-09-30,2024-10-02,2024-10-11,Limón,Pococí,Guápiles,10.235399,-83.830823,Local comercial,CRC,1614.18,430668.71,563.72,694845.39,27375322.81,1114250000,PER-004
AV-2025-001700,4-481450-334,Garantía hipotecaria,2021-03-06,2021-03-14,2021-03-22,Heredia,Santo Domingo,Santo Domingo,9.977921,-84.097471,Condominio horizontal,USD,346.01,438.34,128.98,789.1,5976.67,259425,PER-003
AV-2025-001701,1-763481,Leasing,2022-12-24,2022-12-29,2023-01-09,San José,Desamparados,Desamparados,9.907723,-84.072353,Terreno baldío urbano,CRC,249.89,120457.88,0.0,0.0,0.0,30101000,PER-003
AV-2025-001702,4-174066,Compraventa,2022-03-11,2022-03-20,2022-03-30,Heredia,Heredia,Heredia,9.998609,-84.109387,Casa de habitación,CRC,731.87,84772.03,429.93,805945.01,24919998.7,433462000,PER-003
AV-2026-001703,4-518636,Leasing,2026-01-22,2026-01-28,2026-02-03,Heredia,Belén,San Antonio,9.987333,-84.177027,Casa de habitación,CRC,547.82,1191793.28,130.34,272667.75,345164.32,688773000,PER-005
AV-2025-001704,1-546644,Compraventa,2025-07-05,2025-07-25,2025-07-31,San José,Montes de Oca,San Pedro,9.91882,-84.054719,Local comercial,CRC,851.05,794191.39,1158.76,561177.11,46624444.67,1372791000,PER-007
AV-2026-001705,1-746550,Garantía hipotecaria,2026-01-22,2026-02-10,2026-02-18,San José,Goicoechea,Guadalupe,9.948277,-84.044703,Bodega o nave industrial,CRC,3746.57,347092.62,1978.46,491979.8,74335775.85,2348105000,PER-001
AV-2026-001706,1-326331,Garantía hipotecaria,2022-05-06,2022-05-13,2022-05-25,San José,Santa Ana,Santa Ana,9.931313,-84.202937,Casa de habitación,CRC,286.77,3031086.45,84.96,401745.75,1636519.74,904993000,PER-009
AV-2024-001707,3-565384,Actualización de garantía,2024-06-28,2024-07-11,2024-07-18,Cartago,Turrialba,Turrialba,-83.722198,9.925346,Casa de habitación,USD,843.2,166.76,121.56,633.56,N/A,218003,PER-009
AV-2025-001708,1-440260,Garantía hipotecaria,2023-01-09,2023-01-28,2023-01-30,San José,Tibás,San Juan,9.964428,-84.081314,Bodega o nave industrial,USD,14518.0,522.34,4026.52,1172.24,8603.75,12311984,PER-003
AV-2025-001709,3-196946,Compraventa,2025-05-01,2025-05-09,2025-05-15,Cartago,Paraíso,Paraíso,9.808649,-83.876051,Casa de habitación,USD,340.18,264.41,41.86,817.91,1555.95,125741,PER-003
AV-2025-001710,1-312296,Contable,2025-09-18,2025-09-21,2025-09-28,San José,Tibás,San Juan,9.964503,-84.086885,Bodega o nave industrial,USD,995.34,989.46,494.64,1093.77,11572.87,1537444,PER-005
AV-2025-001711,3-870784-140,Garantía hipotecaria,2025-11-07,2025-11-21,2025-11-25,Cartago,Cartago,Oriental,9.855545,-83.910764,Apartamento,CRC,142.95,178936.84,339.69,719055.12,135239.73,269970000,PER-002
AV-2026-001712,1-606158,Actualización de garantía,2026-01-20,2026-01-22,2026-02-03,San José,Escazú,Escazú,9.911331,-84.141307,Bodega o nave industrial,CRC,3788.08,678461.24,1435.95,452193.91,311571.34,3219705000,PER-002
AV-2025-001713,5-132618-283,Actualización de garantía,2025-02-18,2025-03-10,2025-03-22,Guanacaste,Santa Cruz,Tamarindo,10.934845,-86.236309,Condominio horizontal,USD,625.93,542.09,217.94,1079.44,N/A,579372,PER-003
AV-2024-001714,4-293542,Leasing,2024-04-14,2024-04-30,2024-05-09,Heredia,San Rafael,San Rafael,10.010221,-84.1111,Terreno baldío urbano,CRC,1270.45,165818.97,0.0,0.0,0.0,210665000,PER-008
AV-2025-001715,4-864129-262,Actualización de garantía,2025-08-15,2025-08-19,2025-08-26,Heredia,San Rafael,San Rafael,9.477139,-83.718349,Apartamento,USD,115.79,417.22,129.85,982.99,6970.5,182922,PER-003
AV-2024-001716,6-756795,Leasing,2024-11-07,2024-11-11,2024-11-23,Puntarenas,Puntarenas,Puntarenas,9.960774,-84.80904,Local comercial,CRC,453.78,3001557.44,438.32,547684.33,2428663.58,1604536000,PER-007
AV-2025-001717,7-907996,Actualización de garantía,2025-06-11,2025-07-01,2025-07-13,Limón,Pococí,Guápiles,10.176711,-83.768509,Casa de habitación,CRC,261.59,320992.38,180.48,619159.64,1006042.45,196720000,PER-002
AV-2025-001718,3-159492-179,Compraventa,2025-06-10,2025-06-21,2025-06-29,Cartago,Cartago,Oriental,9.864958,-83.92198,Apartamento,USD,196.11,906.28,580.36,1077.5,28141.15,831210,PER-007
AV-2025-001719,4-497479-030,Leasing,2023-06-11,2023-06-13,2023-06-16,Heredia,Santo Domingo,Santo Domingo,9.983464,-84.082849,Apartamento,USD,131.83,377.95,270.72,1371.29,9775.4,430836,PER-007
AV-2025-001720,1-465439,Compraventa,2025-04-06,2025-04-22,2025-04-26,San José,Escazú,Escazú,9.909402,-84.151793,Terreno baldío urbano,USD,1346.85,880.18,0.0,0.0,0.0,1185470,PER-006
AV-2024-001721,1-504655,Contable,2024-10-29,2024-11-05,2024-11-16,San José,Goicoechea,Guadalupe,9.965526,-84.048007,Casa de habitación,CRC,472.44,2638389.32,94.46,839862.03,,1328641000,PER-001
AV-2024-001722,1-405848,Actualización de garantía,2024-07-04,2024-07-06,2024-07-14,San José,Curridabat,Curridabat,9.907686,-84.046296,Casa de habitación,CRC,678.09,3470710.5,155.37,839851.64,9493279.83,2493435000,PER-006
AV-2025-001723,1-305034-105,Leasing,2025-10-20,2025-10-30,2025-11-08,San José,Curridabat,Curridabat,9.909151,-84.035271,Apartamento,USD,142.55,617.08,259.76,954.02,19382.24,355163,PER-002
AV-2025-001724,5-886656,Leasing,2024-02-01,2024-02-13,2024-02-15,Guanacaste,Santa Cruz,Tamarindo,10.315643,-85.815436,Terreno baldío rural,CRC,28844.76,237926.94,0.0,0.0,194821075.53,7057767000,PER-003
AV-2025-001725,4-635289,Garantía hipotecaria,2023-10-07,2023-10-10,2023-10-13,Heredia,Heredia,Heredia,10.003152,-84.127018,Local comercial,CRC,1061.12,729270.16,453.12,303371.23,3632527.14,914939000,PER-007
AV-2025-001726,2-489240,Compraventa,2021-12-28,2022-01-06,2022-01-15,Alajuela,San Carlos,Quesada,10.359396,-84.445117,Terreno baldío rural,CRC,5647.54,122216.55,0.0,0.0,0.0,690223000,PER-003
AV-2024-001727,7-488023,Leasing,2024-07-20,2024-08-03,2024-08-07,Limón,Pococí,Guápiles,10.184455,-83.756653,Local comercial,USD,1598.58,253.66,2862.28,621.79,12021.14,2197254,PER-001
AV-2025-001728,2-558801,Actualización de garantía,2025-09-05,2025-09-24,2025-09-28,Alajuela,Atenas,Atenas,9.960978,-84.408067,Casa de habitación,CRC,244.51,414235.05,120.84,618720.08,1949685.4,178000000,PER-001
AV-2026-001729,2-626879,Actualización de garantía,2026-02-12,2026-02-23,2026-02-25,Alajuela,Grecia,Grecia,10.095342,-84.275463,Casa de habitación,CRC,252.8,354528.32,146.55,665084.78,1595299.97,188688000,PER-006
AV-2025-001730,1-932587-252,Leasing,2025-07-23,2025-08-12,2025-08-13,San José,Curridabat,Curridabat,9.923766,-84.037391,Condominio horizontal,CRC,303.96,344769.89,189.11,399036.6,5696995.84,185955000,PER-003
AV-2026-001731,2-301784,Garantía hipotecaria,2022-11-09,2022-11-23,2022-11-26,Alajuela,San Carlos,Quesada,10.321648,-84.420466,Local comercial,USD,605.42,114.6,209.31,676.83,6493.72,217542,PER-008
AV-2025-001732,2-151992,Contable,2025-09-03,2025-09-10,2025-09-12,Alajuela,San Carlos,Quesada,10.31851,-84.396543,Local comercial,CRC,373.88,566644.34,404.66,375106.86,11955269.97,375603000,PER-008
AV-2025-001733,7-708089,Leasing,2025-07-08,2025-07-14,2025-07-20,Limón,Talamanca,Cahuita,9.766009,-82.867905,Casa de habitación,CRC,776.6,640034.14,425.56,605708.81,7080429.65,761896000,PER-007
AV-2025-001734,4-376684,Garantía hipotecaria,2025-06-23,2025-06-29,2025-07-11,Heredia,Heredia,Heredia,10.002824,-84.108277,Casa de habitación,CRC,294.42,1215204.4,130.46,715695.66,2152531.69,453303000,PER-002
AV-2025-001735,5-594240,Actualización de garantía,2025-05-29,2025-06-02,2025-06-12,Guanacaste,Liberia,Liberia,10.601261,-85.446987,Terreno baldío urbano,CRC,1751.55,50292.44,0.0,0.0,0.0,88090000,PER-009
AV-2025-001736,6-318579-309,Garantía hipotecaria,2025-01-12,2025-02-01,2025-02-08,Puntarenas,Garabito,Jacó,9.617998,-84.590767,Condominio horizontal,USD,349.7,452.55,123.79,1694.92,4817.55,372888,PER-006
AV-2025-001737,6-612222,Seguro,2025-02-10,2025-02-11,2025-02-21,Puntarenas,Quepos,Quepos,9.430488,-84.170698,Terreno baldío urbano,CRC,496.64,122735.6,0.0,0.0,588636.4,61544000,PER-001
AV-2024-001738,4-285585-097,Actualización de garantía,2024-09-28,2024-10-09,2024-10-11,Heredia,San Rafael,San Rafael,-84.096553,9.99834,Condominio horizontal,USD,227.75,429.8,51.2,1549.33,5644.18,182857,PER-002
AV-2025-001739,1-460154-104,Leasing,2025-05-24,2025-05-25,2025-06-05,San José,Santa Ana,Santa Ana,9.923662,-84.188212,Apartamento,USD,186.04,730.18,160.15,1565.82,10724.04,397333,PER-005
AV-2025-001740,1-914143,Contable,2025-11-02,2025-11-12,2025-11-21,San José,Escazú,Escazú,9.778016,-83.778978,Bodega o nave industrial,USD,14253.11,599.73,7507.27,1364.43,41607.31,18832769,PER-009
AV-2026-001741,7-147365,Leasing,2023-10-21,2023-10-23,2023-10-26,Limón,Pococí,Guápiles,10.171546,-83.80991,Casa de habitación,CRC,1104.05,525348.58,566.11,271693.52,9930013.86,743750000,PER-007
AV-2025-001742,1-158280-091,Garantía hipotecaria,2025-11-07,2025-11-08,2025-11-13,San José,Santa Ana,Santa Ana,9.93418,-84.183618,Apartamento,USD,86.22,626.1,125.86,1103.63,6380.24,199265,PER-008
AV-2025-001743,2-378853-245,Actualización de garantía,2023-07-25,2023-08-07,2023-08-10,Alajuela,Alajuela,Alajuela,10.022597,-84.228182,Apartamento,CRC,81.54,1314348.13,66.27,640515.89,397880.74,150017000,PER-007
AV-2025-001744,3-339080,Seguro,2021-11-17,2021-11-21,2021-11-30,Cartago,Paraíso,Paraíso,9.841828,-83.871985,Terreno baldío urbano,CRC,215.37,155302.94,0.0,0.0,0.0,33448000,PER-003
AV-2025-001745,4-797800-148,Actualización de garantía,2025-08-24,2025-09-03,2025-09-11,Heredia,Santo Domingo,Santo Domingo,9.983901,-84.088533,Apartamento,USD,71.35,194.89,45.82,1607.98,1129.04,88712,PER-004
AV-2025-001746,3-726190,Contable,2025-01-08,2025-01-16,2025-01-28,Cartago,Turrialba,Turrialba,9.889226,-83.660224,Terreno baldío urbano,CRC,858.62,88566.98,0.0,0.0,0.0,76045000,PER-001
AV-2025-001747,3-279517,Garantía hipotecaria,2025-09-26,2025-10-07,2025-09-29,Cartago,Paraíso,Paraíso,9.823803,-83.883328,Local comercial,CRC,1896.38,384147.69,673.79,589316.81,4025391.19,1129591000,PER-007
AV-2024-001748,5-841275,Leasing,2024-12-12,2024-12-21,2024-12-27,Guanacaste,Santa Cruz,Tamarindo,10.309376,-85.81258,Casa de habitación,USD,569.47,1853.51,385.13,1178.14,9298.38,1518554,PER-007
AV-2024-001749,3-322760-072,Leasing,2024-12-01,2024-12-21,2024-12-28,Cartago,Paraíso,Paraíso,9.823727,-83.895582,Condominio horizontal,USD,434.78,345.86,195.24,1124.38,433.75,370331,PER-008
AV-2024-001750,2-218485-214,Actualización de garantía,2021-12-04,2021-12-18,2021-12-20,Alajuela,Alajuela,Alajuela,10.030346,-84.20888,Apartamento,USD,232.33,758.89,173.06,929.35,8207.55,345354,PER-004
AV-2024-001751,3-869555,Leasing,2024-08-13,2024-08-15,2024-08-20,Cartago,La Unión,Tres Ríos,9.889336,-83.997416,Terreno baldío urbano,CRC,879.69,205890.04,0.0,0.0,5050509.79,186170000,PER-004
AV-2026-001752,6-950847,Leasing,2026-01-06,2026-01-23,2026-02-03,Puntarenas,Quepos,Quepos,9.411207,-84.132367,Casa de habitación,CRC,385.34,1096477.44,180.2,642375.51,761851.16,539035000,PER-006
AV-2025-001753,4-930550,Garantía hipotecaria,2025-06-22,2025-07-05,2025-07-11,Heredia,San Rafael,San Rafael,10.008355,-84.083867,Local comercial,CRC,330.15,498642.69,377.8,601738.47,5552952.31,397517000,PER-004
AV-2025-001754,2-112021,Actualización de garantía,2025-12-14,2025-12-26,2026-01-03,Alajuela,San Ramón,San Ramón,10.071773,-84.433444,Casa de habitación,CRC,362.7,275891.3,222.18,401985.41,4025044.62,193404000,PER-001
AV-2026-001755,6-880019,Leasing,2025-12-18,2026-01-05,2026-01-15,Puntarenas,Quepos,Quepos,9.472842,-84.127605,Casa de habitación,USD,231.58,1224.19,120.71,1558.54,12141.93,483771,PER-004
AV-2025-001756,1-141723,Leasing,2025-06-27,2025-07-13,2025-07-20,San José,Tibás,San Juan,9.953061,-84.089129,Local comercial,CRC,716.73,634741.92,1098.17,382687.96,1752834.1,876948000,PER-003
AV-2025-001757,3-198987-019,Leasing,2025-08-26,2025-08-28,2025-09-07,Cartago,Paraíso,Paraíso,9.82774,-83.837564,Condominio horizontal,USD,450.18,413.51,227.56,697.45,267.55,345133,PER-002
AV-2026-001758,1-109748-148,Leasing,2026-01-23,2026-01-26,2026-01-28,San José,Escazú,Escazú,9.913228,-84.123614,Apartamento,USD,108.89,908.05,88.75,776.65,2765.19,170570,PER-004
AV-2025-001759,1-760817,Garantía hipotecaria,2025-07-02,2025-07-12,2025-07-16,San José,Montes de Oca,San Pedro,9.940247,-84.06123,Casa de habitación,CRC,239.44,912125.61,161.74,460551.35,3754165.43,332753000,PER-006
AV-2025-001760,7-763650,Garantía hipotecaria,2022-07-23,2022-08-12,2022-08-21,Limón,Pococí,Guápiles,10.253825,-83.802743,Local comercial,CRC,1075.0,2770289.96,1176.61,638104.1,14454756.61,3743316000,PER-009
AV-2026-001761,1-738225,Actualización de garantía,2026-01-08,2026-01-11,2026-01-16,San José,Montes de Oca,San Pedro,9.944476,-84.058748,Edificio de oficinas,USD,850.88,629.51,4549.05,841.81,120444.48,4485518,PER-007
AV-2025-001762,2-532309,Garantía hipotecaria,2025-04-07,2025-04-23,2025-04-24,Alajuela,Alajuela,Alajuela,10.009651,-84.210246,Casa de habitación,CRC,400.31,1186110.12,262.42,467653.63,4643824.17,602177000,PER-002
AV-2024-001763,2-999862,Seguro,2024-11-20,2024-11-23,2024-11-29,Alajuela,Alajuela,Alajuela,10.002015,-84.219643,Terreno baldío urbano,CRC,473.0,231174.77,0.0,0.0,0.0,109346000,PER-008
AV-2025-001764,4-151728-204,Leasing,2025-10-22,2025-10-30,2025-11-09,Heredia,Heredia,Heredia,10.008293,-84.112464,Apartamento,USD,142.52,550.64,72.32,1086.55,5916.55,162973,PER-008
AV-2025-001765,7-378067,Garantía hipotecaria,2025-09-27,2025-09-30,2025-10-03,Limón,Limón,Limón,10.013694,-83.047497,Casa de habitación,CRC,515.81,578347.74,134.04,480530.07,3122894.42,365851000,PER-001
AV-2025-001766,1-719362,Actualización de garantía,2025-11-27,2025-12-17,2025-12-18,San José,San José,Carmen,9.944744,-84.070222,Casa de habitación,USD,480.55,650.28,174.71,1095.38,4658.69,508525,PER-004
AV-2024-001767,1-153439,Actualización de garantía,2024-08-08,2024-08-27,2024-09-03,San José,Santa Ana,Santa Ana,9.926733,-84.190258,Casa de habitación,USD,685.28,1044.85,304.09,745.09,1165.43,943755,PER-006
AV-2026-001768,4-991283-386,Contable,2026-01-09,2026-01-29,2026-02-03,Heredia,Belén,San Antonio,9.963356,-84.178415,Apartamento,USD,99.82,941.26,221.85,805.13,4489.2,277064,PER-004
AV-2025-001769,1-897518,Leasing,2025-04-16,2025-05-06,2025-05-11,San José,Puriscal,Santiago,9.372707,-83.499759,Terreno baldío urbano,CRC,1392.97,30779.05,0.0,0.0,1240109.86,44114000,PER-007
AV-2025-001770,4-812631,Garantía hipotecaria,2025-03-24,2025-03-25,2025-04-05,Heredia,Belén,San Antonio,9.977674,-84.187852,Casa de habitación,CRC,295.64,922776.86,34.22,749260.46,1627959.72,300077000,PER-007
AV-2025-001771,5-484088,Garantía hipotecaria,2025-06-27,2025-07-05,2025-07-16,Guanacaste,Nicoya,Nicoya,10.017082,-84.852014,Casa de habitación,CRC,152.64,2846950.79,70.92,780801.23,1065210.04,490998000,PER-003
AV-2025-001772,1-252613,Garantía hipotecaria,2025-10-09,2025-10-26,2025-10-30,San José,Pérez Zeledón,San Isidro de El General,9.390844,-83.741246,Casa de habitación,USD,740.77,146.6,435.77,875.8,5799.44,496044,PER-006
AV-2025-001773,1-556712,Garantía hipotecaria,2025-06-20,2025-07-04,2025-07-06,San José,Santa Ana,Santa Ana,9.915511,-84.192958,Local comercial,CRC,251.91,913308.86,142.43,517983.5,4985984.66,308834000,PER-004
AV-2024-001774,1-817624-374,Actualización de garantía,2021-10-03,2021-10-22,2021-10-27,San José,Escazú,Escazú,9.923551,-84.152524,Apartamento,USD,85.18,875.62,148.59,1202.3,2456.79,255692,PER-006
AV-2026-001775,5-834345,Compraventa,2026-01-16,2026-02-03,2026-02-06,Guanacaste,Santa Cruz,Tamarindo,10.313105,-85.824221,Terreno baldío rural,USD,52655.12,164.68,0.0,0.0,0.0,8671245,PER-009
AV-2025-001776,3-924191,Leasing,2025-12-13,2025-12-16,2025-12-23,Cartago,La Unión,Tres Ríos,9.89545,-83.994746,Casa de habitación,CRC,656.92,385922.3,159.36,752798.22,7021722.35,380508000,PER-001
AV-2025-001777,5-124825,Actualización de garantía,2025-08-23,2025-08-29,2025-09-04,Guanacaste,Nicoya,Nicoya,10.132759,-85.465132,Casa de habitación,CRC,406.42,685952.47,274.69,666436.59,9223578.39,471072000,PER-006
AV-2026-001778,1-649769,Contable,2021-11-29,2021-12-18,2021-12-25,San José,Desamparados,Desamparados,9.905902,-84.080193,Terreno baldío urbano,USD,811.75,256.75,0.0,0.0,0.0,208417,PER-006
AV-2026-001779,1-300011,Leasing,2026-02-18,2026-02-23,2026-03-04,San José,Desamparados,Desamparados,9.903278,-84.063066,Bodega o nave industrial,CRC,10409.26,448750.97,5065.47,492672.96,140520512.52,7307306000,PER-007
AV-2025-001780,2-150611,Leasing,2025-06-18,2025-06-29,2025-07-08,Alajuela,San Carlos,Quesada,10.322871,-84.390704,Casa de habitación,CRC,814.02,632142.8,271.55,282565.7,4476698.58,595784000,PER-001
AV-2025-001781,7-767073,Actualización de garantía,2025-05-19,2025-05-19,2025-05-21,Limón,Talamanca,Cahuita,9.518753,-83.307907,Terreno baldío rural,USD,32040.72,478.74,0.0,0.0,0.0,15339174,PER-009
AV-2025-001782,2-353199,Garantía hipotecaria,2021-05-09,2021-05-10,2021-05-16,Alajuela,Alajuela,Alajuela,10.025559,-84.214048,Casa de habitación,CRC,1037.88,965330.87,446.14,845703.89,7431867.1,1386632000,PER-007
AV-2024-001783,1-167959,Garantía hipotecaria,2024-10-29,2024-11-14,2024-11-24,San José,Santa Ana,Santa Ana,9.917247,-84.170118,Edificio de oficinas,USD,1479.53,517.86,772.3,1563.92,59750.27,2033755,PER-009
AV-2024-001784,4-332970,Garantía hipotecaria,2024-10-12,2024-10-13,2024-10-24,Heredia,Heredia,Heredia,9.984585,-84.122761,Casa de habitación,USD,318.31,674.82,78.98,1479.21,7739.17,339369,PER-005
AV-2024-001785,1-443589,Leasing,2024-10-13,2024-10-17,2024-10-23,San José,Santa Ana,Santa Ana,-84.164507,9.936401,Local comercial,CRC,1281.35,4219144.3,2070.8,303721.68,50123258.92,6085271000,PER-005
AV-2025-001786,4-734198-020,Garantía hipotecaria,2025-07-17,2025-07-28,2025-07-31,Heredia,San Rafael,San Rafael,10.021488,-84.092941,Apartamento,USD,145.65,260.22,159.8,1579.95,18651.68,309029,PER-001
AV-2024-001787,4-963537,Actualización de garantía,2023-10-13,2023-10-22,2023-10-25,Heredia,Santo Domingo,Santo Domingo,9.987883,-84.095738,Casa de habitación,CRC,519.55,684397.28,193.06,508174.49,6221158.82,459908000,PER-009
AV-2024-001788, ,Contable,2024-07-31,2024-08-10,2024-08-12,Heredia,Heredia,Heredia,10.009983,-84.114818,Casa de habitación,CRC,229.76,526448.7,123.05,743867.59,6165097.17,218655000,PER-001
AV-2025-001789,2-930218,Actualización de garantía,2025-11-28,2025-12-10,2025-12-20,Alajuela,Alajuela,Alajuela,10.002667,-84.216904,Bodega o nave industrial,USD,2404.31,724.87,1249.07,1672.49,4626.65,3836496,PER-002
AV-2025-001790,4-880550,Seguro,2025-02-14,2025-02-23,2025-03-03,Heredia,San Rafael,San Rafael,10.034173,-84.088903,Casa de habitación,USD,590.37,449.49,176.52,1034.87,4235.85,452277,PER-009
AV-2025-001791,4-538645-340,Leasing,2025-09-20,2025-10-03,2025-10-11,Heredia,San Rafael,San Rafael,10.012056,-84.079282,Condominio horizontal,USD,214.37,435.0,127.14,1546.46,1179.77,291048,PER-003
AV-2025-001792,1-356506,Leasing,2025-08-21,2025-08-24,2025-08-29,San José,San José,Carmen,9.943765,-84.080688,Casa de habitación,CRC,272.79,930053.33,48.33,462978.12,977864.07,277063000,PER-006
AV-2025-001793,4-416314,Leasing,2025-04-13,2025-04-26,2025-05-08,Heredia,Santo Domingo,Santo Domingo,9.98326,-84.076363,Terreno baldío urbano,CRC,223.98,149900.5,0.0,0.0,369581.5,33944000,PER-009
AV-2025-001794,7-625833,Actualización de garantía,2023-12-04,2023-12-19,2023-12-26,Limón,Limón,Limón,9.991016,-83.028133,Terreno baldío rural,CRC,58832.69,42981.39,0.0,0.0,18325682.44,2547036000,PER-006
AV-2025-001795,4-896140,Actualización de garantía,2025-06-22,2025-07-12,2025-07-18,Heredia,Santo Domingo,Santo Domingo,9.992429,-84.096615,Bodega o nave industrial,USD,6313.65,333.17,1633.76,569.79,46091.51,2740514,PER-001
AV-2025-001796,4-560455-217,Actualización de garantía,2025-11-14,2025-11-24,2025-12-02,Heredia,Belén,San Antonio,9.979242,-84.167977,Apartamento,USD,67.13,529.11,195.99,1319.28,7574.89,301660,PER-001
AV-2024-001797,3-556390,Garantía hipotecaria,2024-10-27,2024-11-09,2024-11-10,Cartago,Paraíso,Paraíso,9.861971,-83.847432,Terreno baldío urbano,CRC,1027.07,240787.86,0.0,0.0,0.0,247306000,PER-003
AV-2025-001798,4-255242,Actualización de garantía,2025-10-02,2025-10-04,2025-10-10,Heredia,San Rafael,San Rafael,10.011351,-84.110341,Terreno baldío urbano,CRC,226.45,221747.41,0.0,0.0,0.0,50215000,PER-002
AV-2024-001799,1-861148,Leasing,2024-11-16,2024-12-04,2024-12-09,San José,Puriscal,Santiago,9.843104,-84.371243,Finca agrícola,CRC,120443.24,79561.33,6175.33,476784.73,121730024.74,12648657000,PER-004
AV-2025-001800,2-357810,Garantía hipotecaria,2025-01-06,2025-01-24,2025-02-02,Alajuela,San Ramón,San Ramón,10.109285,-84.456204,Bodega o nave industrial,USD,3413.1,185.72,1452.78,1115.57,75099.42,2329658,PER-009
AV-2025-001801,4-791696,Actualización de garantía,2025-10-21,2025-10-21,2025-10-28,Heredia,Santo Domingo,Santo Domingo,9.987003,-84.082748,Casa de habitación,CRC,800.47,785493.96,435.73,588559.2,3038860.32,888256000,PER-004
AV-2025-001802,1-223425-187,Garantía hipotecaria,2021-10-23,2021-10-25,2021-11-03,San José,Escazú,Escazú,9.894004,-83.41618,Condominio horizontal,USD,335.71,913.38,100.43,523.74,1798.19,361028,PER-008
AV-2025-001803,1-443969,Contable,2025-01-18,2025-01-28,2025-02-07,San José,Santa Ana,Santa Ana,9.920083,-84.176919,Bodega o nave industrial,USD,11007.56,1023.91,4997.43,1370.95,525261.0,18647238,PER-002
AV-2025-001804,1-615979,Compraventa,2025-08-26,2025-09-04,2025-09-11,San José,Pérez Zeledón,San Isidro de El General,9.401853,-83.740599,Terreno baldío urbano,CRC,433.5,132305.97,0.0,0.0,0.0,57355000,PER-004
AV-2025-001805,6-670821-288,Actualización de garantía,2025-08-17,2025-08-25,2025-09-01,Puntarenas,Garabito,Jacó,9.579316,-84.616638,Condominio horizontal,CRC,233.76,79107.24,153.01,784699.03,372094.73,138931000,PER-001
AV-2025-001806,1-971213-310,Leasing,2025-11-10,2025-11-11,2025-11-12,San José,Santa Ana,Santa Ana,9.940431,-84.173139,Apartamento,USD,79.0,1080.07,52.25,1699.24,4625.1,178736,PER-006
AV-2025-001807,1-518200,Contable,2025-02-02,2025-02-03,2025-02-05,San José,San José,Carmen,9.935745,-84.064776,Casa de habitación,CRC,289.89,1081136.92,34.13,435524.92,848665.44,329124000,PER-007
AV-2024-001808,1-756362-015,Leasing,2024-06-01,2024-06-15,2024-06-27,San José,Curridabat,Curridabat,9.912358,-84.037078,Apartamento,USD,78.14,606.76,75.55,1257.5,1033.08,143449,PER-005
AV-2025-001809,1-174133,Garantía hipotecaria,2025-08-16,2025-08-21,2025-08-25,San José,Montes de Oca,San Pedro,9.922598,-84.055385,Terreno baldío urbano,USD,465.99,932.33,0.0,0.0,0.0,434456,PER-008
AV-2025-001810,1-240446,Leasing,2025-01-23,2025-01-31,2025-02-05,San José,Goicoechea,Guadalupe,9.954926,-84.05879,Terreno baldío urbano,USD,503.63,510.42,0.0,0.0,0.0,257063,PER-002
AV-2026-001811,6-373137,Actualización de garantía,2026-01-23,2026-01-25,2026-02-06,Puntarenas,Garabito,Jacó,9.600842,-84.660902,Casa de habitación,CRC,691.88,599238.22,295.84,455761.0,9862982.55,559296000,PER-007
AV-2025-001812,1-523767,Leasing,2025-08-01,2025-08-03,2025-07-19,San José,Puriscal,Santiago,9.843301,-84.354509,Finca agrícola,CRC,231869.76,10406.14,12418.3,332068.93,185461478.98,6722062000,PER-007
AV-2026-001813,7-486543,Garantía hipotecaria,2026-01-01,2026-01-04,2026-01-09,Limón,Pococí,Guápiles,10.20733,-83.818009,Casa de habitación,USD,293.62,181.07,193.09,1081.27,10760.43,272709,PER-009
AV-2025-001814,1-308334,Contable,2025-01-29,2025-01-29,2025-02-02,San José,San José,Carmen,9.928831,-84.077346,Casa de habitación,CRC,384.95,860435.39,110.93,331970.76,2940981.54,370991000,PER-009
AV-2025-001815,1-666115,Actualización de garantía,2025-11-04,2025-11-22,2025-12-04,San José,Goicoechea,Guadalupe,9.94768,-84.059705,Casa de habitación,CRC,202.08,710337.46,81.84,655807.19,2630936.39,208984000,PER-008
AV-2025-001816,3-668453,Actualización de garantía,2025-07-24,2025-07-26,2025-08-03,Cartago,Paraíso,Paraíso,9.830963,-83.897724,Casa de habitación,USD,533.04,301.45,268.38,776.5,2370.97,371453,PER-004
AV-2025-001817,1-690242-187,Actualización de garantía,2025-05-29,2025-06-07,2025-06-15,San José,Curridabat,Curridabat,9.916586,-84.03011,Apartamento,CRC,74.67,987734.71,165.22,472763.16,1674669.01,153539000,PER-007
AV-2025-001818,1-652805,Garantía hipotecaria,2023-09-03,2023-09-22,2023-09-23,San José,Desamparados,Desamparados,9.90154,-84.086387,Terreno baldío urbano,CRC,1168.92,91862.67,0.0,0.0,0.0,107380000,PER-007
AV-2026-001819,1-316198-043,Garantía hipotecaria,2025-12-30,2026-01-03,2026-01-06,San José,San José,Carmen,9.941982,-84.076165,Condominio horizontal,USD,454.7,1093.97,210.2,1275.91,15932.4,781557,PER-003
AV-2026-001820,1-650304,Leasing,2026-03-05,2026-02-26,2026-03-07,San José,Escazú,Escazú,9.911513,-84.152651,Casa de habitación,USD,929.34,545.81,261.51,1618.82,7132.57,937713,PER-003
AV-2025-001821,1-894677,Garantía hipotecaria,2025-02-27,2025-03-05,2025-03-08,San José,Santa Ana,Santa Ana,9.933322,-84.188363,Terreno baldío urbano,CRC,567.4,377177.64,0.0,0.0,3338455.61,217349000,PER-009
AV-2025-001822,7-921985,Garantía hipotecaria,2021-02-24,2021-03-14,2021-03-25,Limón,Pococí,Guápiles,10.200356,-83.783676,Casa de habitación,CRC,199.53,557006.07,83.33,785673.17,4661230.89,181271000,PER-003
AV-2025-001823,2-195242,Seguro,2025-06-15,2025-07-02,2025-07-03,Alajuela,Atenas,Atenas,-84.400588,9.975176,Terreno baldío urbano,CRC,903.06,11085.12,0.0,0.0,63572.87,9034000,PER-007
AV-2024-001824,3-797322,Garantía hipotecaria,2024-06-16,2024-06-27,2024-07-06,Cartago,La Unión,Tres Ríos,9.91674,-84.005658,Local comercial,CRC,1042.05,409687.51,926.97,475429.65,5155605.83,872779000,PER-009
AV-2025-001825,1-975268-143,Leasing,2025-08-14,2025-09-03,2025-09-04,San José,San José,Carmen,9.929494,-84.066527,Condominio horizontal,CRC,571.22,348971.76,313.37,510368.29,5165080.26,364439000,PER-006
AV-2026-001826,1-787578-031,Leasing,2026-01-30,2026-02-11,2026-02-21,San José,Santa Ana,Santa Ana,9.939476,-84.191782,Condominio horizontal,USD,410.7,516.11,320.89,820.39,15844.9,491066,PER-006
AV-2026-001827,2-940055,Actualización de garantía,2026-02-18,2026-02-23,2026-02-28,Alajuela,Grecia,Grecia,10.100665,-84.31363,Casa de habitación,USD,528.89,174.75,336.61,1641.26,43860.62,688749,PER-001
AV-2025-001828,3-127759,Actualización de garantía,2025-06-09,2025-06-19,2025-06-30,Cartago,Cartago,Oriental,9.871619,-83.927574,Terreno baldío urbano,CRC,811.84,413914.26,0.0,0.0,0.0,336032000,PER-008
AV-2025-001829,4-354032-269,Leasing,2025-11-17,2025-12-06,2025-12-09,Heredia,Heredia,Heredia,9.992862,-84.105792,Condominio horizontal,USD,487.33,607.23,120.03,1301.54,10183.42,462329,PER-005
AV-2025-001830,5-432996,Leasing,2025-06-24,2025-07-08,2025-07-15,Guanacaste,Santa Cruz,Tamarindo,10.308325,-85.822045,Casa de habitación,USD,314.88,2406.19,88.84,671.14,2086.93,819372,PER-004
AV-2026-001831,3-566497,Actualización de garantía,2026-01-20,2026-01-24,2026-01-28,Cartago,Paraíso,Paraíso,9.847024,-83.886657,Casa de habitación,CRC,285.56,815252.41,132.84,275688.0,485595.99,269911000,PER-005
AV-2026-001832,4-736614-243,Actualización de garantía,2026-01-09,2026-01-21,2026-01-25,Heredia,Belén,San Antonio,10.830971,-84.420145,Apartamento,USD,200.65,945.76,293.97,1464.93,185.65,620598,PER-001
AV-2026-001833,2-496664,Actualización de garantía,2026-01-03,2026-01-08,2026-01-17,Alajuela,San Carlos,Quesada,10.343211,-84.439714,Casa de habitación,CRC,383.78,414686.16,110.97,338744.15,2272034.82,199011000,PER-003
AV-2025-001834,1-868220,Contable,2021-08-18,2021-08-19,2021-08-21,San José,Tibás,San Juan,9.972596,-84.077936,Bodega o nave industrial,CRC,13494.84,288993.54,4533.04,495212.84,8385940.77,6153127000,PER-003
AV-2025-001835,1-103163,Leasing,2022-05-22,2022-05-23,2022-06-04,San José,Escazú,Escazú,9.93764,-84.146174,Local comercial,CRC,299.39,943906.68,210.46,662261.29,2758810.74,424735000,PER-009
AV-2025-001836,3-431505,Leasing,2025-05-31,2025-06-10,2025-06-12,Cartago,Paraíso,Paraíso,9.84747,-83.842522,Casa de habitación,CRC,825.25,758771.53,311.69,342903.15,5702980.08,738759000,PER-009
AV-2025-001837,4-805298,Garantía hipotecaria,2025-08-15,2025-08-30,2025-09-07,Heredia,Heredia,Heredia,9.995471,-84.104643,Casa de habitación,CRC,323.82,501416.59,48.87,287392.02,967850.75,177381000,PER-003
AV-2024-001838,1-653411-038,Garantía hipotecaria,2024-05-24,2024-05-29,2024-05-30,San José,Escazú,Escazú,9.924943,-84.128908,Condominio horizontal,CRC,335.18,525997.74,249.48,663901.7,12831271.83,354765000,PER-005
AV-2024-001839,1-329374-177,Leasing,2024-11-13,2024-11-29,2024-11-30,San José,Goicoechea,Guadalupe,9.942736,-84.059091,Apartamento,USD,123.26,451.61,158.13,542.75,1112.39,142603,PER-004
AV-2025-001840,5-622270,Leasing,2025-03-13,2025-03-30,2025-04-02,Guanacaste,Santa Cruz,Tamarindo,10.326368,-85.84159,Terreno baldío urbano,CRC,335.86,125917.15,0.0,0.0,0.0,42291000,PER-008
AV-2024-001841,1-186898-136,Garantía hipotecaria,2024-11-10,2024-11-14,2024-11-23,San José,Tibás,San Juan,9.95241,-84.0815,Apartamento,USD,64.91,1081.85,106.39,1265.01,7798.5,212606,PER-001
AV-2024-001842,1-251481,Garantía hipotecaria,2024-05-09,2024-05-09,2024-05-13,San José,Goicoechea,Guadalupe,9.936287,-84.045019,Local comercial,CRC,2206.68,650854.96,1768.13,459477.28,59529615.82,2308174000,PER-003
AV-2026-001843,6-249533,Actualización de garantía,2026-01-30,2026-02-16,2026-02-20,Puntarenas,Puntarenas,Puntarenas,9.990275,-84.825455,Bodega o nave industrial,USD,10479.94,147.98,3949.94,1057.42,136447.83,5864015,PER-008
AV-2024-001844,1-586811-389,Seguro,2022-02-15,2022-02-24,2022-03-08,San José,Desamparados,Desamparados,9.902839,-84.066656,Condominio horizontal,CRC,405.89,106057.65,210.69,758780.84,10314589.61,213230000,PER-009
AV-2025-001845,4-569345,Leasing,2021-08-29,2021-09-05,2021-09-08,Heredia,Santo Domingo,Santo Domingo,9.972193,-84.096317,Bodega o nave industrial,USD,2610.32,218.35,0.0,0.0,47419.72,617383,PER-003
AV-2025-001846,3-368741,Actualización de garantía,2023-04-27,2023-05-10,2023-05-18,Cartago,Turrialba,Turrialba,9.86214,-83.669061,Finca agrícola,CRC,126539.35,62479.22,0.0,0.0,0.0,7906080000,PER-001
AV-2025-001847,2-499361,Leasing,2025-02-20,2025-03-07,2025-03-14,Alajuela,Alajuela,Alajuela,10.001935,-84.202425,Casa de habitación,CRC,670.54,632224.23,0.0,0.0,2298103.31,729973000,PER-003
AV-2024-001848,2-529032,Seguro,2023-07-25,2023-07-31,2023-08-06,Alajuela,Alajuela,Alajuela,10.027345,-84.204814,Edificio de oficinas,USD,1840.4,506.65,10498.68,1431.36,1050051.62,17009881,PER-007
AV-2025-001849,6-586849,Leasing,2025-06-28,2025-07-04,2025-07-05,Puntarenas,Quepos,Quepos,9.437703,-84.143839,Casa de habitación,USD,357.88,1838.74,135.54,869.55,4313.65,780221,PER-008
AV-2024-001850,3-195465,Actualización de garantía,2022-06-09,2022-06-09,2022-06-14,Cartago,Paraíso,Paraíso,10.266142,-83.771939,Casa de habitación,CRC,315.72,736491.5,181.48,266189.68,3387540.25,284221000,PER-003
AV-2025-001851,7-484206,Garantía hipotecaria,2025-11-22,2025-11-24,2025-12-05,Limón,Limón,Limón,9.974171,-83.035584,Casa de habitación,USD,692.13,205.54,193.88,523.94,6843.7,250686,PER-006
AV-2024-001852,3-530353-306,Garantía hipotecaria,2024-12-02,2024-12-16,2024-12-19,Cartago,La Unión,Tres Ríos,9.894368,-83.992134,Condominio horizontal,USD,615.58,374.83,196.24,1155.79,10598.9,468149,PER-002
AV-2025-001853,3-403035,Compraventa,2025-11-11,2025-11-30,2025-12-09,Cartago,Cartago,Oriental,9.870043,-83.907278,Casa de habitación,CRC,166.44,819937.74,63.61,385379.05,1459508.28,162444000,PER-005
AV-2026-001854,1-628696,Garantía hipotecaria,2026-02-02,2026-02-06,2026-02-17,San José,Pérez Zeledón,San Isidro de El General,9.402094,-83.640855,Local comercial,CRC,340.51,601300.05,174.62,311900.13,3796328.86,263009000,PER-001
AV-2024-001855,4-351521,Leasing,2024-10-07,2024-10-26,2024-11-01,Heredia,Santo Domingo,Santo Domingo,9.975399,-84.082813,Terreno baldío urbano,CRC,668.18,248832.06,0.0,0.0,3434465.71,169699000,PER-007
AV-2024-001856,7-931910,Actualización de garantía,2024-07-23,2024-07-24,2024-08-01,Limón,Limón,Limón,10.012152,-83.018924,Casa de habitación,CRC,1000.9,644008.37,206.16,722396.85,1909260.85,795427000,PER-001
AV-2026-001857,3-117810,Leasing,2026-01-26,2026-02-03,2026-02-07,Cartago,La Unión,Tres Ríos,9.919455,-83.972135,Casa de habitación,USD,1017.77,211.27,304.61,922.66,8818.23,504894,PER-001
AV-2024-001858,4-929619,Garantía hipotecaria,2023-06-14,2023-06-18,2023-06-25,Heredia,Santo Domingo,Santo Domingo,9.965649,-84.090806,Casa de habitación,CRC,503.16,560534.12,137.86,688705.75,6337400.21,383321000,PER-004
AV-2024-001859,6-272125,Leasing,2024-09-27,2024-09-28,2024-10-02,Puntarenas,Garabito,Jacó,9.626349,-84.586612,Terreno baldío urbano,CRC,484.05,123236.46,0.0,0.0,0.0,59653000,PER-005
AV-2025-001860,5-776025,Garantía hipotecaria,2025-08-07,2025-08-22,2025-08-24,Guanacaste,Carrillo,Sardinal,10.492189,-85.664891,Casa de habitación,CRC,368.89,505366.3,143.19,839798.53,3107730.74,309783000,PER-002
AV-2025-001861,1-330743,Leasing,2022-04-30,2022-05-04,2022-05-07,San José,Pérez Zeledón,San Isidro de El General,9.403399,-83.665017,Casa de habitación,USD,482.33,162.14,308.64,748.57,15166.46,324410,PER-003
AV-2025-001862,2-553247,Garantía hipotecaria,2025-02-17,2025-03-02,2025-03-04,Alajuela,Grecia,Grecia,10.07403,-84.276319,Casa de habitación,CRC,414.64,665749.85,245.37,483402.66,172021.6,394831000,PER-005
AV-2025-001863,4-937453,Seguro,2025-09-20,2025-09-28,2025-10-09,Heredia,San Rafael,San Rafael,10.012947,-84.101522,Local comercial,CRC,626.59,778703.89,237.98,640424.05,5056042.77,645392000,PER-002
AV-2024-001864,5-958169,Actualización de garantía,2024-11-20,2024-12-07,2024-12-17,Guanacaste,Santa Cruz,Tamarindo,10.341189,-85.852598,Casa de habitación,CRC,600.31,720165.44,104.7,317592.61,1565523.48,467140000,PER-009
AV-2025-001865,3-812966,Contable,2025-12-05,2025-12-24,2025-12-25,Cartago,La Unión,Tres Ríos,9.905634,-83.992581,Terreno baldío urbano,CRC,194.82,229097.26,0.0,0.0,0.0,44633000,PER-004
AV-2024-001866,5-582427,Contable,2024-06-24,2024-07-12,2024-07-18,Guanacaste,Carrillo,Sardinal,10.5825,-85.676181,Casa de habitación,CRC,869.75,1030790.5,544.4,734285.06,6701969.04,1302977000,PER-008
AV-2024-001867,6-751177-347,Leasing,2024-04-19,2024-04-20,2024-04-22,Puntarenas,Garabito,Jacó,9.656919,-84.617236,Apartamento,USD,115.44,2930.54,221.74,1201.62,15964.81,620714,PER-002
AV-2025-001868,1-358252,Leasing,2025-09-03,2025-09-09,2025-09-20,San José,Pérez Zeledón,San Isidro de El General,9.325462,-83.706811,Local comercial,CRC,610.73,394518.12,1043.61,826321.58,52809623.72,1156111000,PER-007
AV-2025-001869,1-730960,Leasing,2025-12-08,2025-12-13,2025-12-20,San José,Santa Ana,Santa Ana,9.923055,-84.179302,Bodega o nave industrial,USD,14047.94,1033.29,8010.43,1392.57,797753.75,26468434,PER-006
AV-2025-001870,1-180660,Actualización de garantía,2025-01-06,2025-01-26,2025-02-06,San José,Goicoechea,Guadalupe,9.939448,-84.054074,Terreno baldío urbano,CRC,841.3,237950.79,0.0,0.0,0.0,200188000,PER-005
AV-2024-001871,6-207645,Leasing,2024-10-05,2024-10-11,2024-10-21,Puntarenas,Puntarenas,Puntarenas,9.963952,-84.806381,Local comercial,CRC,1265.83,550921.13,1102.87,629976.33,26819286.82,1418974000,PER-005
AV-2026-001872,1-652909,Leasing,2021-07-10,2021-07-16,2021-07-20,San José,Puriscal,Santiago,9.899403,-84.295443,Finca agrícola,CRC,107983.91,5803.6,0.0,0.0,0.0,626695000,PER-004
AV-2025-001873,4-924945,Garantía hipotecaria,2025-06-16,2025-06-29,2025-07-05,Heredia,San Rafael,San Rafael,10.016448,-84.096876,Bodega o nave industrial,USD,4904.87,331.76,2225.08,1390.25,113455.56,4834113,PER-005
AV-2025-001874,1-820503-141,Leasing,2025-11-21,2025-12-07,2025-12-10,San José,Desamparados,Desamparados,9.909896,-84.061938,Condominio horizontal,USD,295.2,342.83,142.38,883.43,2010.64,228997,PER-008
AV-2024-001875,2-499306,Seguro,2024-09-14,2024-09-27,2024-10-04,Alajuela,San Carlos,Quesada,10.323972,-84.47458,Casa de habitación,CRC,885.07,685133.7,233.84,414142.22,1098348.53,704333000,PER-007
AV-2025-001876,1-656428,Leasing,2022-11-11,2022-11-21,2022-12-01,San José,Goicoechea,Guadalupe,9.961092,-84.053415,Casa de habitación,CRC,266.67,786963.7,158.8,469825.11,1574256.1,286042000,PER-006
AV-2024-001877,1-294646-210,Contable,2024-05-27,2024-06-12,2024-06-17,San José,San José,Carmen,9.93083,-84.074229,Condominio horizontal,USD,408.07,971.44,118.21,1653.58,10329.83,602215,PER-005
AV-2024-001878,4-509448,Actualización de garantía,2024-10-24,2024-11-03,2024-11-06,Heredia,Belén,San Antonio,9.967064,-84.187106,Edificio de oficinas,USD,994.91,976.24,5428.27,852.82,275597.66,5876206,PER-008
AV-2026-001879,3-815157,Garantía hipotecaria,2022-04-30,2022-05-16,2022-05-28,Cartago,Turrialba,Turrialba,9.857464,-83.678674,Bodega o nave industrial,USD,17559.68,87.96,6842.37,618.79,274989.57,6053529,PER-003
AV-2024-001880,6-800112,Leasing,2024-09-14,2024-09-30,2024-10-09,Puntarenas,Quepos,Quepos,9.415493,-84.137315,Terreno baldío urbano,USD,851.25,275.43,0.0,0.0,3032.77,237493,PER-003
AV-2025-001881,2-837384,Leasing,2025-11-16,2025-11-18,2025-11-24,Alajuela,Alajuela,Alajuela,10.011261,-84.197761,Casa de habitación,CRC,760.38,1173455.83,396.44,842165.37,11681891.69,1237822000,PER-003
AV-2025-001882,4-843813,Leasing,2025-03-01,2025-03-16,2025-03-23,Heredia,San Rafael,San Rafael,10.020745,-84.092246,Casa de habitación,CRC,936.79,789582.8,183.81,839602.71,8107723.16,902108000,PER-006
AV-2025-001883,1-735189-342,Leasing,2025-08-22,2025-09-03,2025-09-11,San José,Santa Ana,Santa Ana,9.937615,-84.165061,Condominio horizontal,USD,322.71,456.6,240.29,1593.26,554.69,530749,PER-007
AV-2025-001884,6-518834,Actualización de garantía,2025-07-24,2025-08-07,2025-08-09,Puntarenas,Puntarenas,Puntarenas,9.978617,-84.848242,Casa de habitación,CRC,284.82,268731.7,149.93,694248.29,2109959.71,182739000,PER-001
AV-2025-001885,6-468599,Actualización de garantía,2025-07-24,2025-08-13,2025-08-18,Puntarenas,Puntarenas,Puntarenas,9.977739,-84.83704,Local comercial,CRC,1592.92,2995113.22,3055.26,811587.39,103988003.67,7354574000,PER-003
AV-2024-001886,1-701209-379,Actualización de garantía,2024-09-16,2024-09-29,2024-10-08,San José,Tibás,San Juan,9.95835,-84.091483,Apartamento,USD,124.82,901.23,370.18,583.51,9416.47,337912,PER-007
AV-2025-001887,7-202111-315,Leasing,2023-01-16,2023-01-16,2023-01-18,Limón,Talamanca,Cahuita,10.31766,-83.537956,Condominio horizontal,USD,467.57,278.32,152.76,989.22,5182.3,286430,PER-001
AV-2026-001888,7-524561,Leasing,2026-02-20,2026-02-25,2026-03-05,Limón,Talamanca,Cahuita,9.752118,-82.79213,Casa de habitación,CRC,929.36,1221764.87,542.09,777379.59,20513818.71,1577383000,PER-009
AV-2025-001889,1-719186-024,Garantía hipotecaria,2025-10-19,2025-10-28,2025-10-31,San José,Goicoechea,Guadalupe,9.952496,-84.036043,Condominio horizontal,USD,338.87,221.0,127.85,772.48,7036.48,180688,PER-009
AV-2025-001890,2-968213-398,Compraventa,2025-07-09,2025-07-11,2025-07-23,Alajuela,Alajuela,Alajuela,10.032061,-84.22383,Condominio horizontal,CRC,438.95,359015.67,291.77,729421.31,13121108.34,383534000,PER-001
AV-2026-001891,2-428265,Seguro,2026-01-01,2026-01-04,2026-01-15,Alajuela,San Ramón,San Ramón,10.103798,-84.492914,Finca agrícola,CRC,220049.82,67498.35,7183.26,520550.08,111140428.76,18703387000,PER-002
AV-2024-001892,5-296339,Garantía hipotecaria,2024-11-11,2024-11-20,2024-11-26,Guanacaste,Santa Cruz,Tamarindo,10.280088,-85.83452,Casa de habitación,CRC,295.61,1153848.5,101.6,600257.31,3594034.4,363160000,PER-001
AV-2024-001893,1-571592,Garantía hipotecaria,2024-12-09,2024-12-26,2025-01-07,San José,Curridabat,Curridabat,9.913371,-84.019956,Casa de habitación,CRC,1093.64,946641.45,172.71,727827.64,72416.61,1161060000,PER-006
AV-2026-001894,2-692126,Actualización de garantía,2026-01-13,2026-01-14,2026-01-15,Alajuela,Grecia,Grecia,10.04799,-84.297274,Local comercial,CRC,2347.73,492530.27,1365.56,700006.91,34840467.02,2147070000,PER-009
AV-2025-001895,4-180890,Actualización de garantía,2025-03-13,2025-03-19,2025-03-28,Heredia,Belén,San Antonio,9.984379,-84.186588,Casa de habitación,CRC,848.42,937355.58,521.66,748054.85,30256663.67,1215758000,PER-007
AV-2025-001896,1-404074,Actualización de garantía,2025-06-02,2025-06-03,2025-06-09,San José,Tibás,San Juan,9.958964,-84.071799,Local comercial,CRC,360.38,924754.07,664.46,503452.15,9336395.87,677123000,PER-001
AV-2026-001897,1-723240,Garantía hipotecaria,2023-11-04,2023-11-11,2023-11-23,San José,Puriscal,Santiago,10.136875,-83.816078,Terreno baldío urbano,CRC,767.65,17192.72,0.0,0.0,0.0,13198000,PER-003
AV-2025-001898,4-240047,Garantía hipotecaria,2025-10-12,2025-10-26,2025-11-06,Heredia,Sarapiquí,Puerto Viejo,10.430361,-83.908641,Finca agrícola,CRC,46446.03,22865.33,2749.92,555439.15,24201898.1,2613619000,PER-004
AV-2024-001899,5-533610,Actualización de garantía,2024-07-03,2024-07-08,2024-07-11,Guanacaste,Nicoya,Nicoya,10.185432,-85.478099,Casa de habitación,CRC,800.14,616760.34,363.04,333329.29,1284770.23,615791000,PER-007
AV-2025-001900,4-180391-167,Leasing,2025-07-06,2025-07-12,2025-07-23,Heredia,San Rafael,San Rafael,10.027185,-84.103604,Condominio horizontal,USD,507.74,303.09,192.41,1031.92,5008.89,357452,PER-002
AV-2024-001901,1-752201-388,Garantía hipotecaria,2022-05-20,2022-05-25,2022-06-05,San José,Montes de Oca,San Pedro,9.94817,-84.055795,Apartamento,USD,97.23,631.29,259.7,1288.14,24333.0,420243,PER-001
AV-2026-001902,1-901526,Garantía hipotecaria,2025-12-30,2026-01-02,2026-01-10,San José,Curridabat,Curridabat,9.908241,-84.028935,Edificio de oficinas,USD,1754.13,1018.6,8887.73,634.82,101255.79,7530121,PER-005
AV-2024-001903,1-398962,Garantía hipotecaria,2024-08-06,2024-08-20,2024-08-29,San José,San José,Carmen,9.943092,-84.065894,Local comercial,CRC,1040.58,721632.69,1125.8,391968.34,31047501.03,1223242000,PER-002
AV-2025-001904,2-449252,Compraventa,2025-04-27,2025-05-06,2025-05-16,Alajuela,San Ramón,San Ramón,10.058215,-84.479942,Local comercial,CRC,395.58,509433.36,490.75,320172.07,8800231.17,367446000,PER-001
AV-2025-001905,7-796289,Leasing,2025-11-24,2025-12-06,2025-12-08,Limón,Limón,Limón,10.013048,-83.04352,Casa de habitación,CRC,338.06,678247.38,97.67,647506.16,4051694.4,296582000,PER-007
AV-2024-001906,3-738210,Leasing,2024-11-19,2024-11-26,2024-11-27,Cartago,Cartago,Oriental,9.866944,-83.920291,Edificio de oficinas,USD,1324.89,960.47,5335.72,1420.0,365311.94,9214551,PER-008
AV-2025-001907,1-747363,Leasing,2025-02-17,2025-03-01,2025-03-04,San José,Desamparados,Desamparados,9.894752,-84.082393,Bodega o nave industrial,USD,8285.94,170.09,4289.53,1254.93,62684.28,6855100,PER-004
AV-2025-001908,3-237427,Leasing,2025-02-19,2025-03-06,2025-03-17,Cartago,Paraíso,Paraíso,9.811657,-83.866333,Casa de habitación,CRC,267.94,851996.12,45.5,439664.87,1166592.36,249455000,PER-009
AV-2025-001909,3-860299,Contable,2022-03-08,2022-03-12,2022-03-24,Cartago,La Unión,Tres Ríos,9.907122,-83.97589,Local comercial,CRC,756.29,552654.37,773.25,679965.06,1527871.58,1009530000,PER-005
AV-2025-001910,4-381490,Leasing,2025-02-14,2025-02-22,2025-02-24,Heredia,San Rafael,San Rafael,10.006748,-84.105956,Casa de habitación,CRC,275.67,497869.76,138.11,437728.72,3524039.49,201227000,PER-002
AV-2025-001911,4-649262,Garantía hipotecaria,2025-08-21,2025-09-02,2025-09-10,Heredia,Santo Domingo,Santo Domingo,9.974488,-84.093332,Casa de habitación,CRC,504.35,757945.51,150.15,311402.58,2236746.88,431264000,PER-006
AV-2025-001912,2-119757,Actualización de garantía,2025-04-27,2025-04-28,2025-05-01,Alajuela,Upala,Upala,10.880688,-85.115246,Casa de habitación,CRC,270.21,367629.42,158.87,251745.23,2113752.14,141446000,PER-007
AV-2025-001913,2-523626,Garantía hipotecaria,2025-08-10,2025-08-12,2025-08-21,Alajuela,Upala,Upala,10.937765,-85.050895,Casa de habitación,USD,1050.3,55.54,142.96,953.07,6115.41,200700,PER-009
AV-2025-001914,2-980901,Contable,2025-03-30,2025-04-03,2025-04-08,Alajuela,San Carlos,Quesada,10.367039,-84.422843,Local comercial,CRC,1101.47,481994.5,511.42,842015.08,17232003.32,978758000,PER-003
AV-2024-001915,4-549729-060,Garantía hipotecaria,2024-09-09,2024-09-16,2024-09-28,Heredia,Heredia,Heredia,10.004192,-84.116082,Apartamento,USD,225.59,537.5,373.61,1358.21,10438.27,639134,PER-003
AV-2025-001916,3-123015-098,Garantía hipotecaria,2025-04-20,2025-04-26,2025-05-06,Cartago,Paraíso,Paraíso,9.853787,-83.846956,Apartamento,USD,102.28,277.71,207.84,530.03,3361.34,141927,PER-002
AV-2025-001917,3-725415-118,Leasing,2025-05-18,2025-05-26,2025-05-29,Cartago,La Unión,Tres Ríos,9.90975,-84.004683,Apartamento,USD,228.5,383.72,544.51,1583.9,5118.51,955248,PER-005
AV-2025-001918,2-845866,Garantía hipotecaria,2021-10-17,2021-10-24,2021-11-03,Alajuela,Alajuela,Alajuela,-84.207587,10.001234,Casa de habitación,USD,273.92,976.32,58.16,1422.25,3287.56,353439,PER-006
AV-2024-001919,6-571686,Actualización de garantía,2024-07-22,2024-07-28,2024-08-05,Puntarenas,Puntarenas,Puntarenas,9.957435,-84.821645,Casa de habitación,CRC,137.03,431123.6,40.15,547233.94,553268.18,81602000,PER-008
AV-2025-001920,2-381839,Compraventa,2025-08-30,2025-09-09,2025-09-10,Alajuela,Atenas,Atenas,9.970096,-84.393054,Terreno baldío rural,CRC,11171.95,24846.73,0.0,0.0,0.0,277586000,PER-003
AV-2024-001921,3-959768,Garantía hipotecaria,2024-05-23,2024-06-11,2024-06-21,Cartago,Cartago,Oriental,9.878645,-83.91714,Local comercial,CRC,593.25,1150311.56,969.25,695014.83,26654927.38,1382720000,PER-007
AV-2026-001922,5-146288,Seguro,2025-12-30,2026-01-08,2026-01-11,Guanacaste,Carrillo,Sardinal,10.542705,-85.689315,Terreno baldío urbano,CRC,906.75,217387.86,0.0,0.0,0.0,197116000,PER-001
AV-2025-001923,3-371214,Garantía hipotecaria,2025-09-25,2025-09-30,2025-10-06,Cartago,Paraíso,Paraíso,9.863861,-83.867823,Local comercial,CRC,2081.52,2076717.54,1303.0,690765.3,45038039.19,5267834000,PER-009
AV-2025-001924,5-836293-029,Garantía hipotecaria,2025-03-16,2025-03-20,2025-04-01,Guanacaste,Carrillo,Sardinal,10.515317,-85.62594,Condominio horizontal,USD,387.84,139.09,150.86,1553.66,2196.88,290527,PER-005
AV-2026-001925,5-731929,Actualización de garantía,2026-02-10,2026-02-15,2026-02-21,Guanacaste,Nicoya,Nicoya,10.15286,-85.419889,Terreno baldío rural,CRC,12161.33,97380.06,0.0,0.0,11039746.54,1195311000,PER-004
AV-2026-001926,4-760845,Contable,2023-04-12,2023-04-23,2023-05-05,Heredia,Sarapiquí,Puerto Viejo,10.376379,-83.986674,Casa de habitación,CRC,295.75,349366.92,111.15,684424.05,4029538.06,183429000,PER-009
AV-2025-001927,3-995650,Actualización de garantía,2025-08-20,2025-09-01,2025-09-05,Cartago,Turrialba,Turrialba,10.365228,-83.370574,Casa de habitación,CRC,945.27,370063.15,520.09,770589.44,31455288.39,782041000,PER-006
AV-2025-001928,1-841225-077,Garantía hipotecaria,2025-12-05,2025-12-20,2025-12-25,San José,Escazú,Escazú,9.922136,-84.137494,Apartamento,USD,50.74,952.59,138.76,1370.31,4969.9,243449,PER-007
AV-2025-001929,2-182281,Garantía hipotecaria,2025-06-28,2025-07-04,2025-07-13,Alajuela,San Ramón,San Ramón,10.0639,-84.473078,Casa de habitación,CRC,360.06,53588.03,238.58,524756.94,1856905.25,146348000,PER-005
AV-2026-001930,1-613001,Compraventa,2021-10-04,2021-10-13,2021-10-25,San José,Santa Ana,Santa Ana,9.943342,-84.166716,Casa de habitación,CRC,394.8,194037.21,53.02,410097.51,1349003.7,99698000,PER-007
AV-2024-001931,3-447521,Leasing,2024-05-04,2024-05-13,2024-05-25,Cartago,La Unión,Tres Ríos,9.916376,-83.992512,Local comercial,CRC,771.84,636376.36,297.91,N/A,12947470.44,667312000,PER-005
AV-2025-001932,5-233957-372,Garantía hipotecaria,2025-03-24,2025-04-11,2025-04-13,Guanacaste,Santa Cruz,Tamarindo,10.302679,-85.8715,Condominio horizontal,CRC,664.06,181970.82,338.84,722104.19,1227469.51,366745000,PER-002
AV-2026-001933,4-690638-328,Contable,2025-12-22,2026-01-02,2026-01-08,Heredia,Heredia,Heredia,10.012128,-84.109243,Condominio horizontal,USD,503.9,704.05,248.63,1080.57,8813.72,632247,PER-002
AV-2025-001934,1-145414-149,Garantía hipotecaria,2025-01-24,2025-01-25,2025-02-04,San José,Goicoechea,Guadalupe,9.95977,-84.048557,Apartamento,USD,223.69,247.73,229.68,507.82,7047.16,179098,PER-002
AV-2025-001935,4-141499,Leasing,2025-07-02,2025-07-08,2025-07-19,Heredia,Santo Domingo,Santo Domingo,9.968539,-84.083834,Casa de habitación,CRC,1145.91,716937.65,266.53,354024.14,3445279.36,919349000,PER-004
AV-2025-001936,1-371937-245,Garantía hipotecaria,2025-12-03,2025-12-21,2025-12-25,San José,Escazú,Escazú,9.932358,-84.123345,Apartamento,CRC,166.9,1342005.77,317.15,544927.15,8614383.92,405419000,PER-005
AV-2025-001937,3-920549,Leasing,2025-05-21,2025-05-27,2025-06-03,Cartago,Turrialba,Turrialba,9.937569,-83.675729,Bodega o nave industrial,USD,8448.04,110.32,1837.86,1598.61,2626.9,3872636,PER-009
AV-2025-001938,2-156849,Seguro,2025-09-29,2025-10-14,2025-10-22,Alajuela,Upala,Upala,10.962002,-85.012592,Finca agrícola,CRC,110756.69,15166.65,12095.24,547901.55,220821456.2,8527630000,PER-005
AV-2026-001939,4-180919,Leasing,2026-01-05,2026-01-19,2026-01-20,Heredia,Sarapiquí,Puerto Viejo,10.414357,-84.027578,Terreno baldío rural,CRC,5205.73,31407.66,0.0,0.0,0.0,163500000,PER-006
AV-2025-001940,3-685982,Actualización de garantía,2025-03-19,2025-04-01,2025-04-07,Cartago,Paraíso,Paraíso,9.850529,-83.865194,Casa de habitación,CRC,615.31,789359.83,224.36,599015.59,N/A,624831000,PER-004
AV-2025-001941,4-543589,Compraventa,2025-11-24,2025-12-04,2025-12-15,Heredia,Heredia,Heredia,10.298213,-83.529739,Edificio de oficinas,USD,3316.23,994.19,0.0,0.0,429928.02,3726891,PER-002
AV-2025-001942,7-723457,Contable,2025-09-28,2025-10-13,2025-10-21,Limón,Limón,Limón,10.010206,-83.012318,Finca agrícola,CRC,250105.45,75656.81,28171.22,351517.64,683893592.09,29508755000,PER-008
AV-2025-001943,1-444258,Actualización de garantía,2025-09-19,2025-09-25,2025-10-02,San José,Goicoechea,Guadalupe,9.270246,-83.340604,Casa de habitación,USD,404.59,198.86,109.19,802.41,2480.18,170552,PER-003
AV-2025-001944,1-550969,Actualización de garantía,2023-08-22,2023-09-05,2023-09-16,San José,Curridabat,Curridabat,9.925688,-84.031346,Terreno baldío urbano,CRC,769.39,225232.91,0.0,0.0,0.0,173292000,PER-004
AV-2025-001945,5-930129,Leasing,2025-05-13,2025-05-23,2025-05-30,Guanacaste,Santa Cruz,Tamarindo,10.31743,-85.820934,Terreno baldío urbano,USD,677.07,399.11,0.0,0.0,2724.84,272950, 
AV-2025-001946,3-651469,Leasing,2025-07-10,2025-07-29,2025-08-05,Cartago,Cartago,Oriental,9.863035,-83.931256,Edificio de oficinas,USD,2344.41,665.63,2842.04,739.35,69694.9,3731467,PER-003
AV-2025-001947,7-308195-027,Garantía hipotecaria,2025-07-23,2025-08-11,2025-08-18,Limón,Talamanca,Cahuita,9.786181,-82.846616,Condominio horizontal,USD,243.87,315.37,156.28,651.05,693.47,179349,PER-008
AV-2025-001948,3-556878,Seguro,2025-05-01,2025-05-04,2025-05-08,Cartago,Paraíso,Paraíso,9.864475,-83.863475,Local comercial,CRC,2069.08,589284.2,625.43,789334.25,34331040.71,1747281000,PER-002
AV-2026-001949,3-665759,Leasing,2026-01-28,2026-02-03,2026-02-06,Cartago,La Unión,Tres Ríos,9.923026,-83.994041,Casa de habitación,CRC,887.05,808913.64,450.58,521269.77,17407793.27,969828000,PER-004
AV-2025-001950,1-730047,Garantía hipotecaria,2023-11-26,2023-12-16,2023-12-19,San José,Pérez Zeledón,San Isidro de El General,9.400322,-83.639567,Casa de habitación,CRC,246.08,354746.96,65.88,507407.8,1819684.26,122544000,PER-001
AV-2025-001951,4-663620,Garantía hipotecaria,2025-11-04,2025-11-13,2025-11-23,Heredia,Heredia,Heredia,9.992784,-84.104829,Edificio de oficinas,USD,1995.48,1007.69,11295.18,1237.32,258854.6,16245432,PER-001
AV-2025-001952,1-545157-109,Leasing,2023-08-18,2023-08-24,2023-08-25,San José,Santa Ana,Santa Ana,-84.170613,9.925001,Apartamento,USD,102.08,585.51,63.03,809.77,2469.26,113278,PER-007
AV-2025-001953,4-365545,Leasing,2025-11-22,2025-12-09,2025-12-19,Heredia,Belén,San Antonio,9.980833,-84.172341,Local comercial,CRC,1424.98,570231.94,2195.77,396827.04,9257656.06,1693168000,PER-007
AV-2024-001954,6-615427,Actualización de garantía,2024-11-06,2024-11-12,2024-11-14,Puntarenas,Garabito,Jacó,9.618883,-84.670742,Casa de habitación,CRC,924.05,446359.77,540.5,809377.05,4279424.51,854206000,PER-005
AV-2025-001955,5-130762,Garantía hipotecaria,2022-01-22,2022-02-04,2022-02-07,Guanacaste,Nicoya,Nicoya,10.142878,-85.436813,Casa de habitación,CRC,930.61,330928.27,463.06,628218.97,3622377.69,602491000,PER-001
AV-2025-001956,1-666734,Leasing,2025-08-12,2025-08-15,2025-08-16,San José,Curridabat,Curridabat,9.927504,-84.033418,Casa de habitación,CRC,172.83,753346.94,72.6,783443.57,3354510.61,190433000,PER-001
AV-2026-001957,1-143725-335,Garantía hipotecaria,2025-12-26,2026-01-09,2026-01-15,San José,Goicoechea,Guadalupe,9.95131,-84.057919,Condominio horizontal,USD,430.6,192.61,160.83,1078.11,4897.16,261227,PER-007
AV-2026-001958,1-454315,Actualización de garantía,2026-02-20,2026-02-21,2026-02-24,San José,Pérez Zeledón,San Isidro de El General,9.334112,-83.691027,Casa de habitación,CRC,660.4,264328.41,344.95,447659.48,11768826.65,340751000,PER-002
AV-2024-001959,4-219436,Seguro,2024-12-18,2024-12-29,2025-01-06,Heredia,San Rafael,San Rafael,10.01367,-84.08499,Casa de habitación,CRC,642.37,365725.75,261.45,569885.53,962767.57,384891000,PER-006
AV-2024-001960,1-710625,Actualización de garantía,2022-05-17,2022-05-30,2022-06-10,San José,Escazú,Escazú,9.921074,-84.12276,Casa de habitación,CRC,339.64,499509.82,84.69,689648.3,3081957.19,231142000,PER-007
AV-2024-001961,2-728628,Garantía hipotecaria,2024-09-25,2024-10-02,2024-10-12,Alajuela,Atenas,Atenas,9.962256,-84.389633,Finca agrícola,CRC,95359.57,26825.12,2173.6,583262.26,4636598.7,3830447000,PER-003
AV-2024-001962,6-558024,Garantía hipotecaria,2024-12-07,2024-12-15,2024-12-18,Puntarenas,Puntarenas,Puntarenas,9.972834,-84.804856,Casa de habitación,CRC,638.73,403017.1,333.34,828224.45,751862.66,534251000,PER-004
AV-2024-001963,4-980125,Leasing,2024-11-23,2024-11-26,2024-11-28,Heredia,Santo Domingo,Santo Domingo,9.973584,-84.087807,Casa de habitación,CRC,525.97,769575.23,63.64,651692.33,2866649.05,449114000,PER-006
AV-2025-001964,6-685453,Garantía hipotecaria,2025-02-16,2025-02-17,2025-02-21,Puntarenas,Garabito,Jacó,9.626453,-84.665806,Terreno baldío urbano,CRC,450.7,216422.14,0.0,0.0,0.0,97541000,PER-006
AV-2025-001965,1-489877,Actualización de garantía,2025-04-05,2025-04-14,2025-04-19,San José,Goicoechea,Guadalupe,9.957692,-84.055805,Terreno baldío urbano,CRC,1132.25,126727.36,0.0,0.0,1612619.9,145100000,PER-001
AV-2024-001966,4-315310,Seguro,2024-11-18,2024-12-05,2024-12-16,Heredia,San Rafael,San Rafael,10.007524,-84.092761,Casa de habitación,CRC,1009.33,834308.54,289.15,550721.5,10133541.65,1011467000,PER-008
AV-2025-001967,1-675954,Actualización de garantía,2025-08-17,2025-09-06,2025-09-15,San José,San José,Carmen,9.936854,-84.069888,Local comercial,CRC,326.72,467766.94,468.12,474065.68,5230393.37,379979000,PER-003
AV-2025-001968,1-212757,Leasing,2021-07-16,2021-08-04,2021-08-16,San José,Goicoechea,Guadalupe,9.958634,-84.037012,Terreno baldío urbano,CRC,794.61,173297.13,0.0,0.0,804786.6,138508000,PER-004
AV-2025-001969,6-479616,Seguro,2025-06-14,2025-06-25,2025-07-06,Puntarenas,Garabito,Jacó,9.63337,-84.622621,Terreno baldío urbano,USD,461.73,499.94,0.0,0.0,0.0,230837,PER-005
AV-2025-001970,4-418147,Actualización de garantía,2025-08-10,2025-08-23,2025-08-26,Heredia,Santo Domingo,Santo Domingo,9.972767,-84.102999,Casa de habitación,CRC,677.19,815787.65,189.56,609147.16,8976605.69,676890000,PER-004
AV-2026-001971,1-157219,Leasing,2026-01-17,2026-01-23,2026-02-02,San José,Curridabat,Curridabat,9.9277,-84.029891,Bodega o nave industrial,USD,9563.58,577.93,1988.52,1462.18,24931.24,8459585,PER-008
AV-2026-001972,1-706474-242,Garantía hipotecaria,2026-01-24,2026-01-24,2026-02-04,San José,Santa Ana,Santa Ana,9.940723,-84.194907,Apartamento,CRC,132.37,1078249.6,381.06,516921.86,15302645.65,355009000,PER-004
AV-2026-001973,4-202102,Garantía hipotecaria,2026-01-19,2026-02-08,2026-02-10,Heredia,San Rafael,San Rafael,10.028163,-84.075868,Terreno baldío urbano,CRC,330.87,272080.52,0.0,0.0,0.0,90023000,PER-005
AV-2025-001974,1-535213,Garantía hipotecaria,2022-08-19,2022-08-24,2022-09-04,San José,Curridabat,Curridabat,9.919098,-84.028995,Edificio de oficinas,USD,2204.49,487.59,11844.61,1123.73,408289.07,14793320,PER-007
AV-2025-001975,4-314528,Seguro,2025-02-13,2025-02-28,2025-03-07,Heredia,Santo Domingo,Santo Domingo,9.988761,-84.081068,Bodega o nave industrial,CRC,3517.02,295585.33,2086.74,827184.35,71009530.12,2836708000,PER-007
AV-2025-001976,1-149040,Actualización de garantía,2025-06-22,2025-07-06,2025-07-10,San José,Goicoechea,Guadalupe,-84.057636,9.963384,Casa de habitación,CRC,895.93,726716.14,150.93,825770.01,9457060.37,733582000,PER-009
AV-2024-001977,6-104344,Contable,2024-12-01,2024-12-12,2024-12-23,Puntarenas,Puntarenas,Puntarenas,9.979433,-84.819984,Casa de habitación,USD,893.84,184.15,0.0,0.0,7532.67,172133,PER-007
AV-2024-001978,1-816035,Leasing,2024-11-14,2024-11-18,2024-11-28,San José,San José,Carmen,9.938833,-84.073852,Local comercial,CRC,2202.44,667946.92,3834.26,298483.03,2752857.09,2618327000,PER-002
AV-2025-001979,1-696122,Leasing,2025-02-03,2025-02-17,2025-02-24,San José,Puriscal,Santiago,9.819715,-84.321002,Finca agrícola,CRC,233601.77,15040.95,6960.73,567816.48,58972270.42,7524982000,PER-008
AV-2025-001980,6-509644,Actualización de garantía,2025-01-02,2025-01-20,2025-01-21,Puntarenas,Garabito,Jacó,9.623871,-84.646992,Casa de habitación,CRC,300.66,1024116.59,114.94,475347.96,423649.74,362971000,PER-007
AV-2025-001981,1-678570,Garantía hipotecaria,2025-05-02,2025-05-05,2025-05-13,San José,Tibás,San Juan,9.955954,-84.093295,Local comercial,CRC,1022.49,1131427.85,635.62,436269.74,18533048.77,1452708000,PER-005
AV-2024-001982,4-516013-033,Contable,2024-05-20,2024-06-07,2024-06-09,Heredia,San Rafael,San Rafael,10.017195,-84.075304,Condominio horizontal,USD,272.2,391.55,166.9,527.78,1159.8,195826,PER-001
AV-2024-001983,1-964968,Leasing,2024-07-16,2024-07-28,2024-08-06,San José,Santa Ana,Santa Ana,9.928735,-84.173887,Casa de habitación,CRC,352.62,977772.77,103.78,704403.38,1022159.11,439817000,PER-007
AV-2025-001984,2-950969,Leasing,2025-08-15,2025-08-24,2025-08-29,Alajuela,San Carlos,Quesada,-84.415312,10.359004,Terreno baldío urbano,CRC,626.43,52659.09,0.0,0.0,0.0,32987000,PER-007
AV-2025-001985,6-952018,Actualización de garantía,2025-04-06,2025-04-13,2025-04-22,Puntarenas,Puntarenas,Puntarenas,9.973965,-84.808968,Casa de habitación,CRC,857.97,545271.3,226.6,356145.94,4361502.42,552891000,PER-009
AV-2025-001986,7-538525-331,Actualización de garantía,2023-01-21,2023-01-31,2023-02-03,Limón,Talamanca,Cahuita,9.67737,-82.866989,Apartamento,CRC,63.66,73733.74,111.48,781505.82,5174862.93,82095000,PER-005
AV-2024-001987,1-106760,Seguro,2024-11-22,2024-11-26,2024-12-07,San José,San José,Carmen,9.93628,-84.066674,Local comercial,CRC,754.87,2478154.14,622.4,708664.01,5492003.15,2317249000,PER-001
AV-2026-001988,4-630970-386,Leasing,2026-01-17,2026-02-04,2026-02-15,Heredia,Santo Domingo,Santo Domingo,9.985017,-84.104707,Apartamento,CRC,217.11,514575.16,499.24,708202.5,28100249.44,493383000,PER-008
AV-2025-001989,7-119233-035,Garantía hipotecaria,2025-11-23,2025-12-08,2025-12-19,Limón,Talamanca,Cahuita,9.751213,-82.799562,Condominio horizontal,USD,257.49,191.85,58.67,627.12,1285.09,87478,PER-005
AV-2025-001990,7-410818,Actualización de garantía,2025-01-21,2025-01-30,2025-02-04,Limón,Limón,Limón,9.974788,-83.007673,Casa de habitación,CRC,500.01,645009.96,320.22,757589.18,10651993.74,575759000,PER-005
AV-2026-001991,6-811255,Actualización de garantía,2026-01-17,2026-01-23,2026-01-24,Puntarenas,Puntarenas,Puntarenas,9.95518,-84.83656,Terreno baldío rural,CRC,57966.76,95584.1,0.0,0.0,0.0,5540701000,PER-007
AV-2025-001992,1-941764,Leasing,2025-06-24,2025-07-10,2025-07-16,San José,Tibás,San Juan,9.975825,-84.082664,Bodega o nave industrial,USD,3108.09,703.48,1847.75,962.06,16139.63,3980265,PER-008
AV-2025-001993,3-122497,Leasing,2025-07-15,2025-07-27,2025-07-31,Cartago,Cartago,Oriental,9.858471,-83.931757,Casa de habitación,CRC,172.34,830995.04,97.65,270902.6,913120.37,170580000,PER-008
AV-2025-001994,4-222772,Garantía hipotecaria,2025-12-31,2025-12-13,2025-12-24,Heredia,Heredia,Heredia,10.004702,-84.120538,Terreno baldío urbano,CRC,279.82,229682.15,0.0,0.0,0.0,64270000,PER-007
AV-2025-001995,6-717129,Leasing,2025-06-22,2025-06-23,2025-06-26,Puntarenas,Quepos,Quepos,9.412441,-84.200365,Terreno baldío urbano,CRC,1543.02,208941.39,0.0,0.0,0.0,322401000,PER-003
AV-2025-001996,2-340925,Garantía hipotecaria,2021-09-15,2021-09-16,2021-09-23,Alajuela,San Carlos,Quesada,10.323943,-84.379746,Bodega o nave industrial,USD,15649.12,247.2,10548.84,1055.21,413462.88,15413167,PER-007
AV-2024-001997,1-936072,Leasing,2024-07-22,2024-08-02,2024-08-03,San José,Escazú,Escazú,9.913128,-84.158808,Terreno baldío urbano,CRC,285.63,229328.88,0.0,0.0,0.0,65503000,PER-001
AV-2025-001998,6-188470,Garantía hipotecaria,2025-03-21,2025-04-06,2025-04-09,Puntarenas,Quepos,Quepos,9.447061,-84.184247,Terreno baldío urbano,CRC,1256.88,243256.13,0.0,0.0,0.0,305744000,PER-001
AV-2025-001999,3-724578-347,Contable,2025-11-07,2025-11-27,2025-12-02,Cartago,La Unión,Tres Ríos,9.928012,-83.987206,Apartamento,USD,207.05,197.01,318.48,712.25,7403.55,275032,PER-006
AV-2025-002000,2-339751,Garantía hipotecaria,2025-06-22,2025-07-04,2025-07-11,Alajuela,San Carlos,Quesada,10.341575,-84.464607,Local comercial,CRC,1873.79,449581.11,3319.39,287827.63,70079519.11,1867912000,PER-008
AV-2024-002001,5-462999,Actualización de garantía,2024-11-04,2024-11-09,2024-11-12,Guanacaste,Santa Cruz,Tamarindo,10.328079,-85.860658,Casa de habitación,CRC,898.66,1134546.15,461.89,650471.32,10258974.62,1330276000,PER-004
AV-2026-002002,5-128723,Garantía hipotecaria,2026-01-26,2026-02-13,2026-02-24,Guanacaste,Santa Cruz,Tamarindo,-85.828053,10.331771,Terreno baldío rural,USD,2224.99,471.34,0.0,0.0,0.0,900379,PER-003
AV-2025-002003,3-143023,Actualización de garantía,2025-08-15,2025-08-24,2025-08-29,Cartago,La Unión,Tres Ríos,9.89509,-83.983393,Casa de habitación,CRC,507.4,753579.3,278.84,335712.82,2506718.37,478483000,PER-001
AV-2026-002004,1-583074,Leasing,2023-01-03,2023-01-17,2023-01-22,San José,Desamparados,Desamparados,9.881553,-84.074508,Casa de habitación,CRC,946.07,854513.21,530.41,675488.12,2869477.84,1169584000,PER-002
AV-2025-002005,2-176229,Garantía hipotecaria,2025-09-29,2025-10-04,2025-10-07,Alajuela,Grecia,Grecia,10.062514,-84.332946,Terreno baldío rural,CRC,17558.45,73248.22,0.0,0.0,0.0,1286125000,PER-001
AV-2026-002006,2-378619,Contable,2026-02-03,2026-02-03,,Alajuela,Upala,Upala,10.885355,-84.977195,Terreno baldío rural,USD,36758.2,63.03,0.0,0.0,51021.4,2367891,PER-007
AV-2026-002007,1-815678,Garantía hipotecaria,2022-10-24,2022-11-05,2022-11-12,San José,Curridabat,Curridabat,9.928057,-84.026523,Bodega o nave industrial,USD,13138.58,638.2,3427.61,1549.88,147951.02,14800539,PER-004
AV-2025-002008,4-393240,Leasing,2025-06-07,2025-06-14,2025-06-21,Heredia,Sarapiquí,Puerto Viejo,10.547151,-83.97799,Finca agrícola,CRC,384776.02,595.07,35620.62,465059.04,521684631.21,17316345000,PER-007
AV-2025-002009,4-460065-038,Leasing,2025-11-14,2025-11-26,2025-12-07,Heredia,Heredia,Heredia,9.988388,-84.121588,Apartamento,USD,82.38,1045.57,169.18,959.56,6328.58,254801,PER-005
AV-2024-002010,5-389065,Leasing,2024-06-21,2024-06-26,2024-07-07,Guanacaste,Santa Cruz,Tamarindo,10.324896,-85.845599,Terreno baldío urbano,CRC,377.37,279249.13,0.0,0.0,3044552.29,108425000,PER-008
AV-2025-002011,1-862776,Garantía hipotecaria,2025-06-23,2025-07-09,2025-07-18,San José,Santa Ana,Santa Ana,9.495009,-83.415348,Edificio de oficinas,USD,1238.83,526.33,5259.11,1103.81,360433.82,6817525,PER-006
AV-2025-002012,6-195830,Garantía hipotecaria,2025-05-03,2025-05-23,2025-05-28,Puntarenas,Puntarenas,Puntarenas,9.986345,-84.847452,Casa de habitación,CRC,264.24,396506.23,55.16,510223.46,2243779.22,135161000,PER-001
AV-2026-002013,1-999716-359,Actualización de garantía,2026-02-22,2026-02-23,2026-03-04,San José,Tibás,San Juan,-84.086389,9.963418,Condominio horizontal,USD,553.17,779.9,357.11,1445.86,36351.09,984099,PER-005
AV-2024-002014,5-375839,Garantía hipotecaria,2024-05-25,2024-06-01,2024-06-11,Guanacaste,Santa Cruz,Tamarindo,10.308652,-85.82124,Casa de habitación,CRC,204.82,744506.64,123.07,259011.14,1813538.57,186180000,PER-001
AV-2024-002015,6-228355,Garantía hipotecaria,2024-06-06,2024-08-30,2024-09-11,Puntarenas,Garabito,Jacó,9.577165,-84.618317,Casa de habitación,CRC,549.92,1017158.8,355.58,263827.79,1188015.71,654356000,PER-003
AV-2025-002016,1-758358,Garantía hipotecaria,2025-04-29,2025-05-06,2025-05-13,San José,San José,Carmen,9.94187,-84.065692,Casa de habitación,CRC,182.32,1002334.9,21.47,719574.36,783367.85,198978000,PER-004
AV-2024-002017,7-740542,Garantía hipotecaria,2024-08-16,2024-08-28,2024-09-04,Limón,Talamanca,Cahuita,9.734641,-82.825898,Terreno baldío rural,CRC,3947.28,117166.54,0.0,0.0,0.0,462489000,PER-001
AV-2024-002018,3-616455,Compraventa,2024-08-16,2024-08-31,2024-09-05,Cartago,Cartago,Oriental,9.86625,-83.908544,Casa de habitación,CRC,369.23,5356078.68,81.03,436062.09,2734810.72,2015694000,PER-007
AV-2024-002019,4-419267,Garantía hipotecaria,2024-07-07,2024-07-20,2024-08-01,Heredia,Sarapiquí,Puerto Viejo,10.551037,-84.030103,Casa de habitación,CRC,1041.47,346220.59,244.4,748442.54,1786597.01,545284000,PER-004
AV-2026-002020,6-963913,Actualización de garantía,2026-01-20,2026-02-06,2026-02-16,Puntarenas,Puntarenas,Puntarenas,9.972071,-84.830924,Local comercial,CRC,511.84,561634.35,444.98,796791.91,914869.69,642938000,PER-007
AV-2025-002021,1-154729,Leasing,2024-02-24,2024-02-24,2024-03-06,San José,Escazú,Escazú,9.910643,-84.150627,Casa de habitación,CRC,590.27,860400.25,246.13,653561.75,1947623.01,670677000,PER-001
AV-2024-002022,1-731479-351,Leasing,2024-10-19,2024-10-19,2024-10-27,San José,Goicoechea,Guadalupe,9.941651,-84.057554,Condominio horizontal,USD,502.41,169.2,131.28,1265.04,11452.96,262535,PER-004
AV-2025-002023,4-141023,Leasing,2025-05-01,2025-05-18,2025-05-28,Heredia,San Rafael,San Rafael,10.008018,-84.089792,Bodega o nave industrial,USD,5045.72,175.34,2115.77,824.5,122614.88,2751784,PER-006
AV-2025-002024,4-326828,Leasing,2025-03-09,2025-03-11,2025-03-21,Heredia,Santo Domingo,Santo Domingo,9.977529,-84.097913,Terreno baldío urbano,CRC,441.81,259589.92,0.0,0.0,0.0,114689000,PER-004
AV-2025-002025,2-318121,Leasing,2025-10-13,2025-10-20,2025-10-23,Alajuela,San Ramón,San Ramón,10.070397,-84.501412,Terreno baldío urbano,CRC,919.0,17602.51,0.0,0.0,0.0,16177000,PER-003
AV-2025-002026,1-604925,Actualización de garantía,2025-02-13,2025-02-21,2025-03-03,San José,Curridabat,Curridabat,9.909589,-84.038556,Edificio de oficinas,USD,2076.73,960.64,3136.34,1124.66,241010.9,5763317,PER-009
AV-2025-002027,2-336585-258,Actualización de garantía,2025-04-05,2025-04-06,2025-04-07,Alajuela,Alajuela,Alajuela,10.010557,-84.22583,Condominio horizontal,USD,281.53,506.83,64.34,642.51,274.57,184302,PER-003
AV-2026-002028,2-101789,Leasing,2021-09-12,2021-09-22,2021-10-01,Alajuela,Atenas,Atenas,9.62779,-83.63636,Terreno baldío rural,CRC,48871.16,84951.49,0.0,0.0,0.0,4151678000,PER-003
AV-2024-002029,3-627992,Garantía hipotecaria,2024-09-12,2024-09-29,2024-10-04,Cartago,Cartago,Oriental,9.871772,-83.917336,Casa de habitación,USD,353.4,749.56,179.01,963.33,333.28,437673,PER-004
AV-2025-002030,4-570781,Leasing,2025-12-11,2025-12-14,2025-12-16,Heredia,Heredia,Heredia,9.991014,-84.125218,Terreno baldío urbano,CRC,295.51,149278.1,0.0,0.0,0.0,44113000,PER-009
AV-2025-002031,2-180073,Leasing,2023-11-01,2023-11-21,2023-11-24,Alajuela,Atenas,Atenas,9.965859,-84.416699,Finca agrícola,CRC,53532.04,25666.54,0.0,0.0,0.0,1373982000,PER-003
AV-2026-002032,7-382116,Leasing,2025-12-22,2026-01-01,2026-01-04,Limón,Limón,Limón,10.022675,-83.031105,Casa de habitación,CRC,723.11,332919.03,171.49,264927.73,1368489.86,344056000,PER-005
AV-2024-002033,1-614369,Compraventa,2024-10-10,2024-10-19,2024-10-29,San José,Puriscal,Santiago,9.829194,-84.286243,Terreno baldío rural,CRC,3500.36,65447.77,0.0,0.0,0.0,229091000,PER-002
AV-2024-002034,3-212943,Compraventa,2021-03-22,2021-03-26,2021-04-03,Cartago,La Unión,Tres Ríos,9.905623,-83.981754,Casa de habitación,CRC,516.87,3788428.52,330.22,315968.08,6091292.15,2068555000,PER-001
AV-2025-002035,4-383952-156,Garantía hipotecaria,2025-11-05,2025-11-06,2025-11-09,Heredia,Belén,San Antonio,9.973789,-84.189991,Condominio horizontal,CRC,358.05,250693.36,137.88,503939.01,3005.76,159247000,PER-007
AV-2025-002036,6-829315,Garantía hipotecaria,2025-11-24,2025-11-25,2025-12-06,Puntarenas,Quepos,Quepos,9.449469,-84.173704,Casa de habitación,CRC,643.97,703649.61,261.81,664489.54,3007342.49,630107000,PER-005
AV-2025-002037,4-543562,Contable,2025-09-29,2025-10-07,2025-10-16,Heredia,Heredia,Heredia,9.995641,-84.120943,Casa de habitación,CRC,132.88,992975.96,24.07,266305.79,321967.8,138679000,PER-006
AV-2025-002038,4-940543-351,Compraventa,2025-06-19,2025-07-08,2025-07-12,Heredia,Heredia,Heredia,9.991423,-84.124865,Apartamento,USD,138.68,1038.75,217.63,920.98,7394.16,351881,PER-008
AV-2024-002039,2-340040,Garantía hipotecaria,2024-11-11,2024-11-15,2024-11-16,Alajuela,Grecia,Grecia,10.080493,-84.356111,Casa de habitación,CRC,240.8,527197.27,52.61,439831.96,170141.02,150259000,PER-001
AV-2024-002040,1-528931,Contable,2024-06-24,2024-06-30,2024-07-12,San José,Pérez Zeledón,San Isidro de El General,9.361768,-83.753841,Casa de habitación,CRC,170.4,461010.48,66.83,317408.3,721007.89,100490000,PER-006
AV-2024-002041,1-796626-027,Garantía hipotecaria,2024-08-06,2024-08-09,2024-08-13,San José,Escazú,Escazú,9.915881,-84.138405,Condominio horizontal,USD,369.32,945.23,218.19,648.69,4546.16,495176,PER-007
AV-2025-002042,1-345641,Leasing,2025-05-09,2025-05-20,2025-05-25,San José,Curridabat,Curridabat,9.904597,-84.032422,Local comercial,CRC,540.93,872785.6,742.13,370143.66,10230841.07,757041000,PER-006
AV-2025-002043,1-117319,Actualización de garantía,2025-01-03,2025-01-03,2025-01-15,San José,Tibás,San Juan,9.947037,-84.073173,Local comercial,USD,354.93,754.38,416.41,1002.62,20936.0,706189,PER-004
AV-2025-002044,4-562255,Leasing,2025-05-02,2025-05-19,2025-05-30,Heredia,San Rafael,San Rafael,10.022425,-84.080484,Bodega o nave industrial,USD,8531.07,277.37,4802.68,1082.03,196951.15,6647525,PER-003
AV-2025-002045,4-972867-394,Leasing,2025-04-06,2025-04-12,2025-04-18,Heredia,Santo Domingo,Santo Domingo,10.096036,-84.960973,Apartamento,USD,120.26,161.92,202.14,668.11,9654.92,164179,PER-006
AV-2025-002046,5-488061,Leasing,2021-09-18,2021-09-18,2021-09-22,Guanacaste,Liberia,Liberia,10.647125,-85.423043,Terreno baldío urbano,USD,1642.82,352.2,0.0,0.0,13171.75,591773,PER-003
AV-2026-002047,2-370471,Garantía hipotecaria,2026-01-15,2026-01-27,2026-02-08,Alajuela,Atenas,Atenas,9.959536,-84.34236,Terreno baldío rural,CRC,14647.92,88752.49,0.0,0.0,26574238.07,1326614000,PER-004
AV-2025-002048,6-874608,Actualización de garantía,2025-08-02,2025-08-09,2025-08-16,Puntarenas,Puntarenas,Puntarenas,9.970749,-84.814376,Casa de habitación,CRC,485.61,598768.29,234.21,385369.88,2585647.64,429862000,PER-007
AV-2025-002049,2-956388,Leasing,2025-07-29,2025-08-09,2025-08-10,Alajuela,Atenas,Atenas,9.994357,-84.384574,Casa de habitación,USD,704.62,33.15,294.28,1178.78,16262.96,386512,PER-009
AV-2024-002050,1-529442,Leasing,2024-07-26,2024-07-31,2024-08-08,San José,Tibás,San Juan,9.956004,-84.088835,Casa de habitación,CRC,668.62,3166800.09,197.12,362712.38,3771727.07,2192655000,PER-003
AV-2025-002051,7-204242,Garantía hipotecaria,2025-06-06,2025-06-12,2025-06-21,Limón,Pococí,Guápiles,10.185135,-83.796065,Finca agrícola,CRC,123300.76,84692.19,0.0,0.0,266338296.91,10708950000,PER-009
AV-2024-002052,1-403866,Garantía hipotecaria,2024-06-10,2024-06-29,2024-06-30,San José,Pérez Zeledón,San Isidro de El General,9.326068,-83.674288,Terreno baldío urbano,CRC,732.76,126720.0,0.0,0.0,1653014.36,94508000,PER-003
AV-2025-002053,7-758128,Garantía hipotecaria,2022-05-04,2022-05-17,2022-05-22,Limón,Limón,Limón,9.964274,-83.035028,Terreno baldío rural,USD,7786.65,155.82,0.0,0.0,0.0,1213316,PER-001
AV-2025-002054,1-577441,Leasing,2025-12-01,2025-12-20,2025-12-24,San José,Montes de Oca,San Pedro,9.942549,-84.055788,Casa de habitación,CRC,838.11,1090721.43,360.14,404480.78,5134802.07,1064949000,PER-009
AV-2024-002055,4-550223,Garantía hipotecaria,2024-09-23,2024-10-12,2024-10-21,Heredia,Belén,San Antonio,9.975794,-84.187741,Edificio de oficinas,CRC,861.44,136951.32,1599.02,747045.79,13805035.84,1326322000,PER-009
AV-2025-002056,7-885518,Actualización de garantía,2025-05-02,2025-05-20,2025-05-31,Limón,Pococí,Guápiles,10.204634,-83.747435,Casa de habitación,CRC,753.41,521252.87,236.31,508561.86,8261700.16,521157000,PER-001
AV-2025-002057,1-442790,Actualización de garantía,2022-08-25,2022-08-28,2022-09-05,San José,Santa Ana,Santa Ana,9.927598,-84.174568,Terreno baldío urbano,USD,1479.05,978.55,0.0,0.0,31758.81,1479083,PER-009
AV-2025-002058,1-803517,Leasing,2025-02-04,2025-02-21,2025-03-04,San José,Goicoechea,Guadalupe,9.941171,-84.055639,Casa de habitación,CRC,709.37,452582.94,442.7,451598.96,14071255.7,535043000,PER-008
AV-2025-002059,5-517540,Actualización de garantía,2025-03-21,2025-03-27,2025-04-02,Guanacaste,Liberia,Liberia,10.635916,-85.426115,Terreno baldío rural,CRC,36054.3,87906.54,0.0,0.0,35179144.5,3204588000,PER-005
AV-2025-002060,2-231741,Leasing,2023-07-29,2023-08-07,2023-08-16,Alajuela,San Carlos,Quesada,10.277324,-84.434703,Casa de habitación,CRC,601.72,530990.51,271.92,748152.93,15943914.16,538889000,PER-007
AV-2025-002061,3-457753,Leasing,2025-10-11,2025-10-21,2025-10-31,Cartago,Paraíso,Paraíso,9.861727,-83.880657,Casa de habitación,CRC,342.52,351492.38,67.02,713216.91,915432.49,169108000,PER-009
AV-2026-002062,1-441424,Leasing,2026-01-19,2026-01-20,2026-02-01,San José,San José,Carmen,9.928909,-84.076224,Casa de habitación,CRC,236.16,4758681.78,47.61,807558.17,326169.9,1162584000,PER-004
AV-2024-002063,4-788359,Garantía hipotecaria,2024-10-22,2024-11-04,2024-11-11,Heredia,Heredia,Heredia,9.996916,-84.110268,Local comercial,CRC,219.92,1060009.46,253.82,294896.51,1258006.07,309226000,PER-004
AV-2024-002064,1-481751-051,Actualización de garantía,2024-11-17,2024-11-21,2026-08-13,San José,San José,Carmen,9.939568,-84.072726,Apartamento,USD,102.94,397.07,231.03,1682.96,19836.99,449526,PER-001
AV-2025-002065,3-449077,Actualización de garantía,2025-05-25,2025-05-26,2025-06-06,Cartago,Paraíso,Paraíso,9.830151,-83.862791,Casa de habitación,CRC,315.05,778175.06,125.9,755741.85,2188739.78,342501000,PER-001
AV-2025-002066,1-441609-243,Garantía hipotecaria,2025-02-27,2025-03-07,2025-03-11,San José,San José,Carmen,9.939255,-84.068523,Apartamento,CRC,70.08,271854.8,0.0,0.0,74580.7,19126000,PER-007
AV-2025-002067,1-248782,Garantía hipotecaria,2025-10-22,2025-11-04,2025-11-13,San José,San José,Carmen,9.935657,-84.082273,Local comercial,CRC,938.87,677968.85,337.59,371160.85,8018793.09,769844000,PER-007
AV-2026-002068,1-980254,Leasing,2026-02-08,2026-02-11,2026-02-22,San José,Curridabat,Curridabat,9.920953,-84.037802,Casa de habitación,CRC,166.46,1020602.97,65.5,459715.0,2186060.64,202187000,PER-004
AV-2025-002069,1-494169-015,Leasing,2025-09-25,2025-10-08,2025-10-14,San José,San José,Carmen,9.927772,-84.076679,Apartamento,USD,61.52,616.45,88.7,780.93,3020.01,110213,PER-001
AV-2024-002070,3-658034-228,Leasing,2024-08-13,2024-09-01,2024-09-09,Cartago,Cartago,Oriental,9.861184,-83.926276,Apartamento,USD,69.5,838.93,190.81,1013.23,14093.07,265733,PER-001
AV-2025-002071,1-192955,Actualización de garantía,2025-03-27,2025-04-13,2025-04-24,San José,Escazú,Escazú,9.916452,-84.152581,Casa de habitación,CRC,661.57,1223246.23,171.34,522006.09,6191631.83,904895000,PER-002
AV-2025-002072,7-659269,Actualización de garantía,2025-09-29,2025-10-19,2025-10-22,Limón,Pococí,Guápiles,10.201831,-83.763152,Casa de habitación,USD,801.39,228.49,458.43,676.93,9890.77,503325,PER-005
AV-2026-002073,7-260858-089,Garantía hipotecaria,2026-01-03,2026-01-08,2026-01-17,Limón,Talamanca,Cahuita,9.792548,-82.864131,Condominio horizontal,CRC,291.19,185416.74,116.38,263972.14,1467214.16,86180000,PER-005
AV-2024-002074,5-937861,Leasing,2024-07-29,2024-08-07,2024-08-19,Guanacaste,Carrillo,Sardinal,10.533346,-85.652338,Terreno baldío rural,USD,26098.04,508.56,0.0,0.0,268180.46,13540600,PER-009
AV-2025-002075,1-735279,Contable,2025-12-13,2025-12-21,2025-12-29,San José,Curridabat,Curridabat,9.921961,-84.028422,Casa de habitación,CRC,496.57,732448.5,53.15,305401.51,815303.47,380759000,PER-006
AV-2025-002076,1-405780,Leasing,2025-09-12,2025-09-15,2025-09-16,San José,Curridabat,Curridabat,9.904839,-84.043366,Terreno baldío urbano,CRC,555.56,345715.67,0.0,0.0,1421939.23,193488000,PER-009
AV-2025-002077,1-404931-086,Compraventa,2025-05-05,2025-05-05,2025-05-08,San José,Desamparados,Desamparados,9.888572,-84.084068,Apartamento,USD,113.44,199.91,155.48,822.11,593.94,151093,PER-004
AV-2024-002078,1-620848,Compraventa,2024-06-29,2024-07-15,2024-07-20,San José,San José,Carmen,9.933913,-84.069601,Local comercial,CRC,432.91,665621.61,695.21,753675.28,3402679.34,815520000,PER-008
AV-2024-002079,3-174587,Leasing,2024-11-16,2024-11-29,2024-12-07,Cartago,Turrialba,Turrialba,9.898524,-83.656511,Casa de habitación,USD,719.51,226.64,268.65,758.13,15640.54,382382,PER-005
AV-2025-002080,1-900464,Garantía hipotecaria,2025-04-14,2025-05-03,2025-05-06,San José,Goicoechea,Guadalupe,9.961805,-84.042845,Terreno baldío urbano,CRC,999.06,84484.24,0.0,0.0,0.0,84405000,PER-006
AV-2025-002081,3-649808,Actualización de garantía,2025-08-03,2025-08-09,2025-08-21,Cartago,La Unión,Tres Ríos,9.897875,-83.979304,Casa de habitación,CRC,215.36,859256.01,136.73,702842.89,7673751.27,288823000,PER-009
AV-2026-002082,5-304110,Garantía hipotecaria,2026-02-09,2026-02-26,2026-02-27,Guanacaste,Nicoya,Nicoya,10.1134,-85.415424,Terreno baldío urbano,CRC,1197.15,83955.3,0.0,0.0,1276968.68,101784000,PER-005
AV-2025-002083,5-360567,Garantía hipotecaria,2025-06-13,2025-06-27,2025-06-30,Guanacaste,Carrillo,Sardinal,10.508175,-85.661979,Terreno baldío urbano,USD,376.01,166.72,0.0,0.0,0.0,62688,PER-005
AV-2025-002084,5-773324,Compraventa,2025-07-09,2025-07-29,2025-08-01,Guanacaste,Liberia,Liberia,10.617328,-85.414408,Casa de habitación,CRC,460.31,459355.8,218.65,583495.02,6564407.21,345592000,PER-004
AV-2025-002085,6-970646-123,Leasing,2022-04-13,2022-04-30,2022-05-09,Puntarenas,Garabito,Jacó,9.572768,-84.618764,Condominio horizontal,USD,372.12,238.46,169.77,1286.99,14356.33,321584,PER-006
AV-2024-002086,1-226923,Actualización de garantía,2024-06-06,2024-06-15,2024-06-25,San José,Tibás,San Juan,9.973946,-84.088369,Casa de habitación,CRC,327.49,1048578.65,125.54,310150.74,652078.67,382987000,PER-007
AV-2026-002087,5-450970,Leasing,2023-01-09,2023-01-14,2023-01-18,Guanacaste,Nicoya,Nicoya,10.131477,-85.400341,Casa de habitación,CRC,418.59,306677.09,43.05,284489.54,280208.68,140899000,PER-003
AV-2025-002088,1-244834,Actualización de garantía,2025-10-10,2025-10-10,2025-10-14,San José,Desamparados,Desamparados,9.886517,-84.069326,Casa de habitación,CRC,900.21,540112.52,112.8,810473.66,2757287.58,580393000,PER-008
AV-2025-002089,2-568989,Leasing,2025-11-08,2025-11-18,2025-11-20,Alajuela,Grecia,Grecia,10.090656,-84.289011,Local comercial,USD,2177.73,214.63,3423.98,808.21,64610.77,3299312,PER-006
AV-2024-002090,4-235232-042,Actualización de garantía,2024-08-29,2024-09-02,2024-09-13,Heredia,Belén,San Antonio,9.97806,-84.19348,Apartamento,USD,73.57,952.45,122.39,1036.55,926.41,197862,PER-009
AV-2026-002091,1-447609,Leasing,2026-01-19,2026-01-20,2026-01-29,San José,Puriscal,Santiago,9.882198,-84.366895,Casa de habitación,USD,208.24,29.48,127.55,681.76,4263.43,97361,PER-003
AV-2025-002092,1-342583,Garantía hipotecaria,2025-02-12,2025-02-25,2025-02-26,San José,Curridabat,Curridabat,10.195162,-84.521844,Casa de habitación,CRC,501.17,4669680.3,323.7,799442.47,6355421.04,2605439000,PER-003
AV-2025-002093,4-998833,Leasing,2025-03-15,2025-03-15,2025-03-21,Heredia,San Rafael,San Rafael,10.001668,-84.076602,Casa de habitación,CRC,790.57,786348.62,196.75,311285.85,23272.74,682932000,PER-006
AV-2026-002094,1-422755,Leasing,2026-01-10,2026-01-25,2026-02-04,San José,Curridabat,Curridabat,9.909962,-84.037714,Local comercial,CRC,431.23,709063.45,399.37,683894.83,11796005.19,590693000,PER-001
AV-2025-002095,1-596345-359,Leasing,2025-09-15,2025-10-02,2025-10-12,San José,Tibás,San Juan,9.967029,-84.083351,Condominio horizontal,USD,447.25,490.3,158.36,1618.4,1970.65,477547,PER-008
AV-2025-002096,1-244711,Actualización de garantía,2025-10-12,2025-10-16,2025-10-27,San José,Puriscal,Santiago,9.867521,-84.283946,Casa de habitación,CRC,209.15,480387.74,132.01,615201.78,263410.49,181949000,PER-002
AV-2026-002097,1-114201,Seguro,2026-02-13,2026-02-27,2026-03-09,San José,Puriscal,Santiago,9.902695,-84.356841,Casa de habitación,CRC,375.72,209590.47,237.16,525690.6,496801.61,203917000,PER-005
AV-2025-002098,1-916452,Garantía hipotecaria,2025-11-22,2025-12-10,2025-12-21,San José,San José,Carmen,9.933414,-84.077136,Casa de habitación,USD,452.13,903.4,278.29,1348.73,12366.03,796158,PER-009
AV-2025-002099,1-968266,Leasing,2025-08-20,2025-08-24,2025-08-29,San José,Montes de Oca,San Pedro,9.925328,-84.045251,Casa de habitación,CRC,287.84,679431.69,68.73,790978.22,4157644.45,254089000,PER-007
AV-2025-002100,2-311056-121,Garantía hipotecaria,2025-09-28,2025-10-12,2025-10-22,Alajuela,Alajuela,Alajuela,10.027216,-84.224224,Apartamento,USD,102.77,728.16,61.45,896.56,180.97,130108,PER-006
AV-2025-002101,1-638875-100,Garantía hipotecaria,2025-05-01,2025-05-21,2025-05-28,San José,Escazú,Escazú,9.917586,-84.132914,Apartamento,USD,80.32,485.0,199.38,1591.18,24831.61,381036,PER-008
AV-2025-002102,2-972137,Garantía hipotecaria,2025-04-01,2025-04-20,2025-04-21,Alajuela,San Carlos,Quesada,10.340452,-84.37817,Casa de habitación,CRC,301.61,404570.26,116.86,669224.47,7009.08,200235000,PER-006
AV-2025-002103,4-585170,Seguro,2025-12-01,2025-12-21,2025-12-25,Heredia,Heredia,Heredia,10.12668,-84.761132,Edificio de oficinas,USD,1807.94,884.98,9132.91,1152.23,337687.54,12460891,PER-005
AV-2024-002104,4-772296,Actualización de garantía,2024-08-30,2024-08-31,2024-09-07,Heredia,San Rafael,San Rafael,10.033723,-84.082741,Casa de habitación,CRC,208.81,819308.74,129.8,506174.38,4979893.4,241761000,PER-007
AV-2025-002105,2-779358,Seguro,2025-01-23,2025-01-29,2025-02-04,Alajuela,San Ramón,San Ramón,10.064753,-84.446759,Terreno baldío rural,CRC,52988.38,78497.53,0.0,0.0,0.0,4159457000,PER-002
AV-2025-002106,3-737772,Actualización de garantía,2025-08-23,2025-08-29,2025-08-30,Cartago,Turrialba,Turrialba,9.955108,-83.703347,Casa de habitación,CRC,785.36,473572.23,386.04,315320.86,4214022.61,497865000,PER-008
AV-2026-002107,1-796870-211,Garantía hipotecaria,2026-01-01,2026-01-14,2026-01-25,San José,Tibás,San Juan,9.971814,-84.078934,Condominio horizontal,USD,358.24,633.3,216.26,777.68,11045.99,406100,PER-003
AV-2024-002108,1-413306,Actualización de garantía,2024-05-07,2024-05-23,2024-05-29,San José,Curridabat,Curridabat,9.916897,-84.044575,Edificio de oficinas,USD,871.44,760.14,3643.79,802.76,175786.95,3763292,PER-002
AV-2025-002109,3-874418,Leasing,2022-08-19,2022-09-06,2022-09-18,Cartago,Cartago,Oriental,9.873278,-83.929078,Terreno baldío urbano,CRC,1516.46,297789.32,0.0,0.0,0.0,451586000,PER-006
AV-2025-002110,1-120227-243,Seguro,2025-04-09,2025-04-26,2025-05-07,San José,Santa Ana,Santa Ana,9.92961,-84.17302,Apartamento,USD,98.99,592.5,82.89,1025.42,5115.16,148764,PER-007
AV-2025-002111,1-326682,Actualización de garantía,2025-11-13,2025-11-21,2025-11-30,San José,San José,Carmen,9.939027,-84.069789,Bodega o nave industrial,USD,4524.81,804.12,2212.36,654.5,24822.48,5111302,PER-005
AV-2025-002112,2-790108,Garantía hipotecaria,2025-09-25,2025-10-05,2025-10-07,Alajuela,San Ramón,San Ramón,10.074303,-84.473467,Casa de habitación,CRC,571.51,614678.73,343.58,494318.39,11085848.63,532219000,PER-001
AV-2025-002113,7-234368-024,Garantía hipotecaria,2025-05-06,2025-05-18,2025-05-23,Limón,Talamanca,Cahuita,9.690077,-82.808219,Apartamento,CRC,164.17,256672.14,383.27,287609.92,4747699.73,157118000,PER-002
AV-2024-002114,3-910753-234,Leasing,2024-09-17,2024-09-17,2024-09-24,Cartago,La Unión,Tres Ríos,9.896234,-83.979994,Apartamento,CRC,73.45,685463.21,77.32,753815.14,3318237.29,111950000,PER-001
AV-2026-002115,2-249225,Leasing,2022-12-20,2022-12-26,2023-01-05,Alajuela,Atenas,Atenas,9.946672,-84.404867,Finca agrícola,CRC,80022.15,24502.41,0.0,0.0,0.0,1960736000,PER-009
AV-2026-002116,1-157657,Actualización de garantía,2026-01-24,2026-01-24,2026-01-28,San José,Montes de Oca,San Pedro,9.939992,-84.045704,Casa de habitación,CRC,588.57,757381.99,60.13,630762.26,2304926.34,486005000,PER-003
AV-2025-002117,1-143949-368,Actualización de garantía,2025-09-25,2025-10-06,2025-10-13,San José,Escazú,Escazú,9.938169,-84.142227,Apartamento,USD,158.84,1003.73,0.0,0.0,3061.17,366374,PER-001
AV-2026-002118,1-415510,Garantía hipotecaria,2026-02-06,2026-02-26,2026-03-03,San José,Curridabat,Curridabat,9.912406,-84.032927,Terreno baldío urbano,USD,1537.02,326.79,0.0,0.0,0.0,502283,PER-002
AV-2024-002119,1-283422,Actualización de garantía,2024-11-14,2024-11-27,2024-12-03,San José,Pérez Zeledón,San Isidro de El General,9.377518,-83.746859,Terreno baldío urbano,CRC,657.72,109464.99,0.0,0.0,N/A,71997000,PER-003
AV-2025-002120,3-609329,Leasing,2025-08-13,2025-08-13,2025-08-16,Cartago,Paraíso,Paraíso,9.811165,-83.86517,Bodega o nave industrial,USD,12880.02,248.49,4924.76,736.16,57515.49,6883483,PER-008
AV-2025-002121,3-410656,Leasing,2025-11-23,2025-12-08,2025-12-11,Cartago,La Unión,Tres Ríos,9.918884,-83.988507,Terreno baldío urbano,USD,442.38,251.08,0.0,0.0,0.0,111073,PER-009
AV-2025-002122,2-594119-185,Actualización de garantía,2025-01-12,2025-01-23,2025-01-29,Alajuela,Alajuela,Alajuela,10.012907,-84.228112,Apartamento,USD,140.53,867.38,185.69,1618.37,9870.96,432279,PER-008
AV-2026-002123,1-307383-320,Actualización de garantía,2025-12-30,2026-01-08,2026-01-16,San José,San José,Carmen,9.933705,-84.072895,Apartamento,USD,165.55,607.77,270.39,1418.51,14832.3,499000,PER-007
AV-2025-002124,6-669303,Garantía hipotecaria,2025-10-17,2025-10-19,2025-10-23,Puntarenas,Quepos,Quepos,9.438609,-84.125724,Terreno baldío urbano,CRC,798.53,737857.29,0.0,0.0,0.0,589201000,PER-007
AV-2024-002125,2-557969,Actualización de garantía,2023-05-04,2023-05-24,2023-05-28,Alajuela,San Carlos,Quesada,10.281617,-84.464515,Casa de habitación,CRC,831.29,366672.83,523.78,594818.0,1044298.22,617410000,PER-003
AV-2025-003877,1-132633-295,Actualización de garantía,2025-10-16,2025-10-26,2025-10-29,San José,Montes de Oca,San Pedro,9.922733,-84.058696,Apartamento,USD,69.07,549.07,97.54,544.3,2454.79,93470,PER-006
AV-2024-002127,2-500322,Leasing,2024-11-10,2024-11-20,2024-11-21,Alajuela,Grecia,Grecia,10.093891,-84.349717,Casa de habitación,CRC,494.25,387046.3,49.89,473769.97,1728674.63,216663000,PER-001
AV-2025-002128,3-199271-099,Garantía hipotecaria,2025-01-27,2025-02-12,2025-02-24,Cartago,Paraíso,Paraíso,9.830496,-83.861418,Condominio horizontal,CRC,331.89,170440.46,170.42,307431.24,2605535.64,111565000,PER-006
AV-2025-002129,7-630805,Actualización de garantía,2025-08-04,2025-08-10,2025-08-17,Limón,Limón,Limón,9.981071,-83.020404,Casa de habitación,CRC,595.85,277574.14,262.53,553437.99,2148921.55,312836000,PER-007
AV-2025-002130,1-504063-357,Leasing,2025-05-18,2025-05-20,2025-05-31,San José,San José,Carmen,9.928384,-84.069441,Apartamento,USD,209.46,980.2,566.93,838.11,23161.88,703624,PER-009
AV-2024-002131,2-314661,Leasing,2024-11-04,2024-11-07,2024-11-19,Alajuela,San Ramón,San Ramón,10.110255,-84.463547,Local comercial,CRC,1785.76,493510.91,3564.37,322992.65,64196770.62,2096754000,PER-003
AV-2024-002132,6-997186,Actualización de garantía,2024-08-27,2024-09-06,2024-09-13,Puntarenas,Quepos,Quepos,9.400424,-84.128165,Casa de habitación,CRC,636.46,617054.68,250.63,668120.94,7616944.61,567799000,PER-001
AV-2025-002133,3-897475,Actualización de garantía,2023-08-17,2023-09-04,2023-09-08,Cartago,Cartago,Oriental,9.861102,-83.926606,Local comercial,CRC,2470.09,615517.86,4040.7,343429.01,44572164.49,2952650000,PER-008
AV-2026-002134,5-783894,Garantía hipotecaria,2026-02-09,2026-02-19,2026-02-23,Guanacaste,Liberia,Liberia,10.623987,-85.422403,Terreno baldío urbano,CRC,741.86,89069.38,0.0,0.0,0.0,66077000,PER-009
AV-2025-002135,4-132535-025,Leasing,2025-04-10,2025-04-28,2025-04-30,Heredia,Belén,San Antonio,9.978732,-84.19416,Apartamento,USD,119.63,941.33,150.68,504.15,3211.57,191788,PER-005
AV-2025-002136,1-882641,Garantía hipotecaria,2025-05-10,2025-05-19,2025-05-20,San José,Curridabat,Curridabat,9.919148,-84.045301,Casa de habitación,USD,924.83,695.57,623.36,1338.55,16561.95,1494244,PER-008
AV-2024-002137,3-981630,Actualización de garantía,2024-04-23,2024-05-04,2024-05-11,Cartago,Turrialba,Turrialba,9.956171,-83.667698,Local comercial,CRC,948.55,493771.26,1327.65,303466.21,14781402.22,886045000,PER-008
AV-2026-002138,1-798925,Leasing,2026-02-10,2026-02-20,2026-02-21,San José,Montes de Oca,San Pedro,9.917441,-84.051125,Edificio de oficinas,USD,1139.36,688.9,2311.71,1240.12,23091.18,3674794,PER-002
AV-2025-002139,1-238476,Seguro,2025-10-07,2025-10-27,2025-10-29,San José,Escazú,Escazú,9.932817,-84.142942,Casa de habitación,CRC,820.24,1072040.77,370.42,497817.15,9433802.28,1073166000,PER-004
AV-2025-002140,7-378353,Actualización de garantía,2025-07-11,2025-07-14,2025-07-15,Limón,Talamanca,Cahuita,9.696503,-82.893783,Terreno baldío urbano,CRC,602.25,237246.83,0.0,0.0,0.0,142882000,PER-005
AV-2025-002141,4-325069,Leasing,2025-07-28,2025-07-31,2025-08-06,Heredia,Sarapiquí,Puerto Viejo,10.448238,-83.934487,Finca agrícola,USD,244961.7,35.36,25244.1,834.79,1201623.64,30936992,
AV-2024-002142,4-339088,Garantía hipotecaria,2024-12-16,2024-12-18,2024-12-27,Heredia,Heredia,Heredia,-84.106414,9.986191,Casa de habitación,CRC,335.05,510814.39,219.2,847014.46,11420942.84,368235000,PER-001
AV-2025-002143,1-933061,Actualización de garantía,2025-05-30,2025-06-03,2025-06-10,San José,Pérez Zeledón,San Isidro de El General,9.394793,-83.732173,Local comercial,CRC,232.49,573360.83,109.53,375517.54,1259205.16,175690000,PER-006
AV-2026-002144,1-666610,Leasing,2026-01-08,2026-01-25,2026-02-01,San José,Santa Ana,Santa Ana,9.933858,-84.1639,Casa de habitación,USD,359.7,541.37,118.47,1020.52,8794.07,324426,PER-003
AV-2024-002145,4-910645-163,Leasing,2024-10-10,2024-10-04,2024-10-16,Heredia,Heredia,Heredia,10.001341,-84.113325,Condominio horizontal,CRC,369.97,213274.75,104.77,681018.44,5590711.96,155846000,PER-003
AV-2025-002146,1-320839,Leasing,2023-09-05,2023-09-10,2023-09-20,San José,San José,Carmen,9.932077,-84.064734,Local comercial,USD,1021.49,713.94,668.77,1578.39,43538.65,1828401,PER-002
AV-2025-002147,1-807769,Actualización de garantía,2025-09-02,2025-09-10,2025-09-17,San José,Goicoechea,Guadalupe,9.940803,-84.04748,Bodega o nave industrial,USD,2888.9,375.22,603.33,1282.35,3921.88,1861575,PER-009
AV-2025-002148,4-942800,Contable,2025-06-21,2025-07-01,2025-07-07,Heredia,Belén,San Antonio,9.980918,-84.196405,Casa de habitación,USD,632.25,612.58,120.5,605.69,5358.13,465647,PER-002
AV-2024-002149,1-374388,Garantía hipotecaria,2023-10-17,2023-10-24,2023-11-05,San José,Goicoechea,Guadalupe,9.937216,-84.056615,Casa de habitación,CRC,302.7,746681.67,197.04,311012.88,4210202.75,291513000,PER-009
AV-2025-002150,3-933590,Compraventa,2025-10-23,2025-10-31,2025-11-12,Cartago,La Unión,Tres Ríos,9.919771,-83.995332,Terreno baldío urbano,CRC,1489.64,1015033.14,0.0,0.0,0.0,1512034000,PER-003
AV-2025-002151,1-724819,Actualización de garantía,2025-09-26,2025-10-12,2025-10-21,San José,San José,Carmen,9.93668,-84.077865,Bodega o nave industrial,USD,5645.73,397.84,2440.53,1085.26,187054.5,5081761,PER-001
AV-2025-002152,4-164136,Garantía hipotecaria,2025-06-28,2025-07-01,2025-07-12,Heredia,Sarapiquí,Puerto Viejo,10.464111,-84.087293,Casa de habitación,CRC,205.94,281367.18,101.74,600338.38,3708471.77,122732000,PER-008
AV-2025-002153,,Leasing,2025-02-05,2025-02-14,2025-02-20,Puntarenas,Puntarenas,Puntarenas,9.988071,-84.837555,Terreno baldío rural,CRC,10931.58,126096.54,0.0,0.0,0.0,1378434000,PER-007
AV-2025-002154,1-640343,Actualización de garantía,2025-01-13,2025-02-02,2025-02-12,San José,San José,Carmen,9.934331,-84.078909,Terreno baldío urbano,CRC,1639.14,413357.23,0.0,0.0,18592496.69,696143000,PER-006
AV-2024-002155,1-201184,Garantía hipotecaria,2024-10-22,2024-10-27,2024-11-01,San José,Santa Ana,Santa Ana,-84.188067,9.951224,Casa de habitación,CRC,673.98,981597.52,107.19,623843.57,4821319.56,733268000,PER-004
AV-2025-002156,2-857415,Garantía hipotecaria,2025-11-28,2025-12-04,2025-12-09,Alajuela,San Carlos,Quesada,10.902846,-84.279348,Finca agrícola,CRC,25800.14,47175.59,898.53,260256.0,7028165.98,1458013000,PER-009
AV-2025-002157,4-706875-232,Garantía hipotecaria,2025-04-25,2025-05-02,2025-05-13,Heredia,Heredia,Heredia,9.550544,-83.510348,Apartamento,USD,171.97,906.46,137.75,1049.96,7575.3,308091,PER-004
AV-2024-002158,2-170778,Garantía hipotecaria,2024-11-18,2024-11-27,2024-11-30,Alajuela,San Ramón,San Ramón,10.122298,-84.462007,Local comercial,CRC,1921.03,518169.64,1349.05,439862.92,29232405.81,1618049000,PER-009
AV-2025-002159,3-757056,Leasing,2025-07-24,2025-08-07,2025-08-18,Cartago,Turrialba,Turrialba,9.894828,-83.69936,Casa de habitación,CRC,465.79,290312.25,105.45,660003.05,2361595.5,207183000,PER-009
AV-2025-002160,4-196437,Garantía hipotecaria,2025-01-29,2025-02-06,2025-02-18,Heredia,Santo Domingo,Santo Domingo,9.985912,-84.089554,Terreno baldío urbano,CRC,1439.44,265027.63,0.0,0.0,0.0,381491000,PER-003
AV-2025-002161,1-123554,Leasing,2025-10-21,2025-10-27,2025-11-07,San José,Goicoechea,Guadalupe,9.952941,-84.059967,Casa de habitación,CRC,566.64,868539.27,270.32,354913.03,1388865.1,589478000,PER-002
AV-2025-002162,1-397591-384,Actualización de garantía,2021-05-19,2021-06-03,2021-06-11,San José,Curridabat,Curridabat,9.929007,-84.040617,Condominio horizontal,USD,312.26,427.83,217.97,1452.74,14119.77,464368,PER-006
AV-2025-002163,1-995081,Leasing,2025-04-21,2025-04-23,2025-05-05,San José,Curridabat,Curridabat,9.921848,-84.036157,Casa de habitación,CRC,419.53,821386.41,291.51,428591.94,1973431.46,471509000,PER-009
AV-2025-002164,3-150251,Actualización de garantía,2025-06-22,2025-06-24,2025-06-29,Cartago,La Unión,Tres Ríos,9.92108,-83.99764,Bodega o nave industrial,USD,12884.48,164.39,3569.61,947.16,224375.53,5723447,PER-006
AV-2025-002165,5-934114,Leasing,2025-11-08,2025-11-23,2025-11-27,Guanacaste,Santa Cruz,Tamarindo,10.335315,-85.822088,Casa de habitación,CRC,399.01,4980492.46,163.27,473510.55,5729771.39,2070306000,PER-003
AV-2025-002166,1-415618,Contable,2025-08-20,2025-08-22,2025-08-26,San José,Desamparados,Desamparados,9.90593,-84.060887,Casa de habitación,CRC,261.8,363358.26,33.0,333128.32,94357.38,106215000,PER-001
AV-2025-002167,5-279460,Leasing,2025-11-12,2025-11-16,2025-11-28,Guanacaste,Nicoya,Nicoya,10.126283,-85.463523,Terreno baldío urbano,CRC,677.3,125921.55,0.0,0.0,1187070.04,86474000,
AV-2026-002168,1-357985,Actualización de garantía,2026-01-08,2026-01-23,2026-01-29,San José,Puriscal,Santiago,9.889769,-84.268741,Finca agrícola,USD,69890.56,40.16,7783.22,1239.43,173733.88,12627295,PER-004
AV-2026-002169,4-522091,Leasing,2026-02-17,2026-02-23,2026-02-24,Heredia,Santo Domingo,Santo Domingo,9.38159,-84.209045,Bodega o nave industrial,USD,7039.75,301.46,2063.02,1638.72,18913.6,5521829,PER-007
AV-2025-002170,5-468799,Seguro,2025-02-05,2025-02-25,2025-03-01,Guanacaste,Nicoya,Nicoya,10.124336,-85.428864,Casa de habitación,CRC,138.62,460022.97,47.52,332190.41,45653.19,79600000,PER-001
AV-2025-002171,2-883048-268,Actualización de garantía,2025-09-30,2025-10-15,2025-10-25,Alajuela,Alajuela,Alajuela,10.386127,-83.436599,Condominio horizontal,USD,331.72,654.06,115.68,889.6,8044.16,327918,PER-007
AV-2024-002172,3-243711-274,Actualización de garantía,2024-11-01,2024-11-16,2024-11-21,Cartago,Paraíso,Paraíso,9.839135,-83.875804,Condominio horizontal,USD,439.43,257.99,318.47,1205.1,9445.46,506602,PER-002
AV-2025-002173,1-375861,Garantía hipotecaria,2025-06-30,2025-07-13,2025-07-20,San José,Puriscal,Santiago,9.7854,-84.311428,Finca agrícola,CRC,153409.89,8044.19,15534.46,819862.91,375457743.34,14345644000,PER-005
AV-2024-002174,4-878863,Garantía hipotecaria,2022-10-06,2022-10-07,2022-10-12,Heredia,Heredia,Heredia,9.992967,-84.113045,Bodega o nave industrial,CRC,1659.78,680683.23,662.13,554977.01,3325846.57,1500577000,PER-002
AV-2024-002175,1-599773,Seguro,2024-07-10,2024-07-11,2024-07-15,San José,Desamparados,Desamparados,9.913749,-84.075214,Casa de habitación,CRC,272.58,615131.16,188.31,553275.26,1013150.18,272873000,PER-007
AV-2025-002176,1-122618,Actualización de garantía,2024-12-28,2025-01-14,2025-01-26,San José,San José,Carmen,9.93798,-84.074491,Local comercial,CRC,2357.41,4445487.63,2555.5,318228.94,26190542.99,11319262000,PER-004
AV-2025-002177,2-334611,Actualización de garantía,2021-12-04,2021-12-08,2021-12-13,Alajuela,San Ramón,San Ramón,10.123635,-84.460415,Terreno baldío urbano,CRC,301.46,63395.61,0.0,0.0,0.0,19111000,PER-003
AV-2025-002178,1-484538-299,Garantía hipotecaria,2025-10-05,2025-10-06,2025-10-07,San José,Santa Ana,Santa Ana,9.922725,-84.187375,Apartamento,USD,100.55,524.84,0.0,0.0,1394.67,54167,PER-004
AV-2024-002179,2-269333,Compraventa,2024-08-16,2024-08-22,2024-08-31,Alajuela,Alajuela,Alajuela,10.00655,-84.207309,Local comercial,CRC,1572.21,1289551.77,1960.27,735996.28,12127050.42,3482325000,PER-004
AV-2025-002180,3-943641-083,Seguro,2025-11-13,2025-11-13,2025-11-18,Cartago,Cartago,Oriental,9.852298,-83.915022,Apartamento,CRC,88.53,620341.44,196.34,647916.64,6719606.25,188850000,PER-008
AV-2024-002181,3-770433,Contable,2024-10-28,2024-11-01,2024-11-06,Cartago,Paraíso,Paraíso,9.836366,-83.858905,Casa de habitación,CRC,475.41,869304.7,68.64,406852.14,1965721.92,443168000,PER-002
AV-2026-002182,4-262836-028,Garantía hipotecaria,2025-12-24,2026-01-12,2026-01-16,Heredia,Belén,San Antonio,9.984773,-84.173379,Apartamento,USD,213.17,853.56,340.09,1013.78,8507.81,535238,PER-005
AV-2025-002183,5-224960,Actualización de garantía,2025-03-30,2025-03-31,2025-04-11,Guanacaste,Nicoya,Nicoya,10.167868,-85.435773,Terreno baldío urbano,CRC,448.78,77311.49,0.0,0.0,853535.11,35549000,PER-002
AV-2025-002184,3-852991,Leasing,2025-04-27,2025-05-01,2025-05-02,Cartago,Cartago,Oriental,9.866202,-83.932552,Local comercial,CRC,1698.86,1205933.25,1444.56,588777.7,46813615.65,2946050000,PER-005
AV-2025-002185,6-935660,Actualización de garantía,2023-08-27,2023-09-04,2023-09-14,Puntarenas,Puntarenas,Puntarenas,9.983188,-84.806163,Finca agrícola,CRC,147805.39,75567.36,18490.74,760038.92,730466684.22,25953412000,PER-007
AV-2024-002186,1-348758-125,Leasing,2024-10-27,2024-10-27,2024-11-02,San José,Curridabat,Curridabat,9.930037,-84.025414,Apartamento,CRC,133.82,1288029.83,323.78,396481.63,7030422.66,307767000,PER-009
AV-2025-002187,2-471979,Garantía hipotecaria,2025-03-29,2025-04-08,2025-04-11,Alajuela,San Carlos,Quesada,10.290531,-84.40954,Local comercial,CRC,2808.96,355872.78,1961.23,494420.76,16363784.22,1985669000,PER-005
AV-2025-002188,1-336650,Garantía hipotecaria,2025-10-16,2025-10-30,2025-11-11,San José,Desamparados,Desamparados,9.906565,-84.060114,Terreno baldío urbano,CRC,699.2,207559.32,0.0,0.0,1206190.72,146332000,PER-006
AV-2026-002189,3-986336,Actualización de garantía,2025-12-31,2026-01-01,2026-01-11,Cartago,Cartago,Oriental,9.849604,-83.923406,Casa de habitación,CRC,1124.34,1194889.3,232.38,424126.46,3940018.86,1445960000,PER-006
AV-2025-002190,1-775184-042,Actualización de garantía,2025-01-21,2025-01-27,2025-01-31,San José,Escazú,Escazú,9.913779,-84.139509,Condominio horizontal,USD,312.62,944.94,83.86,1040.26,1579.46,384223,PER-004
AV-2024-002191,1-562162-181,Garantía hipotecaria,2024-08-20,2024-08-23,2024-08-25,San José,Santa Ana,Santa Ana,9.927469,-84.196966,Apartamento,USD,165.85,947.82,262.08,1072.48,14020.59,452292,PER-008
AV-2025-002192,7-282086,Garantía hipotecaria,2025-08-01,2025-08-14,2025-08-17,Limón,Pococí,Guápiles,10.187967,-83.769526,Casa de habitación,CRC,987.3,296073.83,194.76,487184.89,3588600.09,390786000,PER-001
AV-2026-002193,5-582858,Seguro,2021-11-15,2021-11-15,2021-11-24,Guanacaste,Liberia,Liberia,10.59644,-85.443586,Terreno baldío rural,CRC,13345.59,77303.45,0.0,0.0,0.0,1031660000,PER-009
AV-2024-002194,1-826547,Actualización de garantía,2024-04-29,2024-05-17,2024-05-19,San José,Puriscal,Santiago,9.821473,-84.384019,Terreno baldío urbano,CRC,903.84,15650.93,0.0,0.0,212698.22,14359000,PER-005
AV-2025-002195,2-152442,Garantía hipotecaria,2025-08-20,2025-09-06,2025-09-16,Alajuela,Upala,Upala,10.935849,-84.998282,Finca agrícola,CRC,238708.49,7137.39,13227.08,748436.06,82302848.01,11685682000,PER-009
AV-2025-002196,1-530134-181,Seguro,2025-05-26,2025-05-27,2025-06-02,San José,Escazú,Escazú,9.938181,-84.138029,Condominio horizontal,USD,489.17,503.33,321.12,1456.74,27330.61,741333,PER-002
AV-2025-002197,2-173284,Seguro,2025-04-23,2025-05-04,2025-05-09,Alajuela,San Ramón,San Ramón,10.056341,-84.487316,Local comercial,CRC,998.45,317471.23,1555.55,539554.37,41299893.78,1197583000,PER-008
AV-2024-002198,6-239485,Compraventa,2024-06-26,2024-06-27,2024-06-28,Puntarenas,Puntarenas,Puntarenas,9.958335,-84.829492,Finca agrícola,CRC,194079.95,124012.68,6683.24,250012.77,6517568.99,25745788000,PER-003
AV-2025-002199,6-583870,Actualización de garantía,2025-11-13,2025-11-16,2025-11-23,Puntarenas,Garabito,Jacó,9.624588,-84.625139,Casa de habitación,CRC,295.66,1212537.72,65.64,832008.75,96519.57,413208000,PER-007
AV-2025-002200,1-499379,Seguro,2025-06-12,2025-06-26,2025-06-29,San José,Goicoechea,Guadalupe,9.955877,-84.063102,Local comercial,CRC,1579.38,479690.68,714.11,306001.52,N/A,981804000,PER-003
AV-2026-002201,1-565229,Actualización de garantía,2026-01-06,2026-01-10,2026-01-15,San José,Puriscal,Santiago,9.834914,-84.329518,Terreno baldío urbano,CRC,743.97,33023.13,0.0,0.0,180794.98,24749000,PER-001
AV-2025-002202,7-559710,Seguro,2025-03-24,2025-03-29,2025-04-08,Limón,Limón,Limón,9.99182,-83.032509,Terreno baldío urbano,CRC,1650.47,163356.91,0.0,0.0,0.0,269616000,PER-007
AV-2026-002203,4-527252,Garantía hipotecaria,2026-01-27,2026-02-07,N/A,Heredia,San Rafael,San Rafael,10.193325,-84.52962,Casa de habitación,CRC,247.98,614321.32,82.68,804801.81,3965163.97,222846000,PER-007
AV-2024-002204,1-982926,Compraventa,2024-12-17,2024-12-30,2025-01-07,San José,San José,Carmen,9.937797,-84.078115,Casa de habitación,CRC,494.88,946213.81,190.77,526865.23,3590937.09,572363000,PER-006
AV-2025-002205,3-868241-282,Garantía hipotecaria,2025-08-08,2025-08-27,2025-09-03,Cartago,Paraíso,Paraíso,9.844582,-83.886421,Apartamento,USD,173.94,371.22,86.6,981.19,4809.04,154350,PER-006
AV-2025-002206,1-271294-006,Garantía hipotecaria,2025-04-17,2025-03-24,2025-04-04,San José,Goicoechea,Guadalupe,9.938799,-84.04316,Apartamento,USD,88.72,221.87,112.01,750.14,6582.83,110290,PER-003
AV-2024-002207,5-899894,Actualización de garantía,2024-11-03,2024-11-10,2024-11-16,Guanacaste,Nicoya,Nicoya,10.190843,-85.475815,Local comercial,CRC,286.68,728675.1,106.75,332717.48,2469228.37,246883000,PER-003
AV-2024-002208,5-998930-213,Seguro,2024-04-06,2024-04-14,2024-04-19,Guanacaste,Santa Cruz,Tamarindo,9.471344,-86.055185,Condominio horizontal,USD,378.28,222.24,130.63,1578.83,9924.92,300236,PER-003
AV-2025-002209,3-999611,Garantía hipotecaria,2025-06-21,2025-07-11,2025-07-18,Cartago,Cartago,Oriental,9.875767,-83.921926,Terreno baldío urbano,CRC,546.8,372651.79,0.0,0.0,0.0,203766000,PER-008
AV-2024-002210,2-696469,Garantía hipotecaria,2024-08-22,2024-09-03,2024-09-09,Alajuela,Alajuela,Alajuela,10.02469,-84.224731,Local comercial,CRC,1918.21,582189.55,1744.75,431303.7,16974247.89,1886253000,PER-002
AV-2025-002211,5-435018,Leasing,2025-10-31,2025-11-12,2025-11-14,Guanacaste,Santa Cruz,Tamarindo,10.310196,-85.876908,Casa de habitación,CRC,219.94,903581.72,82.36,690504.04,2332039.87,257936000,PER-005
AV-2025-002212,1-791696,Actualización de garantía,2025-02-27,2025-03-12,2025-03-13,San José,Goicoechea,Guadalupe,9.935451,-84.055209,Terreno baldío urbano,CRC,761.11,260453.79,0.0,0.0,0.0,198234000,PER-009
AV-2025-002213,2-344062,Contable,2025-06-08,2025-06-11,2025-06-20,Alajuela,Atenas,Atenas,9.965044,-84.41738,Terreno baldío rural,CRC,17765.77,72255.71,0.0,0.0,0.0,1283678000,PER-002
AV-2025-002214,1-259391,Garantía hipotecaria,2025-10-24,2025-11-06,2025-11-09,San José,Escazú,Escazú,9.933861,-84.128459,Local comercial,CRC,598.77,976504.32,572.63,369404.11,1137121.73,797370000,PER-003
AV-2025-002215,1-476515-315,Actualización de garantía,2023-02-04,2023-02-08,2023-02-10,San José,Santa Ana,Santa Ana,9.924412,-84.197541,Condominio horizontal,USD,293.07,861.89,77.01,1655.07,9285.59,389337,PER-003
AV-2025-002216,1-282515,Actualización de garantía,2025-09-28,2025-10-12,2025-10-16,San José,Goicoechea,Guadalupe,9.960304,-84.059412,Terreno baldío urbano,CRC,1157.09,225057.37,0.0,0.0,4667787.35,265079000,PER-009
AV-2025-002217,1-233970,Leasing,2022-11-12,2022-11-29,2022-12-04,San José,Escazú,Escazú,9.935008,-84.135464,Bodega o nave industrial,CRC,12189.66,403677.29,0.0,0.0,209062926.65,7895721000,PER-009
AV-2025-002218,2-566980,Garantía hipotecaria,2025-05-07,2025-05-22,2025-05-23,Alajuela,Atenas,Atenas,9.999596,-84.387884,Finca agrícola,CRC,263755.33,49193.84,0.0,0.0,0.0,12975138000,PER-009
AV-2025-002219,2-351663,Seguro,2025-09-30,2025-10-13,2025-10-20,Alajuela,Atenas,Atenas,9.977761,-84.40333,Finca agrícola,CRC,112688.43,21247.02,9181.82,814421.66,480802609.52,10352969000,PER-008
AV-2025-002220,5-241812,Leasing,2025-01-28,2025-02-02,2025-02-12,Guanacaste,Nicoya,Nicoya,10.138311,-85.47184,Casa de habitación,CRC,395.67,84837.65,237.79,747183.52,2372055.94,237490000,PER-003
AV-2025-002221,4-193534-169,Garantía hipotecaria,2025-09-25,2025-10-02,2025-10-07,Heredia,Belén,San Antonio,9.965011,-84.17686,Apartamento,USD,90.29,1081.0,30.45,1306.76,659.2,138054,PER-003
AV-2024-002222,4-665466,Leasing,2024-11-19,2024-11-28,2024-12-05,Heredia,Santo Domingo,Santo Domingo,9.98452,-84.101323,Terreno baldío urbano,CRC,558.79,83123.43,0.0,0.0,0.0,46449000,PER-005
AV-2025-002223,7-855297,Garantía hipotecaria,2025-10-16,2025-10-26,2025-10-28,Limón,Talamanca,Cahuita,9.727996,-82.841724,Casa de habitación,CRC,859.07,947895.85,589.26,611577.65,23048096.99,1197735000,PER-003
AV-2026-002224,2-895023,Garantía hipotecaria,2025-12-30,2026-01-04,2026-01-14,Alajuela,Atenas,Atenas,9.947247,-84.378099,Casa de habitación,CRC,294.29,453958.3,63.34,451336.95,530805.37,162714000,PER-006
AV-2025-002225,1-501936,Seguro,2025-03-24,2025-04-07,2025-04-17,San José,Curridabat,Curridabat,9.928601,-84.037654,Casa de habitación,CRC,295.35,880063.32,147.11,566459.45,1330762.69,344589000,PER-009
AV-2025-002226,5-204963,Leasing,2025-08-10,2025-08-19,2025-08-24,Guanacaste,Carrillo,Sardinal,10.518942,-85.711102,Terreno baldío rural,CRC,18094.99,80450.13,0.0,0.0,0.0,1455744000,PER-002
AV-2024-002227,1-870335,Actualización de garantía,2024-06-16,2024-06-20,2024-06-23,San José,Tibás,San Juan,9.952108,-84.089349,Casa de habitación,USD,427.09,883.19,283.75,802.83,8517.78,613522,PER-001
AV-2025-002228,4-987850,Compraventa,2025-09-12,2025-09-30,2025-10-12,Heredia,Heredia,Heredia,10.010506,-84.123416,Casa de habitación,USD,833.82,976.68,186.87,1269.24,18119.74,1069678,PER-005
AV-2025-002229,4-305530-386,Contable,2025-12-18,2025-12-31,2026-01-03,Heredia,Heredia,Heredia,10.007962,-84.111487,Condominio horizontal,CRC,342.44,544308.56,240.88,661705.61,8065917.33,353851000,PER-002
AV-2025-002230,4-686936,Seguro,2025-07-10,2025-07-28,2025-07-30,Heredia,Belén,San Antonio,9.969042,-84.188967,Edificio de oficinas,CRC,2034.36,1113340.57,2828.19,717319.64,94597684.97,4388249000,PER-001
AV-2025-002231,1-704190-079,Actualización de garantía,2021-06-09,2021-06-14,2021-06-26,San José,Curridabat,Curridabat,9.927874,-84.03325,Apartamento,USD,89.52,863.83,254.67,1375.37,3379.47,430975,PER-003
AV-2025-002232,4-938707,Seguro,2025-09-26,2025-09-29,2025-10-07,Heredia,San Rafael,San Rafael,10.036277,-84.082941,Local comercial,USD,238.06,364.4,89.15,1619.17,3485.8,234584,PER-005
AV-2024-002233,2-511911,Leasing,2024-11-07,2024-11-13,2024-11-14,Alajuela,Atenas,Atenas,9.389434,-83.772352,Terreno baldío urbano,CRC,1616.28,11594.92,0.0,0.0,0.0,18741000,PER-004
AV-2025-002234,1-670657,Actualización de garantía,2025-09-17,2025-09-28,2025-10-06,San José,Santa Ana,Santa Ana,9.859359,-84.66264,Bodega o nave industrial,USD,5407.04,822.75,3375.49,816.78,212891.88,7418567,PER-001
AV-2024-002235,1-594192,Garantía hipotecaria,2024-11-09,2024-11-11,2024-11-20,San José,Pérez Zeledón,San Isidro de El General,9.334701,-83.653718,Casa de habitación,USD,641.11,110.65,128.84,979.73,1617.99,198785,PER-005
AV-2025-002236,6-972302,Garantía hipotecaria,2025-10-05,2025-10-18,2025-10-27,Puntarenas,Quepos,Quepos,9.413406,-84.204769,Casa de habitación,CRC,335.78,1080454.55,112.14,370541.01,2090884.63,406438000,PER-003
AV-2026-002237,6-604083,Actualización de garantía,2023-02-06,2023-02-10,2023-02-17,Puntarenas,Quepos,Quepos,9.420289,-84.12866,Terreno baldío urbano,CRC,409.58,247531.79,0.0,0.0,1930853.86,103315000,PER-007
AV-2025-002238,1-567629-245,Seguro,2025-11-11,2025-11-20,2025-11-27,San José,Montes de Oca,San Pedro,9.933484,-84.03863,Apartamento,USD,113.61,415.59,304.73,1157.0,15993.67,415781,N/A
AV-2025-002239,1-868218-386,Actualización de garantía,2025-08-03,2025-08-18,2025-08-19,San José,Escazú,Escazú,9.924448,-84.125077,Condominio horizontal,USD,554.82,954.12,220.45,1561.93,5321.35,879014,PER-006
AV-2025-002240,4-531727,Garantía hipotecaria,2025-07-29,2025-08-12,2025-08-21,Heredia,Belén,San Antonio,9.972409,-84.173094,Edificio de oficinas,USD,1145.64,466.32,6605.15,1190.56,485315.51,8883378,PER-007
AV-2025-002241,5-701691,Garantía hipotecaria,2025-11-05,2025-11-10,2025-11-17,Guanacaste,Liberia,Liberia,10.621171,-85.436616,Casa de habitación,CRC,231.64,444809.26,36.62,668730.32,1487450.33,129012000,PER-006
AV-2025-002242,4-680959,Leasing,2025-02-02,2025-02-21,2025-02-25,Heredia,Heredia,Heredia,9.992167,-84.118178,Casa de habitación,CRC,501.32,748338.55,174.42,622961.32,6615038.74,490429000,PER-008
AV-2024-002243,1-262047,Actualización de garantía,2023-07-14,2023-07-31,2023-08-12,San José,Goicoechea,Guadalupe,9.947989,-84.057581,Casa de habitación,USD,644.03,161.29,365.94,1291.34,27242.06,603671,PER-009
AV-2025-002244,6-249012,Actualización de garantía,2025-07-08,2025-07-21,2025-08-01,Puntarenas,Puntarenas,Puntarenas,9.963871,-84.807417,Terreno baldío urbano,CRC,1023.93,65177.28,0.0,0.0,957114.62,67694000,PER-003
AV-2024-002245,4-267584-370,Garantía hipotecaria,2024-07-14,2024-07-16,2024-07-21,Heredia,Heredia,Heredia,10.006884,-84.103742,Apartamento,USD,140.44,631.52,279.73,565.27,7928.03,254742,PER-008
AV-2024-002246,4-471562,Leasing,2024-09-18,2024-10-08,2024-10-14,Heredia,Santo Domingo,Santo Domingo,9.984913,-84.076958,Bodega o nave industrial,USD,2163.3,377.29,609.18,643.02,29733.52,1237640,PER-009
AV-2025-002247,5-962111,Leasing,2025-07-17,2025-08-04,2025-08-14,Guanacaste,Nicoya,Nicoya,10.123771,-85.46966,Casa de habitación,CRC,522.15,263871.53,334.57,767821.92,986923.45,395658000,PER-003
AV-2025-002248,3-831417,Garantía hipotecaria,2025-02-13,2025-03-02,2025-03-11,Cartago,Cartago,Oriental,9.851698,-83.917343,Edificio de oficinas,USD,2226.71,830.55,2709.01,860.9,2585.77,4184166,PER-003
AV-2026-002249,1-870500,Garantía hipotecaria,2026-01-01,2026-01-01,2026-01-09,San José,Goicoechea,Guadalupe,9.945953,-84.047551,Casa de habitación,USD,520.0,436.79,94.47,1137.27,3450.92,338020,PER-008
AV-2024-002250,4-974391,Leasing,2024-06-28,2024-07-14,2024-07-21,Heredia,Belén,San Antonio,9.983254,-84.187775,Bodega o nave industrial,USD,13746.47,747.0,2997.76,1307.89,83707.51,14273061,PER-009
AV-2024-002251,5-668248-357,Seguro,2023-03-31,2023-04-04,2023-04-12,Guanacaste,Carrillo,Sardinal,10.486257,-85.686342,Apartamento,USD,68.29,1789.62,118.4,652.4,5787.75,205245,PER-002
AV-2024-002252,6-877578,Garantía hipotecaria,2024-11-26,2024-12-06,2024-12-10,Puntarenas,Quepos,Quepos,9.422378,-84.191409,Casa de habitación,CRC,456.8,704225.67,53.68,752162.84,558182.34,362625000,PER-008
AV-2025-002253,4-788353,Garantía hipotecaria,2025-09-17,2025-10-03,2025-10-14,Heredia,Sarapiquí,Puerto Viejo,10.447438,-84.091458,Finca agrícola,CRC,159424.67,23316.09,10465.64,539302.83,324646506.26,9685956000,PER-004
AV-2025-002254,1-667529,Leasing,2025-11-16,2025-12-02,2025-12-11,San José,Puriscal,Santiago,9.823185,-84.344546,Terreno baldío urbano,CRC,521.02,9864.11,0.0,0.0,0.0,5139000,PER-007
AV-2025-002255,6-630886,Leasing,2023-07-26,2023-07-14,2023-07-24,Puntarenas,Puntarenas,Puntarenas,9.95493,-84.83213,Finca agrícola,CRC,195226.91,129875.3,13653.1,842114.38,145118814.69,36997744000,PER-003
AV-2025-002256,2-327257,Actualización de garantía,2025-05-19,2025-05-28,2025-06-06,Alajuela,San Carlos,Quesada,10.333206,-84.472396,Casa de habitación,USD,229.7,270.53,24.9,1354.44,507.35,96374,PER-008
AV-2026-002257,3-416397,Garantía hipotecaria,2026-01-02,2026-01-15,2026-01-24,Cartago,La Unión,Tres Ríos,9.911901,-83.998823,Casa de habitación,CRC,744.54,577918.56,385.37,829548.85,18851562.37,768818000,PER-001
AV-2025-002258,1-581218-352,Garantía hipotecaria,2025-12-13,2025-12-16,2025-12-27,San José,Montes de Oca,San Pedro,9.926526,-84.054316,Apartamento,USD,202.1,468.35,412.32,1522.38,46669.3,769031,PER-009
AV-2025-002259,1-585367,Actualización de garantía,2025-01-17,2025-01-18,2025-01-20,San José,Curridabat,Curridabat,9.91246,-84.039411,Casa de habitación,CRC,278.71,689332.16,167.34,470976.09,2217638.95,273155000,PER-007
AV-2025-002260,2-324675,Actualización de garantía,2024-02-07,2024-02-09,2024-02-10,Alajuela,Grecia,Grecia,10.053925,-84.30157,Terreno baldío urbano,CRC,1557.95,148951.33,0.0,0.0,0.0,232059000,PER-006
AV-2025-002261,1-640503,Actualización de garantía,2025-06-28,2025-07-03,,San José,Tibás,San Juan,9.963376,-84.094333,Casa de habitación,CRC,809.2,537800.19,367.1,618413.48,12404877.88,674612000,PER-002
AV-2024-002262,1-314897,Garantía hipotecaria,2023-06-20,2023-07-06,2023-07-18,San José,Tibás,San Juan,9.968322,-84.084418,Local comercial,CRC,1786.42,514322.07,1235.43,692425.42,32231678.61,1806470000,PER-003
AV-2025-002263, ,Contable,2022-10-27,2022-11-14,2022-11-20,Heredia,San Rafael,San Rafael,10.024861,-84.081482,Casa de habitación,CRC,448.54,851474.09,147.63,454171.11,3164533.5,452134000,PER-003
AV-2024-002264,1-990876-319,Garantía hipotecaria,2024-08-03,2024-08-06,2024-08-18,San José,Curridabat,Curridabat,9.921681,-84.045952,Apartamento,USD,139.54,488.67,343.65,514.01,10031.31,254860,PER-005
AV-2025-002265,2-616198,Garantía hipotecaria,2025-06-01,2025-06-21,2025-06-25,Alajuela,San Carlos,Quesada,10.360626,-84.453488,Casa de habitación,CRC,424.02,553541.23,241.23,637735.78,10080000.18,398634000,PER-007
AV-2024-002266,3-387522-108,Actualización de garantía,2024-10-25,2024-11-08,2024-11-19,Cartago,Cartago,Oriental,9.858147,-83.930164,Condominio horizontal,USD,368.92,659.39,265.15,1123.21,2998.28,544080,PER-008
AV-2025-002267,2-534828,Actualización de garantía,2025-10-18,2025-10-25,2025-10-30,Alajuela,Alajuela,Alajuela,10.000389,-84.209596,Casa de habitación,CRC,1075.37,656520.15,349.19,311112.39,2969819.47,817609000,PER-007
AV-2026-002268,5-147225,Actualización de garantía,2026-02-01,2026-02-10,2026-02-14,Guanacaste,Santa Cruz,Tamarindo,10.274475,-85.817804,Casa de habitación,USD,512.86,1829.77,255.17,1556.47,9166.16,1344746,PER-005
AV-2025-002269,2-959955,Garantía hipotecaria,2025-01-12,2025-01-27,2025-01-29,Alajuela,Alajuela,Alajuela,10.005167,-84.208573,Casa de habitación,USD,555.68,923.43,384.08,837.32,99.75,834829,PER-005
AV-2024-002270,2-351070,Garantía hipotecaria,2023-06-05,2023-06-13,2023-06-25,Alajuela,Atenas,Atenas,9.940297,-84.389596,Casa de habitación,CRC,221.54,442276.9,146.22,504362.63,443184.1,172173000,PER-008
AV-2025-002271,1-990190,Compraventa,2025-10-06,2025-10-14,2025-10-18,San José,Escazú,Escazú,9.90859,-84.15913,Local comercial,CRC,649.55,470119.44,243.12,416096.81,5098487.47,411626000,PER-007
AV-2025-002272,6-642572,Leasing,2025-10-12,2025-10-29,2025-11-05,Puntarenas,Puntarenas,Puntarenas,9.956813,-84.829003,Casa de habitación,CRC,342.1,654046.06,90.19,707364.7,1814969.16,289361000,PER-002
AV-2024-002273,2-765857,Actualización de garantía,2024-11-24,2024-12-02,2024-12-06,Alajuela,Atenas,Atenas,9.984845,-84.406145,Casa de habitación,CRC,583.66,1298653.63,365.45,345678.25,379661.67,884680000,PER-009
AV-2025-002274,2-517048,Leasing,2025-06-02,2025-06-10,2025-06-17,Alajuela,Alajuela,Alajuela,10.01987,-84.228544,Casa de habitación,USD,356.81,910.48,78.07,1607.16,9000.89,459340,PER-005
AV-2025-002275,4-722432,Leasing,2025-07-06,2025-07-22,2025-08-03,Heredia,Belén,San Antonio,9.970479,-84.172941,Local comercial,CRC,1062.75,457688.26,1971.1,575663.9,36558280.93,1657658000,PER-001
AV-2025-002276,1-694961,Garantía hipotecaria,2025-10-27,2025-11-13,2025-11-20,San José,Goicoechea,Guadalupe,9.952311,-84.039347,Terreno baldío urbano,CRC,301.5,265431.83,0.0,0.0,0.0,80028000,PER-007
AV-2026-002277,1-468506-355,Actualización de garantía,2026-02-07,2026-02-09,2026-02-17,San José,San José,Carmen,9.928711,-84.070567,Apartamento,USD,193.28,1065.87,522.0,1216.29,7137.53,848052,PER-001
AV-2025-002278,5-408156-345,Actualización de garantía,2025-11-26,2025-12-03,2025-12-12,Guanacaste,Carrillo,Sardinal,9.815581,-86.209164,Apartamento,CRC,186.06,214194.47,107.32,684788.12,5416914.62,118761000,PER-008
AV-2025-002279,N/A,Actualización de garantía,2025-04-01,2025-04-03,2025-04-04,Heredia,Heredia,Heredia,10.000595,-84.106646,Casa de habitación,USD,820.23,870.44,554.45,777.44,14462.51,1159475,PER-002
AV-2025-002280,5-816402-163,Compraventa,2025-05-20,2025-06-02,2025-06-05,Guanacaste,Carrillo,Sardinal,10.501508,-85.715489,Condominio horizontal,CRC,551.59,112655.53,411.89,792792.57,19195308.21,407878000,PER-005
AV-2025-002281,4-534066,Leasing,2025-05-20,2025-05-31,2025-06-04,Heredia,Santo Domingo,Santo Domingo,9.356219,-83.585506,Casa de habitación,CRC,348.64,878640.43,116.36,571484.68,438240.69,373265000,PER-005
AV-2025-002282,1-140900,Leasing,2025-07-25,2025-08-03,2025-08-12,San José,Curridabat,Curridabat,9.919716,-84.018507,Terreno baldío urbano,CRC,1222.15,469467.77,0.0,0.0,0.0,573760000,PER-003
AV-2026-002283,1-293081-007,Garantía hipotecaria,2025-12-21,2026-01-08,2026-01-16,San José,Curridabat,Curridabat,9.909883,-84.037508,Condominio horizontal,USD,276.88,660.69,102.68,1164.84,163.15,302701,PER-002
AV-2024-002284,5-665791-197,Actualización de garantía,2024-06-18,2024-06-30,2024-07-04,Guanacaste,Santa Cruz,Tamarindo,10.280155,-85.849465,Condominio horizontal,USD,562.09,413.58,363.09,934.54,14013.93,585805,PER-008
AV-2025-002285,2-164039,Leasing,2025-06-11,2025-06-19,2025-06-24,Alajuela,Upala,Upala,10.886473,-84.975734,Casa de habitación,CRC,918.55,337926.41,396.28,470618.68,2538280.18,499437000,PER-002
AV-2025-002286,2-199871,Garantía hipotecaria,2025-07-01,2025-07-19,2025-07-28,Alajuela,San Ramón,San Ramón,10.125913,-84.462437,Terreno baldío urbano,CRC,1164.06,128256.86,0.0,0.0,0.0,149299000,PER-003
AV-2025-002287,3-363061,Actualización de garantía,2025-02-20,2025-03-11,2025-03-23,Cartago,La Unión,Tres Ríos,10.363706,-84.752284,Local comercial,USD,2599.56,279.03,1467.48,1556.44,75264.47,3084664,PER-009
AV-2025-002288,3-708581,Actualización de garantía,2023-04-29,2023-05-08,2023-05-17,Cartago,Paraíso,Paraíso,9.8218,-83.863522,Casa de habitación,USD,327.41,234.65,189.82,1635.43,3274.02,390538,PER-005
AV-2025-002289,1-211298,Leasing,2021-10-27,2021-11-04,2021-11-07,San José,Goicoechea,Guadalupe,9.953517,-84.038094,Casa de habitación,CRC,398.35,710806.36,217.07,650520.42,6123535.09,430482000,PER-007
AV-2025-002290,5-451781,Actualización de garantía,2022-05-05,2022-05-20,2022-05-28,Guanacaste,Liberia,Liberia,10.615987,-85.413438,Casa de habitación,CRC,442.78,326195.21,193.18,570740.27,8640662.38,263329000,PER-007
AV-2025-002291,7-841232,Garantía hipotecaria,2025-09-29,2025-10-18,2025-10-29,Limón,Pococí,Guápiles,10.240918,-83.816862,Local comercial,CRC,596.67,492722.74,903.71,815617.88,43564727.67,1074640000,PER-006
AV-2025-002292,3-593317,Leasing,2025-04-04,2025-04-21,2025-05-01,Cartago,La Unión,Tres Ríos,9.887885,-83.992828,Casa de habitación,CRC,271.64,717071.26,80.51,740816.64,3301308.34,257730000,PER-007
AV-2025-002293,1-298127-042,Actualización de garantía,2025-10-06,2025-10-20,2025-10-22,San José,San José,Carmen,10.178304,-85.126109,Condominio horizontal,USD,374.38,940.59,279.14,1197.43,2974.44,689363,PER-008
AV-2025-002294,6-406651,Garantía hipotecaria,2025-06-12,2025-06-22,2025-07-03,Puntarenas,Puntarenas,Puntarenas,9.961622,-84.808719,Casa de habitación,USD,216.34,109.54,75.6,1514.98,7143.85,145374,PER-001
AV-2026-002295,4-244587-089,Actualización de garantía,2026-01-28,2026-01-29,2026-02-07,Heredia,San Rafael,San Rafael,10.02861,-84.103529,Condominio horizontal,USD,494.4,223.79,134.86,1289.62,9891.98,294452,PER-001
AV-2026-002296,6-822966,Actualización de garantía,2022-06-10,2022-06-10,2022-06-17,Puntarenas,Puntarenas,Puntarenas,9.965819,-84.824989,Finca agrícola,CRC,231233.15,89966.99,4066.02,373131.01,96910699.46,22417419000,PER-007
AV-2025-002297,1-874789,Actualización de garantía,2025-08-15,2025-08-30,2025-08-31,San José,Escazú,Escazú,9.935575,-84.143455,Casa de habitación,CRC,371.78,673741.39,186.57,455429.87,5766188.82,341219000,PER-004
AV-2025-002298,6-464411,Actualización de garantía,2025-02-12,2025-03-02,2025-03-04,Puntarenas,Puntarenas,Puntarenas,9.961603,-84.82303,Casa de habitación,CRC,771.76,319624.08,203.45,431109.56,4807013.88,339189000,PER-004
AV-2024-002299,2-635746,Garantía hipotecaria,2024-07-22,2024-07-22,2024-07-23,Alajuela,Alajuela,Alajuela,10.014579,-84.206654,Local comercial,CRC,2438.5,1214186.02,4183.21,552330.58,157762013.84,5429069000,PER-008
AV-2025-002300,4-958154,Garantía hipotecaria,2025-09-30,2025-10-19,2025-10-28,Heredia,Heredia,Heredia,9.983928,-84.122335,Casa de habitación,CRC,541.99,554801.84,268.7,661575.65,7577305.15,486040000,PER-009
AV-2024-002301,1-275111,Leasing,2024-11-15,2024-11-19,2024-11-25,San José,San José,Carmen,9.939752,-84.067011,Casa de habitación,CRC,223.41,892621.03,125.44,605441.51,476958.9,275844000,PER-005
AV-2025-002302,3-571715,Leasing,2025-12-17,2025-12-24,2025-12-29,Cartago,Turrialba,Turrialba,9.898585,-83.674343,Terreno baldío rural,CRC,12038.72,62547.26,0.0,0.0,17106371.64,770095000,PER-006
AV-2025-002303,2-589831,Compraventa,2025-12-08,2025-12-15,2025-12-25,Alajuela,Grecia,Grecia,-84.323011,10.082708,Casa de habitación,USD,736.69,215.41,0.0,0.0,4095.59,162786,PER-006
AV-2024-002304,2-567949,Actualización de garantía,2021-09-23,2021-10-12,2021-10-14,Alajuela,San Ramón,San Ramón,10.076931,-84.43575,Casa de habitación,CRC,269.6,356559.39,44.69,301967.87,396807.33,110020000,PER-009
AV-2024-002305,1-526160,Leasing,2024-10-16,2024-10-16,2024-10-24,San José,San José,Carmen,9.930735,-84.069641,Casa de habitación,CRC,385.02,3826031.02,61.85,565972.71,2248298.14,1510352000,PER-009
AV-2025-002306,4-212627,Garantía hipotecaria,2025-06-26,2025-06-29,2025-07-03,Heredia,Sarapiquí,Puerto Viejo,10.450218,-83.898653,Finca agrícola,CRC,51600.96,16596.49,1106.01,830802.53,36046208.96,1811317000,PER-004
AV-2025-002307,1-251930,Leasing,2025-10-06,2025-10-11,2025-10-15,San José,Montes de Oca,San Pedro,9.926041,-84.057634,Bodega o nave industrial,USD,7564.88,593.77,4383.09,1044.09,103682.27,9171822,PER-009
AV-2026-002308,1-405969,Actualización de garantía,2023-05-31,2023-06-10,2023-06-19,San José,Curridabat,Curridabat,9.924994,-84.021639,Casa de habitación,CRC,142.85,3364862.32,85.63,728799.7,2485151.54,545563000,PER-007
AV-2025-002309,3-994509,Garantía hipotecaria,2025-11-12,2025-11-19,2025-11-30,Cartago,Paraíso,Paraíso,9.832822,-83.840789,Casa de habitación,CRC,775.48,668677.06,529.49,706889.75,19218609.68,912055000,PER-002
AV-2025-002310,4-871851,Actualización de garantía,2025-11-26,2025-12-09,2025-12-16,Heredia,Belén,San Antonio,9.977691,-84.190509,Casa de habitación,CRC,784.79,1239968.1,432.53,705654.12,3388934.57,1281720000,PER-002
AV-2025-002311,1-987614,Actualización de garantía,2022-06-17,2022-07-05,2022-07-16,San José,Puriscal,Santiago,9.814822,-84.359278,Casa de habitación,CRC,758.64,265072.38,230.77,596280.11,6057236.05,344755000,PER-003
AV-2025-002312,3-774880,Compraventa,2025-11-25,2025-11-28,2025-12-04,Cartago,Paraíso,Paraíso,9.859107,-83.872074,Casa de habitación,CRC,147.07,388482.1,46.21,670351.08,1695159.61,89806000,PER-002
AV-2025-002313,3-386097,Actualización de garantía,2025-06-09,2025-06-26,2025-07-01,Cartago,Paraíso,Paraíso,9.865542,-83.883279,Terreno baldío urbano,CRC,832.36,151788.58,0.0,0.0,0.0,126343000,PER-008
AV-2024-002314,1-719867-030,Garantía hipotecaria,2024-07-29,2024-08-06,2024-08-11,San José,Escazú,Escazú,9.905098,-84.140696,Condominio horizontal,USD,277.68,454.27,214.21,570.67,9584.45,257969,PER-006
AV-2025-002315,4-795885,Actualización de garantía,2025-07-25,2025-08-04,2025-08-11,Heredia,San Rafael,San Rafael,9.682085,-84.859146,Bodega o nave industrial,USD,9597.8,381.34,2030.26,1094.69,94425.74,5976956,PER-007
AV-2026-002316,4-557968,Actualización de garantía,2022-04-26,2022-05-16,2022-05-27,Heredia,Belén,San Antonio,9.982397,-84.19502,Casa de habitación,USD,268.87,680.19,38.63,1405.53,457.52,237636,PER-003
AV-2025-002317,7-640407,Leasing,2025-06-08,2025-06-12,2025-06-17,Limón,Limón,Limón,10.021736,-83.028838,Casa de habitación,CRC,184.11,263365.78,74.01,587768.48,3001438.75,94990000,PER-009
AV-2025-002318,1-639618-330,Actualización de garantía,2025-01-05,2025-01-13,2025-01-14,San José,Escazú,Escazú,9.921225,-84.134773,Apartamento,USD,127.88,691.25,282.77,908.35,18085.77,363337,PER-008
AV-2025-002319,6-525514,Garantía hipotecaria,2025-08-15,2025-08-26,2025-08-30,Puntarenas,Puntarenas,Puntarenas,9.969682,-84.824901,Casa de habitación,CRC,822.53,370871.36,423.04,806249.36,25813260.75,671942000,PER-005
AV-2025-002320,1-224071-359,Garantía hipotecaria,2025-04-02,2025-04-14,2025-04-26,San José,Escazú,Escazú,9.910931,-84.124071,Condominio horizontal,USD,396.68,883.56,172.95,1659.46,4336.61,641831,PER-004
AV-2024-002321,1-299296,Actualización de garantía,2023-12-09,2023-12-23,2024-01-03,San José,Montes de Oca,San Pedro,9.920966,-84.056726,Casa de habitación,CRC,835.81,883420.01,219.26,324532.18,1015350.2,810544000,PER-001
AV-2025-002322,1-398350,Leasing,2025-01-04,2025-01-22,2025-01-29,San José,Escazú,Escazú,9.902176,-84.152345,Casa de habitación,CRC,280.75,1194731.7,187.57,371410.28,5062058.21,410148000,PER-002
AV-2025-002323,7-334684,Actualización de garantía,2025-06-19,2025-07-05,,Limón,Limón,Limón,10.018141,-83.049012,Local comercial,CRC,1797.92,455755.64,2646.8,669349.58,72410760.73,2663457000,PER-003
AV-2024-002324,3-987858-111,Seguro,2024-08-18,2024-09-05,2024-09-10,Cartago,La Unión,Tres Ríos,9.912828,-83.966331,Condominio horizontal,USD,388.16,244.69,117.14,1058.11,1003.09,219929,PER-004
AV-2025-002325,7-687709,Garantía hipotecaria,2025-01-08,2025-01-26,2025-01-27,Limón,Pococí,Guápiles,10.232497,-83.829733,Terreno baldío urbano,CRC,1435.86,93166.31,0.0,0.0,0.0,133774000,PER-001
AV-2026-002326,6-624736-213,Actualización de garantía,2026-01-17,2026-02-02,2026-02-06,Puntarenas,Garabito,Jacó,9.650953,-84.624768,Condominio horizontal,USD,483.64,474.49,296.77,733.59,7819.3,455009,PER-004
AV-2025-002327,2-564685,Seguro,2025-03-15,2025-03-15,2025-03-27,Alajuela,Atenas,Atenas,9.985863,-84.395199,Finca agrícola,USD,111944.33,0.98,0.0,0.0,77025.07,186731,PER-009
AV-2025-002328,3-460019,Compraventa,2023-02-13,2023-02-14,2023-02-23,Cartago,Turrialba,Turrialba,9.944387,-83.697115,Casa de habitación,CRC,1002.2,470179.89,563.16,760169.87,2199763.65,901511000,PER-008
AV-2025-002329,3-163102,Actualización de garantía,2025-05-16,2025-05-21,2025-06-01,Cartago,Turrialba,Turrialba,9.866741,-83.673936,Finca agrícola,CRC,240227.62,75799.14,3263.46,398534.44,42786858.58,19552435000,PER-002
AV-2025-002330,3-394601,Leasing,2025-02-15,2025-02-18,2025-03-02,Cartago,Cartago,Oriental,9.868931,-83.921622,Local comercial,CRC,1826.79,513755.08,2426.76,749371.2,47751208.05,2804818000,PER-006
AV-2024-002331,1-355950,Actualización de garantía,2024-04-04,2024-04-22,2024-04-25,San José,Montes de Oca,San Pedro,9.924534,-84.036516,Casa de habitación,CRC,821.96,540149.47,517.28,837458.43,11949612.2,889131000,PER-009
AV-2024-002332,1-105754,Actualización de garantía,2023-10-25,2023-10-30,2023-11-11,San José,Desamparados,Desamparados,9.891228,-84.052064,Local comercial,CRC,1906.47,621027.24,3356.02,340952.68,38511877.99,2366726000,PER-003
AV-2025-002333,1-600600,Garantía hipotecaria,2025-02-15,2025-02-23,2025-03-03,San José,Montes de Oca,San Pedro,9.924028,-84.054942,Casa de habitación,CRC,456.98,1181799.87,82.89,424831.71,1465603.14,576739000,PER-007
AV-2025-002334,1-667417,Leasing,2023-09-09,2023-09-21,2023-09-22,San José,Escazú,Escazú,9.446441,-84.15591,Terreno baldío urbano,CRC,558.5,318737.58,0.0,0.0,0.0,178015000,PER-004
AV-2024-002335,4-925160,Seguro,2024-10-26,2024-10-26,2024-10-29,Heredia,San Rafael,San Rafael,-84.092358,10.028144,Terreno baldío urbano,CRC,1439.57,183227.34,0.0,0.0,0.0,275663000,PER-007
AV-2025-002336,1-250748,Actualización de garantía,2025-05-25,2025-06-10,2025-06-18,San José,Desamparados,Desamparados,9.902521,-84.053489,Terreno baldío urbano,CRC,1005.99,177877.53,0.0,0.0,0.0,178943000,PER-005
AV-2024-002337,1-389737,Actualización de garantía,2021-08-31,2021-09-08,2021-09-11,San José,Goicoechea,Guadalupe,9.953129,-84.035134,Bodega o nave industrial,USD,1089.82,167.49,707.26,1233.98,56187.7,1111466,PER-003
AV-2026-002338,1-553342,Garantía hipotecaria,2026-02-04,2026-02-22,2026-02-24,San José,Goicoechea,Guadalupe,9.945884,-84.065232,Local comercial,USD,645.28,418.42,1136.02,559.23,15782.74,921077,PER-008
AV-2025-002339,1-602958,Leasing,2025-01-16,2025-01-27,2025-02-05,San José,Montes de Oca,San Pedro,9.931993,-84.03512,Bodega o nave industrial,USD,12921.77,626.5,5700.91,1442.43,71073.73,16389726,PER-008
AV-2025-002340,7-700298,Seguro,2025-02-18,2025-02-27,2025-03-09,Limón,Limón,Limón,10.375009,-82.800061,Bodega o nave industrial,CRC,3622.24,77841.81,746.44,514097.24,7202119.45,672907000,PER-002
AV-2025-002341,5-118470-399,Actualización de garantía,2025-10-31,2025-11-03,2025-11-04,Guanacaste,Carrillo,Sardinal,10.4781,-85.676577,Apartamento,CRC,104.26,122052.15,97.91,317174.76,1296741.76,45076000,PER-006
AV-2025-002342,4-156708,Compraventa,2025-09-27,2025-10-10,2025-10-17,Heredia,San Rafael,San Rafael,10.019037,-84.082705,Casa de habitación,CRC,269.97,560278.01,70.44,509647.15,2105900.64,189264000,PER-007
AV-2026-002343,1-236649,Leasing,2026-01-23,2026-02-04,2026-02-15,San José,Santa Ana,Santa Ana,9.919581,-84.196347,Edificio de oficinas,USD,3397.56,850.23,19000.1,759.62,569300.54,17890864,PER-001
AV-2025-002344,3-694787,Garantía hipotecaria,2025-03-25,2025-04-01,2025-04-03,Cartago,Cartago,Oriental,9.872752,-83.924425,Casa de habitación,CRC,348.69,4258503.94,112.22,503850.4,2493578.67,1543933000,PER-002
AV-2025-002345,2-179033,Actualización de garantía,2025-03-11,2025-03-31,2025-04-12,Alajuela,San Ramón,San Ramón,10.062785,-84.443167,Casa de habitación,CRC,635.03,50924.77,80.52,763971.39,1132799.2,94987000,PER-003
AV-2025-002346,2-712314,Garantía hipotecaria,2025-08-21,2025-09-10,2025-09-19,Alajuela,San Ramón,San Ramón,10.08736,-84.508762,Finca agrícola,CRC,178360.33,115606.09,0.0,0.0,562308795.5,21181849000,PER-009
AV-2024-002347,4-585783,Garantía hipotecaria,2024-08-31,2024-09-02,2024-09-10,Heredia,San Rafael,San Rafael,10.017544,-84.086753,Casa de habitación,CRC,1014.19,536693.36,296.14,608796.0,2593411.76,727191000,PER-009
AV-2025-002348,1-554720,Leasing,2025-04-23,2025-04-27,2025-05-02,San José,Goicoechea,Guadalupe,9.949115,-84.050875,Local comercial,CRC,1680.83,385880.17,2027.69,756420.27,107325103.57,2289710000,PER-004
AV-2025-002349,1-650714,Compraventa,2025-12-01,2025-12-17,2025-12-19,San José,Santa Ana,Santa Ana,9.941609,-84.16817,Terreno baldío urbano,USD,1580.3,789.62,0.0,0.0,37126.11,1284963,PER-007
AV-2024-002350,1-983624,Garantía hipotecaria,2024-10-10,2024-10-26,2024-11-03,San José,Goicoechea,Guadalupe,9.949929,-84.062903,Casa de habitación,CRC,720.66,634096.94,141.48,571738.08,161774.22,538020000,PER-009
AV-2025-002351,1-705141,Actualización de garantía,2025-04-05,2025-04-13,2025-04-21,San José,Desamparados,Desamparados,9.918704,-84.071079,Local comercial,CRC,1269.85,694855.8,667.17,509813.09,21119874.81,1243615000,PER-001
AV-2024-002352,1-576030,Compraventa,2024-06-11,2024-06-29,2024-07-05,San José,Santa Ana,Santa Ana,9.925881,-84.189324,Casa de habitación,CRC,798.8,588827.96,471.05,285556.89,6830495.69,611698000,PER-006
AV-2025-002353,1-168205,Garantía hipotecaria,2025-02-28,2025-03-14,2025-03-22,San José,Tibás,San Juan,9.953988,-84.065158,Local comercial,USD,577.18,781.74,1007.1,1455.3,93358.55,2010196,PER-004
AV-2025-002354,1-485464,Actualización de garantía,2025-11-26,2025-12-16,2025-12-19,San José,San José,Carmen,9.927022,-84.071767,Terreno baldío urbano,CRC,764.79,25252.41,0.0,0.0,6905051.74,26218000,PER-001
AV-2025-002355,1-891816-019,Garantía hipotecaria,2024-12-24,2025-01-06,2025-01-10,San José,Goicoechea,Guadalupe,9.938614,-84.040373,Condominio horizontal,USD,631.19,381.86,481.22,1012.36,26604.2,754798,PER-005
AV-2025-002356,6-278695,Garantía hipotecaria,2022-09-03,2022-09-21,2022-10-02,Puntarenas,Quepos,Quepos,9.412157,-84.145316,Casa de habitación,CRC,379.06,708202.14,134.05,504412.59,1202556.13,337270000,PER-007
AV-2025-002357,7-834683-044,Contable,2021-08-23,2021-11-23,2021-11-26,Limón,Talamanca,Cahuita,9.774918,-82.802872,Condominio horizontal,USD,675.08,160.82,346.19,786.04,12706.3,393392,PER-003
AV-2025-002358,5-562409,Contable,2025-12-06,2025-12-15,2025-12-16,Guanacaste,Nicoya,Nicoya,10.148941,-85.498214,Casa de habitación,CRC,276.24,418065.36,176.23,,4199904.16,176106000,PER-005
AV-2025-002359,5-223558,Compraventa,2025-09-18,2025-10-03,2025-10-08,Guanacaste,Liberia,Liberia,10.659556,-85.442061,Local comercial,CRC,206.42,295698.95,152.85,413994.85,3531216.02,127849000,PER-007
AV-2024-002360,1-267044,Leasing,2024-11-15,2024-11-26,2024-12-05,San José,Curridabat,Curridabat,9.911621,-84.036795,Local comercial,CRC,1768.59,989430.05,1144.4,496009.99,40148386.08,2357678000,PER-007
AV-2025-002361,4-948600,Actualización de garantía,2025-08-25,2025-09-11,2025-09-14,Heredia,Belén,San Antonio,9.992513,-84.187657,Edificio de oficinas,USD,1686.48,496.83,6475.93,877.76,224206.06,6746412,PER-007
AV-2024-002362,2-885492,Actualización de garantía,2024-09-16,2024-09-18,2024-09-27,Alajuela,Upala,Upala,10.826145,-85.072804,Casa de habitación,CRC,218.67,394735.5,134.41,371227.26,3889941.83,140103000,PER-003
AV-2025-002363,7-781266,Leasing,2025-04-25,2025-05-12,2025-05-13,Limón,Limón,Limón,9.997264,-83.05365,Finca agrícola,USD,167017.39,139.04,0.0,0.0,0.0,23222098,PER-001
AV-2025-002364,4-978765,Actualización de garantía,2025-02-19,2025-03-09,2025-03-15,Heredia,Sarapiquí,Puerto Viejo,10.536936,-83.940063,Terreno baldío urbano,CRC,295.73,23903.41,0.0,0.0,0.0,7069000,PER-003
AV-2025-002365,4-200323,Leasing,2025-07-09,2025-07-17,2025-07-25,Heredia,Santo Domingo,Santo Domingo,9.716311,-84.465381,Casa de habitación,USD,283.85,306.54,96.13,1224.3,4220.45,208924,PER-007
AV-2024-002366,6-836318-075,Actualización de garantía,2024-11-10,2024-11-23,2024-12-01,Puntarenas,Garabito,Jacó,9.575411,-84.62928,Apartamento,CRC,113.34,91991.28,210.08,683283.1,2598119.81,156569000,PER-004
AV-2026-002367,4-463469,Leasing,2026-02-18,2026-02-21,2026-02-27,Heredia,San Rafael,San Rafael,10.016428,-84.092388,Casa de habitación,CRC,713.69,583088.63,168.13,522451.94,3981945.4,507966000,PER-004
AV-2025-002368,1-454592,Leasing,2025-12-24,2025-12-29,2025-12-31,San José,Goicoechea,Guadalupe,9.948669,-84.035377,Casa de habitación,USD,871.05,253.99,386.18,873.16,3368.73,561804,PER-008
AV-2024-002369,1-647726-197,Compraventa,2024-07-31,2024-08-02,2024-08-10,San José,San José,Carmen,9.934917,-84.076058,Apartamento,USD,155.27,479.69,60.39,1340.69,3762.43,159208,PER-001
AV-2025-002370,1-325793,Leasing,2025-06-17,2025-07-04,2025-07-06,San José,Santa Ana,Santa Ana,9.934154,-84.187853,Casa de habitación,CRC,535.91,888633.66,173.29,842377.7,10593437.42,632797000,PER-002
AV-2026-002371,2-396234-398,Leasing,2025-12-31,2026-01-13,2026-01-17,Alajuela,Alajuela,Alajuela,10.020474,-84.214227,Apartamento,USD,109.23,850.39,323.3,1475.5,2576.24,572493,PER-006
AV-2025-002372,1-647616,Actualización de garantía,2025-08-29,2025-09-05,2025-09-09,San José,San José,Carmen,9.930405,-84.079113,Local comercial,CRC,509.25,998635.77,674.28,730319.25,5653429.09,1042177000,PER-007
AV-2026-002373,5-263442-246,Seguro,2025-12-23,2026-01-12,2026-01-19,Guanacaste,Carrillo,Sardinal,10.5178,-85.631845,Condominio horizontal,USD,706.13,312.27,198.61,1120.57,7367.68,450427,PER-001
AV-2025-002374,3-449637,Garantía hipotecaria,2025-10-26,2025-11-04,2025-11-06,Cartago,Paraíso,Paraíso,9.846461,-83.852972,Local comercial,CRC,1704.03,792333.25,2106.48,638235.0,13657364.39,2708246000,PER-006
AV-2025-002375,5-608981,Garantía hipotecaria,2025-01-15,2025-01-17,2025-01-23,Guanacaste,Liberia,Liberia,10.654207,-85.40393,Casa de habitación,CRC,228.36,312594.94,104.3,779514.95,5889200.1,158577000,PER-009
AV-2025-002376,2-566238,Garantía hipotecaria,2021-03-09,2021-03-11,2021-03-12,Alajuela,San Ramón,San Ramón,10.081297,-84.447076,Casa de habitación,CRC,417.15,82326.63,82.33,604555.59,636191.06,84752000,PER-009
AV-2025-002377,4-305138,Leasing,2025-01-10,2025-01-28,2025-01-29,Heredia,Heredia,Heredia,10.003542,-84.122684,Casa de habitación,USD,622.81,483.35,272.13,1581.85,26338.22,757842,PER-003
AV-2025-002378,2-136657,Garantía hipotecaria,2025-07-10,2025-07-13,2025-07-21,Alajuela,San Ramón,San Ramón,10.067188,-84.494024,Casa de habitación,CRC,1047.47,540492.14,169.53,296266.32,1529409.66,617905000,PER-004
AV-2025-002379,5-188130,Compraventa,2023-10-31,2023-11-04,2023-11-11,Guanacaste,Santa Cruz,Tamarindo,10.329904,-85.861631,Casa de habitación,CRC,797.67,738597.89,458.36,374561.52,9633890.67,770475000,PER-006
AV-2025-002380,4-560285,Leasing,2025-12-07,2025-12-18,2025-12-21,Heredia,Belén,San Antonio,10.237765,-84.871209,Local comercial,CRC,468.29,1031962.23,727.8,464624.89,22692743.06,844104000,PER-002
AV-2025-002381,2-855478,Actualización de garantía,2025-11-05,2025-11-16,2025-11-25,Alajuela,San Ramón,San Ramón,10.077888,-84.438762,Terreno baldío urbano,CRC,1227.38,109397.88,0.0,0.0,1790370.34,136063000,PER-008
AV-2025-002382,1-686123,Garantía hipotecaria,2025-05-06,2025-05-23,2025-05-30,San José,Desamparados,Desamparados,9.886585,-84.067536,Casa de habitación,CRC,434.93,458763.95,203.67,427973.4,5392599.18,292088000,PER-001
AV-2024-002383,4-197613-107,Garantía hipotecaria,2024-11-12,2024-11-18,2024-11-23,Heredia,Belén,San Antonio,9.968317,-84.176692,Apartamento,USD,181.72,460.3,329.18,1141.38,27177.83,486543,PER-001
AV-2024-002384,6-204884,Actualización de garantía,2024-09-24,2024-10-07,2024-10-15,Puntarenas,Garabito,Jacó,9.617606,-84.650608,Casa de habitación,CRC,984.22,965970.99,442.4,450417.0,14489108.68,1164482000,PER-006
AV-2025-002385,3-162336-070,Garantía hipotecaria,2025-09-04,2025-09-11,2025-09-14,Cartago,Cartago,Oriental,9.858158,-83.916603,Apartamento,USD,85.49,909.08,133.63,523.61,3689.9,151377,PER-002
AV-2025-002386,7-480269,Garantía hipotecaria,2025-06-13,2025-06-25,2025-07-07,Limón,Pococí,Guápiles,10.26757,-83.769122,Bodega o nave industrial,USD,7954.42,134.69,4048.89,679.33,37105.14,3859018,PER-009
AV-2024-002387,3-509559,Compraventa,2021-07-05,2021-07-19,2021-07-26,Cartago,Cartago,Oriental,9.878616,-83.923244,Edificio de oficinas,USD,2639.31,657.55,8211.88,762.83,453875.25,8453622,PER-003
AV-2024-002388,5-807191,Leasing,2024-11-13,2024-12-01,2024-12-04,Guanacaste,Santa Cruz,Tamarindo,10.332697,-85.836638,Terreno baldío rural,CRC,54440.45,167969.16,0.0,0.0,149361470.84,9293678000,PER-005
AV-2024-002389,1-690226,Seguro,2024-08-10,2024-08-24,2024-08-28,San José,Tibás,San Juan,9.955484,-84.065681,Casa de habitación,CRC,678.26,1142604.72,358.95,686834.24,18245333.49,1039768000,PER-007
AV-2025-002390,2-950040-137,Contable,2025-10-22,2025-11-05,2025-11-16,Alajuela,Alajuela,Alajuela,10.01094,-84.211022,Apartamento,USD,44.92,400.16,107.9,1536.98,7940.18,191756,PER-005
AV-2025-002391,1-582810,Garantía hipotecaria,2025-09-25,2025-10-07,2025-10-09,San José,Santa Ana,Santa Ana,9.928085,-84.182183,Casa de habitación,CRC,357.03,788815.92,83.23,582666.91,50880.99,330177000,PER-008
AV-2025-002392,2-846665,Actualización de garantía,2025-10-08,2025-10-09,2025-10-14,Alajuela,San Ramón,San Ramón,10.087748,-84.483046,Local comercial,USD,578.47,113.24,676.77,548.72,24287.87,461151,PER-004
AV-2025-002393,2-623587,Garantía hipotecaria,2023-10-14,2023-10-21,2023-10-26,Alajuela,San Ramón,San Ramón,10.11948,-84.460538,Terreno baldío rural,USD,9197.5,180.59,0.0,0.0,49203.88,1710180,PER-001
AV-2025-002394,6-436775,Leasing,2025-04-16,2025-05-06,2025-05-09,Puntarenas,Garabito,Jacó,9.621281,-84.619573,Casa de habitación,CRC,852.53,4844362.24,89.9,516684.12,2102387.19,4178516000,PER-003
AV-2024-002395,7-916382,Garantía hipotecaria,2024-10-17,2024-10-20,2024-10-30,Limón,Talamanca,Cahuita,9.731311,-82.795671,Terreno baldío rural,CRC,49904.17,155071.5,0.0,0.0,206231458.02,7944946000,PER-003
AV-2025-002396,3-236046,Actualización de garantía,2025-07-21,2025-07-28,2025-08-05,Cartago,Cartago,Oriental,9.859088,-83.926756,Casa de habitación,USD,474.56,981.07,143.87,931.58,4083.52,603687,PER-008
AV-2025-002397,1-249275,Garantía hipotecaria,2025-04-10,2025-04-14,2025-04-24,San José,Goicoechea,Guadalupe,9.944995,-84.05779,Casa de habitación,CRC,490.54,341476.61,60.16,381427.87,1493497.54,208734000,PER-001
AV-2025-002398,1-844667,Garantía hipotecaria,2025-02-21,2025-02-24,2025-03-04,San José,Puriscal,Santiago,9.871295,-84.326998,Finca agrícola,USD,30096.89,212.44,0.0,0.0,44645.93,6438429,PER-005
AV-2025-002399,1-928896,Leasing,2025-12-15,2025-12-24,2025-12-25,San José,Santa Ana,Santa Ana,9.934561,-84.162533,Terreno baldío urbano,CRC,1346.74,494800.37,0.0,0.0,0.0,666367000,PER-004
AV-2025-002400,1-175848,Leasing,2025-07-28,2025-08-05,2025-08-12,San José,Goicoechea,Guadalupe,9.942254,-84.039872,Casa de habitación,CRC,888.02,623006.65,438.9,754403.79,11918645.12,896269000,PER-002
AV-2026-002401,1-519306-303,Leasing,2026-01-19,2026-01-28,2026-01-29,San José,Goicoechea,Guadalupe,9.956196,-84.037689,Condominio horizontal,USD,286.71,365.55,103.38,1157.67,7979.52,232466,PER-001
AV-2025-002402,1-629011,Actualización de garantía,2025-12-10,2025-12-23,2025-12-28,San José,Desamparados,Desamparados,9.91512,-84.074732,Terreno baldío urbano,CRC,1241.26,138674.29,0.0,0.0,0.0,172131000,PER-001
AV-2025-002403,3-679126,Actualización de garantía,2025-09-04,2025-09-09,2025-09-12,Cartago,Paraíso,Paraíso,9.857607,-83.859602,Casa de habitación,CRC,834.41,463151.9,207.8,339223.43,1927689.89,458877000,PER-007
AV-2024-002404,4-850583,Actualización de garantía,2024-07-04,2024-07-10,2024-07-15,Heredia,Santo Domingo,Santo Domingo,9.98626,-84.08621,Casa de habitación,CRC,955.34,850889.78,173.44,357299.38,3957536.02,878817000,PER-004
AV-2025-002405,2-522805,Leasing,2025-06-04,2025-06-12,2025-06-16,Alajuela,Upala,Upala,10.853532,-85.076143,Casa de habitación,CRC,479.16,313111.47,305.65,316918.59,4471145.48,251368000,PER-007
AV-2025-002406,2-503962,Garantía hipotecaria,2025-12-22,2025-12-24,2025-12-29,Alajuela,San Carlos,Quesada,10.319728,-84.412549,Casa de habitación,CRC,403.52,471711.17,123.08,770350.93,6942927.45,292103000,PER-009
AV-2024-002407,1-415038,Leasing,2024-05-04,2024-05-14,2024-05-26,San José,Goicoechea,Guadalupe,9.938799,-84.056554,Casa de habitación,CRC,980.72,477694.86,506.07,821834.9,7402109.9,891793000,PER-005
AV-2025-002408,2-227807,Leasing,2025-12-20,2025-12-27,2026-01-06,Alajuela,Upala,Upala,10.841078,-84.93966,Finca agrícola,CRC,202289.85,89787.63,0.0,0.0,0.0,18163126000,PER-001
AV-2025-002409,6-942149,Garantía hipotecaria,2025-12-26,2025-12-30,2026-01-07,Puntarenas,Puntarenas,Puntarenas,9.985194,-84.841488,Casa de habitación,CRC,485.66,557752.78,135.34,535311.61,783064.86,344110000,PER-006
AV-2025-002410,6-229190,Actualización de garantía,2025-11-19,2025-11-25,2025-12-07,Puntarenas,Puntarenas,Puntarenas,9.975188,-84.845113,Casa de habitación,CRC,679.14,662981.87,374.03,447309.46,2424772.2,619989000,PER-001
AV-2026-002411,1-130727,Compraventa,2026-01-31,2026-02-04,2026-02-14,San José,Santa Ana,Santa Ana,9.9357,-84.174215,Casa de habitación,USD,567.29,786.8,396.23,1234.21,17469.66,952844,PER-007
AV-2026-002412,1-594254,Actualización de garantía,2026-02-02,2026-02-21,2026-03-05,San José,Escazú,Escazú,9.915212,-84.121204,Bodega o nave industrial,USD,10361.56,834.91,2637.94,703.05,96407.77,10601982,PER-002
AV-2025-002413,1-419297,Leasing,2025-03-03,2025-03-21,2025-03-22,San José,Escazú,Escazú,9.93498,-84.150138,Edificio de oficinas,USD,625.51,560.75,980.75,749.08,25594.84,1111010,PER-006
AV-2025-002414,1-459305,Actualización de garantía,2025-08-10,2025-08-26,2025-09-02,San José,Desamparados,Desamparados,9.902816,-84.059123,Terreno baldío urbano,USD,403.27,585.58,0.0,0.0,6197.22,242344,PER-008
AV-2025-002415,2-695517,Leasing,2025-08-19,2025-08-21,2025-09-01,Alajuela,Atenas,Atenas,9.943695,-84.386754,Casa de habitación,CRC,1015.07,288621.88,167.2,466017.25,79337.89,370969000,PER-004
AV-2025-002416,1-336085,Leasing,2025-03-07,2025-03-12,2025-03-15,San José,Montes de Oca,San Pedro,9.927294,-84.037779,Terreno baldío urbano,CRC,1253.96,401584.76,0.0,0.0,14831065.65,476621000,PER-003
AV-2025-002417,2-376123,Leasing,2025-01-13,2025-02-02,2025-02-09,Alajuela,Atenas,Atenas,9.966389,-84.397526,Casa de habitación,CRC,198.5,213598.41,125.57,281501.01,1301759.22,79049000,PER-003
AV-2025-002418,4-370674-230,Garantía hipotecaria,2021-03-01,2021-03-07,2021-03-13,Heredia,Heredia,Heredia,10.004177,-84.120427,Apartamento,CRC,100.04,2931832.72,129.36,372549.9,1620460.34,343114000,PER-007
AV-2025-002419,1-927269,Leasing,2025-02-09,2025-02-20,2025-03-01,San José,Escazú,Escazú,9.912529,-84.13768,Casa de habitación,CRC,309.1,615035.16,68.3,385053.73,934441.24,217341000,PER-002
AV-2025-002420,1-723930,Actualización de garantía,2025-12-07,2025-12-25,2025-12-31,San José,Desamparados,Desamparados,9.913437,-84.080796,Terreno baldío urbano,CRC,1612.54,255532.41,0.0,0.0,2418509.64,414475000,PER-009
AV-2025-002421,4-421753,Leasing,2025-09-29,2025-10-17,2025-10-19,Heredia,Heredia,Heredia,9.998142,-84.118419,Edificio de oficinas,USD,526.51,730.22,2431.74,850.22,107198.1,2559180,PER-006
AV-2024-002422,5-820365,Actualización de garantía,2024-06-23,2024-07-01,2024-07-11,Guanacaste,Carrillo,Sardinal,10.511671,-85.676521,Casa de habitación,CRC,811.96,1138542.18,320.28,821466.74,15800723.25,1203351000,PER-001
AV-2026-002423,4-515705,Garantía hipotecaria,2025-12-29,2026-01-05,2026-01-07,Heredia,Santo Domingo,Santo Domingo,9.989483,-84.07886,Casa de habitación,CRC,318.42,778181.25,38.47,615628.53,1504835.37,272977000,PER-005
AV-2025-002424,5-950720,Compraventa,2023-01-07,2023-01-23,2023-01-25,Guanacaste,Santa Cruz,Tamarindo,10.336544,-85.850235,Terreno baldío rural,CRC,36940.93,235953.84,0.0,0.0,0.0,8716354000,PER-009
AV-2026-002425,7-812280,Actualización de garantía,2023-03-04,2023-03-18,2023-03-20,Limón,Limón,Limón,10.001838,-83.06159,Finca agrícola,CRC,43999.9,136680.4,0.0,0.0,38070182.78,6051994000,PER-004
AV-2026-002426,1-928720,Actualización de garantía,2025-12-26,2026-01-14,2026-01-25,San José,Pérez Zeledón,San Isidro de El General,9.393484,-83.687935,Casa de habitación,CRC,336.66,326311.36,87.91,807615.49,1644632.23,182498000,PER-001
AV-2024-002427,3-388732-310,Leasing,2024-05-28,2024-06-03,2024-06-07,Cartago,Cartago,Oriental,9.851426,-83.928226,Apartamento,USD,120.83,841.22,352.08,981.13,8337.17,455418,PER-005
AV-2024-002428,1-848090,Leasing,2024-08-23,2024-09-07,2024-09-19,San José,Tibás,San Juan,9.955223,-84.088482,Terreno baldío urbano,CRC,470.77,314623.9,0.0,0.0,0.0,148115000,PER-006
AV-2026-002429,1-457235,Seguro,2022-03-09,2022-03-24,2022-03-27,San José,Desamparados,Desamparados,9.883742,-84.067376,Casa de habitación,CRC,992.82,127460.68,282.51,255987.04,654071.65,199518000,PER-007
AV-2025-002430,4-420744,Leasing,2025-04-06,2025-04-20,2025-04-22,Heredia,Heredia,Heredia,9.987844,-84.118753,Casa de habitación,CRC,984.54,500374.08,206.52,303373.38,3715302.18,559006000,PER-007
AV-2025-002431,7-837157,Actualización de garantía,2025-04-20,2025-05-06,2025-05-17,Limón,Talamanca,Cahuita,9.793757,-82.827216,Terreno baldío urbano,CRC,261.24,227219.58,0.0,0.0,0.0,59359000,PER-005
AV-2025-002432,1-862218-115,Actualización de garantía,2025-10-18,2025-10-27,2025-10-29,San José,Santa Ana,Santa Ana,10.425736,-84.952746,Condominio horizontal,USD,759.26,882.57,204.84,1231.37,9900.42,932234,PER-001
AV-2025-002433,6-197721-024,Actualización de garantía,2025-02-21,2025-03-13,2025-03-17,Puntarenas,Garabito,Jacó,8.75711,-85.129372,Condominio horizontal,USD,455.71,164.55,144.42,1556.12,15582.42,315304,PER-002
AV-2024-002434,4-951033-260,Leasing,2024-07-31,2024-08-09,2024-08-19,Heredia,San Rafael,San Rafael,10.0257,-84.089236,Apartamento,USD,87.7,291.85,86.66,573.03,1802.46,77056,PER-004
AV-2025-002435,2-477274,Actualización de garantía,2025-11-15,2025-11-30,2025-12-05,Alajuela,Atenas,Atenas,9.99156,-84.411118,Casa de habitación,CRC,616.75,473695.47,357.48,331387.2,891195.51,411507000,PER-001
AV-2025-002436,1-641605,Garantía hipotecaria,2025-10-28,2025-11-04,2025-11-06,San José,Puriscal,Santiago,9.85254,-84.32661,Casa de habitación,CRC,331.54,289413.07,212.63,387841.68,5090367.11,183509000,PER-001
AV-2025-002437,4-255665,Garantía hipotecaria,2025-07-10,2025-07-29,2025-08-02,Heredia,Heredia,Heredia,9.990269,-84.129007,Local comercial,CRC,948.12,961294.82,838.87,656755.62,19908485.15,1482264000,PER-008
AV-2025-002438,1-690702,Actualización de garantía,2024-12-30,2025-01-14,2025-01-18,San José,Pérez Zeledón,San Isidro de El General,9.414489,-83.67973,Terreno baldío urbano,CRC,550.96,60941.02,0.0,0.0,506723.34,34083000,PER-004
AV-2026-002439,4-315247-006,Actualización de garantía,2026-02-17,2026-02-19,2026-02-22,Heredia,Heredia,Heredia,10.009323,-84.117974,Condominio horizontal,USD,435.28,897.26,219.45,525.64,198.68,506110,PER-001
AV-2025-002440,3-395090,Garantía hipotecaria,2025-05-06,2025-05-10,2025-05-14,Cartago,Paraíso,Paraíso,9.815352,-83.884615,Terreno baldío urbano,CRC,368.48,122677.93,0.0,0.0,0.0,45204000,PER-003
AV-2024-002441,6-624137,Contable,2024-08-28,2024-09-15,2024-09-21,Puntarenas,Puntarenas,Puntarenas,9.971851,-84.807322,Casa de habitación,USD,742.78,207.12,119.01,823.29,3634.46,255459,PER-009
AV-2025-002442,1-503237-309,Garantía hipotecaria,2025-10-23,2025-10-26,2025-11-01,San José,San José,Carmen,9.936398,-84.083973,Apartamento,USD,163.19,407.91,313.5,1225.35,13864.27,464578,PER-003
AV-2025-002443,1-639401,Garantía hipotecaria,2025-04-14,2025-05-02,2025-05-06,San José,San José,Carmen,9.944144,-84.077641,Casa de habitación,CRC,305.05,1064408.29,180.95,551705.19,6732841.59,431262000,PER-005
AV-2025-002444,3-288100,Actualización de garantía,2025-10-27,2025-10-28,2025-11-06,Cartago,Turrialba,Turrialba,9.873805,-83.650544,Casa de habitación,CRC,208.41,607561.34,41.88,292055.28,444136.97,139297000,PER-001
AV-2025-002445,2-258880,Garantía hipotecaria,2025-12-12,2025-12-19,2025-12-21,Alajuela,Alajuela,Alajuela,10.017219,-84.213389,Edificio de oficinas,USD,1460.44,1034.46,4672.25,956.98,105347.44,6087364,PER-009
AV-2024-002446,2-638892,Leasing,2024-10-11,2024-10-21,2024-10-29,Alajuela,Alajuela,Alajuela,10.000844,-84.218606,Edificio de oficinas,USD,436.37,1097.92,1359.19,1548.69,85069.18,2669132,PER-002
AV-2025-002447,6-312955,Seguro,2025-05-23,2025-05-30,2025-06-09,Puntarenas,Quepos,Quepos,9.439183,-84.155193,Casa de habitación,CRC,795.1,1114604.92,246.04,503729.17,516599.65,1010676000,PER-001
AV-2025-002448,3-300202-358,Compraventa,2025-01-29,2025-01-10,2025-01-13,Cartago,La Unión,Tres Ríos,9.911498,-83.973998,Condominio horizontal,USD,447.81,240.14,181.21,1415.86,12226.22,376331,PER-003
AV-2024-002449,4-153299,Compraventa,2024-08-17,2024-09-02,2024-09-06,Heredia,Belén,San Antonio,9.985788,-84.183402,Casa de habitación,CRC,784.39,1033728.03,536.67,589702.95,15017022.08,1142339000,PER-001
AV-2025-002450,1-159715,Compraventa,2025-11-18,2025-12-08,2025-12-14,San José,San José,Carmen,9.929322,-84.070492,Local comercial,CRC,673.51,688598.55,548.13,555096.88,5402346.48,773446000,PER-009
AV-2025-002451,2-890553,Actualización de garantía,2025-10-18,2025-10-25,2025-11-05,Alajuela,Grecia,Grecia,10.060675,-84.349206,Casa de habitación,CRC,698.23,631149.08,181.53,318125.74,1901071.97,500338000,PER-005
AV-2025-002452,7-252378,Contable,2025-08-07,2025-08-11,2025-08-22,Limón,Limón,Limón,-83.046347,10.01206,Local comercial,CRC,850.43,72133.12,1143.08,275648.82,18083426.19,394516000,PER-003
AV-2025-002453,2-891167,Garantía hipotecaria,2025-07-02,2025-07-02,2025-07-13,Alajuela,San Ramón,San Ramón,10.104702,-84.456001,Casa de habitación,CRC,387.98,502264.64,231.36,564747.4,4944560.37,330473000,PER-001
AV-2026-002454,5-302524-128,Contable,2026-01-10,2026-01-12,2026-01-24,Guanacaste,Santa Cruz,Tamarindo,10.297888,-85.85547,Condominio horizontal,USD,270.13,460.16,113.11,1390.02,11875.48,293404,PER-001
AV-2024-002455,2-640622,Garantía hipotecaria,2024-09-13,2024-09-25,2024-10-01,Alajuela,Alajuela,Alajuela,10.004775,-84.218166,Edificio de oficinas,USD,3263.74,675.02,4875.62,1230.38,426343.22,8628298,PER-006
AV-2025-002456,1-556703,Contable,2025-01-24,2025-01-30,2025-02-05,San José,Pérez Zeledón,San Isidro de El General,9.342777,-83.742356,Casa de habitación,CRC,921.57,644747.04,259.32,619654.71,5245240.09,760114000,PER-008
AV-2025-002457,6-243247-167,Actualización de garantía,2025-06-25,2025-06-25,2025-06-26,Puntarenas,Garabito,Jacó,9.589776,-84.595745,Apartamento,USD,136.2,2174.6,123.43,1035.79,188.97,424217,PER-007
AV-2025-002458,1-877101-190,Actualización de garantía,2021-05-21,2021-06-06,2021-06-14,San José,Santa Ana,Santa Ana,9.922776,-84.20149,Apartamento,USD,143.22,414.41,227.39,1047.14,14242.7,311704,PER-008
AV-2025-002459,2-562791,Garantía hipotecaria,2025-11-29,2025-12-06,2025-12-11,Alajuela,San Carlos,Quesada,10.296498,-84.382698,Casa de habitación,USD,576.62,261.14,109.96,1037.86,3240.22,267942,PER-001
AV-2025-002460,7-959708,Actualización de garantía,2025-08-22,2025-09-04,2025-09-12,Limón,Pococí,Guápiles,10.267681,-83.797409,Casa de habitación,CRC,536.21,519949.47,368.68,282110.76,7176861.32,389988000,PER-006
AV-2025-002461,4-514631-317,Leasing,2025-01-14,2025-01-31,2025-01-13,Heredia,Belén,San Antonio,9.986367,-84.172202,Condominio horizontal,USD,311.37,684.25,176.14,1414.25,9292.36,471453,PER-002
AV-2025-002462,4-621687,Leasing,2025-12-13,2025-12-24,2025-12-26,Heredia,Belén,San Antonio,9.989664,-84.192338,Casa de habitación,CRC,349.23,928655.52,153.11,586650.59,6768591.14,420905000,PER-003
AV-2025-002463,1-811358,Leasing,2025-10-20,2025-11-09,2025-11-18,San José,Santa Ana,Santa Ana,9.951027,-84.182818,Terreno baldío urbano,CRC,326.76,199663.06,0.0,0.0,0.0,65242000,PER-007
AV-2025-002464,3-168135,Leasing,2025-12-19,2025-12-29,2026-01-06,Cartago,Cartago,Oriental,9.861111,-83.907272,Terreno baldío urbano,CRC,1761.34,277528.75,0.0,0.0,0.0,488822000,PER-004
AV-2025-002465,1-898123,Actualización de garantía,2025-03-17,2025-03-31,2025-04-04,San José,Tibás,San Juan,9.952122,-84.079676,Casa de habitación,CRC,260.79,817829.95,55.18,309566.85,605054.47,230969000,PER-001
AV-2025-002466,7-540143,Leasing,2025-06-25,2025-07-07,2025-07-16,Limón,Pococí,Guápiles,10.254791,-83.805301,Casa de habitación,CRC,541.95,409297.34,277.83,663538.11,9098821.67,415268000,PER-004
AV-2025-002467,4-236994,Actualización de garantía,2025-02-14,2025-02-19,2025-02-20,Heredia,Belén,San Antonio,9.974572,-84.176475,Casa de habitación,CRC,183.15,662319.72,118.44,371543.38,3344957.94,168654000,PER-002
AV-2025-002468,4-288822,Garantía hipotecaria,2025-05-22,2025-05-26,2025-06-04,Heredia,Heredia,Heredia,10.004158,-84.132094,Casa de habitación,CRC,479.02,813631.91,165.02,630785.25,3574636.3,497413000,PER-007
AV-2024-002469,1-495533-078,Garantía hipotecaria,2024-09-22,2024-09-24,2024-10-04,San José,Goicoechea,Guadalupe,9.941857,-84.044652,Apartamento,USD,92.7,336.28,259.35,1509.78,16199.49,438934,PER-001
AV-2025-002470,4-287522,Garantía hipotecaria,2025-03-19,2025-03-30,2025-04-02,Heredia,Heredia,Heredia,10.00037,-84.13135,Local comercial,CRC,399.61,610666.8,338.67,649481.01,11007774.08,474996000,PER-006
AV-2026-002471,1-872392,Actualización de garantía,2026-01-26,2026-02-09,2026-02-15,San José,Puriscal,Santiago,9.897509,-84.340948,Casa de habitación,CRC,245.19,467769.64,147.53,696788.55,5418444.05,222908000,PER-001
AV-2026-002472,2-309644,Garantía hipotecaria,2026-01-12,2026-01-22,2026-01-26,Alajuela,San Ramón,San Ramón,10.107684,-84.465785,Casa de habitación,CRC,457.64,565994.68,138.25,535349.47,4235700.18,337270000,PER-003
AV-2024-002473,3-245882,Garantía hipotecaria,2024-11-23,2024-12-13,2024-12-18,Cartago,Turrialba,Turrialba,9.895291,-83.712937,Casa de habitación,CRC,217.73,435023.65,50.31,317872.91,666227.91,111376000,PER-007
AV-2025-002474,4-643069,Seguro,2025-08-31,2025-09-15,2025-09-18,Heredia,San Rafael,San Rafael,10.594586,-84.72238,Casa de habitación,USD,348.65,190.15,78.31,770.94,3189.73,129858,PER-007
AV-2025-002475,1-268976-302,Actualización de garantía,2025-04-20,2025-05-06,2025-05-08,San José,Tibás,San Juan,9.963768,-84.08557,Apartamento,USD,122.07,678.3,288.17,1538.74,14183.31,540402,PER-001
AV-2025-002476,2-563024,Leasing,2025-06-05,2025-06-08,2025-06-14,Alajuela,San Carlos,Quesada,10.30484,-84.404413,Casa de habitación,CRC,493.68,294923.69,155.67,597958.59,3012138.27,241694000,PER-008
AV-2025-002477,3-406181-202,Seguro,2025-12-22,2025-12-22,2026-01-03,Cartago,Cartago,Oriental,9.873366,-83.906205,Condominio horizontal,USD,428.65,835.25,86.86,994.93,582.34,445032,PER-005
AV-2025-002478,4-442082,Actualización de garantía,2025-05-19,2025-06-06,2025-06-18,Heredia,Santo Domingo,Santo Domingo,9.977194,-84.075461,Casa de habitación,CRC,794.92,391130.19,473.27,676204.01,2852766.02,633797000,PER-005
AV-2025-002479,3-609182-252,Actualización de garantía,2025-01-16,2025-01-18,2025-01-22,Cartago,Cartago,Oriental,10.210101,-83.570143,Condominio horizontal,CRC,371.04,335128.87,116.98,827203.36,13299.87,221126000,PER-007
AV-2025-002480,1-167615,Leasing,2023-07-20,2023-07-20,2023-07-29,San José,San José,Carmen,9.945803,-84.078121,Local comercial,CRC,2102.39,1147553.01,1357.39,296624.64,26860075.57,2842099000,PER-009
AV-2024-002481,1-471811-379,Seguro,2024-11-22,2024-12-08,2024-12-20,San José,Tibás,San Juan,9.962955,-84.073074,Apartamento,USD,206.0,434.52,391.22,1634.93,19252.9,748381,PER-006
AV-2025-002482,1-446822-375,Leasing,2025-03-06,2025-03-24,2025-03-30,San José,Montes de Oca,San Pedro,9.931868,-84.037945,Condominio horizontal,USD,297.54,629.89,158.71,1089.63,12764.55,373117,PER-001
AV-2024-002483,7-950845,Garantía hipotecaria,2024-06-28,2024-07-15,2024-07-25,Limón,Limón,Limón,9.975387,-83.028848,Terreno baldío urbano,USD,628.95,342.35,0.0,0.0,0.0,215321,PER-003
AV-2024-002484,2-152704,Actualización de garantía,2024-05-01,2024-05-01,2024-05-08,Alajuela,Alajuela,Alajuela,10.025666,-84.21478,Local comercial,USD,885.69,477.61,562.81,1645.76,11815.51,1361080,PER-001
AV-2025-002485,1-222989,Leasing,2025-06-26,2025-07-02,2025-07-03,San José,Puriscal,Santiago,9.813556,-84.340672,Terreno baldío rural,CRC,24081.92,71875.66,0.0,0.0,0.0,1730904000,PER-009
AV-2026-002486,7-518481,Garantía hipotecaria,2026-01-07,2026-01-26,2026-02-06,Limón,Pococí,Guápiles,10.250509,-83.787255,Casa de habitación,CRC,1018.25,1763199.08,286.9,634242.24,10964595.31,1988306000,PER-004
AV-2025-002487,5-523098,Contable,2025-06-01,2025-06-16,2025-06-21,Guanacaste,Santa Cruz,Tamarindo,10.265694,-85.824465,Casa de habitación,CRC,511.76,591190.04,320.7,656595.7,3394094.32,516512000,PER-001
AV-2026-002488,1-417116,Actualización de garantía,2023-05-24,2023-06-11,2023-06-15,San José,Goicoechea,Guadalupe,9.959889,-84.058288,Casa de habitación,CRC,248.93,515900.53,109.97,402264.87,2516440.42,175177000,PER-002
AV-2025-002489,2-173016,Seguro,2025-03-19,2025-03-30,2025-04-09,Alajuela,San Carlos,Quesada,10.297152,-84.425807,Local comercial,CRC,623.31,1789559.25,448.14,733857.94,21749223.78,1466070000,PER-007
AV-2024-002490,5-566359,Actualización de garantía,2023-12-02,2023-12-19,2023-12-27,Guanacaste,Liberia,Liberia,10.62143,-85.395227,Terreno baldío rural,CRC,60355.68,81247.1,0.0,0.0,0.0,4903724000,PER-007
AV-2024-002491,1-908149,Actualización de garantía,2022-10-16,2022-10-30,2022-11-08,San José,Escazú,Escazú,9.899098,-84.140311,Casa de habitación,CRC,781.74,964215.39,268.62,353946.8,2859809.75,851703000, 
AV-2025-002492,6-144410,Leasing,2021-08-31,2021-09-09,2021-09-12,Puntarenas,Puntarenas,Puntarenas,9.974331,-84.833465,Casa de habitación,CRC,481.54,310662.95,283.01,821608.51,6263941.49,388384000,PER-007
AV-2025-002493,4-300422-121,Garantía hipotecaria,2025-11-02,2025-11-09,2025-11-16,Heredia,San Rafael,San Rafael,10.033084,-84.079855,Apartamento,USD,80.44,407.93,197.74,1285.93,11319.46,298413,PER-001
AV-2025-002494,3-671275,Garantía hipotecaria,2025-07-13,2025-07-21,2025-07-29,Cartago,La Unión,Tres Ríos,9.910501,-83.967278,Casa de habitación,CRC,420.8,694616.62,66.67,467142.47,11690.19,323451000,PER-007
AV-2025-002495,1-427178-022,Garantía hipotecaria,2025-07-17,2025-07-29,2025-08-03,San José,Escazú,Escazú,9.924433,-84.122692,Apartamento,USD,62.51,932.05,87.42,848.15,500.51,132908,PER-003
AV-2024-002496,5-817397-173,Garantía hipotecaria,2024-09-13,2024-09-21,2024-09-25,Guanacaste,Santa Cruz,Tamarindo,10.311462,-85.874057,Condominio horizontal,USD,402.32,161.3,180.9, ,21638.34,362855,PER-003
AV-2025-002497,3-291252,Garantía hipotecaria,2025-03-26,2025-04-11,2025-04-12,Cartago,La Unión,Tres Ríos,9.911439,-83.985321,Casa de habitación,CRC,512.45,463716.7,312.66,260457.21,4241221.34,323307000,PER-004
AV-2025-002498,2-581665,Garantía hipotecaria,2025-02-02,2025-02-15,2025-02-23,Alajuela,Grecia,Grecia,10.069087,-84.29894,Casa de habitación,CRC,239.36,550159.78,129.09,319110.3,1262845.76,174143000,PER-003
AV-2025-002218,1-961616,Garantía hipotecaria,2025-09-22,2025-09-30,2025-10-03,San José,Pérez Zeledón,San Isidro de El General,9.382745,-83.764616,Finca agrícola,CRC,117915.94,47562.2,12979.21,532107.73,389236661.67,12903916000,PER-001
AV-2025-002500,1-643383,Garantía hipotecaria,2025-10-19,2025-11-06,2025-11-18,San José,Montes de Oca,San Pedro,9.932085,-84.059173,Casa de habitación,CRC,354.1,537372.88,100.99,306980.7,1687939.94,222974000,PER-005
AV-2025-002501,4-852613,Seguro,2025-06-18,2025-06-24,2025-06-26,Heredia,Santo Domingo,Santo Domingo,9.982993,-84.104321,Casa de habitación,CRC,250.66,866268.75,147.05,481204.66,560183.0,288460000,PER-009
AV-2025-002502,3-980267-221,Garantía hipotecaria,2025-07-23,2025-08-05,2025-08-10,Cartago,Paraíso,Paraíso,9.815519,-83.859989,Apartamento,USD,141.55,185.84,260.26,1413.12,8296.05,402380,PER-001
AV-2025-002503,1-596796,Garantía hipotecaria,2025-09-24,2025-10-12,2025-10-20,San José,Puriscal,Santiago,9.793113,-84.325377,Casa de habitación,CRC,461.53,438754.82,182.86,338114.03,4611149.55,268937000,PER-004
AV-2025-002504,1-784995,Garantía hipotecaria,2025-09-20,2025-10-09,2025-10-18,San José,Desamparados,Desamparados,9.886072,-84.0761,Casa de habitación,CRC,647.05,560278.18,173.01,759369.89,2570881.38,496477000,PER-001
AV-2025-002505,5-855609-002,Garantía hipotecaria,2025-08-29,2025-09-12,2025-09-18,Guanacaste,Carrillo,Sardinal,10.507469,-85.677148,Apartamento,USD,114.18,2919.04,258.18,859.88,17597.62,572897,PER-001
AV-2025-002506,4-707316,Contable,2025-11-30,2025-12-07,2025-12-19,Heredia,Santo Domingo,Santo Domingo,9.993728,-84.091428,Casa de habitación,CRC,666.75,2712500.22,237.49,322934.06,2522836.55,1887776000,PER-001
AV-2024-002507,4-924242,Actualización de garantía,2024-11-28,2024-12-06,2024-12-13,Heredia,Heredia,Heredia,9.99496,-84.132555,Casa de habitación,CRC,218.07,1244522.11,59.56,834242.78,1091806.55,322172000,PER-005
AV-2025-002380,1-469014,Leasing,2024-01-17,2024-02-03,2024-02-08,San José,San José,Carmen,9.945523,-84.070727,Terreno baldío urbano,CRC,1451.07,327838.24,0.0,0.0,8965735.63,484682000,PER-003
AV-2024-002509,1-475469,Actualización de garantía,2024-11-13,2024-11-29,2024-12-05,San José,Escazú,Escazú,9.927474,-84.130251,Local comercial,CRC,227.95,2329149.76,298.7,630097.7,4553431.14,723693000,PER-006
AV-2025-002510,7-518938,Garantía hipotecaria,2025-03-29,2025-04-06,2025-04-11,Limón,Pococí,Guápiles,10.205206,-83.818844,Casa de habitación,CRC,600.17,537994.8,312.93,337798.45,3824259.7,432420000,PER-002
AV-2025-002511,7-834839-175,Garantía hipotecaria,2025-04-09,2025-04-17,2025-04-22,Limón,Talamanca,Cahuita,9.756977,-82.879048,Apartamento,USD,92.41,1620.85,273.33,857.75,6002.15,390234,PER-005
AV-2025-002512,5-596011-200,Garantía hipotecaria,2025-11-20,2025-12-01,2025-12-08,Guanacaste,Carrillo,Sardinal,10.506766,-85.691562,Condominio horizontal,USD,321.53,534.37,68.82,1678.79,2424.58,289775,PER-008
AV-2025-002513,2-165357,Leasing,2025-05-03,2025-07-22,2025-07-29,Alajuela,San Ramón,San Ramón,10.087234,-84.434214,Casa de habitación,CRC,753.95,436550.78,308.62,761435.52,3038824.43,567171000,PER-003
AV-2025-002514,7-375032,Compraventa,2025-03-16,2025-03-21,2025-03-22,Limón,Limón,Limón,9.983734,-83.0419,Casa de habitación,CRC,218.96,441339.05,44.33,465569.56,1480098.1,118754000,PER-006
AV-2025-002515,1-983672,Seguro,2025-10-21,2025-11-10,2025-11-16,San José,Escazú,Escazú,9.929974,-84.157407,Local comercial,CRC,867.81,565447.63,498.79,717887.14,26245477.37,875022000,PER-001
AV-2025-002516,3-773776,Leasing,2025-04-21,2025-05-06,2025-05-17,Cartago,La Unión,Tres Ríos,9.886492,-83.980079,Casa de habitación,CRC,432.06,851717.08,301.99,279665.34,6109691.63,458559000,PER-009
AV-2024-002517,4-812171,Leasing,2021-12-23,2021-12-28,2022-01-07,Heredia,Heredia,Heredia,9.985313,-84.126037,Casa de habitación,USD,345.2,594.19,209.34,970.24,6916.03,415140,PER-007
AV-2024-002518,1-752374,Garantía hipotecaria,2024-09-19,2024-09-23,2024-09-29,San José,Desamparados,Desamparados,9.91287,-84.078567,Local comercial,CRC,595.23,543999.93,755.56,457450.28,22561808.65,691998000,PER-007
AV-2025-002519,4-789748,Seguro,2022-08-03,2022-08-06,2022-08-17,Heredia,Heredia,Heredia,9.990233,-84.127295,Casa de habitación,CRC,483.15,940346.62,185.29,331050.64,1237532.27,516906000,PER-003
AV-2025-002520,1-349945,Leasing,2022-10-26,2022-11-11,2022-11-14,San José,Puriscal,Santiago,9.812331,-84.37929,Terreno baldío rural,CRC,27733.96,27263.21,0.0,0.0,0.0,756117000,PER-006
AV-2024-002521,1-410267,Actualización de garantía,2024-09-23,2024-10-07,2024-10-13,San José,Goicoechea,Guadalupe,9.945309,-84.062677,Bodega o nave industrial,USD,8425.63,212.53,1744.08,1004.6,8086.65,3550889,PER-003
AV-2025-002522,3-378481,Leasing,2025-06-02,2025-06-09,2025-06-20,Cartago,Cartago,Oriental,9.864699,-83.910077,Edificio de oficinas,USD,4273.47,861.99,15243.26,808.71,828847.54,16839913,PER-005
AV-2025-002523,4-586596-011,Leasing,2025-08-19,2025-08-20,2025-08-21,Heredia,Santo Domingo,Santo Domingo,9.987969,-84.098643,Condominio horizontal,USD,519.7,406.25,171.03,1261.8,1687.98,428622,PER-004
AV-2025-002524,2-807751,Leasing,2023-08-26,2023-09-04,2023-09-09,Alajuela,Upala,Upala,10.91928,-84.9102,Finca agrícola,CRC,168103.91,9373.2,0.0,0.0,0.0,1575672000,PER-003
AV-2025-002525,4-641660,Actualización de garantía,2022-05-19,2022-06-03,2022-06-09,Heredia,Sarapiquí,Puerto Viejo,10.45038,-84.05515,Casa de habitación,USD,781.28,21.93,317.31,1441.82,6346.31,480984,PER-009
AV-2025-003863,1-881428,Garantía hipotecaria,2024-08-30,2024-08-30,2024-09-02,San José,Curridabat,Curridabat,9.921947,-84.030611,Casa de habitación,CRC,498.06,881308.64,145.6,440832.36,3393361.1,506523000,PER-007
AV-2026-002527,1-157929,Actualización de garantía,2026-01-08,2026-01-13,2026-01-23,San José,San José,Carmen,9.938278,-84.083535,Casa de habitación,CRC,502.96,811605.38,273.34,273341.49,4434654.45,487355000,PER-008
AV-2025-002528,6-897496,Leasing,2021-10-31,2021-11-20,2021-11-23,Puntarenas,Puntarenas,Puntarenas,9.983918,-84.825399,Terreno baldío rural,CRC,53993.91,105460.89,0.0,0.0,0.0,5694246000,PER-009
AV-2025-002529,3-984189,Actualización de garantía,2022-03-31,2022-04-18,2022-04-30,Cartago,La Unión,Tres Ríos,9.906244,-84.008268,Casa de habitación,CRC,726.33,622706.06,316.84,825190.34,17878646.52,731622000,PER-002
AV-2024-002530,1-942487,Leasing,2024-06-23,2024-07-07,2024-07-17,San José,San José,Carmen,9.930592,-84.069112,Terreno baldío urbano,CRC,1220.56,474524.95,0.0,0.0,0.0,579186000,PER-007
AV-2024-002531,1-661202,Garantía hipotecaria,2024-01-20,2024-02-04,2024-02-16,San José,Goicoechea,Guadalupe,9.955352,-84.057169,Casa de habitación,CRC,972.53,414651.83,557.06,556036.5,12166394.98,725173000,PER-007
AV-2025-002532,2-850541,Leasing,2021-03-29,2021-04-09,2021-04-14,Alajuela,Alajuela,Alajuela,10.02747,-84.19945,Local comercial,CRC,1276.17,2720684.34,1969.36,777778.9,53908241.97,5057691000,PER-003
AV-2025-002533,1-829913-042,Leasing,2025-04-01,2025-04-21,2025-05-02,San José,Curridabat,Curridabat,9.43102,-84.578052,Condominio horizontal,USD,466.13,405.29,278.21,1548.4,29375.71,649074,PER-008
AV-2024-002534,1-500148,Garantía hipotecaria,2024-11-06,2024-11-25,2024-11-28,San José,San José,Carmen,9.930234,-84.067804,Edificio de oficinas,USD,3180.45,407.11,13588.97,579.04,467162.47,9630513,PER-001
AV-2025-002535,6-134703,Contable,2025-06-30,2025-07-10,2025-07-17,Puntarenas,Puntarenas,Puntarenas,9.984244,-84.848705,Casa de habitación,CRC,245.52,278096.95,69.66,274764.39,634961.06,88053000,PER-003
AV-2025-002536,1-808425,Leasing,2025-09-13,2025-09-26,2025-10-02,San José,Santa Ana,Santa Ana,9.937282,-84.195981,Casa de habitación,CRC,283.67,638949.09,119.82, ,408226.09,229558000,PER-009
AV-2024-002537,6-954033,Leasing,2024-06-03,2024-06-12,2024-06-19,Puntarenas,Quepos,Quepos,9.455823,-84.196487,Terreno baldío rural,CRC,26877.9,262776.73,0.0,0.0,0.0,7062887000,PER-001
AV-2025-002538,1-236510,Actualización de garantía,2025-11-11,2025-11-25,2025-11-27,San José,Desamparados,Desamparados,10.401628,-83.968246,Casa de habitación,CRC,1044.58,853399.72,296.19,716397.14,7873840.5,1111508000,PER-005
AV-2025-002539,3-766200,Leasing,2025-09-30,2025-10-06,2025-10-10,Cartago,La Unión,Tres Ríos,9.913663,-83.966955,Casa de habitación,CRC,492.46,1726607.97,335.1,587176.93,14679749.92,1061728000,PER-005
AV-2025-002540,4-471690,Actualización de garantía,2025-03-09,2025-03-12,2025-03-13,Heredia,Santo Domingo,Santo Domingo,9.986229,-84.099655,Terreno baldío urbano,CRC,480.39,117806.81,0.0,0.0,0.0,56593000,PER-009
AV-2025-002541,4-877973,Contable,2025-05-08,2025-05-24,2025-06-04,Heredia,Heredia,Heredia,9.983175,-84.112378,Casa de habitación,CRC,1124.88,699345.04,368.66,839432.53,17933145.55,1114078000,PER-001
AV-2025-002542,4-747282,Contable,2023-01-12,2023-01-24,2023-02-03,Heredia,Belén,San Antonio,-84.181062,9.988747,Casa de habitación,CRC,514.08,1118083.15,358.4,313385.55,6532926.46,693634000,PER-004
AV-2025-002543,1-311630,Leasing,2025-11-25,2025-12-07,2025-12-10,San José,San José,Carmen,9.932876,-84.077758,Casa de habitación,CRC,678.72,1131796.77,111.83,380214.41,1365748.84,812058000,PER-002
AV-2025-002544,1-468659,Actualización de garantía,2025-12-09,2025-12-18, ,San José,Pérez Zeledón,San Isidro de El General,9.321411,-83.665322,Terreno baldío urbano,CRC,782.9,85971.55,0.0,0.0,0.0,67307000,PER-003
AV-2025-002545,7-826361,Leasing,2025-08-25,2025-09-08,2025-09-16,Limón,Pococí,Guápiles,10.259205,-83.782236,Casa de habitación,CRC,167.54,510431.84,46.66,539553.38,1027819.02,111721000,PER-003
AV-2026-002546,2-686088,Garantía hipotecaria,2026-02-07,2026-02-13,2026-02-22,Alajuela,Alajuela,Alajuela,10.03044,-84.22293,Casa de habitación,CRC,221.21,931937.3,90.99,569946.8,3950315.29,261964000,PER-001
AV-2025-002547,1-379359,Seguro,2025-09-14,2025-09-17,2025-09-24,San José,Santa Ana,Santa Ana,9.700568,-83.211037,Casa de habitación,CRC,389.58,4539396.65,151.78,372447.14,1262143.35,1826250000,PER-005
AV-2025-002548,1-430689,Actualización de garantía,2025-01-21,2025-02-09,2025-02-14,San José,Tibás,San Juan,10.230006,-84.413508,Edificio de oficinas,USD,2324.55,632.35,8555.35,658.41,293445.61,7396303,PER-007
AV-2025-002549,1-197422-399,Leasing,2025-12-06,2025-12-18,2025-12-28,San José,Montes de Oca,San Pedro,9.946849,-84.048659,Condominio horizontal,CRC,450.8,217867.37,346.93,317139.43,1977377.99,210217000,PER-008
AV-2026-002550,7-736650,Contable,2026-01-25,2026-02-12,2026-02-22,Limón,Pococí,Guápiles,10.222969,-83.787056,Casa de habitación,CRC,749.51,651369.47,375.84,314646.02,7144300.24,613609000,PER-006
AV-2026-002551,7-825670,Garantía hipotecaria,2025-12-19,2026-01-08,2026-01-15,Limón,Pococí,Guápiles,10.248352,-83.821196,Casa de habitación,CRC,189.34,498901.2,80.91,323238.5,1400025.38,122015000,PER-002
AV-2025-002552,1-813512,Compraventa,2025-08-25,2025-08-26,2025-08-28,San José,Goicoechea,Guadalupe,9.964192,-84.042821,Casa de habitación,USD,752.02,374.62,230.66,1035.1,3595.57,524073,PER-005
AV-2025-002553,5-198581,Contable,2025-06-02,2025-06-02,2025-06-06,Guanacaste,Liberia,Liberia,10.657456,-85.412175,Casa de habitación,CRC,147.36,413306.58,66.86,338953.84,1647353.18,85215000,PER-001
AV-2025-002554,2-577822,Actualización de garantía,2025-06-03,2025-06-12,2025-06-21,Alajuela,Grecia,Grecia,10.094566,-84.291754,Casa de habitación,CRC,206.91,513318.38,63.2,479595.64,454081.9,136975000,PER-008
AV-2024-002555,5-561048,Actualización de garantía,2024-04-19,2024-05-01,2024-05-13,Guanacaste,Carrillo,Sardinal,10.544569,-85.652604,Casa de habitación,CRC,332.88,660199.44,151.59,,6407646.1,325239000,PER-006
AV-2025-002556,2-494695,Leasing,2025-05-18,2025-06-04,2025-06-16,Alajuela,Upala,Upala,10.930773,-84.939721,Casa de habitación,CRC,768.19,303789.32,345.11,368234.13,5315472.04,365765000,PER-003
AV-2025-002557,2-251352,Leasing,2025-04-27,2025-05-11,2025-05-22,Alajuela,Atenas,Atenas,10.001502,-84.395735,Terreno baldío urbano,CRC,983.01,17736.27,0.0,0.0,0.0,17435000,PER-003
AV-2025-002558,2-290299-180,Garantía hipotecaria,2025-07-30,2025-07-07,2025-07-12,Alajuela,Alajuela,Alajuela,10.024106,-84.222872,Condominio horizontal,USD,578.33,1074.39,421.94,1433.17,25040.54,1251104,PER-003
AV-2025-002559,4-879413,Garantía hipotecaria,2025-11-23,2025-11-26,2025-11-28,Heredia,Santo Domingo,Santo Domingo,9.59075,-84.281884,Bodega o nave industrial,USD,10832.35,413.29,4747.72,1575.82,313425.93,12271880,PER-007
AV-2025-002560,1-818350-189,Garantía hipotecaria,2025-01-13,2025-01-14,2025-01-15,San José,Desamparados,Desamparados,9.902117,-84.086141,Condominio horizontal,USD,609.97,308.88,315.05,954.53,13320.25,502452,PER-003
AV-2025-002561,2-973980,Leasing,2025-02-13,2025-02-28,2025-03-11,Alajuela,Upala,Upala,10.94085,-85.051049,Casa de habitación,CRC,415.68,362062.37,103.8,374450.25,9948.06,189380000,PER-004
AV-2025-002562,7-800034,Compraventa,2025-09-10,2025-09-24,2025-10-01,Limón,Limón,Limón,9.96597,-83.022765,Local comercial,CRC,1999.0,582311.37,2355.36,634350.94,60202624.52,2718368000,PER-006
AV-2025-002563,5-569207,Leasing,2025-04-19,2025-04-22,2025-04-24,Guanacaste,Santa Cruz,Tamarindo,10.287275,-85.841228,Terreno baldío urbano,CRC,1208.56,7723.26,0.0,0.0,4206934.61,13541000,PER-003
AV-2025-002564,6-727683,Seguro,2025-07-18,2025-07-21,2025-07-28,Puntarenas,Puntarenas,Puntarenas,9.951355,-84.827998,Terreno baldío urbano,CRC,272.84,151997.86,0.0,0.0,0.0,41471000,PER-001
AV-2025-002565,4-330468,Garantía hipotecaria,2025-06-24,2025-06-27,2025-06-30,Heredia,Heredia,Heredia,10.423628,-83.918204,Casa de habitación,USD,580.22,778.19,118.73,1012.46,2679.17,574410,PER-002
AV-2026-002566,1-220156,Actualización de garantía,2025-12-24,2026-01-08,2026-01-13,San José,Curridabat,Curridabat,9.914878,-84.036428,Local comercial,CRC,1181.78,712924.65,1127.12,353290.78,6477578.91,1247199000,PER-006
AV-2025-002567,4-569971,Leasing,2025-10-02,2025-10-07,2025-10-16,Heredia,Sarapiquí,Puerto Viejo,10.395191,-84.033722,Terreno baldío rural,USD,8198.44,22.19,75.98,1291.45,0.0,181923,PER-009
AV-2024-002568,1-134174-258,Leasing,2024-07-05,2024-07-20,2024-07-22,San José,San José,Carmen,9.930947,-84.077118,Condominio horizontal,USD,490.81,912.16,262.23,1614.54,9200.45,880279,PER-002
AV-2025-002569,4-351566,Leasing,2025-02-16,2025-02-23,2025-03-07,Heredia,Belén,San Antonio,9.992614,-84.180598,Bodega o nave industrial,CRC,4410.05,663337.08,1995.23,273642.62,7278581.65,3478608000,PER-007
AV-2024-002570,3-780735-379,Actualización de garantía,2024-08-06,2024-08-12,2024-08-23,Cartago,Cartago,Oriental,9.867768,-83.904633,Condominio horizontal,USD,445.38,998.5,190.73,878.34,591.65,612829,PER-008
AV-2025-002571,7-226908,Garantía hipotecaria,2025-02-09,2025-02-11,2025-02-15,Limón,Pococí,Guápiles,10.268628,-83.775011,Finca agrícola,USD,251739.34,238.73,33345.12,800.85,1857063.29,88659235,PER-004
AV-2024-002572,2-420454,Garantía hipotecaria,2024-10-11,2024-10-30,2024-11-10,Alajuela,Grecia,Grecia,10.083056,-84.295155,Casa de habitación,CRC,917.72,334305.25,354.46,741547.28,13981740.97,583629000,PER-005
AV-2025-002573,4-815370-135,Actualización de garantía,2025-02-25,2025-03-08,2025-03-19,Heredia,Belén,San Antonio,9.991581,-84.179702,Apartamento,CRC,83.08,1379962.86,140.93,466932.97,3142542.41,183595000,PER-009
AV-2025-002574,3-384260,Actualización de garantía,2025-04-28,2025-04-29,2025-05-08,Cartago,Turrialba,Turrialba,9.9483,-83.66834,Bodega o nave industrial,USD,1250.8,171.99,465.86,1168.84,20186.89,779828,PER-004
AV-2025-002575,1-859415,Contable,2025-08-02,2025-08-17,2025-08-25,San José,Montes de Oca,San Pedro,9.923383,-84.038627,Bodega o nave industrial,USD,9050.34,785.75,3429.17,568.34,59031.16,9119270,PER-005
AV-2025-002576,4-125089,Actualización de garantía,2024-12-26,2025-01-04,2025-01-16,Heredia,Santo Domingo,Santo Domingo,9.980817,-84.09299,Casa de habitación,CRC,326.27,329944.58,177.41,302226.66,3055134.36,164324000,PER-004
AV-2024-002577,4-752667,Actualización de garantía,2024-04-05,2024-04-23,2024-04-30,Heredia,Belén,San Antonio,9.974564,-84.194673,Local comercial,CRC,1802.88,1002983.06,1136.28,547155.37,16766833.97,2446747000,PER-001
AV-2025-002578,1-254378,Garantía hipotecaria,2025-09-28,2025-10-10,2025-10-11,San José,Curridabat,Curridabat,9.923066,-84.019951,Casa de habitación,CRC,989.45,602267.81,677.57,272490.84,7497685.13,788043000,PER-002
AV-2025-002579,7-953003,Actualización de garantía,2024-12-30,2025-01-13,2025-01-24,Limón,Limón,Limón,9.973061,-83.045322,Finca agrícola,CRC,156503.43,59182.24,5357.65,786773.04,298378443.58,13775857000,PER-002
AV-2024-002580,7-536050,Leasing,2024-12-24,2024-11-28,2024-12-06,Limón,Talamanca,Cahuita,9.696053,-82.889553,Terreno baldío urbano,CRC,988.49,101869.78,0.0,0.0,0.0,100697000,PER-003
AV-2025-002581,5-165354,Compraventa,2025-07-16,2025-07-24,2025-08-01,Guanacaste,Santa Cruz,Tamarindo,10.26248,-85.821141,Casa de habitación,CRC,683.73,1254644.72,181.24,261203.71,448220.54,905627000,PER-002
AV-2026-002582,3-165338,Leasing,2026-01-13,2026-01-20,2026-02-01,Cartago,La Unión,Tres Ríos,9.914501,-83.990516,Local comercial,CRC,2243.98,825184.22,3078.23,425660.91,95516532.54,3257496000,PER-003
AV-2025-002583,4-793980-137,Garantía hipotecaria,2025-10-26,2025-11-05,2025-11-07,Heredia,Belén,San Antonio,9.981547,-84.192313,Condominio horizontal,USD,319.81,599.68,107.22,1048.63,838.68,305056,PER-005
AV-2025-002584,1-499712,Leasing,2025-11-24,2025-11-25,2025-12-03,San José,San José,Carmen,9.940345,-84.067728,Local comercial,CRC,505.99,478810.62,779.14,468261.91,19130135.85,626245000,PER-005
AV-2025-002585,3-361637,Leasing,2025-05-16,2025-06-01,2025-06-09,Cartago,La Unión,Tres Ríos,9.913722,-83.979035,Bodega o nave industrial,CRC,12306.53,508399.91,5597.34,405804.01,66682274.91,8594744000,PER-002
AV-2024-002586,6-598654,Garantía hipotecaria,2024-08-18,2024-08-23,2024-09-03,Puntarenas,Garabito,Jacó,9.634215,-84.605774,Terreno baldío urbano,CRC,1096.81,236704.33,0.0,0.0,2554325.45,262174000,PER-002
AV-2026-002587,2-139103,Compraventa,2026-01-06,2026-01-16,2026-01-22,Alajuela,Alajuela,Alajuela,10.003599,-84.211682,Bodega o nave industrial,USD,5795.44,699.83,2394.17,1287.85,152378.61,7291533,PER-003
AV-2025-002588,1-500925,Leasing,2024-12-30,2025-01-06,2025-01-17,San José,Tibás,San Juan,9.953015,-84.065627,Casa de habitación,CRC,155.63,134333.99,103.03,844671.93,1057331.09,108990000,PER-003
AV-2025-002589,4-820750,Leasing,2025-02-13,2025-02-28,2025-03-12,Heredia,Belén,San Antonio,9.993618,-84.180102,Casa de habitación,CRC,200.42,986558.91,74.89,601187.71,2621511.42,245371000,PER-002
AV-2025-002590,4-814955-269,Garantía hipotecaria,2025-02-25,2025-03-03,2025-03-05,Heredia,Belén,San Antonio,9.990171,-84.179296,Apartamento,USD,141.23,776.89,255.87,1606.69,9583.07,530407,PER-006
AV-2025-002591,5-553989,Leasing,2025-10-16,2025-10-24,2025-10-27,Guanacaste,Santa Cruz,Tamarindo,10.336795,-85.861464,Casa de habitación,CRC,276.49,918058.8,138.97,631467.67,857889.07,342447000,PER-001
AV-2024-002592,4-286347,Compraventa,2024-10-18,2024-10-30,2024-11-09,Heredia,Sarapiquí,Puerto Viejo,10.518693,-83.952867,Finca agrícola,CRC,283893.72,22987.65,0.0,0.0,0.0,6526049000,PER-002
AV-2024-002593,1-867688,Contable,2024-11-17,2024-11-17,2024-11-27,San José,San José,Carmen,9.94023,-84.082349,Casa de habitación,CRC,462.25,862170.62,249.22,329229.92,2918823.32,483508000,PER-006
AV-2025-002594,3-831143-015,Actualización de garantía,2025-02-26,2025-03-10,2025-03-14,Cartago,Cartago,Oriental,9.858428,-83.906149,Apartamento,USD,179.49,886.2,163.1,1000.39,7755.4,329983,PER-004
AV-2025-002595,1-266582,Leasing,2025-10-26,2025-10-30,2025-11-06,San José,Desamparados,Desamparados,9.887671,-84.079409,Casa de habitación,CRC,620.95,851176.82,186.99,392922.9,1648144.3,603659000,PER-009
AV-2025-002596,3-471874,Actualización de garantía,2025-10-07,2025-10-09,2025-10-13,Cartago,La Unión,Tres Ríos,9.902208,-83.992579,Terreno baldío urbano,CRC,1173.69,221725.89,0.0,0.0,6678381.73,266916000,PER-003
AV-2025-002597,1-832259,Leasing,2025-04-27,2025-05-17,2025-05-22,San José,Desamparados,Desamparados,9.89106,-84.055188,Casa de habitación,USD,332.02,241.08,99.71,907.7,5163.85,175714,PER-001
AV-2025-002394,4-953510,Garantía hipotecaria,2024-06-02,2024-06-13,2024-06-24,Heredia,Santo Domingo,Santo Domingo,9.984251,-84.08406,Casa de habitación,CRC,966.56,817636.62,292.58,308382.72,899960.37,881421000,PER-007
AV-2025-002599,1-286287,Actualización de garantía,2025-03-22,2025-04-06,2025-04-14,San José,Curridabat,Curridabat,9.156123,-84.146577,Casa de habitación,CRC,391.36,840383.68,84.81,839331.38,4106396.32,404183000,PER-007
AV-2026-002600,4-442001,Actualización de garantía,2026-01-06,2026-01-10,2026-01-16,Heredia,Sarapiquí,Puerto Viejo,10.546175,-84.035957,Terreno baldío urbano,CRC,1756.14,13015.5,0.0,0.0,0.0,22857000,PER-004
AV-2024-002601,4-566213,Actualización de garantía,2022-10-17,2022-11-06,2022-11-08,Heredia,San Rafael,San Rafael,10.005415,-84.107342,Bodega o nave industrial,CRC,17078.54,263475.79,6183.77,789966.49,16436536.04,9401189000,PER-007
AV-2025-002602,4-976047,Contable,2025-10-26,2025-11-07,2025-11-15,Heredia,Santo Domingo,Santo Domingo,9.988258,-84.104033,Local comercial,CRC,428.28,716133.87,224.98,425180.04,1889614.73,404252000,PER-004
AV-2024-002603,1-899444,Leasing,2024-09-18,2024-09-23,2024-09-25,San José,San José,Carmen,9.944335,-84.06862,Edificio de oficinas,CRC,1383.51,1082357.72,3927.19,770741.09,131554486.54,4655854000,PER-002
AV-2025-002604,5-279741,Garantía hipotecaria,2025-05-06,2025-05-16,2025-05-24,Guanacaste,Carrillo,Sardinal,10.531461,-85.696238,Terreno baldío urbano,CRC,791.29,172578.45,0.0,0.0,0.0,136560000,PER-005
AV-2026-002605,3-476905,Leasing,2026-01-02,2026-01-08,2026-01-15,Cartago,Turrialba,Turrialba,9.920802,-83.630822,Finca agrícola,CRC,52323.29,110782.58,0.0,0.0,0.0,5796509000,PER-005
AV-2025-002606,7-941170-007,Leasing,2025-05-30,2025-06-05,2025-06-06,Limón,Talamanca,Cahuita,9.691903,-82.821255,Apartamento,USD,101.76,1230.86,164.78,1064.68,6817.42,307508,PER-001
AV-2024-002607,6-458280,Actualización de garantía,2024-07-08,2024-07-26,2024-07-27,Puntarenas,Garabito,Jacó,9.651784,-84.648257,Casa de habitación,CRC,567.62,991068.47,75.58,575330.78,2902931.08,608937000,PER-003
AV-2026-002608,6-728012,Seguro,2023-07-09,2023-07-22,2023-08-02,Puntarenas,Puntarenas,Puntarenas,9.839309,-84.135656,Bodega o nave industrial,USD,6831.13,158.61,2601.19,722.58,10326.67,2973380,PER-002
AV-2025-002609,4-134267,Actualización de garantía,2025-03-31,2025-04-16,2025-04-17,Heredia,San Rafael,San Rafael,10.018624,-84.075158,Casa de habitación,CRC,467.4,433061.89,152.59,417253.15,1653630.97,267735000,PER-007
AV-2025-002610,4-644550,Actualización de garantía,2022-12-05,2022-12-09,2022-12-18,Heredia,Sarapiquí,Puerto Viejo,10.438156,-83.904364,Terreno baldío rural,CRC,9198.11,89445.45,0.0,0.0,0.0,822729000,PER-007
AV-2025-002611,4-335091,Compraventa,2025-12-27,2025-12-27,2025-12-29,Heredia,San Rafael,San Rafael,10.013631,-84.090954,Casa de habitación,CRC,419.29,847763.32,47.43,386975.3,1004972.6,374818000,PER-008
AV-2025-002612,1-223164,Actualización de garantía,2025-10-12,2025-10-23,2025-11-04,San José,Goicoechea,Guadalupe,9.959622,-84.04089,Casa de habitación,CRC,660.9,429325.51,292.37,669860.77,1543509.34,403046000,PER-008
AV-2025-002613,2-820151-149,Actualización de garantía,2025-11-12,2025-11-19,2025-11-27,Alajuela,Alajuela,Alajuela,10.027729,-84.230057,Apartamento,CRC,179.3,740948.61,489.69,519810.05,5638202.05,393036000,PER-001
AV-2025-002614,4-692025-019,Garantía hipotecaria,2025-04-18,2025-04-22,2026-09-11,Heredia,Santo Domingo,Santo Domingo,9.993091,-84.083623,Condominio horizontal,USD,294.69,176.11,92.37,1357.85,3880.17,181203,PER-003
AV-2025-002615,2-166175,Actualización de garantía,2025-01-29,2025-02-09,2025-02-17,Alajuela,Alajuela,Alajuela,10.019759,-84.222919,Terreno baldío urbano,CRC,292.43,497450.28,0.0,0.0,0.0,145469000,PER-006
AV-2026-002616,2-691988,Leasing,2026-01-06,2026-01-14,2026-01-17,Alajuela,Atenas,Atenas,9.992466,-84.419563,Casa de habitación,CRC,785.33,395663.46,409.23,583851.9,15516106.3,565172000,PER-006
AV-2025-002617,3-678751,Seguro,2025-10-07,2025-10-26,2025-11-02,Cartago,Cartago,Oriental,9.868086,-83.921664,Casa de habitación,CRC,511.5,751506.61,69.91,289371.61,861110.86,405487000,PER-005
AV-2025-002618,4-109224,Actualización de garantía,2025-09-16,2025-10-06,2025-10-10,Heredia,San Rafael,San Rafael,10.021229,-84.070139,Casa de habitación,CRC,416.88,689083.71,97.44,441278.25,1182240.48,331446000,PER-006
AV-2024-002619,6-551113-246,Leasing,2024-08-27,2024-09-08,2024-09-12,Puntarenas,Garabito,Jacó,9.608552,-84.623159,Apartamento,USD,168.02,1574.07,111.84,959.46,4940.61,376722,PER-002
AV-2024-002620,4-526166,Actualización de garantía,2024-04-14,2024-04-21,,Heredia,Belén,San Antonio,9.970531,-84.175006,Casa de habitación,CRC,405.8,1191311.65,208.91,617098.85,4716006.28,617068000,PER-007
AV-2025-002621,1-146692,Garantía hipotecaria,2025-11-11,2025-11-30,2025-12-10,San José,San José,Carmen,9.933854,-84.066307,Bodega o nave industrial,USD,6505.65,794.78,1541.48,1530.55,136942.7,7666815,PER-002
AV-2024-002622,1-874406,Garantía hipotecaria,2024-11-20,2024-11-20,2024-11-22,San José,Pérez Zeledón,San Isidro de El General,9.427409,-83.735625,Terreno baldío rural,CRC,33138.88,121511.83,0.0,0.0,0.0,4026766000,PER-009
AV-2024-002623,2-498491,Actualización de garantía,2024-08-01,2024-08-08,2024-08-18,Alajuela,Alajuela,Alajuela,10.004049,-84.210396,Terreno baldío urbano,CRC,564.08,280183.77,0.0,0.0,4423166.51,162469000,PER-006
AV-2024-002624,2-428010,Seguro,2021-08-10,2021-08-17,2021-08-29,Alajuela,Grecia,Grecia,10.077421,-84.293487,Finca agrícola,CRC,62462.73,81013.75,8639.24,756569.78,257931635.93,11854460000,PER-001
AV-2024-002625,1-538301,Garantía hipotecaria,2024-09-23,2024-10-01,2024-10-09,San José,Desamparados,Desamparados,9.886737,-84.071924,Casa de habitación,USD,579.47,269.14,294.76,1480.82,21427.09,613872,PER-005
AV-2026-002626,1-433620,Garantía hipotecaria,2026-01-31,2026-02-17,2026-02-26,San José,Puriscal,Santiago,9.892267,-84.265348,Finca agrícola,CRC,103561.91,6094.6,0.0,0.0,0.0,631168000,PER-002
AV-2024-002627,1-299685,Actualización de garantía,2024-11-09,2024-11-20,2024-11-23,San José,Curridabat,Curridabat,9.924786,-84.039569,Edificio de oficinas,USD,2774.35,439.01,1640.5,949.0,63185.41,2837987,PER-006
AV-2024-002628,1-467197,Garantía hipotecaria,2024-12-20,2024-12-23,2024-12-25,San José,Montes de Oca,San Pedro,9.937968,-84.062492,Casa de habitación,CRC,382.26,1135160.29,253.8,610174.21,10276867.82,599065000,PER-004
AV-2025-002629,5-476144,Compraventa,2025-05-21,2025-06-06,2025-06-12,Guanacaste,Nicoya,Nicoya,10.150752,-85.40312,Casa de habitación,CRC,669.41,259552.1,216.57,417556.4,5117679.11,269295000,PER-005
AV-2024-002630,3-278100-388,Leasing,2024-11-24,2024-12-12,2024-12-21,Cartago,Paraíso,Paraíso,9.840343,-83.866845,Condominio horizontal,USD,228.55,202.17,176.23,1621.88,9864.43,341894,PER-003
AV-2025-002631,7-839630-108,Garantía hipotecaria,2022-07-08,2022-07-20,2022-07-25,Limón,Talamanca,Cahuita,9.772039,-82.813451,Condominio horizontal,USD,335.63,440.42,195.31,1365.06,6585.16,421013,PER-007
AV-2026-002632,7-806199,Seguro,2026-02-04,2026-02-23,2026-03-03,Limón,Pococí,Guápiles,10.216922,-83.809394,Bodega o nave industrial,CRC,1103.26,134267.13,505.03,820532.32,18615859.79,581141000,PER-008
AV-2025-002633,1-591117,Garantía hipotecaria,2025-05-25,2025-06-06,2025-06-18,San José,Santa Ana,Santa Ana,9.917965,-84.171412,Casa de habitación,CRC,667.6,717870.03,370.2,442661.44,7053447.91,650177000,PER-003
AV-2024-002634,4-789541-195,Leasing,2023-11-26,2023-12-13,2023-12-23,Heredia,Santo Domingo,Santo Domingo,9.821477,-85.15065,Apartamento,USD,202.19,260.84,206.78,1211.96,7865.17,311213,PER-008
AV-2025-002635,1-881657-129,Compraventa,2022-05-04,2022-05-18,2022-05-28,San José,Santa Ana,Santa Ana,9.445885,-84.254099,Apartamento,USD,93.27,658.06,150.95,785.42,1534.65,181471,PER-003
AV-2025-002636,2-544404,Leasing,2025-05-25,2025-06-11,2025-06-17,Alajuela,Alajuela,Alajuela,10.035142,-84.204784,Local comercial,CRC,223.09,176878.11,419.78,646324.78,1615985.86,312390000,PER-007
AV-2025-002637,1-999644-106,Garantía hipotecaria,2025-09-26,2025-10-15,2025-10-21,San José,Escazú,Escazú,9.912425,-84.135989,Apartamento,USD,106.58,782.07,251.27,1218.24,3483.43,392944,PER-004
AV-2024-002638,1-611894,Garantía hipotecaria,2024-10-04,2024-10-11,2024-10-12,San José,Montes de Oca,San Pedro,9.928401,-84.037764,Local comercial,CRC,1816.04,892142.72,1469.28,589339.09,32398047.89,2518469000,PER-006
AV-2025-002639,2-827205-256,Compraventa,2025-09-02,2025-09-04,2025-09-10,Alajuela,Alajuela,Alajuela,10.012481,-84.233195,Apartamento,USD,112.75,1015.49,298.81,1320.12,10813.23,519775,PER-006
AV-2024-002640,1-758198,Garantía hipotecaria,2024-11-05,2024-11-18,2024-11-26,San José,Goicoechea,Guadalupe,9.938234,-84.041001,Terreno baldío urbano,CRC,1278.97,107554.47,0.0,0.0,0.0,137559000,PER-008
AV-2025-002641,4-396163-051,Leasing,2021-03-27,2021-04-07,2021-04-14,Heredia,Heredia,Heredia,10.003951,-84.127208,Condominio horizontal,USD,239.3,1021.33,106.17,1634.84,9369.44,427345,PER-003
AV-2025-002642,6-668872,Leasing,2025-08-31,2025-09-04,2025-09-16,Puntarenas,Garabito,Jacó,9.624915,-84.646554,Casa de habitación,CRC,861.37,786659.54,294.78,324963.34,6714200.11,780112000,PER-005
AV-2024-002643,1-595222,Actualización de garantía,2024-06-18,2024-06-18,2024-06-24,San José,Santa Ana,Santa Ana,9.921941,-84.184285,Local comercial,CRC,1118.43,832036.75,1771.01,563080.41,40407429.42,1968203000,PER-003
AV-2025-002644,1-329290-150,Garantía hipotecaria,2025-03-04,2025-03-18,2025-03-27,San José,Montes de Oca,San Pedro,9.938235,-84.041325,Apartamento,USD,90.7,548.94,55.36,747.42,2196.49,93363,PER-001
AV-2025-002645,1-684993,Leasing,2025-12-26,2025-12-26,2026-01-01,San José,Puriscal,Santiago,9.788174,-84.362397,Finca agrícola,CRC,182795.97,15124.22,20397.33,318924.4,105900011.78,9375753000,PER-005
AV-2025-002646,4-889675-056,Leasing,2025-09-03,2025-09-19,2025-09-28,Heredia,Heredia,Heredia,9.995258,-84.107891,Apartamento,USD,122.27,872.49,175.96,1450.06,7780.08,369612,PER-008
AV-2025-002647,1-725396-182,Compraventa,2021-09-02,2021-09-04,2021-09-09,San José,Santa Ana,Santa Ana,9.925813,-84.168597,Apartamento,USD,201.61,599.26,604.09,937.47,27323.76,714457,PER-009
AV-2025-002648,1-506648,Leasing,2023-06-03,2023-06-09,2023-06-14,San José,Desamparados,Desamparados,9.911805,-84.079664,Casa de habitación,CRC,292.58,626580.46,172.82,650619.2,6437511.12,302202000,PER-001
AV-2025-002649,6-152275,Leasing,2025-05-15,2025-06-01,2025-06-04,Puntarenas,Garabito,Jacó,9.575705,-84.620177,Casa de habitación,CRC,398.01,790988.21,246.68,252125.95,2099923.38,379116000,PER-002
AV-2025-002650,1-149555,Actualización de garantía,2025-11-29,2025-12-17,2025-12-23,San José,San José,Carmen,9.939351,-84.072573,Casa de habitación,USD,867.48,677.52,357.55,799.38,6952.32,880506,PER-005
AV-2024-002651,1-383764-021,Actualización de garantía,2024-11-04,2024-11-12,2024-11-17,San José,Montes de Oca,San Pedro,9.935535,-84.044138,Apartamento,CRC,80.02,1086076.51,149.04,250261.57,1564205.0,120807000,PER-007
AV-2024-002652,7-344737,Seguro,2024-07-29,2024-08-10,2024-08-12,Limón,Limón,Limón,9.98558,-83.040779,Casa de habitación,USD,201.25,179.05,101.22,1042.12,3831.79,145349,PER-008
AV-2025-002653,1-951872-282,Contable,2025-09-09,2025-09-14,2025-09-17,San José,Escazú,Escazú,9.921393,-84.123971,Apartamento,USD,97.09,1039.42,197.31,1151.2,13328.58,341389,PER-005
AV-2025-002654,4-522696,Garantía hipotecaria,2025-08-04,2025-08-09,2025-08-17,Heredia,Belén,San Antonio,9.977352,-84.178135,Casa de habitación,USD,1011.35,960.28,274.87,1625.46,27676.13,1445645,PER-005
AV-2025-002655,3-535617,Actualización de garantía,2021-03-23,2021-04-03,2021-04-04,Cartago,Turrialba,Turrialba,-83.670783,9.935977,Local comercial,USD,1398.74,128.79,539.1,769.22,12748.59,607579,PER-004
AV-2025-002656,5-170502-179,Garantía hipotecaria,2025-05-09,2025-05-11,2025-05-22,Guanacaste,Santa Cruz,Tamarindo,10.290658,-85.856281,Condominio horizontal,USD,367.34,442.3,281.79,1518.68,1305.7,591729,PER-001
AV-2025-002657,4-496771,Actualización de garantía,2025-05-26,2025-05-27,2025-06-02,Heredia,San Rafael,San Rafael,10.021946,-84.109224,Casa de habitación,USD,427.19,209.56,216.7,1378.73,12627.39,400920,PER-008
AV-2025-002658,7-960120,Leasing,2025-07-21,2025-08-09,2025-08-20,Limón,Limón,Limón,9.97486,-83.018438,Bodega o nave industrial,USD,6307.81,98.65,3801.89,1415.2,59641.29,6062341,PER-002
AV-2026-002659,1-848706,Garantía hipotecaria,2026-01-26,2026-02-13,2026-02-15,San José,Escazú,Escazú,9.920602,-84.136614,Bodega o nave industrial,USD,3551.42,668.8,756.8,588.99,9814.01,2830751,PER-008
AV-2025-002660,1-399580-019,Actualización de garantía,2022-03-14,2022-03-24,2022-03-26,San José,San José,Carmen,9.928395,-84.074596,Apartamento,USD,124.6,622.03,196.15,884.73,8847.6,259892,PER-003
AV-2025-002661,4-925059-074,Actualización de garantía,2022-03-19,2022-03-21,2022-04-02,Heredia,Belén,San Antonio,10.681097,-84.860712,Apartamento,USD,144.57,598.93,380.24,608.78,10225.46,328295,PER-006
AV-2024-002662,7-320860,Contable,2024-05-26,2024-05-28,2024-06-07,Limón,Pococí,Guápiles,10.213952,-83.759683,Terreno baldío urbano,CRC,1146.81,119663.83,0.0,0.0,0.0,137232000,PER-007
AV-2025-002663,5-798277,Leasing,2023-03-07,2023-03-20,2023-03-24,Guanacaste,Carrillo,Sardinal,10.484846,-85.666284,Terreno baldío urbano,CRC,384.18,1072440.12,0.0,0.0,0.0,412010000,PER-001
AV-2025-002664,4-147430,Leasing,2025-04-09,2025-04-29,2025-05-07,Heredia,Belén,San Antonio,9.972442,-84.16814,Casa de habitación,CRC,494.28,746407.02,149.96,277470.22,338317.5,410882000,PER-001
AV-2025-002665,1-389656-289,Actualización de garantía,2025-07-26,2025-08-08,2025-08-12,San José,San José,Carmen,9.933481,-84.082187,Apartamento,USD,155.73,844.54,311.0,829.71,12778.63,402339,PER-005
AV-2025-002666,4-279542-098,Actualización de garantía,2025-03-28,2025-04-10,2025-04-22,Heredia,Heredia,Heredia,9.983396,-84.115998,Apartamento,USD,157.97,688.47,163.98,1669.75,14530.25,397093,PER-008
AV-2025-002667,3-792419,Compraventa,2025-06-05,2025-06-22,2025-06-29,Cartago,La Unión,Tres Ríos,9.921539,-84.001936,Terreno baldío urbano,CRC,834.43,233728.96,0.0,0.0,0.0,195030000,PER-005
AV-2025-002668,1-429209-296,Actualización de garantía,2025-06-16,2025-07-02,2025-07-04,San José,Escazú,Escazú,9.90795,-84.131951,Condominio horizontal,USD,525.37,635.29,287.6,1292.94,14599.5,720211,PER-009
AV-2025-002669,5-563692,Garantía hipotecaria,2021-11-11,2021-11-18,2021-11-23,Guanacaste,Santa Cruz,Tamarindo,10.320859,-85.849435,Casa de habitación,CRC,318.86,997689.13,80.82,639442.48,3266658.55,373070000,PER-003
AV-2025-002670,2-759816,Compraventa,2025-09-12,2025-09-25,2025-10-03,Alajuela,Upala,Upala,10.88942,-84.927019,Finca agrícola,CRC,88737.22,18834.73,0.0,0.0,0.0,1671342000,PER-005
AV-2025-002671,1-690434-374,Actualización de garantía,2021-04-03,2021-04-10,2021-04-16,San José,Desamparados,Desamparados,9.893629,-84.083253,Apartamento,USD,197.68,237.26,343.6,1594.97,35921.98,630855,PER-004
AV-2025-002672,2-432995,Seguro,2023-05-19,2023-05-23,2023-06-02,Alajuela,Grecia,Grecia,10.104914,-84.316959,Casa de habitación,CRC,200.95,504067.26,123.26,762068.23,1735449.87,196960000,PER-007
AV-2026-002673,4-518134,Garantía hipotecaria,2026-01-31,2026-02-19,2026-02-21,Heredia,Heredia,Heredia,9.989558,-84.116237,Casa de habitación,CRC,413.11,991800.88,195.89,591154.75,1396744.43,526921000,PER-008
AV-2025-002674,5-445493-039,Garantía hipotecaria,2025-01-22,2025-01-24,2025-02-02,Guanacaste,Carrillo,Sardinal,-85.702233,10.548473,Condominio horizontal,USD,633.51,446.29,418.91,1317.09,35104.9,869576,PER-003
AV-2025-002675,6-748034,Leasing,2025-12-13,2025-12-17,2025-12-19,Puntarenas,Puntarenas,Puntarenas,9.983314,-84.827723,Casa de habitación,CRC,623.97,329630.57,162.18,333276.61,3839634.53,263570000,PER-009
AV-2024-002676,4-987051,Contable,2024-09-28,2024-10-11,2024-10-12,Heredia,San Rafael,San Rafael,10.013039,-84.084999,Terreno baldío urbano,CRC,164.84,235206.08,0.0,0.0,0.0,38771000,PER-005
AV-2025-002677,5-446597,Leasing,2025-07-08,2025-07-21,2025-07-30,Guanacaste,Carrillo,Sardinal,10.520171,-85.719443,Casa de habitación,CRC,374.84,823134.2,50.56,696359.63,1842167.02,345594000,PER-006
AV-2024-002678,1-924825,Actualización de garantía,2024-07-13,2024-07-28,2024-08-03,San José,Desamparados,Desamparados,9.890348,-84.062212,Bodega o nave industrial,USD,10298.23,307.38,2841.96,755.69,7751.47,5320862,PER-009
AV-2025-002679,3-280340,Garantía hipotecaria,2025-02-28,2025-03-20,2025-03-24,Cartago,Cartago,Oriental,9.858238,-83.924908,Casa de habitación,CRC,565.37,960147.39,364.43,335962.89,8159933.21,673433000,PER-005
AV-2025-002680,2-790797-239,Garantía hipotecaria,2025-10-04,2025-10-23,2025-11-02,Alajuela,Alajuela,Alajuela,10.580882,-83.823771,Apartamento,USD,89.95,918.03,80.13,882.07,939.93,154197,PER-001
AV-2026-002681,4-858578,Seguro,2026-02-08,2026-02-26,2026-03-04,Heredia,Santo Domingo,Santo Domingo,9.990618,-84.081275,Casa de habitación,CRC,483.6,719630.64,221.2,346195.06,3190717.29,427782000,PER-002
AV-2025-002682,1-521761,Seguro,2025-01-14,2025-02-01,2025-02-03,San José,Desamparados,Desamparados,9.912623,-84.07369,Terreno baldío urbano,USD,294.11,165.78,0.0,0.0,310.86,49068,PER-001
AV-2025-002683,6-193306,Seguro,2025-09-16,2025-09-27,2025-10-01,Puntarenas,Puntarenas,Puntarenas,9.968273,-84.853096,Terreno baldío urbano,USD,820.55,230.19,0.0,0.0,0.0,188882,PER-009
AV-2025-002684,1-504910,Compraventa,2025-02-10,2025-03-01,2025-03-12,San José,Escazú,Escazú,9.930143,-84.123589,Bodega o nave industrial,USD,10381.11,789.38,5757.89,729.5,316888.01,12711909,PER-005
AV-2025-001122,6-961912,Garantía hipotecaria,2023-04-23,2023-05-13,2023-05-23,Puntarenas,Quepos,Quepos,9.428632,-84.11428,Casa de habitación,CRC,394.59,1257388.23,63.94,829639.21,3361933.94,552562000,PER-008
AV-2025-002686,2-331097,Leasing,2025-04-03,2025-04-22,2025-04-25,Alajuela,Alajuela,Alajuela,10.013863,-84.229812,Edificio de oficinas,USD,2336.09,1019.16,5375.32,1357.09,326414.49,10002057,PER-002
AV-2025-002687,1-672402,Actualización de garantía,2025-10-12,2025-10-30,2025-10-31,San José,Desamparados,Desamparados,9.90196,-84.070341,Bodega o nave industrial,USD,12390.52,395.38,3006.63,793.74,159039.08,7444485,PER-008
AV-2025-002688,6-134143,Actualización de garantía,2025-10-17,2025-11-02,2025-11-09,Puntarenas,Puntarenas,Puntarenas,9.981148,-84.804103,Finca agrícola,CRC,56202.61,100999.67,0.0,0.0,160742926.96,5837188000,PER-008
AV-2024-002689,6-338433,Actualización de garantía,2024-08-23,2024-08-24,2024-09-01,Puntarenas,Puntarenas,Puntarenas,9.991144,-84.828377,Finca agrícola,CRC,67619.1,117217.35,5337.9,459161.67,154771115.26,10531862000,PER-001
AV-2025-002690,1-402841,Garantía hipotecaria,2025-06-11,2025-06-23,2025-06-30,San José,Puriscal,Santiago,9.898556,-84.354994,Finca agrícola,CRC,118484.7,843.7,8822.34,653321.34,265403669.48,6129192000,PER-008
AV-2025-002691,7-443364,Actualización de garantía,2025-02-15,2025-02-17,2025-02-18,Limón,Pococí,Guápiles,10.174079,-83.753711,Casa de habitación,CRC,975.53,614712.3,516.67,599724.39,24426119.32,933956000,PER-002
AV-2025-002692,1-872923,Garantía hipotecaria,2025-02-15,2025-02-26,2025-03-04,San José,Goicoechea,Guadalupe,9.953927,-84.043325,Casa de habitación,CRC,597.89,763158.9,220.46,724675.51,12495616.86,628543000,PER-004
AV-2025-002693,4-124585,Garantía hipotecaria,2022-07-18,2022-07-23,2022-08-03,Heredia,Heredia,Heredia,10.011501,-84.119753,Casa de habitación,CRC,261.34,542093.16,35.84,763897.94,157277.17,169206000,PER-004
AV-2025-002694,4-885117,Garantía hipotecaria,2025-11-14,2025-11-22,2025-11-29,Heredia,Heredia,Heredia,9.987283,-84.112938,Local comercial,CRC,182.19,1113784.55,180.89,453217.61,5536338.86,290439000,PER-003
AV-2025-002695,2-183037,Leasing,2025-06-07,2025-06-22,2025-06-23,Alajuela,San Ramón,San Ramón,10.129754,-84.463706,Bodega o nave industrial,CRC,13263.95,86027.1,7789.82,676233.9,80827723.81,6489627000,PER-004
AV-2024-002696,2-402863,Garantía hipotecaria,2024-06-17,2024-07-03,2024-07-06,Alajuela,San Ramón,San Ramón,10.103236,-84.473491,Casa de habitación,CRC,837.51,350275.17,335.6,633943.37,7077498.4,513188000,PER-006
AV-2025-002697,1-821045,Leasing,2025-05-15,2025-05-25,2025-05-29,San José,Escazú,Escazú,9.923954,-84.134452,Edificio de oficinas,USD,3402.29,671.12,12951.53,620.83,635220.42,10959264,PER-002
AV-2024-002698,1-754020,Garantía hipotecaria,2024-08-17,2024-09-04,2024-09-08,San José,Montes de Oca,San Pedro,9.925908,-84.063034,Casa de habitación,CRC,480.7,630561.28,132.79,568738.33,1173753.61,379807000,PER-005
AV-2025-002699,2-659031,Leasing,2025-09-08,2025-09-08,2025-09-17,Alajuela,San Ramón,San Ramón,10.107765,-84.505529,Finca agrícola,CRC,49760.93,97873.84,0.0,0.0,0.0,4870293000,PER-004
AV-2026-002700,1-935716,Actualización de garantía,2026-02-11,2026-02-16,2026-02-28,San José,Santa Ana,Santa Ana,9.941627,-84.202404,Local comercial,CRC,1214.84,601820.81,2402.8,820602.83,52628271.15,2755489000,PER-002
AV-2025-002701,1-219418,Leasing,2025-01-13,2025-01-19,2025-01-28,San José,Curridabat,Curridabat,9.920667,-84.028649,Casa de habitación,CRC,274.55,1152240.55,144.93,270141.36,3068160.04,358567000,PER-006
AV-2025-002702,5-143931,Actualización de garantía,2025-11-22,2025-11-23,2025-11-29,Guanacaste,Santa Cruz,Tamarindo,10.303666,-85.878487,Terreno baldío urbano,CRC,1501.67,686775.39,0.0,0.0,0.0,1031310000,PER-004
AV-2025-002703,1-764194,Contable,2025-09-18,2025-09-25,2025-10-03,San José,Goicoechea,Guadalupe,9.941217,-84.044205,Bodega o nave industrial,USD,3157.11,372.7,2179.45,691.55,96704.2,2780558,PER-004
AV-2026-002704,1-727512,Leasing,2026-01-24,2026-02-12,2026-02-21,San José,Pérez Zeledón,San Isidro de El General,9.420951,-83.692846,Local comercial,CRC,1089.04,594276.57,1355.83,635536.16,11264021.26,1520134000,PER-003
AV-2025-002705,6-291027,Actualización de garantía,2025-09-29,2025-10-19,2025-10-29,Puntarenas,Puntarenas,Puntarenas,9.973151,-84.855768,Terreno baldío urbano,CRC,591.48,156105.32,0.0,0.0,0.0,92333000,PER-004
AV-2025-002706,1-590998-197,Leasing,2025-10-15,2025-10-16,2025-10-21,San José,Montes de Oca,San Pedro,9.698119,-84.90793,Condominio horizontal,USD,233.93,1029.4,157.18,1254.43,3319.52,441298,PER-001
AV-2024-002707,1-827893,Actualización de garantía,2024-05-02,2024-05-07,2024-05-19,San José,Desamparados,Desamparados,9.900821,-84.059031,Terreno baldío urbano,CRC,1118.82,185432.56,0.0,0.0,4377713.53,211843000,PER-007
AV-2024-002708,3-979647,Seguro,2024-09-13,2024-09-13,2024-09-18,Cartago,Paraíso,Paraíso,-83.887162,9.836938,Terreno baldío urbano,CRC,276.07,25039.42,0.0,0.0,0.0,6913000,PER-003
AV-2026-002709,6-514253-261,Actualización de garantía,2026-01-01,2026-01-19,2026-01-21,Puntarenas,Quepos,Quepos,9.477911,-84.168479,Condominio horizontal,USD,425.37,329.09,316.31,1251.24,11490.17,547255,PER-009
AV-2025-002710,3-546914,Garantía hipotecaria,2025-11-01,2025-11-10,2025-11-20,Cartago,Cartago,Oriental,9.853661,-83.92107,Terreno baldío urbano,CRC,245.94,433769.49,0.0,0.0,0.0,106681000,PER-002
AV-2024-002711,3-420644,Leasing,2024-09-10,2024-09-11,2024-09-21,Cartago,La Unión,Tres Ríos,9.685948,-83.263109,Casa de habitación,USD,229.25,166.41,42.07,1615.4,329.53,106439,PER-008
AV-2026-002712,3-513914,Seguro,2026-01-27,2026-02-12,2026-02-19,Cartago,Turrialba,Turrialba,9.853698,-83.689382,Casa de habitación,CRC,727.42,115555.5,444.38,356490.18,3027377.87,245502000,PER-003
AV-2025-002713,1-417825,Leasing,2025-02-18,2025-03-06,2025-03-10,San José,Puriscal,Santiago,9.861255,-84.25167,Finca agrícola,USD,52431.97,44.5,0.0,0.0,61402.46,2394625,PER-006
AV-2025-002714,3-759685,Seguro,2021-05-29,2021-05-29,2021-06-01,Cartago,La Unión,Tres Ríos,9.898147,-83.985961,Terreno baldío urbano,CRC,1960.93,174622.59,0.0,0.0,0.0,342423000,PER-002
AV-2026-002715,4-643029-269,Actualización de garantía,2026-01-06,2026-01-19,2026-01-23,Heredia,San Rafael,San Rafael,10.02491,-84.089967,Apartamento,USD,169.89,165.51,131.91,922.23,9191.77,158962,PER-001
AV-2024-002716,4-174965,Actualización de garantía,2024-12-08,2024-12-11,2024-12-17,Heredia,Santo Domingo,Santo Domingo,9.989661,-84.101151,Casa de habitación,USD,550.97,442.91,380.27,1396.08,1885.24,776803,PER-007
AV-2024-002717,4-608744,Actualización de garantía,2024-06-15,2024-06-26,2024-07-07,Heredia,Sarapiquí,Puerto Viejo,10.497762,-83.928854,Terreno baldío rural,USD,71101.93,20.0,0.0,0.0,0.0,1422039,PER-006
AV-2025-002718,4-664436,Leasing,2025-08-19,2025-09-05,2025-09-07,Heredia,Santo Domingo,Santo Domingo,9.973746,-84.097536,Casa de habitación,CRC,252.49,519461.12,114.77,766340.66,1986314.7,221098000,PER-007
AV-2025-002719,3-560368,Leasing,2025-11-18,2025-11-22,2025-11-29,Cartago,Turrialba,Turrialba,9.906019,-83.728044,Terreno baldío urbano,CRC,1265.95,69974.77,0.0,0.0,0.0,88585000,PER-007
AV-2026-002720,3-794989,Actualización de garantía,2026-02-22,2026-02-22,2026-02-25,Cartago,Cartago,Oriental,9.862687,-83.91705,Casa de habitación,CRC,450.46,761559.69,206.02,611808.93,4525574.47,473623000,PER-006
AV-2025-002721,4-981410-224,Leasing,2025-08-15,2025-08-28,2025-09-02,Heredia,Santo Domingo,Santo Domingo,9.965008,-84.095332,Condominio horizontal,CRC,702.45,146313.1,169.1,553088.17,3365195.34,199670000,PER-002
AV-2025-002722,5-751032-165,Leasing,2025-09-22,2025-10-03,2025-10-09,Guanacaste,Carrillo,Sardinal,10.542444,-85.700137,Apartamento,USD,94.03,1594.52,156.8,1423.02,5438.53,378501,PER-005
AV-2025-002723,4-795866,Garantía hipotecaria,2025-11-12,2025-11-24,2025-11-25,Heredia,San Rafael,San Rafael,10.01017,-84.093143,Bodega o nave industrial,CRC,10914.06,435143.71,4089.87,703063.71,136341174.44,7760965000,PER-006
AV-2025-002724,1-592901,Actualización de garantía,2025-11-21,2025-12-06,2025-12-16,San José,Pérez Zeledón,San Isidro de El General,9.356686,-83.691874,Local comercial,USD,1672.09,122.93,3043.97,904.34,128186.37,3086520,PER-007
AV-2026-002725,3-456066-249,Seguro,2026-02-16,2026-02-23,2026-03-03,Cartago,Cartago,Oriental,9.856038,-83.916594,Apartamento,CRC,145.2,882585.44,142.93,848256.74,4531785.56,253925000,PER-005
AV-2025-002726,1-736519,Leasing,2025-10-26,2025-11-08,2025-11-11,San José,Curridabat,Curridabat,10.281464,-84.188495,Bodega o nave industrial,USD,9153.5,613.09,4138.88,658.14,123061.7,8458943,PER-001
AV-2025-002727,3-674871,Garantía hipotecaria,2025-01-03,2025-01-05,2025-01-06,Cartago,La Unión,Tres Ríos,9.896642,-83.993614,Bodega o nave industrial,USD,14714.54,162.74,4430.04,1052.38,252258.45,7308988,PER-003
AV-2024-002728,5-870572,Seguro,2024-06-25,2024-06-25,2024-06-27,Guanacaste,Nicoya,Nicoya,10.189105,-85.483281,Terreno baldío rural,CRC,18275.01,129896.5,0.0,0.0,0.0,2373860000,PER-001
AV-2025-002729,3-878311,Leasing,2025-11-06,2025-11-16,2025-11-28,Cartago,La Unión,Tres Ríos,9.89731,-84.005514,Casa de habitación,CRC,244.07,595788.18,109.53,594841.06,2697641.05,213265000,PER-002
AV-2025-002730,6-619819-180,Actualización de garantía,2025-12-03,2025-12-14,2025-12-22,Puntarenas,Quepos,Quepos,9.452137,-84.162001,Condominio horizontal,USD,439.98,464.24,300.42,562.38,11198.58,384405,PER-005
AV-2025-002731,2-503952,Garantía hipotecaria,2025-06-14,2025-06-30,2025-07-07,Alajuela,Alajuela,Alajuela,10.019744,-84.195846,Edificio de oficinas,USD,3180.29,983.03,9257.23,1054.24,45528.64,12931191,PER-004
AV-2024-002732,3-386568,Leasing,2024-08-10,2024-08-27,2024-09-08,Cartago,La Unión,Tres Ríos,9.908415,-83.992284,Bodega o nave industrial,USD,6259.08,362.71,1650.25,970.06,103071.89,3974144,PER-005
AV-2025-002733,5-307938,Leasing,2025-01-21,2025-01-23,2025-01-30,Guanacaste,Nicoya,Nicoya,10.106651,-85.448765,Casa de habitación,CRC,608.08,2022313.19,124.19,401436.59,1946625.81,1281529000,PER-003
AV-2025-002734,3-253433,Contable,2025-01-21,2025-02-05,2025-02-07,Cartago,La Unión,Tres Ríos,9.920243,-83.993379,Casa de habitación,USD,351.3,172.94,207.63,942.43,13073.82,269504,PER-003
AV-2024-002735,1-917571,Garantía hipotecaria,2024-12-14,2024-12-14,2024-12-18,San José,Puriscal,Santiago,9.837097,-84.293512,Finca agrícola,CRC,252138.95,14521.7,0.0,0.0,0.0,3661486000,PER-004
AV-2024-002736,3-135071,Garantía hipotecaria,2024-05-17,2024-06-01,2024-06-03,Cartago,Paraíso,Paraíso,9.834591,-83.885648,Casa de habitación,CRC,495.61,470596.26,222.16,695520.11,4553363.15,392302000,PER-001
AV-2025-002737,5-651932,Actualización de garantía,2025-05-31,2025-05-31,2025-06-08,Guanacaste,Liberia,Liberia,10.641683,-85.471103,Casa de habitación,CRC,787.15,651215.65,206.7,476481.0,96246.79,503076000,PER-003
AV-2025-002738,N/A,Actualización de garantía,2022-09-11,2022-09-27,2022-10-08,San José,Puriscal,Santiago,9.831936,-84.375885,Casa de habitación,USD,741.44,53.38,426.78,1663.14,46394.4,795767,PER-009
AV-2026-002739,1-954215,Compraventa,2026-01-06,2026-01-06,2026-01-15,San José,Escazú,Escazú,9.902479,-84.143439,Casa de habitación,USD,254.37,1035.25,25.5,1327.9,393.99,297592,PER-004
AV-2024-002740,3-272989,Leasing,2024-07-03,2024-07-18,2024-07-22,Cartago,Turrialba,Turrialba,9.885844,-83.728057,Local comercial,CRC,479.93,439120.82,673.61,592173.61,12579294.91,622221000,PER-003
AV-2025-002741,4-584781-201,Leasing,2025-04-08,2025-04-26,2025-05-04,Heredia,Belén,San Antonio,9.987887,-84.171488,Condominio horizontal,USD,332.77,733.44,130.32,1176.81,8976.58,406405,PER-004
AV-2025-002742,3-650464,Leasing,2024-12-16,2025-01-02,2025-01-08,Cartago,Cartago,Oriental,9.869284,-83.932944,Casa de habitación,CRC,233.15,1054329.81,113.28,836416.51,4995338.33,345562000,PER-001
AV-2025-002743,3-427721,Leasing,2025-06-21,2025-06-22,2025-06-26,Cartago,Paraíso,Paraíso,9.833549,-83.871601,Casa de habitación,CRC,579.14,706582.31,373.39,569976.4,8134425.51,630168000,PER-008
AV-2025-002744,1-612506-224,Garantía hipotecaria,2025-12-11,2025-12-22,2025-12-26,San José,Tibás,San Juan,9.949261,-84.075569,Condominio horizontal,USD,285.67,1066.81,97.33,1282.9,6127.1,435747,PER-002
AV-2024-002745,5-929781,Actualización de garantía,2024-07-09,2024-07-13,2024-07-25,Guanacaste,Liberia,Liberia,10.645391,-85.432783,Finca agrícola,CRC,161958.82,49745.8,0.0,0.0,0.0,8056771000,PER-003
AV-2026-002746,4-404832,Leasing,2023-11-24,2023-11-30,2023-12-11,Heredia,Heredia,Heredia,9.990434,-84.118465,Casa de habitación,CRC,389.71,933472.36,235.67,288724.97,3563668.49,435391000,PER-007
AV-2024-002747,4-568381,Garantía hipotecaria,2024-11-16,2024-11-27,2024-12-08,Heredia,Heredia,Heredia,9.996444,-84.127831,Casa de habitación,CRC,413.4,975013.79,284.94,554267.03,8464947.34,569468000,PER-004
AV-2024-002748,2-962104,Contable,2021-06-27,2021-07-14,2021-07-24,Alajuela,Upala,Upala,10.922368,-85.044523,Terreno baldío urbano,CRC,682.71,34760.14,0.0,0.0,0.0,23731000,PER-003
AV-2025-002749,1-122844-089,Actualización de garantía,2025-03-02,2025-03-02,2025-03-07,San José,Montes de Oca,San Pedro,9.923769,-84.056459,Condominio horizontal,USD,245.26,427.25,185.01,1381.07,11955.64,372255,PER-006
AV-2025-002750,2-992139,Leasing,2025-12-02,2025-12-03,2025-12-11,Alajuela,Grecia,Grecia,10.098451,-84.30807,Casa de habitación,CRC,376.47,580847.93,117.67,426266.93,1999146.09,270830000,PER-003
AV-2025-002751,1-639951-168,Garantía hipotecaria,2025-09-02,2025-09-17,2025-09-28,San José,Escazú,Escazú,9.931064,-84.137132,Apartamento,USD,101.47,523.42,129.11,1310.88,9542.33,231901,PER-005
AV-2025-002752,5-933897,Leasing,2025-10-28,2025-10-31,2025-11-01,Guanacaste,Carrillo,Sardinal,10.579228,-85.650601,Casa de habitación,CRC,944.84,1306524.1,353.49,544025.31,12618544.28,1439382000,PER-008
AV-2026-002753,3-983395,Garantía hipotecaria,2025-12-31,2026-01-06,2026-01-15,Cartago,Paraíso,Paraíso,9.839147,-83.858212,Local comercial,CRC,445.69,764418.93,378.28,547305.64,15624463.08,563353000,PER-005
AV-2025-002754,1-742965,Leasing,2025-10-12,2025-10-17,2025-10-29,San José,Escazú,Escazú,9.928054,-84.147371,Casa de habitación,USD,625.98,530.53,287.57,1458.09,5747.32,757151,PER-001
AV-2024-002755,3-622231,Seguro,2024-10-02,2024-10-14,2024-10-22,Cartago,La Unión,Tres Ríos,9.897282,-83.973215,Local comercial,CRC,1014.36,603884.2,504.64,658869.11,13890060.81,958938000,PER-007
AV-2025-002756,2-446076,Actualización de garantía,2025-09-07,2025-09-13,2025-09-24,Alajuela,San Ramón,San Ramón,10.106812,-84.505677,Finca agrícola,CRC,50004.78,113377.06,0.0,0.0,0.0,5669395000,PER-005
AV-2025-002757,2-407957,Compraventa,2025-08-27,2025-09-05,2025-09-17,Alajuela,Upala,Upala,10.934818,-84.996338,Casa de habitación,CRC,461.81,207400.17,141.82,452610.95,669533.19,160638000,PER-004
AV-2025-002758,1-323473-251,Compraventa,2025-06-16,2025-06-19,2025-06-20,San José,Escazú,Escazú,9.916605,-84.147678,Apartamento,CRC,154.65,1018306.59,0.0,0.0,261264.0,157742000,PER-009
AV-2025-002759,2-542700,Garantía hipotecaria,2025-04-13,2025-04-19,2025-04-26,Alajuela,Alajuela,Alajuela,10.007499,-84.203676,Casa de habitación,CRC,426.97,705906.33,255.06,610697.31,654007.6,457819000,PER-008
AV-2025-002760,7-203313,Actualización de garantía,2025-03-24,2025-04-05,2025-04-09,Limón,Limón,Limón,9.974411,-83.06243,Casa de habitación,CRC,476.4,288594.03,237.51,495459.63,6110828.03,261274000,PER-004
AV-2024-002761,1-903693,Actualización de garantía,2024-05-20,2024-06-08,2024-06-13,San José,Desamparados,Desamparados,9.906603,-84.068545,Casa de habitación,CRC,424.0,703925.18,255.95,585901.77,9305841.1,457732000,PER-002
AV-2026-002762,1-846738,Contable,2026-02-07,2026-02-26,2026-03-10,San José,Montes de Oca,San Pedro,9.930637,-84.047871,Casa de habitación,CRC,733.39,1087248.71,302.78,337045.82,1114469.06,900543000,PER-007
AV-2025-002763,1-241492,Garantía hipotecaria,2025-10-20,2025-11-04,2025-11-07,San José,Montes de Oca,San Pedro,9.919218,-84.051028,Casa de habitación,CRC,554.98,3750710.37,168.88,609433.71,7834236.51,2192325000,PER-001
AV-2025-002764,7-407824,Actualización de garantía,2023-10-08,2023-10-16,2023-10-21,Limón,Talamanca,Cahuita,9.698957,-82.865304,Casa de habitación,CRC,713.39,850711.97,0.0,0.0,2649330.14,609539000,PER-003
AV-2025-002765,5-458039,Leasing,2025-04-09,2025-04-27,2025-04-28,Guanacaste,Nicoya,Nicoya,10.159604,-85.457632,Casa de habitación,CRC,765.1,635138.87,455.81,831446.09,11091530.68,876018000,PER-005
AV-2025-002766,4-653580,Actualización de garantía,2025-05-16,2025-06-01,2025-06-10,Heredia,San Rafael,San Rafael,10.003106,-84.094428,Casa de habitación,USD,289.53,183.69,113.37,1228.85,989.85,193488,PER-006
AV-2024-002767,1-607367,Garantía hipotecaria,2024-12-01,2024-12-21,2024-12-25,San José,Goicoechea,Guadalupe,9.938378,-84.059351,Casa de habitación,CRC,744.4,858588.59,197.31,531063.74,4263.16,743922000,PER-002
AV-2026-002768,1-640730,Garantía hipotecaria,2026-02-02,2026-02-05,2026-02-08,San José,Puriscal,Santiago,9.812122,-84.245597,Finca agrícola,CRC,106848.54,61955.68,0.0,0.0,32249358.41,6652123000,PER-003
AV-2025-002769,3-242338,Actualización de garantía,2025-12-11,2025-12-28,2026-01-01,Cartago,Cartago,Oriental,9.860764,-83.911727,Edificio de oficinas,USD,820.84,791.06,4804.86,1313.11,37103.26,6995747,PER-001
AV-2025-002770,4-467284-279,Actualización de garantía,2025-05-23,2025-06-05,2025-06-17,Heredia,Belén,San Antonio,9.983408,-84.191788,Apartamento,USD,66.36,920.01,129.38,1255.18,3069.49,226517,PER-004
AV-2024-002771,1-533648-191,Garantía hipotecaria,2024-09-16,2024-09-25,2024-10-02,San José,Desamparados,Desamparados,9.907628,-84.078225,Apartamento,USD,96.17,398.79,209.67,1518.31,25100.27,381796,PER-004
AV-2025-002772,2-656293,Leasing,2023-09-24,2023-09-30,2023-10-12,Alajuela,San Carlos,Quesada,10.300294,-84.409924,Casa de habitación,CRC,269.41,607219.62,151.99,650051.52,3867175.5,266260000,PER-003
AV-2025-002773,1-344508,Actualización de garantía,2025-03-17,2025-03-17,2025-03-19,San José,Santa Ana,Santa Ana,9.388175,-83.890253,Bodega o nave industrial,USD,3389.44,696.62,1369.95,1070.3,92134.64,3919544,PER-006
AV-2025-002774,1-194975,Garantía hipotecaria,2025-04-15,2025-05-05,2025-05-13,San José,Tibás,San Juan,9.953909,-84.068939,Local comercial,CRC,1122.43,838016.6,828.35,745128.48,43979153.62,1601821000,PER-007
AV-2025-002775,1-861426,Garantía hipotecaria,2025-11-27,2025-12-08,2025-12-15,San José,Escazú,Escazú,9.927329,-84.154517,Local comercial,CRC,740.01,569416.05,1452.51,811037.14,33165114.79,1632578000,PER-006
AV-2025-002776,4-120952-013,Actualización de garantía,2025-11-03,2025-11-10,2025-11-16,Heredia,Belén,San Antonio,9.979983,-84.172814,Apartamento,USD,162.14,594.15,76.23,1692.98,6893.69,232285,PER-006
AV-2024-002777,1-576219,Garantía hipotecaria,2024-06-04,2024-06-04,2024-06-10,San José,Goicoechea,Guadalupe,9.953095,-84.045807,Bodega o nave industrial,CRC,4479.28,259718.31,1601.0,332927.09,27315003.82,1723682000,PER-007
AV-2024-002778,1-187342,Garantía hipotecaria,2024-05-01,2024-05-18,2024-05-27,San José,Goicoechea,Guadalupe,9.959414,-84.041979,Casa de habitación,CRC,400.65,849616.72,137.18,742583.31,314896.8,442581000,PER-005
AV-2024-002779,1-327555,Actualización de garantía,2022-10-19,2022-10-19,2022-10-23,San José,Pérez Zeledón,San Isidro de El General,9.346545,-83.687093,Casa de habitación,CRC,387.35,336402.26,222.98,797083.57,6935948.67,314975000,PER-003
AV-2025-002780,1-682383,Garantía hipotecaria,2025-04-24,2025-05-01,2025-05-12,San José,San José,Carmen,9.942315,-84.070342,Terreno baldío urbano,CRC,441.42,1980118.17,0.0,0.0,0.0,874064000,PER-003
AV-2026-002781,4-285290,Actualización de garantía,2026-01-10,2026-01-21,2026-01-24,Heredia,Belén,San Antonio,9.964314,-84.191245,Local comercial,USD,551.66,544.51,498.79,808.7,20003.95,723760,PER-001
AV-2025-002782,1-662821,Actualización de garantía,2025-03-25,2025-04-10,2025-04-17,San José,Desamparados,Desamparados,9.909862,-84.065103,Terreno baldío urbano,CRC,253.4,214571.07,178.52,337708.8,893484.12,55266000,PER-004
AV-2024-002783,2-452004,Compraventa,2024-10-12,2024-10-30,2024-11-11,Alajuela,Alajuela,Alajuela,10.026929,-84.222511,Terreno baldío urbano,CRC,959.43,363424.05,0.0,0.0,8136296.6,356816000,PER-007
AV-2025-002784,3-671308,Actualización de garantía,2025-02-16,2025-03-03,2025-03-04,Cartago,La Unión,Tres Ríos,9.914147,-83.989424,Terreno baldío urbano,CRC,645.76,96711.15,0.0,0.0,1656632.36,56421000,PER-003
AV-2026-002785,5-260514-027,Leasing,2026-01-22,2026-02-10,2026-02-14,Guanacaste,Santa Cruz,Tamarindo,10.286833,-85.838079,Condominio horizontal,CRC,409.66,150012.84,197.81,568482.68,764342.22,174670000,PER-001
AV-2025-002786,1-854841-017,Actualización de garantía,2025-02-06,2025-02-06,2025-02-12,San José,Escazú,Escazú,9.918229,-84.151677,Apartamento,USD,212.9,411.99,239.36,1129.83,11719.82,369869,PER-006
AV-2025-002787,3-930535,Compraventa,2025-04-09,2025-04-29,2025-05-11,Cartago,Paraíso,Paraíso,9.857534,-83.851666,Bodega o nave industrial,USD,2912.87,192.42,1870.27,726.19,10279.72,1670262,PER-009
AV-2025-002788,4-872424,Actualización de garantía,2025-08-28,2025-09-07,2025-09-12,Heredia,San Rafael,San Rafael,10.027787,-84.09559,Casa de habitación,CRC,1191.37,724727.72,279.1,439261.85,5917218.6,991934000,PER-004
AV-2025-002789,1-224823,Garantía hipotecaria,2025-05-02,2025-05-12,2025-05-20,San José,Desamparados,Desamparados,9.891945,-84.054246,Casa de habitación,USD,841.48,162.98,449.79,744.24,17006.91,488903,PER-008
AV-2025-002790,5-495209,Garantía hipotecaria,2025-10-15,2025-10-31,2025-11-09,Guanacaste,Santa Cruz,Tamarindo,10.301391,-85.883521,Terreno baldío urbano,CRC,360.35,257632.24,0.0,0.0,589037.66,93427000,PER-008
AV-2025-002791,3-380437,Garantía hipotecaria,2025-07-29,2025-07-30,2025-08-10,Cartago,Cartago,Oriental,9.877725,-83.923877,Bodega o nave industrial,USD,14966.97,623.59,9629.14,547.27,179546.94,14782539,PER-006
AV-2024-002792,1-580174-046,Leasing,2024-10-30,2024-11-03,2024-11-10,San José,Goicoechea,Guadalupe,9.94855,-84.065219,Apartamento,USD,52.06,383.43,135.83,1466.62,11955.69,231128,PER-003
AV-2026-002793,1-143738,Leasing,2025-12-22,2026-01-01,2026-01-12,San José,Puriscal,Santiago,9.868402,-84.387331,Finca agrícola,CRC,56820.74,10279.77,0.0,0.0,0.0,584104000,PER-008
AV-2025-002794,3-867012,Actualización de garantía,2025-03-20,2025-03-22,2025-04-03,Cartago,La Unión,Tres Ríos,9.89964,-83.982191,Bodega o nave industrial,CRC,3066.61,429060.25,1336.62,827393.33,21345639.4,2443017000,PER-005
AV-2024-002795,3-166271,Contable,2024-12-24,2024-12-30,2024-12-31,Cartago,La Unión,Tres Ríos,9.892495,-83.989141,Casa de habitación,USD,586.95,316.79,314.44,1574.18,8165.55,689091,PER-009
AV-2025-002796,1-656188,Garantía hipotecaria,2025-04-28,2025-05-06,2025-05-12,San José,Puriscal,Santiago,9.912611,-84.324409,Casa de habitación,CRC,533.16,1733840.53,194.78,655434.1,5988568.74,1058068000,PER-001
AV-2025-002797,5-229190,Leasing,2025-10-31,2025-11-03,2025-11-05,Guanacaste,Nicoya,Nicoya,10.122931,-85.463913,Casa de habitación,CRC,993.83,424870.16,479.51,318223.65,1690149.15,576530000,PER-004
AV-2025-002798,6-119777-035,Actualización de garantía,2023-03-09,2023-03-18,2023-03-20,Puntarenas,Garabito,Jacó,9.593804,-84.642303,Apartamento,USD,120.16,2995.31,190.85,1575.57,7019.61,667634,PER-004
AV-2025-002799,3-917891-180,Leasing,2025-02-13,2025-03-05,2025-03-13,Cartago,Cartago,Oriental,9.868708,-83.92377,Apartamento,CRC,85.08,674896.91,43.19,504665.73,977357.42,80194000,PER-002
AV-2025-002800,1-683540-106,Garantía hipotecaria,2025-01-17,2025-02-06,2025-02-08,San José,San José,Carmen,9.940667,-84.078522,Condominio horizontal,USD,492.58,689.39,272.69,1589.66,7093.64,780158,PER-007
AV-2025-002801,3-111763,Actualización de garantía,2025-05-08,2025-05-18,2025-05-24,Cartago,Cartago,Oriental,9.860972,-83.929074,Casa de habitación,CRC,740.64,983442.78,394.17,540890.96,11897170.45,953477000,PER-007
AV-2024-002802,5-269021-004,Seguro,2024-08-30,2024-09-09,2024-09-14,Guanacaste,Carrillo,Sardinal,10.589422,-85.214935,Condominio horizontal,CRC,493.84,193007.8,0.0,0.0,4757169.79,100072000,PER-008
AV-2024-002803,3-104602,Leasing,2023-04-06,2023-04-11,2023-04-21,Cartago,Paraíso,Paraíso,9.823768,-83.888698,Local comercial,CRC,462.9,768536.42,644.9,263428.29,10476342.83,536117000,PER-003
AV-2025-002804,2-664654,Garantía hipotecaria,2023-06-23,2023-07-11,2023-07-14,Alajuela,San Carlos,Quesada,-84.400067,10.345762,Local comercial,CRC,2791.56,629731.67,4724.49,588487.61,151429019.93,4689667000,PER-008
AV-2025-002805,6-993354,Actualización de garantía,2025-04-06,2025-04-12,2025-04-24,Puntarenas,Garabito,Jacó,9.623244,-84.611939,Terreno baldío urbano,CRC,554.45,146808.17,0.0,0.0,0.0,81398000,PER-007
AV-2025-002806,4-324327,Leasing,2025-11-01,2025-11-02,2025-11-08,Heredia,San Rafael,San Rafael,9.996343,-84.091451,Bodega o nave industrial,USD,9134.61,385.05,5915.51,1500.23,677647.66,13069555,PER-006
AV-2026-002807,3-558297-236,Leasing,2026-01-30,2026-02-13,2026-02-22,Cartago,Cartago,Oriental,9.87145,-83.926269,Apartamento,USD,140.39,455.44,401.83,592.04,968.68,302807,PER-005
AV-2024-002808,4-943514-159,Garantía hipotecaria,2023-04-09,2023-04-27,2023-05-05,Heredia,Belén,San Antonio,9.983168,-84.191774,Apartamento,CRC,127.56,664389.69,130.33,381929.8,318153.94,134845000,PER-005
AV-2026-002809,2-757526,Compraventa,2023-11-27,2023-11-28,2023-12-10,Alajuela,San Ramón,San Ramón,10.086918,-84.483142,Terreno baldío urbano,CRC,347.49,56505.76,0.0,0.0,0.0,19635000,PER-007
AV-2024-002810,7-667603,Actualización de garantía,2024-04-08,2024-04-12,2024-04-18,Limón,Pococí,Guápiles,10.245909,-83.742589,Finca agrícola,CRC,83228.16,82200.89,4745.53,669720.04,220120222.17,10239726000,PER-004
AV-2025-002811,1-176685,Leasing,2025-02-23,2025-03-11,2025-03-23,San José,San José,Carmen,9.940806,-84.070862,Bodega o nave industrial,CRC,9490.08,544122.14,4967.05,725508.18,169388189.4,8936786000,PER-005
AV-2025-002812,2-256778,Garantía hipotecaria,2025-11-16,2025-11-23,2025-11-24,Alajuela,Upala,Upala,10.824642,-84.945928,Casa de habitación,CRC,902.11,241021.78,300.79,692236.69,479425.14,426125000,PER-002
AV-2025-002813,2-562718,Seguro,2022-08-16,2022-08-29,2022-09-02,Alajuela,Alajuela,Alajuela,10.01004,-84.224883,Terreno baldío urbano,CRC,219.36,215080.15,0.0,0.0,0.0,47180000,PER-009
AV-2024-002814,1-846068,Actualización de garantía,2024-10-07,2024-10-14,2024-10-21,San José,Escazú,Escazú,9.908028,-84.121524,Casa de habitación,CRC,500.6,832664.99,243.25,495316.18,7436239.24,544754000,PER-003
AV-2024-002815,3-360691,Garantía hipotecaria,2021-05-12,2021-05-17,2021-05-23,Cartago,Paraíso,Paraíso,10.055175,-83.352865,Local comercial,CRC,1483.84,369980.41,2108.89,718456.16,64693774.47,2128831000,PER-008
AV-2024-002816,3-910235,Leasing,2024-06-28,2024-07-11,2024-07-20,Cartago,La Unión,Tres Ríos,9.890072,-83.989725,Casa de habitación,CRC,307.4,105705.19,79.6,394776.22,525551.31,64444000,PER-007
AV-2025-002817,5-891821-144,Leasing,2025-07-17,2025-07-22,2025-08-01,Guanacaste,Carrillo,Sardinal,10.536889,-85.652425,Apartamento,USD,111.05,1351.22,291.81,742.97,11952.54,378812,PER-009
AV-2025-002818,1-477834,Garantía hipotecaria,2025-10-19,2025-11-08,2025-11-15,San José,Montes de Oca,San Pedro,9.928931,-84.053791,Bodega o nave industrial,CRC,9677.46,561380.7,2401.28,793614.7,104950684.64,7443381000,PER-002
AV-2026-002819,1-882115-322,Seguro,2026-02-06,2026-02-09,2026-02-10,San José,San José,Carmen,9.918451,-83.51162,Apartamento,USD,96.23,716.11,40.98,1182.42,3661.04,121028,PER-003
AV-2025-002820,2-502593,Garantía hipotecaria,2023-06-27,2023-07-14,2023-07-16,Alajuela,Grecia,Grecia,10.04719,-84.331338,Casa de habitación,USD,546.99,180.71,106.19,952.64,2950.01,202957,PER-001
AV-2025-002821,7-908928,Leasing,2025-06-08,2025-06-10,2025-06-21,Limón,Talamanca,Cahuita,9.712465,-82.831194,Casa de habitación,CRC,389.35,1265485.6,102.15,798658.72,3465815.35,577766000,PER-008
AV-2025-002822,3-773130,Contable,2025-06-05,2025-06-21,2025-06-22,Cartago,La Unión,Tres Ríos,9.902289,-83.981627,Terreno baldío urbano,CRC,972.06,136938.78,0.0,0.0,0.0,133113000,PER-002
AV-2024-002823,7-412987,Contable,2024-06-15,2024-06-18,2024-06-26,Limón,Limón,Limón,10.001792,-83.038988,Local comercial,CRC,1003.86,380123.12,407.03,425727.07,6935608.11,561810000,PER-008
AV-2024-002824,7-456498,Garantía hipotecaria,2024-10-24,2024-11-08,2024-11-11,Limón,Limón,Limón,10.003104,-83.04466,Local comercial,USD,2353.77,214.4,4426.5,575.8,171728.28,3225155,PER-007
AV-2025-002825,5-475202,Leasing,2021-10-19,2021-10-19,2021-10-24,Guanacaste,Carrillo,Sardinal,10.510743,-85.679965,Casa de habitación,CRC,840.2,1072958.8,202.45,624905.81,7892598.86,1035905000,PER-004
AV-2026-002826,4-313999-129,Leasing,2026-01-26,2026-02-03,2026-02-06,Heredia,San Rafael,San Rafael,10.032941,-84.103642,Apartamento,USD,98.84,245.28,103.5,711.14,4100.73,101947,PER-007
AV-2026-002827,2-324653,Contable,2026-01-22,2026-02-04,2026-02-14,Alajuela,Atenas,Atenas,9.992995,-84.37876,Finca agrícola,CRC,114243.39,19646.9,8716.64,646276.17,166107096.22,8043992000,PER-009
AV-2024-002828,2-407198,Leasing,2024-11-10,2024-11-16,2024-11-18,Alajuela,Atenas,Atenas,10.016664,-84.365227,Finca agrícola,CRC,16514.78,25362.87,0.0,0.0,5446940.31,424309000,PER-001
AV-2024-002829,7-868010,Garantía hipotecaria,2024-11-08,2024-11-23,2024-11-29,Limón,Pococí,Guápiles,10.230417,-83.808123,Local comercial,USD,1954.84,136.19,2061.61,952.68,83904.27,2314189,PER-009
AV-2024-002830,1-715074,Seguro,2024-07-05,2024-07-15,2024-07-20,San José,Goicoechea,Guadalupe,9.954539,-84.036831,Casa de habitación,USD,464.05,385.93,109.36,1540.11,3772.75,351290,PER-006
AV-2025-002831,5-258088-136,Garantía hipotecaria,2025-09-16,2025-09-26,2025-09-29,Guanacaste,Santa Cruz,Tamarindo,10.329437,-85.829494,Apartamento,USD,67.26,3041.7,26.07,1399.33,2153.57,243219,PER-007
AV-2025-002832,1-522905,Garantía hipotecaria,2025-10-12,2025-10-24,2025-11-01,San José,Montes de Oca,San Pedro,9.941103,-84.043083,Casa de habitación,CRC,385.97,865193.39,179.71,360698.9,214348.69,398974000,PER-009
AV-2025-002833,3-729167,Garantía hipotecaria,2025-12-01,2025-12-05,2025-12-06,Cartago,La Unión,Tres Ríos,9.894587,-83.975752,Local comercial,CRC,2196.31,555975.28,1096.84,439784.77,38010484.48,1741478000,PER-005
AV-2025-002834,1-746231,Garantía hipotecaria,2025-11-12,2025-11-20,2025-11-26,San José,Goicoechea,Guadalupe,9.956324,-84.047222,Casa de habitación,CRC,336.79,377633.28,41.56,363477.23,906337.97,143196000,PER-007
AV-2025-002835,3-981977,Garantía hipotecaria,2025-05-26,2025-06-06,2025-06-17,Cartago,La Unión,Tres Ríos,9.926497,-83.981046,Casa de habitación,USD,447.82,303.09,193.63,596.61,7704.81,258956,PER-006
AV-2025-002836,2-987693,Garantía hipotecaria,2025-08-28,2025-09-03,2025-09-11,Alajuela,Alajuela,Alajuela,9.591743,-83.559482,Casa de habitación,USD,575.48,518.41,353.73,626.8,7795.5,527848,PER-003
AV-2025-002837,1-827431,Seguro,2025-11-30,2025-12-16,2025-12-18,San José,Goicoechea,Guadalupe,9.949341,-84.045612,Casa de habitación,USD,546.01,276.14,344.21,1541.27,19052.06,700348,PER-007
AV-2025-002838,1-282473,Actualización de garantía,2025-03-13,2025-03-26,2025-04-06,San José,Pérez Zeledón,San Isidro de El General,9.377847,-83.736293,Casa de habitación,USD,492.62,90.15,160.59,1558.31,6595.2,301254,PER-001
AV-2024-002839,1-806762-080,Actualización de garantía,2024-10-30,2024-11-17,2024-11-19,San José,Tibás,San Juan,9.9617,-84.073674,Apartamento,CRC,71.79,1008842.64,67.55,632792.21,1034445.44,116204000,PER-004
AV-2026-002840,4-943700,Leasing,2026-01-14,2026-01-20,2026-01-09,Heredia,Sarapiquí,Puerto Viejo,10.385964,-83.959368,Casa de habitación,CRC,281.28,326819.37,104.99,531866.57,2848512.7,150617000,PER-003
AV-2026-002841,2-554629-133,Actualización de garantía,2025-12-17,2026-01-01,2026-01-09,Alajuela,Alajuela,Alajuela,10.03378,-84.206434,Apartamento,USD,85.11,1013.89,117.05,1108.34,4214.49,220238,PER-001
AV-2026-002842,4-415919,Actualización de garantía,2026-02-02,2026-02-12,2026-02-20,Heredia,Santo Domingo,Santo Domingo,9.965469,-84.088961,Casa de habitación,CRC,499.04,87771.46,132.2,795025.68,7227164.72,156131000,PER-007
AV-2024-002843,3-815115,Leasing,2024-05-22,2024-06-11,2024-06-22,Cartago,Paraíso,Paraíso,9.84927,-83.83816,Casa de habitación,CRC,724.28,545073.9,154.62,728416.48,8027969.83,515442000,PER-003
AV-2025-002844,1-944838,Garantía hipotecaria,2025-10-14,2025-10-15,2025-10-24,San José,Desamparados,Desamparados,9.896156,-84.07589,Bodega o nave industrial,USD,4480.37,171.48,1394.9,1020.4,92629.37,2284279,PER-005
AV-2025-002845,3-722106,Leasing,2022-07-05,2022-07-23,2022-07-30,Cartago,La Unión,Tres Ríos,9.88936,-83.993024,Casa de habitación,CRC,260.1,596754.47,135.07,598066.48,5794133.43,241791000,PER-003
AV-2024-002846,3-181667,Actualización de garantía,2021-08-18,2021-09-03,2021-09-14,Cartago,La Unión,Tres Ríos,9.92507,-83.985598,Terreno baldío urbano,CRC,402.71,103566.57,0.0,0.0,957537.8,42665000,PER-003
AV-2025-002847,3-120868,Leasing,2025-09-20,2025-09-27,2025-10-05,Cartago,La Unión,Tres Ríos,9.889483,-83.995426,Bodega o nave industrial,USD,1070.92,166.06,543.33,1066.37,35141.56,792369,PER-005
AV-2025-002848,3-654982,Seguro,2025-09-12,2025-09-17,2025-09-24,Cartago,La Unión,Tres Ríos,9.89432,-83.989071,Casa de habitación,USD,703.9,311.61,366.91,1319.82,2275.35,705873,PER-007
AV-2025-002849,3-688839,Compraventa,2024-12-18,2025-01-07,2025-01-15,Cartago,Paraíso,Paraíso,9.850268,-83.85472,Bodega o nave industrial,USD,1543.49,325.94,626.41,654.91,10447.55,923775,PER-004
AV-2025-002850,4-520083,Seguro,2025-10-17,2025-10-20,2025-10-27,Heredia,Belén,San Antonio,9.974839,-84.178994,Bodega o nave industrial,USD,6003.68,614.11,2220.08,539.75,1730.47,4886939,PER-001
AV-2025-002851,1-388752-094,Leasing,2025-02-25,2025-03-13,2025-03-22,San José,Montes de Oca,San Pedro,9.919276,-84.050304,Apartamento,USD,62.26,1092.15,85.45,1674.97,1657.8,212781,PER-002
AV-2025-002852,4-630715,Seguro,2025-05-07,2025-05-14,2025-05-23,Heredia,San Rafael,San Rafael,10.005539,-84.073039,Casa de habitación,CRC,626.49,872159.29,425.72,530712.46,1179598.47,642284000,PER-004
AV-2024-002853,3-465149,Actualización de garantía,2024-07-11,2024-07-28,2024-07-31,Cartago,Turrialba,Turrialba,9.866461,-83.653296,Finca agrícola,CRC,108067.77,109626.98,0.0,0.0,0.0,11847143000,PER-001
AV-2024-002854,1-493675,Contable,2024-06-02,2024-06-17,2024-06-27,San José,Curridabat,Curridabat,9.914949,-84.040626,Casa de habitación,CRC,752.38,1086551.18,141.12,736731.91,5447953.03,926915000,PER-005
AV-2024-002855,6-679919-255,Garantía hipotecaria,2024-10-18,2024-11-07,2024-11-18,Puntarenas,Garabito,Jacó,9.656958,-84.63466,Condominio horizontal,USD,241.64,428.24,134.65,1035.97,10267.6,253241,
AV-2025-002856,2-844768,Actualización de garantía,2025-10-08,2025-10-21,2025-10-23,Alajuela,San Carlos,Quesada,10.341004,-84.455975,Casa de habitación,CRC,645.26,593980.05,288.59,337527.85,6912619.34,487591000,PER-009
AV-2026-002857,6-552648,Actualización de garantía,2026-01-21,2026-01-25,2026-02-04,Puntarenas,Puntarenas,Puntarenas,9.963477,-84.814535,Finca agrícola,CRC,192059.76,91154.05,9184.89,552513.6,200484355.51,22782286000,PER-003
AV-2024-002858,4-250828,Actualización de garantía,2024-08-19,2024-08-31,2024-09-07,Heredia,Belén,San Antonio,9.982673,-84.189476,Casa de habitación,CRC,573.25,818837.83,329.87,717218.19,12820865.37,718808000,PER-004
AV-2026-002859,1-822008,Garantía hipotecaria,2026-02-04,2026-02-18,2026-02-20,San José,Montes de Oca,San Pedro,9.936966,-84.062733,Casa de habitación,CRC,573.58,1041606.44,329.86,561309.66,14324014.59,796922000,PER-002
AV-2025-002860,3-162495,Seguro,2025-07-19,2025-08-08,2025-08-14,Cartago,Cartago,Oriental,9.874714,-83.931229,Casa de habitación,USD,214.53,410.9,113.8,1261.1,633.88,232297,PER-002
AV-2025-002861,3-935537,Leasing,2025-02-24,2025-03-08,2025-03-10,Cartago,Cartago,Oriental,9.867999,-83.922417,Local comercial,CRC,355.88,1280391.72,143.23,375155.47,3673952.46,513073000,PER-009
AV-2025-002862,4-491014,Leasing,2025-02-25,2025-03-12,2025-03-20,Heredia,Santo Domingo,Santo Domingo,9.988212,-84.103187,Terreno baldío urbano,CRC,344.51,14111.3,0.0,0.0,0.0,4861000,PER-008
AV-2025-002863,1-712221,Actualización de garantía,2025-03-26,2025-04-12,2025-04-14,San José,Tibás,San Juan,9.952405,-84.073145,Local comercial,CRC,847.97,3861415.58,877.55,360650.91,754798.67,3591609000,PER-007
AV-2024-002864,3-500298-260,Actualización de garantía,2024-06-18,2024-07-01,2024-07-02,Cartago,Cartago,Oriental,9.865069,-83.927547,Apartamento,USD,92.44,816.51,196.52,961.32,14595.23,278992,PER-002
AV-2025-002865,1-904301,Leasing,2025-07-07,2025-07-21,2025-08-02,San José,Desamparados,Desamparados,9.910909,-84.073459,Terreno baldío urbano,CRC,853.95,95118.36,0.0,0.0,0.0,81226000,PER-005
AV-2025-002866,2-683864,Compraventa,2025-07-25,2025-07-25,2025-08-05,Alajuela,Alajuela,Alajuela,10.002197,-84.205099,Terreno baldío urbano,CRC,1077.72,204903.11,0.0,0.0,0.0,220828000,PER-002
AV-2025-002867,4-452157,Garantía hipotecaria,2025-01-18,2025-02-06,2025-02-12,Heredia,Belén,San Antonio,9.990312,-84.185261,Casa de habitación,CRC,590.18,510691.58,276.52,498666.65,4784328.15,444076000,PER-004
AV-2024-002868,6-580870-125,Actualización de garantía,2024-12-02,2024-12-16,2024-12-19,Puntarenas,Garabito,Jacó,9.591973,-84.608079,Apartamento,CRC,94.0,77103.97,99.25,287376.24,847597.58,36617000,PER-009
AV-2025-002869,5-507173,Leasing,2025-04-02,2025-04-14,2025-04-17,Guanacaste,Nicoya,Nicoya,10.100836,-85.431344,Casa de habitación,CRC,327.95,513818.06,183.31,797805.67,11453423.98,326206000,PER-007
AV-2025-002870,1-291987,Garantía hipotecaria,2025-01-09,2025-01-13,2025-01-19,San José,Desamparados,Desamparados,9.901696,-84.063037,Bodega o nave industrial,USD,17749.36,196.07,5657.4,1673.52,356658.92,13304548,PER-001
AV-2025-002871,4-908193,Actualización de garantía,2025-02-02,2025-02-22,2025-03-06,Heredia,Belén,San Antonio,9.978442,-84.176891,Casa de habitación,CRC,411.19,1068584.49,174.52,641023.19,6491437.86,557754000,PER-001
AV-2025-002872,1-911572,Leasing,2025-10-14,2025-10-29,2025-10-31,San José,Escazú,Escazú,9.940309,-84.136523,Local comercial,CRC,273.09,758519.2,89.39,524002.22,3664489.1,257649000,PER-009
AV-2025-002873,5-580739,Garantía hipotecaria,2025-09-19,2025-09-25,2025-10-04,Guanacaste,Santa Cruz,Tamarindo,10.304023,-85.853362,Casa de habitación,CRC,919.76,1318236.31,467.14,590196.55,8600967.28,1496766000,PER-007
AV-2024-002874,1-376477,Garantía hipotecaria,2024-05-05,2024-05-10,2024-05-12,San José,San José,Carmen,9.56457,-84.07007,Casa de habitación,CRC,896.12,3993267.08,221.63,282843.47,723829.87,3641857000,PER-007
AV-2026-002875,4-880003,Contable,2025-12-27,2026-01-10,2026-01-22,Heredia,Santo Domingo,Santo Domingo,9.05953,-83.902706,Terreno baldío urbano,CRC,1554.61,130071.86,0.0,0.0,1015280.31,203226000,PER-006
AV-2025-002876,1-652602-196,Leasing,2025-03-24,2025-04-06,2025-04-17,San José,Goicoechea,Guadalupe,9.961805,-84.054387,Apartamento,USD,160.33,256.89,388.97,1677.88,8439.91,702272,PER-007
AV-2025-002877,7-195037,Leasing,2025-09-05,2025-09-08,2025-09-19,Limón,Limón,Limón,10.004771,-83.013327,Bodega o nave industrial,USD,2250.76,154.64,1018.2,509.99,16225.62,883555,PER-001
AV-2026-002878,4-428837,Seguro,2026-01-08,2026-01-22,2026-02-03,Heredia,San Rafael,San Rafael,10.005463,-84.092427,Casa de habitación,CRC,320.64,3478445.19,211.57,618672.52,8470426.27,1254692000,PER-003
AV-2025-002879,1-704156-191,Actualización de garantía,2025-07-30,2025-08-13,2025-08-21,San José,Santa Ana,Santa Ana,9.930692,-84.163916,Apartamento,USD,75.11,937.97,149.7,1465.32,6744.35,296554,PER-006
AV-2025-002880,1-717349,Garantía hipotecaria,2025-11-23,2025-12-05,2025-12-10,San José,Santa Ana,Santa Ana,9.931241,-84.185841,Local comercial,USD,362.61,451.65,704.51,753.28,6247.11,700713,PER-005
AV-2024-002881,2-132643,Compraventa,2024-11-20,2024-11-23,2024-11-25,Alajuela,Atenas,Atenas,10.509585,-83.880913,Casa de habitación,CRC,698.5,63295.37,442.04,547642.98,18444625.2,304737000,PER-007
AV-2025-002882,2-306590,Actualización de garantía,2022-07-06,2022-07-16,2022-07-27,Alajuela,Alajuela,Alajuela,9.569798,-85.200816,Bodega o nave industrial,USD,13074.91,520.62,4078.31,1178.74,336283.28,11950610,PER-003
AV-2025-002883,4-880565-135,Actualización de garantía,2025-01-13,2025-01-13,2025-01-16,Heredia,Santo Domingo,Santo Domingo,9.987154,-84.084809,Condominio horizontal,USD,329.62,308.17,77.06,1496.79,5030.48,221952,PER-001
AV-2025-002884,5-268399-376,Actualización de garantía,2025-09-19,2025-09-22,2025-10-02,Guanacaste,Carrillo,Sardinal,10.509964,-85.70233,Apartamento,USD,68.14,3256.21,45.15,1547.02,5129.73,296856,PER-004
AV-2025-002885,4-194920,Leasing,2025-01-20,2025-02-02,2025-02-06,Heredia,Santo Domingo,Santo Domingo,9.995745,-84.092331,Local comercial,CRC,288.16,575519.28,168.93,354421.29,1963590.15,227678000,PER-006
AV-2025-002886,1-328744-033,Actualización de garantía,2021-06-29,2021-07-04,2021-07-11,San José,Curridabat,Curridabat,9.924621,-84.044495,Condominio horizontal,USD,257.21,461.94,173.19,508.26,5792.83,212634,PER-006
AV-2025-002887,1-234128,Leasing,2025-09-24,2025-10-05,2025-10-17,San José,Tibás,San Juan,9.961783,-84.067594,Casa de habitación,CRC,797.62,787751.74,510.2,697054.22,11245816.67,995209000,PER-005
AV-2025-002888,4-324831,Garantía hipotecaria,2025-05-08,2025-05-19,2025-05-29,Heredia,San Rafael,San Rafael,10.022612,-84.101507,Casa de habitación,CRC,149.83,3513255.36,62.23,335268.76,1186261.03,548441000,PER-006
AV-2026-002889,4-692419,Leasing,2025-12-19,2026-01-07,2026-01-13,Heredia,Santo Domingo,Santo Domingo,9.684005,-83.420051,Casa de habitación,USD,280.18,337.89,80.52,989.72,5670.78,180033,PER-001
AV-2025-002890,1-264626,Actualización de garantía,2025-08-26,2025-09-10,2025-09-15,San José,Montes de Oca,San Pedro,9.940864,-84.041353,Local comercial,CRC,1275.21,886452.99,1883.91,586182.66,57417662.14,2292147000,PER-005
AV-2024-002891,7-976598,Actualización de garantía,2024-08-15,2024-09-04,2024-09-14,Limón,Talamanca,Cahuita,9.700615,-82.81355,Terreno baldío rural,CRC,25454.75,249262.95,0.0,0.0,0.0,6344926000,PER-009
AV-2025-002892,1-861870,Seguro,2025-08-15,2025-08-16,2025-08-25,San José,Curridabat,Curridabat,9.920413,-84.041533,Bodega o nave industrial,USD,1208.59,444.52,746.47,801.96,16391.47,1152273,PER-001
AV-2025-002893,2-123541-038,Garantía hipotecaria,2025-05-15,2025-05-21,2025-05-23,Alajuela,Alajuela,Alajuela,9.739806,-84.900921,Condominio horizontal,USD,480.26,649.63,335.89,1594.46,16382.65,863937,PER-005
AV-2025-002894,2-570604,Leasing,2022-11-30,2022-12-17,2022-12-23,Alajuela,Alajuela,Alajuela,9.996875,-84.217285,Casa de habitación,CRC,160.9,510445.82,100.9,725331.18,29267.08,155346000,PER-002
AV-2025-002895,1-854188,Actualización de garantía,2025-06-29,2025-07-08,2025-07-16,San José,Santa Ana,Santa Ana,9.941963,-84.188351,Casa de habitación,CRC,320.79,1216307.09,71.63,555726.83,1832311.29,431818000,PER-008
AV-2025-002896,4-770885,Garantía hipotecaria,2025-05-18,2025-05-25,2025-06-02,Heredia,Heredia,Heredia,10.002248,-84.112378,Local comercial,CRC,888.69,484804.24,1449.2,756144.72,18604685.95,1545250000,PER-002
AV-2025-002897,4-988324,Garantía hipotecaria,2025-06-15,2025-06-29,2025-07-01,Heredia,Santo Domingo,Santo Domingo,9.986902,-84.087893,Casa de habitación,CRC,1130.77,612697.98,244.74,733838.01,11728691.06,884149000,PER-002
AV-2025-002898,1-610188,Actualización de garantía,2025-01-08,2025-01-11,2025-01-17,San José,Pérez Zeledón,San Isidro de El General,9.333681,-83.659269,Finca agrícola,CRC,65789.33,107159.07,7754.35,437189.25,133898989.61,10573941000,PER-003
AV-2025-002899,4-144016-054,Garantía hipotecaria,2025-04-12,2025-04-17,2025-04-25,Heredia,San Rafael,San Rafael,10.021453,-84.081644,Condominio horizontal,CRC,409.74,156392.6,201.38,320489.57,1995068.1,130616000,PER-005
AV-2025-002900,6-995420,Seguro,2022-03-28,2022-04-06,2022-04-07,Puntarenas,Garabito,Jacó,9.548723,-85.237646,Casa de habitación,CRC,344.38,738525.78,189.88,363464.29,2123913.92,325472000,PER-004
AV-2025-002901,2-919035,Actualización de garantía,2025-06-03,2025-06-18,2025-06-22,Alajuela,Atenas,Atenas,10.000249,-84.401647,Casa de habitación,CRC,805.86,468938.95,233.88,268326.65,3724357.67,444380000,PER-002
AV-2024-002902,1-431572-129,Actualización de garantía,2024-10-22,2024-10-27,2024-10-31,San José,Goicoechea,Guadalupe,-84.044635,9.949521,Apartamento,USD,137.99,457.35,200.33,1267.22,10576.64,327549,PER-004
AV-2024-002903,1-795194,Actualización de garantía,2024-09-19,2024-10-04,2024-10-13,San José,Goicoechea,Guadalupe,9.947433,-84.039227,Terreno baldío urbano,USD,792.44,247.25,0.0,0.0,0.0,195931,PER-003
AV-2025-002904,1-663457,Leasing,2022-11-03,2022-11-14,2022-11-25,San José,Goicoechea,Guadalupe,9.949142,-84.051908,Casa de habitación,CRC,832.62,750462.91,389.45,667459.02,8696506.44,893489000,PER-003
AV-2025-002905,7-457098,Actualización de garantía,2023-06-22,2023-07-07,2023-07-16,Limón,Pococí,Guápiles,10.217597,-83.810202,Local comercial,USD,1949.0,243.2,713.38,1497.02,53722.26,1595663,PER-008
AV-2025-002906,1-206640-325,Garantía hipotecaria,2025-10-16,2025-10-25,2025-10-27,San José,Tibás,San Juan,9.961685,-84.083266,Condominio horizontal,USD,279.77,875.9,196.27,1073.15,5581.77,461259,PER-004
AV-2025-002907,1-890941,Leasing,2025-08-24,2025-09-11,2025-09-15,San José,Santa Ana,Santa Ana,9.919945,-84.171109,Casa de habitación,CRC,146.97,1069594.69,47.13,710482.27,1839945.95,192523000,PER-001
AV-2025-002908,3-913395,Actualización de garantía,2024-12-25,2025-01-09,2025-01-20,Cartago,Paraíso,Paraíso,9.846299,-83.880328,Casa de habitación,CRC,1067.19,769189.33,477.55,457489.13,7799585.9,1047145000,PER-002
AV-2024-002909,1-332379,Garantía hipotecaria,2024-07-16,2024-08-03,2024-08-07,San José,Montes de Oca,San Pedro,9.925519,-84.050953,Casa de habitación,CRC,283.24,104839.24,136.55,439317.17,3733552.15,93417000,PER-008
AV-2026-002910,1-950533,Garantía hipotecaria,2026-01-13,2026-01-23,2026-01-30,San José,Tibás,San Juan,9.952102,-84.067485,Casa de habitación,CRC,626.73,1230902.21,111.92,727429.08,1503230.61,854360000,PER-007
AV-2025-002911,3-647661-346,Actualización de garantía,2025-09-15,2025-09-29,2026-10-22,Cartago,Cartago,Oriental,9.86586,-83.909227,Apartamento,USD,89.41,919.15,177.8,534.06,323.44,177461,PER-004
AV-2024-002912,4-107174,Actualización de garantía,2022-12-02,2022-12-20,2022-12-30,Heredia,Santo Domingo,Santo Domingo,9.984276,-84.082175,Local comercial,CRC,767.13,367713.57,506.1,519532.37,4178875.0,549198000,PER-001
AV-2025-002913,5-580323,Compraventa,2021-06-21,2021-06-23,2021-07-01,Guanacaste,Carrillo,Sardinal,10.557553,-85.667378,Terreno baldío urbano,USD,931.54,313.65,0.0,0.0,0.0,292178,PER-003
AV-2025-002914,4-966368,Actualización de garantía,2025-06-05,2025-06-10,2025-06-21,Heredia,Santo Domingo,Santo Domingo,9.991988,-84.094996,Casa de habitación,CRC,182.56,333136.89,22.59,352534.6,545169.25,69326000,PER-009
AV-2026-002915,6-700222,Leasing,2026-02-08,2026-02-24,2026-03-01,Puntarenas,Puntarenas,Puntarenas,9.983561,-84.851363,Terreno baldío rural,CRC,12037.69,57034.6,0.0,0.0,0.0,686565000,PER-003
AV-2025-002916,6-763105-226,Garantía hipotecaria,2025-01-12,2025-01-14,2025-01-16,Puntarenas,Garabito,Jacó,9.59507,-84.63407,Condominio horizontal,CRC,246.76,93644.22,89.26,332806.9,1048469.78,53862000,PER-007
AV-2025-002917,1-528819,Actualización de garantía,2025-08-10,2025-08-17,2025-08-28,San José,Pérez Zeledón,San Isidro de El General,9.3738,-83.735294,Bodega o nave industrial,USD,1611.27,221.77,712.6,723.9,35302.22,908485,PER-003
AV-2026-002918,N/A,Seguro,2024-02-14,2024-02-16,2024-02-27,San José,Puriscal,Santiago,9.796511,-84.369255,Casa de habitación,CRC,383.4,476371.07,153.4,714173.49,2458883.37,294654000,PER-008
AV-2024-002919,4-523592-132,Leasing,2024-10-24,2024-11-05,2024-11-10,Heredia,Santo Domingo,Santo Domingo,9.969814,-84.086634,Condominio horizontal,USD,243.79,433.81,145.21,1198.47,7645.22,287434,PER-005
AV-2026-002920,5-883206,Garantía hipotecaria,2026-02-10,2026-02-18,2026-02-25,Guanacaste,Liberia,Liberia,10.621368,-85.472161,Casa de habitación,CRC,776.56,401513.68,155.54,804013.11,5967121.84,442823000,PER-006
AV-2025-002921,6-245698,Garantía hipotecaria,2025-11-10,2025-11-26,2025-12-08,Puntarenas,Puntarenas,Puntarenas,9.973531,-84.819343,Terreno baldío rural,CRC,33154.9,82327.99,0.0,0.0,0.0,2729576000,PER-004
AV-2025-002922,4-353684,Contable,2025-10-19,2025-10-20,2025-10-30,Heredia,Belén,San Antonio,-84.188339,9.980754,Bodega o nave industrial,CRC,6972.67,442037.31,4350.27,468942.87,151105683.1,5273314000,PER-007
AV-2024-002923,3-883865-218,Garantía hipotecaria,2024-07-04,2024-07-13,2024-07-15,Cartago,Cartago,Oriental,9.853598,-83.924091,Condominio horizontal,USD,308.2,1107.43,106.72,1398.28, ,499794,PER-006
AV-2025-002924,4-303099-318,Garantía hipotecaria,2025-09-28,2025-10-03,2025-10-05,Heredia,Santo Domingo,Santo Domingo,9.973845,-84.100633,Apartamento,USD,101.47,450.8,117.25,870.47,1278.33,149084,PER-007
AV-2025-002925,1-347503,Leasing,2025-07-01,2025-07-08,2025-07-16,San José,Desamparados,Desamparados,9.892044,-84.070003,Bodega o nave industrial,USD,5996.65,452.45,2311.52,935.48,112533.69,4988099,PER-005
AV-2025-002926,3-833471,Actualización de garantía,2025-09-07,2025-09-13,2025-09-24,Cartago,La Unión,Tres Ríos,9.925974,-83.993286,Bodega o nave industrial,CRC,3181.28,594604.04,2176.15,369820.24,41146235.04,2737532000,PER-004
AV-2025-002927,1-634757,Contable,2025-05-19,2025-06-08,2025-06-11,San José,Santa Ana,Santa Ana,9.941457,-84.183881,Bodega o nave industrial,USD,12811.27,490.85,6381.07,772.53,143811.46,11361791,PER-001
AV-2025-002928,1-657632,Contable,2025-11-20,2025-11-25,2025-12-06,San José,Tibás,San Juan,9.950361,-84.08448,Terreno baldío urbano,CRC,908.25,365470.97,0.0,0.0,0.0,331939000,PER-008
AV-2024-002929,4-980604,Actualización de garantía,2022-11-22,2022-11-25,2022-11-27,Heredia,Heredia,Heredia,9.74812,-83.590902,Edificio de oficinas,USD,3507.46,504.12,15343.78,628.22,97333.24,11504783,PER-008
AV-2025-002930,1-264015-166,Leasing,2024-12-30,2025-01-18,2025-01-26,San José,Montes de Oca,San Pedro,9.934694,-84.047478,Apartamento,USD,151.96,805.56,136.73,802.97,7121.07,239324,PER-007
AV-2025-002931,5-482324-228,Garantía hipotecaria,2025-04-12,2025-04-27,2025-05-06,Guanacaste,Carrillo,Sardinal,10.522831,-85.722979,Condominio horizontal,USD,368.75,441.79,175.23,1672.21,2860.4,458792,PER-002
AV-2024-002932,7-227976-212,Contable,2024-11-29,2024-12-18,2024-12-20,Limón,Talamanca,Cahuita,9.755449,-82.902583,Apartamento,CRC,102.35,154662.42,101.0,722698.71,1102743.35,89925000,PER-004
AV-2025-002933,1-345393-194,Leasing,2025-02-11,2025-02-28,2025-03-03,San José,Curridabat,Curridabat,9.914141,-84.035364,Condominio horizontal,USD,547.42,856.22,321.11,541.05,603.99,643053,PER-001
AV-2025-002934,1-450726,Contable,2021-11-28,2021-12-18,2021-12-27,San José,Montes de Oca,San Pedro,9.931702,-84.061569,Casa de habitación,CRC,375.26,1217859.37,150.6,412315.19,403361.53,519512000,PER-003
AV-2025-002935,1-102967-141,Compraventa,2025-07-17,2025-07-25,2025-07-27,San José,Montes de Oca,San Pedro,9.933457,-84.046629,Apartamento,USD,173.18,751.94,428.53,1418.84,25412.02,763648,PER-008
AV-2025-002936,7-505918,Leasing,2025-11-29,2025-12-19,2025-12-25,Limón,Limón,Limón,10.012163,-83.038076,Terreno baldío urbano,USD,792.58,224.95,0.0,0.0,0.0,178291,PER-001
AV-2024-002937,1-677560,Garantía hipotecaria,2024-10-24,2024-11-09,2024-11-15,San José,Desamparados,Desamparados,9.915941,-84.073599,Casa de habitación,CRC,593.32,533425.7,86.05,807881.23,1553293.62,387564000,PER-009
AV-2025-002938,4-139608,Garantía hipotecaria,2025-12-13,2025-12-17,2025-12-21,Heredia,Santo Domingo,Santo Domingo,9.97463,-84.091374,Bodega o nave industrial,USD,9636.05,406.22,4012.94,1297.62,22327.07,9143955,PER-001
AV-2024-002939,1-594145-374,Compraventa,2024-08-21,2024-08-23,2024-08-31,San José,Montes de Oca,San Pedro,9.94307,-84.051438,Apartamento,USD,78.81,981.96,166.37,1304.43,3032.74,297439,PER-001
AV-2024-002940,1-150180,Garantía hipotecaria,2024-11-06,2024-11-20,2024-11-24,San José,Goicoechea,Guadalupe,9.960019,-84.055353,Bodega o nave industrial,USD,10322.63,334.66,7073.34,1248.33,634945.52,12919379,PER-002
AV-2025-002941,4-500247-292,Garantía hipotecaria,2025-03-15,2025-03-15,2025-03-23,Heredia,Belén,San Antonio,9.970178,-84.169003,Apartamento,CRC,208.17,1009751.22,256.39,468151.26,8271795.16,338501000,PER-003
AV-2025-002942,3-141428,Leasing,2025-11-12,2025-11-18,2025-11-20,Cartago,La Unión,Tres Ríos,9.904669,-84.005423,Casa de habitación,CRC,732.3,695838.15,476.31,345225.93,12220855.53,686218000,PER-006
AV-2025-002943,3-141183,Leasing,2025-04-26,2025-05-03,2025-05-12,Cartago,La Unión,Tres Ríos,9.908968,-84.008849,Casa de habitación,CRC,613.46,653362.31,65.41,736280.62,164808.63,449137000,PER-009
AV-2025-002944,1-751137,Leasing,2025-10-30,2025-11-10,2025-11-17,San José,Curridabat,Curridabat,-84.036112,9.921189,Bodega o nave industrial,USD,13513.42,690.16,5897.93,882.5,354879.0,14886224,PER-001
AV-2024-002945,4-235692,Garantía hipotecaria,2024-07-19,2024-08-03,2024-08-08,Heredia,Santo Domingo,Santo Domingo,9.973513,-84.099863,Casa de habitación,CRC,412.59,630620.22,155.22,578376.23,5199090.62,355162000,PER-004
AV-2025-002946,1-572180-308,Leasing,2024-12-23,2025-01-08,2025-01-13,San José,Curridabat,Curridabat,9.910848,-84.029923,Apartamento,CRC,105.15,890564.18,94.43,325941.93,849663.18,125271000,PER-006
AV-2024-002947,1-486739-258,Actualización de garantía,2023-02-01,2023-02-06,2023-02-10,San José,San José,Carmen,9.946358,-84.075111,Apartamento,USD,69.06,699.28,0.0,0.0,1828.75,50121,PER-006
AV-2025-002948,7-903977,Leasing,2025-12-09,2025-12-12,2025-12-16,Limón,Limón,Limón,9.992082,-83.018171,Local comercial,CRC,1826.51,662519.29,955.63,764249.76,41754526.44,1982193000,PER-004
AV-2025-002949,4-941291-031,Leasing,2025-04-09,2025-04-11,2025-04-23,Heredia,Belén,San Antonio,9.986127,-84.182363,Condominio horizontal,CRC,393.26,434453.94,210.02,478567.7,4959313.65,276321000,PER-006
AV-2025-002950,1-854520,Garantía hipotecaria,2025-07-06,2025-07-20,2025-07-31,San José,Curridabat,Curridabat,9.919242,-84.043095,Terreno baldío urbano,CRC,418.59,391833.45,0.0,0.0,0.0,164018000,PER-009
AV-2025-002951,4-294041-148,Garantía hipotecaria,2025-08-16,2025-08-30,2025-09-10,Heredia,Santo Domingo,Santo Domingo,9.995683,-84.086388,Apartamento,USD,98.66,397.4,240.84,1150.59,7254.88,323570,PER-002
AV-2025-002952,1-212567-179,Leasing,2025-12-13,2025-12-28,2025-12-29,San José,Tibás,San Juan,9.949028,-84.068752,Condominio horizontal,USD,280.12,1083.84,126.55,605.5,3251.63,383483,PER-009
AV-2025-002953,4-713728,Leasing,2025-07-13,2025-07-23,2025-07-24,Heredia,San Rafael,San Rafael,10.004626,-84.079768,Casa de habitación,CRC,296.88,2259843.35,154.9,260765.53,2345427.77,713640000,PER-007
AV-2025-002954,2-480500,Actualización de garantía,2025-12-30,2025-12-30,2026-01-02,Alajuela,Alajuela,Alajuela,10.003317,-84.203597,Bodega o nave industrial,USD,4634.37,679.53,2678.69,1160.75,242006.99,6500490,PER-001
AV-2025-002955,3-906717,Garantía hipotecaria,2025-03-27,2025-04-04,2025-04-07,Cartago,Turrialba,Turrialba,9.901007,-83.675494,Local comercial,CRC,971.91,500423.03,1504.81,736486.03,11959359.71,1606597000,PER-006
AV-2024-002956,1-653494,Actualización de garantía,2021-05-30,2021-05-30,2021-06-09,San José,San José,Carmen,9.9473,-84.071023,Casa de habitación,CRC,1011.05,112360.4,461.53,637984.86,12449270.85,420500000,PER-004
AV-2024-002957,6-356475,Garantía hipotecaria,2024-10-24,2024-11-11,2024-11-15,Puntarenas,Puntarenas,Puntarenas,9.976081,-84.823376,Terreno baldío urbano,CRC,607.51,647165.64,0.0,0.0,862835.41,394022000,PER-006
AV-2025-002958,4-146024-330,Garantía hipotecaria,2025-04-04,2025-04-16,2025-04-25,Heredia,Santo Domingo,Santo Domingo,9.989637,-84.099569,Apartamento,USD,100.38,364.65,126.97,684.6,678.69,124206,PER-002
AV-2025-002959,1-440374,Actualización de garantía,2025-01-10,2025-01-18,2025-01-25,San José,Montes de Oca,San Pedro,9.931761,-84.040462,Local comercial,USD,474.8,1007.4,831.68,1140.31,38951.92,1465638,PER-006
AV-2026-002960,1-384827,Actualización de garantía,2025-12-21,2026-01-04,2026-01-08,San José,Goicoechea,Guadalupe,9.937739,-84.042438,Local comercial,CRC,1580.13,549176.6,568.21,531265.16,10747987.75,1180389000,PER-003
AV-2025-002961,7-250466,Garantía hipotecaria,2025-06-29,2025-07-11,2025-07-16,Limón,Limón,Limón,9.982043,-83.053542,Casa de habitación,CRC,570.26,300143.53,175.44,740565.35,2247307.14,303332000,PER-008
AV-2024-002962,1-763487,Compraventa,2023-10-07,2023-10-21,2023-10-25,San José,San José,Carmen,9.930058,-84.071356,Casa de habitación,CRC,670.15,1248046.69,259.47,690079.35,4306423.84,1019740000,PER-003
AV-2024-002963,3-998863-102,Garantía hipotecaria,2024-06-19,2024-07-09,2024-07-11,Cartago,Cartago,Oriental,9.849693,-83.913054,Apartamento,CRC,111.59,1019464.91,97.98,432021.67,2950435.74,159042000,PER-002
AV-2024-002964,3-199166-329,Contable,2024-07-07,2024-07-10,2024-07-21,Cartago,La Unión,Tres Ríos,9.888733,-83.992195,Condominio horizontal,USD,243.38,179.1,78.12,1377.29,6615.23,157798,PER-003
AV-2025-002965,2-274153,Actualización de garantía,2025-12-05,2025-12-18,2025-12-25,Alajuela,Grecia,Grecia,10.091355,-84.346091,Casa de habitación,CRC,384.65,289437.59,94.57,766693.86,5229352.93,189068000,PER-004
AV-2025-002966,1-700153,Actualización de garantía,2025-02-19,2025-02-24,2025-03-08,San José,Tibás,San Juan,9.965659,-84.073097,Local comercial,CRC,255.9,926007.0,232.57,258754.53,1206808.47,298351000,PER-007
AV-2025-002967,1-946902-372,Leasing,2025-07-16,2025-07-28,2025-08-09,San José,Montes de Oca,San Pedro,9.934008,-84.059492,Condominio horizontal,USD,494.83,847.24,105.66,595.53,1890.33,484054,PER-004
AV-2025-002968,3-824815-174,Garantía hipotecaria,2025-11-20,2025-12-10,2025-12-19,Cartago,Paraíso,Paraíso,9.822888,-83.877618,Condominio horizontal,USD,253.89,326.15,99.56,1591.83,7094.47,248383,PER-001
AV-2025-002969,2-339107,Compraventa,2025-05-07,2025-05-24,2025-06-04,Alajuela,Alajuela,Alajuela,10.008953,-84.21884,Edificio de oficinas,CRC,2185.03,1177979.42,2991.18,816034.55,1826330.13,5016653000,PER-005
AV-2026-002970,4-653798,Leasing,2023-01-13,2023-01-28,2023-02-09,Heredia,San Rafael,San Rafael,10.02309,-84.094322,Casa de habitación,CRC,346.35,444767.85,215.33,801670.69,6592675.47,333262000,PER-003
AV-2025-002971,1-111681,Garantía hipotecaria,2025-04-20,2025-05-05,2025-05-07,San José,Tibás,San Juan,9.957374,-84.06802,Casa de habitación,CRC,291.0,1046594.49,154.92,321219.57,1451244.03,355774000,PER-008
AV-2024-002972,2-464415,Leasing,2024-12-02,2024-12-02,2024-12-12,Alajuela,Atenas,Atenas,10.01923,-84.373896,Casa de habitación,CRC,1165.65,403560.27,567.28,847857.25,15611862.04,966994000,PER-001
AV-2024-002973,4-741279,Leasing,2024-04-27,2024-05-06,2024-05-16,Heredia,Sarapiquí,Puerto Viejo,10.401543,-84.006112,Casa de habitación,CRC,286.48,434272.39,167.2,351447.34,1500506.22,207242000,PER-003
AV-2025-002974,3-896859,Garantía hipotecaria,2025-02-03,2025-02-05,2025-02-07,Cartago,Paraíso,Paraíso,9.841564,-83.869853,Casa de habitación,CRC,579.68,499479.17,218.19,267302.58, ,351775000,PER-003
AV-2024-002975,1-173255-330,Actualización de garantía,2024-12-03,2024-12-09,2024-12-21,San José,Goicoechea,Guadalupe,9.953577,-84.048862,Apartamento,USD,90.01,282.27,88.96,717.66,4326.94,93577,PER-005
AV-2025-002976,4-701406,Leasing,2025-09-25,2025-09-29,2025-10-04,Heredia,San Rafael,San Rafael,10.000575,-84.09738,Local comercial,CRC,171.11,755931.47,193.11,322985.56,271585.24,191991000,PER-001
AV-2025-002977,1-809247,Garantía hipotecaria,2025-01-02,2025-01-14,2025-01-24,San José,Desamparados,Desamparados,9.896052,-84.081531,Local comercial,CRC,461.69,831454.18,693.03,519177.31,8074201.0,751754000,PER-002
AV-2026-002978,1-988219-266,Actualización de garantía,2026-02-10,2026-02-16,2026-02-24,San José,Tibás,San Juan,9.508457,-84.256831,Apartamento,USD,84.99,628.28,0.0,0.0,11382.0,64780,PER-002
AV-2024-002979,5-672419,Garantía hipotecaria,2022-03-30,2022-04-18,2022-04-23,Guanacaste,Santa Cruz,Tamarindo,10.285757,-85.86553,Casa de habitación,CRC,520.46,1040427.72,112.25,842467.22,3420459.78,639488000,PER-003
AV-2024-002980,6-864514,Seguro,2021-03-22,2021-03-31,2021-04-10,Puntarenas,Puntarenas,Puntarenas,9.164744,-84.62201,Bodega o nave industrial,USD,12031.61,266.33,6083.52,669.96,230278.34,7510372,PER-003
AV-2025-002981,3-363198,Contable,2025-05-31,2025-06-19,2025-06-21,Cartago,Cartago,Oriental,9.874858,-83.91266,Casa de habitación,CRC,476.18,578005.43,153.45,326695.02,3094520.95,328460000,PER-001
AV-2025-002982,3-709215,Garantía hipotecaria,2025-07-22,2025-07-23,2025-07-29,Cartago,Turrialba,Turrialba,9.93658,-83.654493,Casa de habitación,CRC,489.94,609035.87,144.35,299550.0,1996607.34,343628000,PER-007
AV-2026-002983,1-837976-262,Actualización de garantía,2026-01-29,2026-02-04,2026-02-08,San José,San José,Carmen,9.930181,-84.069376,Condominio horizontal,USD,706.99,500.94,333.62,1188.75,29353.49,780104,PER-003
AV-2025-002984,1-836793,Leasing,2025-07-26,2025-07-29,2025-08-07,San José,San José,Carmen,9.934352,-84.070795,Casa de habitación,CRC,580.4,1012038.97,119.15,307474.39,1204823.17,625228000,PER-004
AV-2025-002985,3-375983,Garantía hipotecaria,2025-09-13,2025-09-27,2025-10-03,Cartago,Turrialba,Turrialba,9.882974,-83.692659,Local comercial,CRC,650.81,562459.56,801.11,637917.88,36882739.6,913979000,PER-005
AV-2024-002986,1-825596,Garantía hipotecaria,2024-08-10,2024-08-29,2024-09-01,San José,Desamparados,Desamparados,9.916282,-84.056544,Casa de habitación,CRC,518.16,709562.1,306.92,349324.48,3191948.19,478073000,PER-008
AV-2025-002987,4-379884,Leasing,2025-04-29,2025-04-30,2025-05-07,Heredia,Santo Domingo,Santo Domingo,9.97567,-84.085229,Casa de habitación,CRC,515.92,663552.27,85.6,531065.87,1994311.35,389793000,PER-009
AV-2025-002988,2-667855,Compraventa,2025-01-26,2025-02-06,2025-02-11,Alajuela,San Ramón,San Ramón,10.127228,-84.469693,Bodega o nave industrial,USD,1074.09,116.28,214.84,584.85,2583.48,253128,PER-009
AV-2025-002989,1-706968,Garantía hipotecaria,2025-01-20,2025-01-23,2025-01-24,San José,Santa Ana,Santa Ana,9.921032,-84.185269,Casa de habitación,CRC,606.88,1138553.46,351.75,309193.87,778365.26,800503000,PER-001
AV-2025-002990,5-758752,Compraventa,2025-12-12,2025-12-24,2026-01-04,Guanacaste,Liberia,Liberia,10.624589,-85.420797,Local comercial,CRC,762.34,442165.95,353.83,629181.86,15217467.51,574922000,PER-007
AV-2024-002991,5-321961-333,Leasing,2024-05-20,2024-06-08,2024-06-19,Guanacaste,Carrillo,Sardinal,10.496118,-85.705586,Condominio horizontal,USD,648.69,174.29,228.72,523.69,5189.32,238028,PER-008
AV-2026-002992,2-734503,Contable,2026-01-29,2026-02-16,2026-02-22,Alajuela,Upala,Upala,10.83795,-85.083196,Casa de habitación,CRC,139.09,430421.19,36.25,827979.9,1496490.48,91378000,PER-002
AV-2025-002993,4-330775,Actualización de garantía,2025-01-20,2025-01-23,2025-02-02,Heredia,San Rafael,San Rafael,10.024785,-84.107521,Local comercial,CRC,1554.06,784221.16,1299.24,659461.47,42761364.52,2118287000,PER-004
AV-2025-002994,6-724115-212,Actualización de garantía,2025-10-17,2025-10-22,2025-10-28,Puntarenas,Garabito,Jacó,9.620572,-84.597585,Apartamento,USD,54.03,14915.67,153.78,584.85,5547.38,901379,PER-004
AV-2024-002995,3-644492,Garantía hipotecaria,2024-09-08,2024-09-20,2024-09-29,Cartago,Cartago,Oriental,9.873144,-83.917547,Local comercial,CRC,1536.59,1154195.93,1248.29,719163.01,15934054.71,2687184000,PER-002
AV-2025-002996,1-413533-156,Garantía hipotecaria,2023-05-31,2023-06-05,2023-06-17,San José,Santa Ana,Santa Ana,-84.176607,9.940213,Apartamento,USD,92.72,773.62,186.49,1076.45,11092.69,283570,PER-003
AV-2024-002997,1-118180-318,Garantía hipotecaria,2024-11-19,2024-11-23,2024-11-29,San José,Montes de Oca,San Pedro,9.940018,-84.039888,Apartamento,USD,127.86,494.79,174.91,586.01,7576.65,173340,PER-002
AV-2026-002998,1-772088,Garantía hipotecaria,2026-02-11,2026-02-21,2026-03-01,San José,Tibás,San Juan,9.947584,-84.077172,Local comercial,CRC,2339.03,804090.44,4443.21,754393.61,149585583.6,5382306000,PER-008
AV-2026-002999,1-950327,Garantía hipotecaria,2026-01-09,2026-01-21,2026-01-27,San José,Desamparados,Desamparados,9.887123,-84.074392,Terreno baldío urbano,CRC,792.66,209106.83,0.0,0.0,0.0,165751000,PER-001
AV-2025-003000,6-512018-050,Actualización de garantía,2025-05-18,2025-05-20,2025-05-25,Puntarenas,Garabito,Jacó,9.645815,-84.618266,Condominio horizontal,CRC,411.95,112966.42,325.65,581299.63,1396918.75,237234000,PER-006
AV-2024-003001,1-405147,Leasing,2024-10-12,2024-10-30,2024-11-09,San José,Escazú,Escazú,9.90882,-84.12457,Casa de habitación,CRC,934.44,939397.74,120.88,381883.61,768449.75,924741000,PER-001
AV-2024-003002,2-992824,Leasing,2024-10-14,2024-11-03,2024-11-05,Alajuela,San Carlos,Quesada,10.350129,-84.419521,Finca agrícola,CRC,143969.19,64012.67,19881.36,352949.27,306022763.45,16538987000,PER-008
AV-2024-003003,1-822412,Leasing,2024-07-23,2024-08-09,2024-08-20,San José,Goicoechea,Guadalupe,9.962077,-84.043062,Bodega o nave industrial,USD,1153.97,192.52,548.31,745.43,3773.38,634662,PER-005
AV-2025-003004,3-507829,Garantía hipotecaria,2025-10-16,2025-10-18,2025-10-19,Cartago,Paraíso,Paraíso,9.862879,-83.859688,Casa de habitación,CRC,1162.05,1563906.78,743.58,666586.09,21107825.15,1960192000,PER-006
AV-2025-003005,5-666540-179,Actualización de garantía,2025-03-27,2025-04-01,2025-04-02,Guanacaste,Santa Cruz,Tamarindo,10.313184,-85.806703,Condominio horizontal,USD,244.22,183.45,156.79,1561.72,19138.98,288528,PER-007
AV-2025-003006,4-161378,Actualización de garantía,2025-10-03,2025-10-15,2025-10-17,Heredia,Santo Domingo,Santo Domingo,9.973344,-84.078008,Casa de habitación,CRC,272.08,574073.18,33.08,555313.71,1317534.82,175881000,PER-001
AV-2026-003007,1-765151,Seguro,2025-12-26,2026-01-09,2026-01-18,San José,Curridabat,Curridabat,9.920295,-84.021531,Local comercial,CRC,216.2,1154978.33,375.9,253293.23,3078234.84,347997000,PER-001
AV-2026-003008,1-873760,Garantía hipotecaria,2026-01-18,2026-01-28,2026-02-08,San José,Santa Ana,Santa Ana,9.948933,-84.180239,Casa de habitación,CRC,381.17,1130081.75,194.75,631666.76,5038811.53,558809000,PER-002
AV-2025-003009,1-882573,Garantía hipotecaria,2025-05-28,2025-06-13,2025-06-25,San José,Puriscal,Santiago,9.865995,-84.334325,Terreno baldío rural,CRC,32248.94,51999.54,0.0,0.0,0.0,1676930000,PER-007
AV-2025-003010,6-677441,Leasing,2025-03-06,2025-03-21,2025-03-29,Puntarenas,Puntarenas,Puntarenas,9.993017,-84.82749,Casa de habitación,CRC,472.13,504004.45,249.83,686514.5,4342781.44,413810000,PER-006
AV-2024-003011,1-781611-193,Leasing,2024-12-10,2024-12-19,2024-12-28,San José,San José,Carmen,9.929393,-84.073945,Condominio horizontal,USD,356.78,976.82,151.69,1296.43,6535.35,551701,PER-008
AV-2025-003012,4-449060,Leasing,2021-08-14,2021-08-26,2026-07-16,Heredia,San Rafael,San Rafael,10.017545,-84.084417,Casa de habitación,CRC,236.76,362624.57,76.04,292210.92,53422.01,108128000,PER-007
AV-2025-003013,6-835638,Seguro,2025-07-17,2025-07-29,2025-07-30,Puntarenas,Puntarenas,Puntarenas,9.992538,-84.847995,Local comercial,CRC,1580.55,696640.24,577.21,700424.37,2826553.86,1508193000,PER-005
AV-2025-003014,2-130207-312,Garantía hipotecaria,2025-12-26,2025-12-27,2026-01-06,Alajuela,Alajuela,Alajuela,10.031151,-84.219849,Condominio horizontal,USD,490.93,412.42,113.18,1622.23,4271.67,390345,PER-004
AV-2026-003015,3-907620-108,Garantía hipotecaria,2025-12-27,2026-01-03,2026-01-09,Cartago,Cartago,Oriental,9.094365,-84.661186,Apartamento,USD,151.74,692.09,318.4,722.28,12070.86,347063,PER-007
AV-2025-003016,6-795311,Leasing,2025-05-21,2025-05-22,2025-05-23,Puntarenas,Puntarenas,Puntarenas,9.964028,-84.835569,Casa de habitación,USD,289.93,158.0,59.7,1670.86,2133.06,140242,PER-003
AV-2024-003017,1-253344,Compraventa,2024-07-02,2024-07-17,2024-07-22,San José,Tibás,San Juan,9.96414,-84.084405,Local comercial,CRC,264.03,4370175.64,339.52,459153.01,6208827.95,1315958000,PER-001
AV-2025-003018,1-578701,Garantía hipotecaria,2025-08-26,2025-09-04,2025-09-16,San José,Tibás,San Juan,9.967595,-84.094506,Bodega o nave industrial,USD,3476.55,555.74,1001.15,506.04,6831.54,2445511,PER-002
AV-2024-003019,1-455842-046,Contable,2024-10-19,2024-10-26,2024-10-27,San José,Tibás,San Juan,9.948492,-84.073958,Apartamento,USD,50.95,1008.18,93.0,778.9,4184.6,127989,PER-008
AV-2025-003020,1-978346,Compraventa,2025-07-29,2025-07-30,2025-08-09,San José,Goicoechea,Guadalupe,9.960318,-84.04206,Casa de habitación,CRC,523.34,624943.8,322.76,754380.52,3519090.42,574061000,PER-001
AV-2025-003021,5-126661-218,Actualización de garantía,2025-06-30,2025-07-16,2025-07-25,Guanacaste,Carrillo,Sardinal,10.52811,-85.720202,Apartamento,USD,170.22,1179.32,409.99,806.24,6297.85,537592,PER-005
AV-2025-003022,1-145917,Leasing,2021-02-28,2021-03-08,2021-03-20,San José,Escazú,Escazú,9.93459,-84.140136,Local comercial,USD,1571.83,767.02,556.64,887.85,8369.83,1708208,PER-009
AV-2025-003023,6-910915,Garantía hipotecaria,2025-10-19,2025-10-28,2025-11-08,Puntarenas,Puntarenas,Puntarenas,9.975724,-84.847702,Finca agrícola,CRC,82540.61,62595.14,1910.5,275418.21,1006533.43,5693834000,PER-006
AV-2026-003024,1-547125-383,Actualización de garantía,2026-01-30,2026-02-11,2026-02-19,San José,Escazú,Escazú,9.930789,-84.144487,Condominio horizontal,USD,367.65,466.87,240.72,1303.88,15395.96,500911,PER-004
AV-2025-003025,5-197240,Actualización de garantía,2023-12-27,2024-01-05,2024-01-11,Guanacaste,Carrillo,Sardinal,10.513455,-85.719695,Terreno baldío urbano,USD,809.51,476.95,0.0,0.0,0.0,386096,
AV-2025-003026,6-493128-387,Garantía hipotecaria,2025-02-12,2025-02-27,2025-03-07,Puntarenas,Garabito,Jacó,9.585864,-84.603995,Condominio horizontal,USD,464.57,444.79,139.65,1630.67,13066.11,447425,PER-003
AV-2026-003027,1-933049,Compraventa,2026-02-05,2026-02-05,2026-02-10,San José,Santa Ana,Santa Ana,9.951523,-84.189125,Local comercial,USD,419.21,450.77,181.37,892.59,2425.21,353282,PER-001
AV-2026-003028,1-435755,Actualización de garantía,2026-01-06,2026-01-23,2026-02-03,San José,Tibás,San Juan,9.963523,-84.093657,Bodega o nave industrial,USD,7087.93,606.15,4400.13,1231.81,201200.2,9917673,PER-001
AV-2026-003029,3-587849-111,Actualización de garantía,2026-01-11,2026-01-21,2026-02-02,Cartago,Cartago,Oriental,9.38383,-84.223856,Condominio horizontal,USD,411.09,503.22,291.85,1270.92,18841.52,596628,PER-003
AV-2026-003030,1-411134,Garantía hipotecaria,2026-01-20,2026-02-07,2026-02-13,San José,Montes de Oca,San Pedro,9.798829,-84.617751,Local comercial,CRC,171.17,2270052.52,200.53,676419.17,3684055.64,527891000,PER-001
AV-2025-003031,5-713933,Seguro,2022-01-26,2022-02-02,2022-02-04,Guanacaste,Carrillo,Sardinal,10.476389,-85.676114,Terreno baldío urbano,CRC,1007.1,194262.96,0.0,0.0,0.0,195642000,PER-009
AV-2025-003032,1-175977-347,Leasing,2025-09-07,2025-09-25,2025-09-29,San José,San José,Carmen,9.931427,-84.066814,Apartamento,USD,84.02,401.85,99.05,1015.69,682.3,135050,PER-005
AV-2026-003033,2-579382,Garantía hipotecaria,2026-01-07,2026-01-09,2026-01-16,Alajuela,Grecia,Grecia,10.089646,-84.327655,Casa de habitación,CRC,664.46,324552.53,315.7,761429.78,18749061.82,474785000,PER-006
AV-2026-003034,2-793778,Actualización de garantía,2026-01-14,2026-02-03,2026-02-10,Alajuela,Grecia,Grecia,10.106301,-84.314169,Bodega o nave industrial,USD,4407.66,117.54,1224.83,1311.49,1308.83,2125737,PER-007
AV-2025-003035,5-288234-302,Actualización de garantía,2025-01-08,2025-01-13,2025-01-25,Guanacaste,Santa Cruz,Tamarindo,10.266559,-85.867018,Apartamento,USD,84.8,1246.29,70.06,709.35,1815.65,157198,PER-002
AV-2025-003036,3-610918-218,Seguro,2025-07-13,2025-08-01,2025-08-09,Cartago,La Unión,Tres Ríos,9.896697,-83.996538,Apartamento,USD,118.87,185.69,70.24,1393.25,4180.99,124116,PER-001
AV-2024-003037,1-765151,Garantía hipotecaria,2024-10-16,2024-10-26,2024-10-28,San José,Desamparados,Desamparados,9.92034,-84.074032,Casa de habitación,CRC,375.91,861859.48,207.37,794264.97,855148.39,489543000,PER-002
AV-2024-003038,1-805080,Leasing,2023-01-27,2023-02-12,2023-02-18,San José,Pérez Zeledón,San Isidro de El General,-83.726128,9.339787,Bodega o nave industrial,USD,8237.48,135.22,3527.06,1078.0,292971.69,5209014,PER-007
AV-2025-003039,6-250226,Leasing,2025-06-14,2025-06-28,2025-07-07,Puntarenas,Puntarenas,Puntarenas,10.001033,-84.831281,Finca agrícola,CRC,315962.94,42525.58,0.0,0.0,328845621.68,13765353000,PER-007
AV-2025-003040,2-501430,Leasing,2021-04-08,2021-04-26,2021-05-05,Alajuela,Atenas,Atenas,9.956486,-84.380277,Casa de habitación,CRC,384.09,485722.26,55.4,425603.01,576966.84,210716000,PER-007
AV-2024-003041,1-412786-098,Garantía hipotecaria,2024-12-13,2024-12-15,2024-12-16,San José,Montes de Oca,San Pedro,9.934028,-84.046566,Condominio horizontal,USD,638.52,402.65,148.46,1486.35,10834.92,488599,PER-005
AV-2025-003042,4-935017-267,Garantía hipotecaria,2025-11-14,2025-11-22,2025-11-23,Heredia,Heredia,Heredia,10.002781,-84.110626,Apartamento,USD,99.67,634.02,247.84,1460.06,4739.22,429793,PER-005
AV-2025-003043,7-327018,Compraventa,2025-11-28,2025-12-08,2025-12-12,Limón,Limón,Limón,9.972418,-83.02578,Casa de habitación,CRC,704.88,291851.91,412.63,787234.37,6762851.28,537320000,PER-009
AV-2025-003044,3-745085,Garantía hipotecaria,2025-02-16,2025-02-17,2025-02-27,Cartago,La Unión,Tres Ríos,9.901505,-83.996713,Casa de habitación,CRC,699.93,455707.91,314.31,329130.08,642076.62,423055000,PER-009
AV-2026-003045,2-960015,Garantía hipotecaria,2023-12-26,2024-01-05,2024-01-17,Alajuela,Upala,Upala,10.86235,-84.945748,Terreno baldío rural,CRC,49004.86,76981.23,0.0,0.0,0.0,3772454000,PER-003
AV-2025-003046,5-508579-007,Actualización de garantía,2025-06-16,2025-07-05,2025-07-06,Guanacaste,Santa Cruz,Tamarindo,10.304921,-85.805877,Apartamento,USD,87.18,1663.52,133.83,534.59,2309.28,218879,PER-008
AV-2025-003047,1-752348,Leasing,2025-05-19,2025-05-29,2025-06-08,San José,Tibás,San Juan,9.95089,-84.07271,Casa de habitación,CRC,1023.24,1174593.44,448.86,424777.37,8735598.37,1401292000,PER-006
AV-2025-003048,5-909649,Actualización de garantía,2021-04-26,2021-04-26,2021-05-06,Guanacaste,Liberia,Liberia,10.666314,-85.433827,Casa de habitación,CRC,342.3,348341.61,111.61,828619.22,221038.65,253302000,PER-003
AV-2026-001499,6-665725,Garantía hipotecaria,2024-09-24,2024-10-06,2024-10-14,Puntarenas,Garabito,Jacó,9.646443,-84.630728,Casa de habitación,CRC,563.33,3636620.32,282.27,807070.92,5710277.56,2282140000,PER-006
AV-2024-003050,3-827694,Actualización de garantía,2024-12-02,2024-12-05,2024-12-12,Cartago,La Unión,Tres Ríos,9.890906,-83.990851,Bodega o nave industrial,USD,8000.38,401.9,3602.83,669.13,23448.9,5649563,PER-009
AV-2025-003051,1-279347,Leasing,2025-07-23,2025-08-08,2025-08-10,San José,Goicoechea,Guadalupe,9.94728,-84.035932,Casa de habitación,CRC,781.12,388107.01,297.46,580152.37,6930598.19,482661000,PER-004
AV-2024-003052,3-476406-368,Actualización de garantía,2023-02-01,2023-02-11,2023-02-21,Cartago,Cartago,Oriental,10.231918,-84.183537,Condominio horizontal,USD,521.92,1003.93,281.5,564.72,6752.0,689692,PER-007
AV-2025-003053,2-383068,Actualización de garantía,2025-02-25,2025-03-14,2025-03-24,Alajuela,San Carlos,Quesada,10.303063,-84.441508,Casa de habitación,USD,492.55,260.28,232.71,1637.28,8156.48,517369,PER-001
AV-2026-003054,1-470895,Actualización de garantía,2022-01-08,2022-01-14,2022-01-23,San José,Montes de Oca,San Pedro,9.943007,-84.054802,Local comercial,CRC,1796.24,888295.35,3153.41,560217.64,4223014.79,3366411000,PER-003
AV-2025-003055,1-316416-008,Leasing,2025-04-28,2025-05-13,2025-05-14,San José,Santa Ana,Santa Ana,9.922594,-84.183712,Apartamento,USD,158.92,509.78,346.35,1240.26,8476.23,519055,PER-003
AV-2024-003056,4-632623,Garantía hipotecaria,2024-05-29,2024-06-04,2024-06-05,Heredia,Belén,San Antonio,9.982104,-84.184627,Casa de habitación,CRC,274.83,1186915.65,32.85,539626.22,232671.05,344159000,PER-001
AV-2025-003057,1-432765-025,Actualización de garantía,2025-06-28,2025-07-14,2025-07-17,San José,Escazú,Escazú,9.918041,-84.158693,Apartamento,USD,76.33,1020.63,179.6,707.06,9320.6,214213,PER-009
AV-2025-003058,5-633070,Actualización de garantía,2025-09-05,2025-09-06,2025-09-07,Guanacaste,Liberia,Liberia,10.670855,-85.414767,Terreno baldío rural,CRC,16370.62,133070.78,0.0,0.0,0.0,2178451000,PER-008
AV-2024-003059,4-209944-130,Actualización de garantía,2024-07-06,2024-07-19,2024-07-29,Heredia,Belén,San Antonio,9.977965,-84.185497,Apartamento,USD,113.85,512.37,116.02,948.07,3683.03,172011,PER-006
AV-2024-003060,1-299108,Seguro,2024-07-05,2024-07-12,2024-07-20,San José,San José,Carmen,9.933671,-84.066559,Casa de habitación,CRC,604.69,1253125.54,128.89,272226.1,85648.56,792925000,PER-009
AV-2024-003061,5-733219-190,Leasing,2024-10-06,2024-10-08,2024-10-12,Guanacaste,Carrillo,Sardinal,10.493848,-85.67831,Apartamento,CRC,168.65,115994.13,209.08,544336.51,889402.47,134262000,PER-007
AV-2025-003062,2-465999,Garantía hipotecaria,2025-12-27,2025-12-29,2026-01-01,Alajuela,San Ramón,San Ramón,10.110043,-84.483415,Finca agrícola,CRC,128099.08,53061.65,0.0,0.0,0.0,6797149000,PER-008
AV-2026-003063,4-116197,Garantía hipotecaria,2025-12-31,2026-01-03,2026-01-05,Heredia,Belén,San Antonio,9.977923,-84.175922,Bodega o nave industrial,USD,2875.35,978.27,1425.54,752.28,16383.1,3901657,PER-008
AV-2024-003064,4-596195,Garantía hipotecaria,2024-12-14,2024-12-21,2024-12-24,Heredia,Belén,San Antonio,9.98035,-84.189909,Casa de habitación,CRC,593.14,1108980.72,263.37,300549.29,277222.18,737214000,PER-009
AV-2024-003065,6-628428,Actualización de garantía,2024-12-16,2024-12-16,2024-12-19,Puntarenas,Quepos,Quepos,9.401665,-84.173147,Terreno baldío urbano,CRC,310.95,139146.17,0.0,0.0,0.0,43268000,PER-007
AV-2025-003066,1-288848-046,Actualización de garantía,2025-06-06,2025-06-11,2025-06-22,San José,Tibás,San Juan,9.969593,-84.081864,Condominio horizontal,CRC,254.05,418539.4,166.32,696350.69,3321701.02,225469000,PER-001
AV-2025-003067,1-457473,Seguro,2025-11-28,2025-12-04,2025-12-06,San José,Tibás,San Juan,9.958417,-84.090412,Edificio de oficinas,USD,2383.07,999.98,10854.97,1055.69,653847.29,14496353,PER-002
AV-2024-003068,2-543995,Leasing,2024-10-17,2024-10-23,2024-10-31,Alajuela,Upala,Upala,10.920171,-84.918665,Terreno baldío rural,USD,31805.24,54.6,0.0,0.0,0.0,1736566,PER-003
AV-2025-003069,3-222065,Seguro,2025-02-13,2025-03-02,2025-03-10,Cartago,Cartago,Oriental,9.862172,-83.916757,Casa de habitación,USD,466.45,985.56,312.47,1041.77,7250.04,792486,PER-001
AV-2025-003070,2-475536,Actualización de garantía,2025-12-28,2025-12-31,2026-01-06,Alajuela,Grecia,Grecia,10.088045,-84.308812,Casa de habitación,CRC,714.02,301822.63,334.43,799345.85,16698678.0,499531000,PER-009
AV-2025-003071,1-335481,Actualización de garantía,2022-08-25,2022-09-14,2022-09-21,San José,Pérez Zeledón,San Isidro de El General,9.427885,-83.675339,Bodega o nave industrial,USD,4344.54,125.33,2215.43,N/A,58641.15,1848391,PER-009
AV-2025-003072,1-589087-225,Leasing,2025-10-12,2025-10-31,2025-11-07,San José,Desamparados,Desamparados,9.898646,-84.081705,Condominio horizontal,USD,548.91,160.83,214.89,1462.96,24345.16,427002,PER-004
AV-2026-003073,7-525228,Contable,2026-01-27,2026-02-12,2026-02-19,Limón,Limón,Limón,9.965702,-83.026684,Casa de habitación,CRC,948.02,289559.27,348.67,449043.18,11336818.26,442413000,PER-004
AV-2025-003074,2-280996,Compraventa,2025-08-12,2025-08-27,2025-09-04,Alajuela,Alajuela,Alajuela,10.0316,-84.217497,Casa de habitación,CRC,543.31,849417.18,167.47,350209.85,2508114.17,522655000,PER-004
AV-2025-003075,3-708165-187,Seguro,2025-08-05,2025-08-17,2025-08-28,Cartago,La Unión,Tres Ríos,9.912017,-83.998425,Condominio horizontal,USD,511.61,262.88,374.33,1513.41,27946.23,728953,PER-001
AV-2025-003076,6-551305,Seguro,2025-10-13,2025-10-31,2025-11-05,Puntarenas,Puntarenas,Puntarenas,9.976878,-84.831321,Terreno baldío urbano,CRC,1295.12,60948.2,0.0,0.0,778714.87,79714000,PER-004
AV-2024-003077,3-752836,Garantía hipotecaria,2024-07-03,2024-07-06,2024-07-08,Cartago,Cartago,Oriental,9.861563,-83.908508,Terreno baldío urbano,CRC,331.42,468732.05,0.0,0.0,3456501.19,158804000,PER-008
AV-2026-003078,1-178359,Actualización de garantía,2026-01-31,2026-02-02,2026-02-08,San José,Desamparados,Desamparados,9.904177,-84.063361,Local comercial,CRC,919.76,551011.58,907.43,395289.2,14672410.82,880168000,PER-006
AV-2024-003079,3-271273,Leasing,2024-10-26,2024-10-29,2024-11-03,Cartago,Cartago,Oriental,9.864443,-83.928086,Casa de habitación,CRC,988.2,1136990.88,136.87,666342.83,2776324.88,1217553000,PER-005
AV-2025-003080,4-223259,Leasing,2025-05-25,2025-06-04,2025-06-14,Heredia,San Rafael,San Rafael,9.626608,-84.723782,Casa de habitación,CRC,548.41,633774.33,59.77,590300.56,478898.98,383329000,PER-003
AV-2025-003081,3-508376,Garantía hipotecaria,2023-10-28,2023-10-30,2023-11-02,Cartago,Cartago,Oriental,9.873482,-83.93006,Local comercial,CRC,186.12,889281.55,247.97,820616.57,278852.04,369280000,PER-001
AV-2025-003082,7-801677,Actualización de garantía,2025-01-31,2025-02-16,2025-02-22,Limón,Pococí,Guápiles,10.204695,-83.757083,Bodega o nave industrial,USD,4319.29,133.68,2757.62,1315.28,84561.6,4289007,PER-005
AV-2025-003083,4-750979-008,Compraventa,2023-01-12,2023-01-14,2023-01-23,Heredia,Heredia,Heredia,10.010463,-84.118984,Apartamento,USD,137.19,614.47,323.73,1434.77,28745.21,577522,PER-004
AV-2025-003084,1-840058,Seguro,2023-10-03,2023-10-08,2023-10-16,San José,Goicoechea,Guadalupe,9.950891,-84.03415,Casa de habitación,CRC,765.93,593446.91,356.88,835891.16,19155775.75,772007000,PER-003
AV-2026-003085,1-543212-261,Seguro,2026-02-13,2026-02-26,2026-03-07,San José,Goicoechea,Guadalupe,9.959186,-84.058501,Condominio horizontal,USD,397.43,281.92,311.21,1438.43,6812.56,566510,PER-001
AV-2024-003086,2-935775,Compraventa,2024-09-02,2024-09-21,2024-10-01,Alajuela,Upala,Upala,10.893248,-84.948985,Terreno baldío rural,CRC,36793.39,80413.7,0.0,0.0,0.0,2427774000,PER-007
AV-2025-003087,1-381918,Seguro,2025-12-20,2025-12-21,2025-12-28,San José,Desamparados,Desamparados,9.919388,-84.072991,Terreno baldío urbano,CRC,793.73,232263.84,0.0,0.0,0.0,184355000,PER-001
AV-2025-003088,1-283873,Garantía hipotecaria,2025-06-19,2025-06-23,2025-07-04,San José,Curridabat,Curridabat,9.919828,-84.045575,Casa de habitación,CRC,522.94,100161.39,180.02,332494.65,1266089.77,113500000,PER-009
AV-2024-003089,3-960024,Actualización de garantía,2024-03-31,2024-04-19,2024-05-01,Cartago,Cartago,Oriental,9.860482,-83.915761,Bodega o nave industrial,USD,4394.35,991.97,2057.06,1666.83,72197.29,7860030,PER-004
AV-2024-003090,4-667204,Actualización de garantía,2024-09-28,2024-10-11,2024-10-15,Heredia,Santo Domingo,Santo Domingo,9.970111,-84.101063,Casa de habitación,USD,841.14,397.75,563.15,1273.38,40661.32,1092329,PER-001
AV-2025-003091,2-169982,Actualización de garantía,2025-08-27,2025-09-05,2025-09-17,Alajuela,Alajuela,Alajuela,10.001363,-84.196767,Edificio de oficinas,USD,2714.32,985.91,4877.21,1046.35,89305.73,7868650,PER-001
AV-2024-003092,1-496740,Leasing,2024-08-14,2024-08-30,2024-09-06,San José,Tibás,San Juan,9.963571,-84.093995,Bodega o nave industrial,USD,4274.34,890.47,2626.66,1353.7,236675.15,7598556,PER-007
AV-2025-003093,5-447067,Contable,2025-07-07,2025-07-18,2025-07-25,Guanacaste,Santa Cruz,Tamarindo,10.279473,-85.827658,Casa de habitación,CRC,778.32,649887.05,347.68,568561.88,14373847.18,717872000,PER-003
AV-2025-003094,6-502854-108,Garantía hipotecaria,2023-01-03,2023-01-18,2023-01-23,Puntarenas,Quepos,Quepos,9.403389,-84.170837,Condominio horizontal,USD,436.1,516.05,127.12,1343.08,12653.75,408435,PER-006
AV-2024-003095,1-289883,Garantía hipotecaria,2024-10-12,2024-10-31,2024-11-08,San José,Pérez Zeledón,San Isidro de El General,9.342704,-83.677673,Local comercial,CRC,1748.69,594274.48,567.36,257069.71,3554765.09,1188608000,PER-005
AV-2024-003096,3-943365-237,Contable,2022-05-28,2022-06-09,2022-06-16,Cartago,La Unión,Tres Ríos,9.927059,-83.979381,Apartamento,USD,92.33,390.52,187.72,657.14,8887.11,157943,PER-006
AV-2025-003097,1-125844-122,Contable,2025-11-02,2025-11-13,2025-11-25,San José,Desamparados,Desamparados,9.085048,-83.658669,Apartamento,USD,138.28,341.25,325.9,1065.18,9726.19,404056,PER-006
AV-2025-003098,2-374243,Actualización de garantía,2025-11-03,2025-11-05,2025-11-15,Alajuela,San Carlos,Quesada,10.339362,-84.472294,Casa de habitación,CRC,313.1,365241.61,108.76,368246.71,1915545.95,156323000,PER-008
AV-2025-003099,1-742222,Actualización de garantía,2023-04-25,2023-05-11,2023-05-20,San José,Montes de Oca,San Pedro,9.931064,-84.043485,Terreno baldío urbano,CRC,1064.52,448755.98,0.0,0.0,4161065.25,481871000,PER-008
AV-2025-003100,6-571097,Leasing,2025-06-25,2025-06-26,2025-06-28,Puntarenas,Quepos,Quepos,9.408213,-84.178665,Casa de habitación,CRC,644.9,981722.02,296.56,764289.32,8640419.36,868411000,PER-007
AV-2025-003101,2-856528,Contable,2025-12-05,2025-12-15,2025-12-22,Alajuela,Upala,Upala,10.86649,-85.082881,Terreno baldío urbano,CRC,1595.67,27864.03,0.0,0.0,0.0,44462000,PER-008
AV-2025-003102,1-333082,Garantía hipotecaria,2025-08-30,2025-09-09,2025-09-16,San José,Desamparados,Desamparados,9.904541,-84.067845,Terreno baldío urbano,CRC,289.51,123192.6,0.0,0.0,0.0,35665000,PER-003
AV-2024-003103,4-308265,Seguro,2024-11-11,2024-11-15,2024-11-22,Heredia,San Rafael,San Rafael,9.997609,-84.094349,Casa de habitación,CRC,359.91,476281.38,36.14,583651.88,524701.69,193036000,PER-002
AV-2025-003104,6-371359,Leasing,2025-05-08,2025-05-26,2025-06-07,Puntarenas,Garabito,Jacó,9.608466,-84.589266,Terreno baldío rural,CRC,32619.29,88508.38,0.0,0.0,0.0,2887081000,PER-006
AV-2025-003105,2-110221-169,Leasing,2025-10-04,2025-10-06,2025-10-09,Alajuela,Alajuela,Alajuela,10.006881,-84.19832,Apartamento,USD,112.18,982.71,145.73,547.43,1014.31,191032,PER-002
AV-2025-003106,1-213115,Garantía hipotecaria,2025-10-05,2025-10-11,2025-10-13,San José,Pérez Zeledón,San Isidro de El General,9.3893,-83.709276,Casa de habitación,CRC,405.53,492724.63,277.56,296224.59,3731877.05,285767000,PER-001
AV-2025-003107,5-660503,Leasing,2025-11-16,2025-11-27,2025-12-04,Guanacaste,Carrillo,Sardinal,10.547346,-85.641134,Casa de habitación,CRC,1111.25,915782.29,167.56,314773.54,431951.16,1070838000,PER-007
AV-2025-003108,1-777764-352,Compraventa,2025-12-22,2025-12-24,2025-12-28,San José,Montes de Oca,San Pedro,9.943144,-84.057266,Apartamento,USD,125.19,457.18,84.44,994.21,1071.59,142257,PER-009
AV-2025-003109,3-469533,Contable,2025-01-13,2025-01-24,2025-02-04,Cartago,La Unión,Tres Ríos,9.923197,-83.980811,Casa de habitación,CRC,231.76,417637.81,53.97,623377.58,673509.61,131109000,PER-008
AV-2025-003110,1-180624,Garantía hipotecaria,2025-01-30,2025-02-01,2025-02-10,San José,Goicoechea,Guadalupe,9.949934,-84.047424,Terreno baldío urbano,CRC,619.68,153132.09,0.0,0.0,981285.26,95874000,PER-009
AV-2024-003111,6-490462,Leasing,2024-09-30,2024-10-10,2024-10-15,Puntarenas,Garabito,Jacó,9.652998,-84.611181,Terreno baldío urbano,CRC,227.78,291382.0,0.0,0.0,0.0,66371000,PER-005
AV-2025-003112,4-892369-089,Garantía hipotecaria,2025-07-26,2025-08-06,2025-08-10,Heredia,Heredia,Heredia,9.984007,-84.118559,Condominio horizontal,USD,463.37,425.05,0.0,0.0,2960.17,199916,PER-003
AV-2024-003113,2-170729,Garantía hipotecaria,2024-10-06,2024-10-17,2024-10-20,Alajuela,Alajuela,Alajuela,10.026578,-84.200024,Casa de habitación,CRC,238.88,816328.79,38.32,478477.97,926289.51,214266000,PER-001
AV-2025-003114,2-121573,Seguro,2025-12-16,2025-12-24,2026-01-02,Alajuela,Atenas,Atenas,9.989706,-84.421231,Finca agrícola,CRC,80062.27,74027.22,7112.23,562436.97,126588021.93,10053556000,PER-001
AV-2026-003115,1-275329,Leasing,2026-02-13,2026-02-14,2026-02-21,San José,San José,Carmen,9.927229,-84.076759,Local comercial,CRC,1431.94,1057585.94,2225.62,528751.93,34048355.91,2725249000,PER-008
AV-2025-003116,1-436513,Garantía hipotecaria,2023-01-31,2023-02-01,2023-02-08,San José,Curridabat,Curridabat,9.930277,-84.038538,Casa de habitación,USD,990.93,718.86,129.71,650.61,1476.88,723985,PER-007
AV-2025-003117,1-953058,Actualización de garantía,2025-03-14,2025-03-31,2025-04-05,San José,Goicoechea,Guadalupe,9.940087,-84.056494,Local comercial,CRC,276.06,3341944.22,288.46,413210.94,7620622.6,1049393000,PER-003
AV-2024-003118,1-495036,Leasing,2024-12-01,2024-12-13,2024-12-18,San José,San José,Carmen,9.945458,-84.076158,Casa de habitación,CRC,427.84,514659.46,252.26,595153.41,4856619.26,375182000,PER-004
AV-2025-003119,1-718379,Garantía hipotecaria,2025-05-19,2025-05-28,2025-06-07,San José,Desamparados,Desamparados,9.947484,-84.646999,Bodega o nave industrial,USD,15623.02,335.86,5363.59,1330.1,489027.73,12870286,PER-004
AV-2025-003120,7-329132-271,Garantía hipotecaria,2025-07-18,2025-07-25,2025-08-04,Limón,Talamanca,Cahuita,9.708888,-82.88481,Apartamento,USD,87.81,2720.93,262.32,1258.69,16604.29,585709,PER-006
AV-2024-003121,7-724963,Garantía hipotecaria,2024-10-02,2024-10-21,2024-11-02,Limón,Limón,Limón,10.014079,-83.021873,Casa de habitación,CRC,601.34,488070.7,216.92,722212.94,3980451.92,454139000,PER-007
AV-2025-003122,1-456902,Garantía hipotecaria,2025-12-09,2025-12-28,2025-12-31,San José,Goicoechea,Guadalupe,9.940642,-84.047093,Casa de habitación,USD,659.59,237.56,317.45,1618.62,23053.32,693576,PER-001
AV-2025-003123,4-452724,Garantía hipotecaria,2025-04-27,2025-05-17,2025-05-29,Heredia,San Rafael,San Rafael,10.007191,-84.088008,Terreno baldío urbano,CRC,541.54,109094.39,0.0,0.0,0.0,59079000,PER-007
AV-2025-003124,5-894435-111,Actualización de garantía,2025-10-15,2025-10-15,2025-10-22,Guanacaste,Carrillo,Sardinal,10.48019,-85.685445,Apartamento,USD,150.66,2924.75,238.29,601.01,7688.47,591546,PER-008
AV-2024-003125,4-427899-200,Leasing,2024-09-14,2024-10-02,2024-10-03,Heredia,Santo Domingo,Santo Domingo,9.975042,-84.083397,Condominio horizontal,USD,297.05,228.2,94.44,1669.77,559.32,226039,PER-007
AV-2025-003126,1-409721,Actualización de garantía,2024-12-19,2025-01-07,2025-01-09,San José,Curridabat,Curridabat,9.918539,-84.046169,Casa de habitación,CRC,687.9,579252.96,132.31,422134.6,1612980.75,455934000,PER-002
AV-2025-003127,4-947052-175,Leasing,2025-06-10,2025-06-13,2025-06-20,Heredia,San Rafael,San Rafael,10.089729,-84.993821,Condominio horizontal,USD,512.94,449.59,233.84,657.52,10510.7,394878,PER-003
AV-2024-003128,2-529016,Seguro,2024-09-15,2024-10-03,2024-10-06,Alajuela,Upala,Upala,10.886564,-84.94225,Finca agrícola,CRC,248670.19,5052.83,0.0,0.0,0.0,1256488000,PER-009
AV-2025-003129,7-275728,Actualización de garantía,2025-02-14,2025-02-14,2025-02-25,Limón,Limón,Limón,10.023155,-83.038698,Casa de habitación,CRC,356.52,404675.81,135.57,256427.13,1307558.88,180346000,PER-006
AV-2025-003130,1-114612-368,Garantía hipotecaria,2025-06-21,2025-07-02,2025-07-03,San José,Escazú,Escazú,9.925285,-84.13505,Apartamento,USD,170.94,744.01,507.06,531.64,11910.97,408665,PER-007
AV-2024-003131,1-582833-099,Actualización de garantía,2023-10-06,2023-10-15,2023-10-23,San José,Goicoechea,Guadalupe,9.945877,-84.063152,Apartamento,USD,135.11,307.42,328.84,921.96,21035.78,365749,PER-002
AV-2026-003132,1-339661,Compraventa,2024-01-11,2024-01-16,2024-01-22,San José,San José,Carmen,9.942435,-84.075858,Casa de habitación,CRC,278.6,503548.26,177.85,818657.36,6668964.44,292556000,PER-003
AV-2025-003133,2-210004,Contable,2025-03-16,2025-04-02,2025-04-11,Alajuela,Upala,Upala,10.978668,-85.042339,Terreno baldío rural,CRC,25482.15,28122.09,0.0,0.0,0.0,716611000,PER-005
AV-2025-003134,1-306915,Leasing,2025-07-10,2025-07-24,2025-07-28,San José,Puriscal,Santiago,9.884771,-84.270498,Finca agrícola,CRC,95187.59,23779.05,13173.58,355522.7,53058503.02,7000036000,PER-004
AV-2025-003135,1-224254,Leasing,2025-08-05,2025-08-10,2025-08-18,San José,Goicoechea,Guadalupe,9.946005,-84.065704,Casa de habitación,CRC,236.87,514871.55,55.21,592639.83,1153441.19,155831000,PER-005
AV-2024-003136,1-336492,Contable,2023-02-15,2023-02-26,2023-03-03,San José,Curridabat,Curridabat,9.90349,-84.039851,Bodega o nave industrial,USD,8939.06,580.9,3905.33,1360.76,180436.33,10687353,PER-007
AV-2024-003137,6-983218,Contable,2024-07-31,2024-08-11,2024-08-20,Puntarenas,Puntarenas,Puntarenas,9.992693,-84.851103,Local comercial,USD,2115.14,124.76,3446.06,972.24, ,3835591,PER-007
AV-2025-003138,4-147822,Garantía hipotecaria,2022-05-22,2022-05-25,2022-05-26,Heredia,Heredia,Heredia,9.998121,-84.115545,Local comercial,CRC,1790.65,1026643.15,2775.69,809991.72,102976193.94,4189621000,PER-007
AV-2026-003139,3-564612,Actualización de garantía,2026-02-19,2026-02-20,2026-02-22,Cartago,La Unión,Tres Ríos,9.912891,-83.97577,Casa de habitación,CRC,461.87,547746.5,307.28,423720.06,3435140.96,386624000,PER-006
AV-2024-003140,7-565687-029,Compraventa,2024-09-26,2024-10-09,2024-10-18,Limón,Talamanca,Cahuita,9.728169,-82.824871,Condominio horizontal,USD,154.14,453.91,99.34,1542.67,4799.15,228014,PER-002
AV-2024-003141,1-720229,Leasing,2024-07-11,2024-07-15,2024-07-16,San José,Escazú,Escazú,9.93288,-84.143267,Casa de habitación,CRC,766.43,728331.03,365.56,811178.86,15390741.56,870140000,PER-001
AV-2024-003142,4-524599-041,Garantía hipotecaria,2024-10-10,2024-10-24,2024-10-28,Heredia,San Rafael,San Rafael,10.036461,-84.084477,Apartamento,CRC,182.75,736204.96,414.15,575608.67,13120907.58,386051000,PER-003
AV-2025-003143,2-734596,Leasing,2025-06-01,2025-06-04,2025-06-08,Alajuela,Alajuela,Alajuela,10.017908,-84.215584,Casa de habitación,CRC,332.55,712854.78,35.11,330209.22,451741.09,249105000,PER-009
AV-2025-003144,1-419563,Garantía hipotecaria,2025-06-26,2025-07-06,2025-07-12,San José,Desamparados,Desamparados,9.883609,-84.068486,Casa de habitación,CRC,793.1,846170.38,544.59,497687.62,8637267.8,950771000,PER-005
AV-2024-003145,1-755630-248,Leasing,2024-09-04,2024-09-17,2024-09-20,San José,Santa Ana,Santa Ana,9.92469,-84.183281,Apartamento,USD,64.83,930.04,155.55,1168.15,1820.51,243821,PER-005
AV-2025-003146,1-575913,Leasing,2025-08-08,2025-08-15,2025-08-17,San José,Tibás,San Juan,9.95894,-84.091722,Edificio de oficinas,USD,623.41,527.19,319.81,1435.84,22736.0,810588,PER-002
AV-2025-003147,1-493967,Garantía hipotecaria,2025-11-15,2025-11-18,2025-11-23,San José,San José,Carmen,9.943245,-84.082023,Casa de habitación,CRC,278.85,1075092.75,35.04,542478.53,1056420.11,319854000,PER-001
AV-2024-003148,4-471647,Actualización de garantía,2021-12-15,2022-01-04,2022-01-06,Heredia,San Rafael,San Rafael,10.035558,-84.084429,Casa de habitación,USD,340.36,392.4,116.91,1345.61,1943.93,292816,PER-003
AV-2025-003149,6-542781,Leasing,2025-11-22,2025-12-03,2025-12-14,Puntarenas,Quepos,Quepos,9.414297,-84.175462,Casa de habitación,CRC,385.06,998003.73,71.48,540812.02,2712715.62,425661000,PER-001
AV-2025-003150,1-850454,Leasing,2025-02-06,2025-02-19,2025-03-03,San José,Curridabat,Curridabat,9.921324,-84.030325,Casa de habitación,CRC,347.15,631400.21,147.2,845729.61,396163.9,344078000,PER-009
AV-2024-003151,3-539779,Actualización de garantía,2024-10-20,2024-11-02,2024-11-12,Cartago,Paraíso,Paraíso,9.819387,-83.848198,Casa de habitación,CRC,304.76,586670.5,179.59,482855.1,1160346.38,266670000,PER-001
AV-2024-003152,3-319698,Actualización de garantía,2024-10-29,2024-11-09,2024-11-20,Cartago,Paraíso,Paraíso,9.810328,-83.858473,Bodega o nave industrial,USD,1439.76,366.43,815.56,763.13,49692.19,1199642,PER-002
AV-2025-003153,4-908508,Contable,2025-10-03,2025-10-09,2025-10-19,Heredia,Sarapiquí,Puerto Viejo,10.38524,-83.951015,Terreno baldío rural,CRC,9057.1,40201.99,0.0,0.0,0.0,364113000,PER-004
AV-2025-003154,4-322304,Garantía hipotecaria,2025-05-16,2025-05-24,2025-06-04,Heredia,Heredia,Heredia,9.995049,-84.121314,Casa de habitación,CRC,337.56,1249438.53,109.0,515569.25,3065012.08,481023000,PER-007
AV-2025-003155,6-151924,Seguro,2025-03-21,2025-04-01,2025-04-03,Puntarenas,Puntarenas,Puntarenas,9.972715,-84.838307,Casa de habitación,CRC,646.42,2040510.29,414.1,324157.46,749038.41,1454009000,PER-003
AV-2024-003156,1-598076-197,Seguro,2024-08-04,2024-08-08,2024-08-20,San José,Santa Ana,Santa Ana,9.155031,-84.625448,Apartamento,USD,183.56,1001.08,345.48,1122.68,15522.92,587145,PER-001
AV-2025-003157,4-544990,Garantía hipotecaria,2025-09-12,2025-09-29,2025-10-09,Heredia,Heredia,Heredia,9.997503,-84.123373,Local comercial,CRC,1427.35,843121.85,2245.58,313506.14,17146220.33,1924579000,PER-005
AV-2025-003158,4-603648,Contable,2025-02-22,2025-03-05,2025-03-16,Heredia,Santo Domingo,Santo Domingo,9.977544,-84.089724,Casa de habitación,CRC,493.25,385294.4,258.12,297993.53,3746822.66,270711000,PER-001
AV-2025-003159,2-329588,Compraventa,2025-11-21,2025-11-29,2025-11-30,Alajuela,Grecia,Grecia,10.045533,-84.297776,Casa de habitación,CRC,641.96,60345.03,386.6,505922.14,3550129.44,237879000,PER-008
AV-2025-003160,5-715659,Contable,2025-09-25,2025-10-06,2025-10-12,Guanacaste,Nicoya,Nicoya,10.107843,-85.459701,Terreno baldío urbano,CRC,621.42,162982.09,0.0,0.0,0.0,101280000,PER-006
AV-2025-003161,6-480771-027,Garantía hipotecaria,2025-02-20,2025-03-03,2025-03-12,Puntarenas,Quepos,Quepos,9.471188,-84.158351,Condominio horizontal,USD,307.32,386.51,75.12,816.08,1471.8,181558,PER-003
AV-2024-003162,2-984321,Leasing,2024-11-11,2024-11-15,2024-11-17,Alajuela,San Carlos,Quesada,10.304043,-84.478514,Finca agrícola,CRC,374802.88,120889.91,0.0,0.0,0.0,45309886000,PER-001
AV-2025-003163,6-263513-258,Garantía hipotecaria,2025-03-08,2025-03-17,2025-03-23,Puntarenas,Quepos,Quepos,9.454259,-84.145487,Apartamento,CRC,131.34,273402.84,249.91,822919.48,10425130.1,251990000,PER-005
AV-2026-003164,3-408398,Actualización de garantía,2026-02-10,2026-02-12,2026-02-18,Cartago,Paraíso,Paraíso,9.836343,-83.884815,Local comercial,CRC,1502.41,419362.65,505.05,822005.07,1523649.87,1046732000,PER-008
AV-2025-003165,4-480336,Actualización de garantía,2025-08-01,2025-08-06,2025-08-11,Heredia,San Rafael,San Rafael,10.011163,-84.110919,Casa de habitación,CRC,447.1,440358.12,214.19,342909.58,2520766.73,272853000,PER-001
AV-2026-003166,7-765840,Contable,2023-11-07,2023-11-17,2023-10-26,Limón,Limón,Limón,10.006017,-83.039615,Terreno baldío urbano,CRC,794.32,120169.81,0.0,0.0,2383075.43,97836000,PER-007
AV-2025-003167,3-220378,Garantía hipotecaria,2025-12-12,2025-12-30,2026-01-10,Cartago,Paraíso,Paraíso,9.844368,-83.869062,Local comercial,CRC,2265.2,3425382.02,1104.77,806262.54,43301242.09,8693211000,PER-001
AV-2025-003168,1-148001,Garantía hipotecaria,2025-03-08,2025-03-13,2025-03-23,San José,Curridabat,Curridabat,9.918398,-84.01798,Edificio de oficinas,USD,4113.73,397.14,24221.75,863.84,1286173.09,23843616,PER-005
AV-2025-003169,1-622184,Garantía hipotecaria,2025-04-28,2025-05-02,2025-05-09,San José,Goicoechea,Guadalupe,9.959826,-84.060809,Local comercial,CRC,355.87,3196844.96,374.06,293759.49,4675751.53,1252221000,PER-007
AV-2025-003170,1-725276-357,Seguro,2023-08-02,2023-08-21,2023-08-31,San José,San José,Carmen,9.945068,-84.075214,Condominio horizontal,USD,300.43,413.55,188.62,1519.19,7903.97,418696,PER-009
AV-2024-003171,1-723256-364,Leasing,2024-06-30,2024-07-01,2024-07-07,San José,Desamparados,Desamparados,9.882753,-84.061199,Apartamento,CRC,155.13,471848.87,449.15,656325.6,7065782.83,375052000,PER-004
AV-2025-003172,2-384151,Leasing,2025-10-12,2025-10-25,2025-10-27,Alajuela,Alajuela,Alajuela,10.014393,-84.196014,Terreno baldío urbano,CRC,1809.21,171930.55,0.0,0.0,8712738.92,319771000,PER-002
AV-2026-003173,4-263548,Actualización de garantía,2021-10-22,2021-10-28,2021-11-06,Heredia,Heredia,Heredia,9.986135,-84.109277,Terreno baldío urbano,CRC,359.58,476789.58,0.0,0.0,0.0,171444000,PER-003
AV-2025-003174,4-501071,Garantía hipotecaria,2025-09-25,2025-10-11,2025-10-14,Heredia,Santo Domingo,Santo Domingo,-84.094633,9.983501,Bodega o nave industrial,USD,1862.89,435.79,694.79,1134.57,5847.81,1605965,PER-009
AV-2026-003175,4-494237,Actualización de garantía,2026-01-25,2026-01-28,2026-01-30,Heredia,Belén,San Antonio,9.969512,-84.180699,Local comercial,CRC,2051.76,581158.79,4059.52,733429.93,149783545.96,4319555000,PER-004
AV-2025-003176,3-602240,Compraventa,2025-01-21,2025-01-24,2025-01-28,Cartago,Cartago,Oriental,9.860147,-83.926713,Casa de habitación,CRC,377.22,546223.44,48.21,469360.61,1052172.76,229726000,PER-006
AV-2025-003177,1-128467,Actualización de garantía,2025-10-03,2025-10-06,2025-10-16,San José,Puriscal,Santiago,9.826634,-84.246226,Finca agrícola,CRC,152322.86,21518.29,9675.13,258895.28,183209534.07,5965782000,PER-008
AV-2025-003178,2-168849,Leasing,2025-11-11,2025-11-22,,Alajuela,Atenas,Atenas,10.012176,-84.378171,Finca agrícola,CRC,159623.17,19943.61,0.0,0.0,0.0,3183462000,PER-003
AV-2025-003179,5-663018,Garantía hipotecaria,2025-09-01,2025-09-21,2025-09-29,Guanacaste,Nicoya,Nicoya,10.134193,-85.486778,Casa de habitación,CRC,1043.14,434683.01,669.34,712142.87,28642092.95,958743000,PER-002
AV-2025-003180,1-837566-007,Leasing,2025-09-06,2025-09-17,2025-09-29,San José,Escazú,Escazú,9.915848,-84.148931,Apartamento,USD,171.39,577.56,318.58,1434.31,1288.91,557219,PER-007
AV-2024-003181,3-171614,Actualización de garantía,2024-11-04,2024-11-13,2024-11-20,Cartago,Cartago,Oriental,9.872791,-83.910484,Terreno baldío urbano,USD,1035.87,400.68,0.0,0.0,0.0,415052,PER-001
AV-2025-003182,4-974477,Actualización de garantía,2025-07-10,2025-07-22,2025-08-02,Heredia,Heredia,Heredia,10.001954,-84.106001,Casa de habitación,CRC,306.82,652304.93,79.56,436228.31,585339.78,235432000,PER-005
AV-2025-003183,7-544108,Garantía hipotecaria,2025-06-08,2025-06-22,2025-07-04,Limón,Pococí,Guápiles,10.201082,-83.756477,Casa de habitación,CRC,232.24,302703.74,88.79,645457.28,2793803.87,130404000,PER-003
AV-2025-003184,4-104373,Seguro,2024-12-19,2025-01-06,2025-01-12,Heredia,Santo Domingo,Santo Domingo,9.974602,-84.097317,Casa de habitación,USD,1073.06,231.83,475.9,806.31,29589.3,662080,PER-004
AV-2025-003185,4-879402,Leasing,2025-02-15,2025-02-18,2025-02-28,Heredia,Sarapiquí,Puerto Viejo,10.439433,-84.058272,Casa de habitación,USD,291.13,44.04,145.65,769.41,2681.89,127568,PER-002
AV-2024-003186,7-811712,Garantía hipotecaria,2024-07-28,2024-08-11,2024-08-22,Limón,Pococí,Guápiles,10.253891,-83.745739,Terreno baldío rural,CRC,40462.37,133719.58,0.0,0.0,0.0,5410611000,PER-001
AV-2026-003187,1-342405,Leasing,2025-12-28,2026-01-14,2026-01-16,San José,Puriscal,Santiago,9.786481,-84.341543,Terreno baldío rural,CRC,47643.13,77023.29,0.0,0.0,0.0,3669631000,PER-005
AV-2024-003188,3-841297,Actualización de garantía,2024-10-06,2024-10-23,2024-10-27,Cartago,Paraíso,Paraíso,9.84501,-83.843524,Terreno baldío urbano,CRC,746.01,775623.13,0.0,0.0,794142.08,579417000,PER-004
AV-2026-003189,2-386965,Compraventa,2026-02-03,2026-02-12,2026-02-14,Alajuela,Upala,Upala,10.99101,-85.057109,Finca agrícola,CRC,196380.38,8098.37,13262.68,619560.74,505923135.99,10313320000,PER-004
AV-2025-003190,4-782591-167,Actualización de garantía,2025-02-01,2025-02-11,2025-02-12,Heredia,Belén,San Antonio,9.989502,-84.192886,Apartamento,USD,169.02,1012.14,132.8,574.58,1293.81,248670,PER-006
AV-2025-003191,1-548580-336,Garantía hipotecaria,2025-11-05,2025-11-21,2025-11-23,San José,Santa Ana,Santa Ana,9.947217,-84.170307,Apartamento,USD,117.36,595.18,80.03,597.83,2106.08,119801,PER-006
AV-2025-003192,2-448424,Contable,2025-11-28,2025-12-03,2025-12-06,Alajuela,San Ramón,San Ramón,10.084503,-84.457008,Casa de habitación,CRC,418.81,332722.34,218.22,551048.92,6825228.2,266423000,PER-006
AV-2025-003193,1-638425,Actualización de garantía,2025-05-01,2025-05-10,2025-05-22,San José,Montes de Oca,San Pedro,9.944171,-84.051382,Local comercial,CRC,625.96,1073521.09,542.42,265562.16,3365054.56,819393000,PER-002
AV-2025-003194,1-623930,Leasing,2021-03-08,2021-03-25,2021-04-02,San José,Desamparados,Desamparados,9.888323,-84.072433,Casa de habitación,CRC,263.57,659896.92,158.46,798708.64,3507306.36,304000000,PER-001
AV-2025-003195,5-345657,Garantía hipotecaria,2025-02-07,2025-02-15,2025-02-18,Guanacaste,Nicoya,Nicoya,10.17931,-85.48564,Terreno baldío urbano,CRC,451.97,62020.01,0.0,0.0,0.0,28031000,PER-009
AV-2025-003196,4-521325,Garantía hipotecaria,2025-05-08,2025-05-25,2025-05-28,Heredia,Sarapiquí,Puerto Viejo,10.450904,-84.039662,Finca agrícola,CRC,66138.92,24549.3,0.0,0.0,0.0,1623664000,PER-001
AV-2024-003197,4-683669,Contable,2024-08-15,2024-08-27,2024-09-03,Heredia,Belén,San Antonio,9.980583,-84.195415,Casa de habitación,CRC,692.12,655807.16,169.04,761725.62,2855963.52,585515000,PER-005
AV-2024-003198,N/A,Actualización de garantía,2024-02-16,2024-02-20,2024-02-24,Heredia,San Rafael,San Rafael,10.00638,-84.104349,Condominio horizontal,USD,540.89,260.66,271.53,1006.12,17161.25,431341,PER-001
AV-2025-003199,6-360774,Leasing,2025-03-29,2025-04-09,2025-04-15,Puntarenas,Quepos,Quepos,9.390285,-84.134876,Casa de habitación,CRC,563.48,988326.89,367.15,744361.2,11562179.55,841757000,PER-005
AV-2025-003200,2-772794,Leasing,2025-05-20,2025-05-24,2025-05-30,Alajuela,Atenas,Atenas,9.966663,-84.353432,Terreno baldío rural,CRC,40896.99,91371.34,0.0,0.0,0.0,3736813000,PER-001
AV-2025-003201,1-658391,Seguro,2025-07-30,2025-08-18,2025-08-21,San José,Montes de Oca,San Pedro,9.943894,-84.055069,Edificio de oficinas,USD,1465.07,690.1,1732.95,1368.0,64405.86,3446126,PER-009
AV-2024-003202,4-403402-399,Garantía hipotecaria,2024-05-11,2024-05-24,2024-05-30,Heredia,Heredia,Heredia,9.994474,-84.124287,Condominio horizontal,USD,189.59,728.6,77.05,875.59,2271.62,207871,PER-007
AV-2025-003203,1-517236,Compraventa,2025-08-22,2025-08-23,2025-08-29,San José,Puriscal,Santiago,9.878447,-84.329707,Terreno baldío rural,CRC,36115.47,83685.69,0.0,0.0,0.0,3022348000,PER-008
AV-2024-003204,1-728393-011,Leasing,2024-09-05,2024-09-06,2024-09-08,San José,Escazú,Escazú,9.424516,-83.39752,Condominio horizontal,USD,327.91,830.78,0.0,0.0,6136.27,278557,PER-002
AV-2025-003205,3-376753,Garantía hipotecaria,2025-06-02,2025-06-22,2025-07-03,Cartago,Paraíso,Paraíso,9.868033,-83.876549,Casa de habitación,CRC,373.03,439839.89,70.12,386126.34,1356276.87,222976000,PER-001
AV-2025-003206,1-869353,Leasing,2022-04-20,2022-05-08,2022-05-16,San José,Montes de Oca,San Pedro,9.922512,-84.047288,Terreno baldío urbano,CRC,1158.38,249769.25,0.0,0.0,5208066.46,294536000,PER-003
AV-2025-003207,1-698648,Actualización de garantía,2025-10-23,2025-11-06,2025-11-10,San José,Tibás,San Juan,9.95382,-84.077488,Casa de habitación,CRC,210.13,945795.19,114.56,842494.41,1245122.2,296501000,PER-001
AV-2025-003208,2-129674,Actualización de garantía,2025-08-14,2025-08-28,2025-09-03,Alajuela,Alajuela,Alajuela,10.020135,-84.227173,Casa de habitación,USD,635.58,1094.12,222.57,1537.18,11925.84,1049457,PER-009
AV-2025-003209,1-928542,Compraventa,2025-06-07,2025-06-23,2025-07-02,San José,Curridabat,Curridabat,9.910209,-84.031924,Casa de habitación,CRC,331.03,829421.47,82.17,784140.92,4726696.43,343723000,PER-006
AV-2024-003210,1-372150,Garantía hipotecaria,2024-09-16,2024-10-06,2024-10-18,San José,Goicoechea,Guadalupe,9.947447,-84.051076,Casa de habitación,CRC,695.01,511776.31,0.0,0.0,6033297.26,361723000,PER-003
AV-2026-003211,2-213661,Contable,2026-01-29,2026-02-12,2026-02-16,Alajuela,Alajuela,Alajuela,10.036824,-84.215755,Casa de habitación,CRC,164.2,967858.35,80.05,379141.61,1569716.57,190842000,PER-005
AV-2025-003212,1-585515-358,Seguro,2025-11-25,2025-12-11,2025-12-12,San José,Montes de Oca,San Pedro,9.927131,-84.044756,Condominio horizontal,USD,227.24,537.48,167.64,1365.01,9856.93,360824,PER-002
AV-2025-003213,1-254252,Compraventa,2025-11-22,2025-12-04,2025-12-05,San José,San José,Carmen,9.93835,-84.07789,Edificio de oficinas,CRC,1065.44,1139097.4,6303.52,285581.81,110538316.09,3124349000,PER-002
AV-2026-003214,6-315563-226,Leasing,2025-12-20,2026-01-06,2026-01-09,Puntarenas,Garabito,Jacó,9.596237,-84.595843,Apartamento,USD,120.93,2577.89,169.5,836.03,7795.11,461246,PER-003
AV-2025-003215,1-154663-096,Leasing,2025-07-24,2025-07-27,2025-08-05,San José,Santa Ana,Santa Ana,10.313531,-84.152365,Condominio horizontal,USD,419.96,589.13,232.22,516.1,7310.27,374570,PER-007
AV-2025-003216,1-939711,Garantía hipotecaria,2025-06-29,2025-07-10,2025-07-17,San José,Goicoechea,Guadalupe,9.951777,-84.036025,Casa de habitación,CRC,771.53,549641.12,135.5,826730.22,3959649.89,540046000,PER-001
AV-2025-003217,4-336693,Leasing,2025-02-28,2025-03-10,2025-03-17,Heredia,Belén,San Antonio,-84.18289,9.983605,Terreno baldío urbano,CRC,196.82,342104.48,0.0,0.0,1015569.58,68349000,PER-003
AV-2026-003218,1-857455,Leasing,2025-12-23,2026-01-10,2026-01-17,San José,Tibás,San Juan,9.963589,-84.094693,Terreno baldío urbano,CRC,932.35,401744.09,0.0,0.0,0.0,374566000,PER-005
AV-2025-003219,6-489466,Contable,2025-02-07,2025-02-24,2025-03-03,Puntarenas,Puntarenas,Puntarenas,9.964263,-84.807506,Casa de habitación,USD,996.7,191.07,114.65,532.16,237.67,251689,PER-009
AV-2025-003220,4-744905,Garantía hipotecaria,2025-09-09,2025-09-15,2025-09-27,Heredia,Heredia,Heredia,10.008881,-84.107234,Casa de habitación,CRC,295.42,511472.45,140.51,552119.06,3674672.91,232352000,PER-007
AV-2025-003221,1-892195,Compraventa,2023-08-02,2023-08-06,2023-08-08,San José,Montes de Oca,San Pedro,9.92207,-84.040915,Local comercial,CRC,512.55,1057675.61,580.94,410313.85,4556430.68,785036000,PER-007
AV-2026-003222,2-929223-315,Leasing,2026-01-07,2026-01-13,2026-01-25,Alajuela,Alajuela,Alajuela,-84.222708,10.012654,Condominio horizontal,USD,644.31,793.29,351.69,1665.8,3449.1,1100419,PER-007
AV-2025-003223,2-651350,Seguro,2025-09-11,2025-09-19,2025-09-24,Alajuela,San Carlos,Quesada,10.339296,-84.478881,Local comercial,CRC,349.3,288590.3,681.93,462294.28,16606875.03,432664000,PER-007
AV-2025-003224,3-984048,Leasing,2025-10-24,2025-11-07,2025-11-15,Cartago,Cartago,Oriental,9.863972,-83.925563,Local comercial,CRC,158.22,1257655.58,258.81,495985.13,367376.69,327720000,PER-009
AV-2025-003225,3-170067,Leasing,2024-12-30,2025-01-16,2025-01-18,Cartago,Cartago,Oriental,9.86589,-83.92206,Casa de habitación,CRC,830.73,523595.15,251.86,280709.25,2659394.7,508325000,PER-008
AV-2025-003226,5-103368-126,Actualización de garantía,2025-10-31,2025-11-07,2025-11-13,Guanacaste,Carrillo,Sardinal,10.539161,-85.684743,Apartamento,USD,146.26,2605.06,118.47, ,4573.45,491084,PER-001
AV-2025-003227,1-562770,Garantía hipotecaria,2025-11-28,2025-12-07,2025-12-12,San José,Montes de Oca,San Pedro,9.928974,-84.038988,Terreno baldío urbano,CRC,1694.4,362624.18,0.0,0.0,0.0,614430000,PER-002
AV-2025-003228,2-336734,Garantía hipotecaria,2025-01-24,2025-02-09,2025-02-16,Alajuela,San Carlos,Quesada,10.363159,-84.457217,Local comercial,CRC,1251.4,684568.38,585.06,460083.19,14574995.97,1140420000,PER-005
AV-2026-003229,1-577819,Compraventa,2026-01-28,2026-02-04,2026-02-06,San José,Curridabat,Curridabat,9.9173,-84.027939,Casa de habitación,CRC,231.55,718126.56,69.33,602811.22,2789403.03,210865000,PER-002
AV-2025-003230,1-988009-139,Actualización de garantía,2025-01-22,2025-01-30,2025-02-05,San José,Montes de Oca,San Pedro,9.940006,-84.041503,Apartamento,USD,64.66,890.63,99.58,827.35,4244.0,144220,PER-005
AV-2025-003231,1-170030-068,Leasing,2022-04-24,2022-05-04,2022-05-14,San José,Goicoechea,Guadalupe,9.951472,-84.045822,Apartamento,USD,58.72,372.68,54.93,1087.82,3099.25,84737,PER-007
AV-2025-003232,1-758819-372,Garantía hipotecaria,2025-10-24,2025-11-05,2025-11-08,San José,Montes de Oca,San Pedro,9.94449,-84.038772,Apartamento,USD,92.17,802.63,43.45,713.21,2468.69,107436,PER-001
AV-2025-003233,2-186605-090,Garantía hipotecaria,2025-11-13,2025-11-19,2025-11-25,Alajuela,Alajuela,Alajuela,10.011786,-84.197388,Apartamento,USD,119.95,453.74,223.64,1535.82,19840.33,417737,PER-005
AV-2025-003234,2-952283,Actualización de garantía,2025-07-09,2025-07-12,2025-07-23,Alajuela,Upala,Upala,10.856726,-84.970521,Terreno baldío urbano,CRC,913.34,35937.28,0.0,0.0,0.0,32823000,PER-006
AV-2024-003235,2-629349,Garantía hipotecaria,2024-08-07,2024-08-08,2024-08-16,Alajuela,Grecia,Grecia,10.070286,-84.336531,Local comercial,CRC,703.15,445269.65,647.85,354737.12,2292547.49,545200000,PER-005
AV-2025-003236,4-252141,Seguro,2022-06-11,2022-06-23,2022-07-04,Heredia,Heredia,Heredia,9.997505,-84.12443,Bodega o nave industrial,USD,999.08,925.46,686.04,1371.61,31134.37,1896722,PER-004
AV-2025-003237,5-896444,Actualización de garantía,2025-09-26,2025-10-05,2025-10-08,Guanacaste,Nicoya,Nicoya,10.126393,-85.409395,Finca agrícola,USD,133675.9,273.8,0.0,0.0,636685.76,37237147,PER-002
AV-2025-003238,1-195512,Compraventa,2025-10-16,2025-10-27,2025-11-02,San José,Montes de Oca,San Pedro,9.922368,-84.058759,Local comercial,CRC,1889.81,1238725.3,1227.33,451811.78,36764392.25,2932242000,PER-005
AV-2025-003239,4-975425,Compraventa,2025-03-19,2025-04-05,2025-04-17,Heredia,Santo Domingo,Santo Domingo,9.972751,-84.080524,Casa de habitación,CRC,381.51,448221.59,117.91,483875.2,2136989.73,230192000,PER-009
AV-2025-003240,1-328267,Actualización de garantía,2025-07-26,2025-07-27,2025-07-31,San José,Goicoechea,Guadalupe,9.957117,-84.035978,Local comercial,CRC,443.54,430265.07,659.97,340772.72,15434444.95,431174000,PER-006
AV-2024-003241,2-548094,Actualización de garantía,2024-09-17,2024-09-30,2024-10-09,Alajuela,Alajuela,Alajuela,10.021794,-84.214187,Casa de habitación,CRC,644.21,2984284.29,142.2,732637.55,5920658.44,2032608000,PER-001
AV-2026-003242,2-913406,Leasing,2026-02-24,2026-02-25,2026-02-28,Alajuela,Upala,Upala,10.996008,-85.013674,Terreno baldío urbano,CRC,493.61,15575.92,0.0,0.0,73269.45,7762000,PER-002
AV-2025-003243,3-888900-376,Garantía hipotecaria,2025-01-18,2025-02-02,2025-02-03,Cartago,Paraíso,Paraíso,9.847256,-83.848311,Apartamento,USD,140.13,333.21,310.04,800.24,11455.55,306255,PER-008
AV-2025-003244,7-529533-186,Garantía hipotecaria,2025-02-03,2025-02-06,2025-02-17,Limón,Talamanca,Cahuita,9.674407,-82.856086,Apartamento,USD,155.25,2892.61,427.53,1499.89,14442.23,1104768,PER-001
AV-2025-003245,1-490094,Contable,2022-05-09,2022-05-26,2022-05-31,San José,Puriscal,Santiago,9.856429,-84.24312,Casa de habitación,CRC,982.11,416158.7,108.24,415458.4,880437.96,454563000,PER-004
AV-2026-003246,4-113443,Seguro,2025-12-14,2026-01-02,2025-12-28,Heredia,San Rafael,San Rafael,10.012217,-84.091203,Casa de habitación,CRC,681.13,593938.04,123.41,471183.41,784686.07,463482000,PER-007
AV-2025-003247,1-416116,Seguro,2023-07-13,2023-07-26,2023-08-06,San José,San José,Carmen,9.943589,-84.081561,Terreno baldío urbano,CRC,1403.87,190379.23,0.0,0.0,4862177.67,272130000,PER-003
AV-2025-003248,3-213405-092,Compraventa,2025-06-10,2025-06-29,2025-07-01,Cartago,Cartago,Oriental,9.874748,-83.916792,Condominio horizontal,USD,577.66,781.57,178.94,1291.99,681.13,683352,PER-006
AV-2026-003249,6-720342,Seguro,2025-12-30,2026-01-03,2026-01-05,Puntarenas,Puntarenas,Puntarenas,-84.834118,9.963213,Finca agrícola,CRC,47591.53,126343.74,3400.95,445642.43,110992945.02,7639492000,PER-003
AV-2025-003250,3-326942,Actualización de garantía,2025-05-13,2025-05-26,2025-05-29,Cartago,Cartago,Oriental,9.871359,-83.932084,Local comercial,CRC,323.86,1006507.28,602.09,324091.59,13022626.86,534122000,PER-008
AV-2025-003251,1-131974-231,Actualización de garantía,2025-10-26,2025-11-13,2025-11-23,San José,Escazú,Escazú,9.936921,-84.138609,Apartamento,USD,195.01,537.5,118.38,1411.09,2773.51,274636,PER-006
AV-2025-003252,7-693410-037,Garantía hipotecaria,2025-08-25,2025-08-27,2025-09-07,Limón,Talamanca,Cahuita,9.75921,-82.789623,Apartamento,USD,111.17,3251.01,35.97,1391.55,3385.48,414854,PER-008
AV-2025-003253,1-177231,Garantía hipotecaria,2025-09-03,2025-09-14,2025-09-18,San José,Desamparados,Desamparados,10.46923,-83.188927,Casa de habitación,USD,233.52,385.11,132.32,1158.21,4102.38,247288,PER-009
AV-2026-003254,5-406391,Leasing,2026-01-28,2026-02-08,2026-02-16,Guanacaste,Nicoya,Nicoya,10.120989,-85.447556,Casa de habitación,CRC,805.8,279944.02,129.44,296357.29,1823282.46,265763000,PER-001
AV-2025-003255,5-965162,Actualización de garantía,2023-04-20,2023-05-07,2023-05-12,Guanacaste,Carrillo,Sardinal,10.553231,-85.650202,Casa de habitación,CRC,450.49,711788.35,234.59,403027.93,5641813.14,420842000,PER-003
AV-2025-003256,5-325412,Contable,2025-11-01,2025-11-02,2025-11-07,Guanacaste,Nicoya,Nicoya,10.120599,-85.43979,Terreno baldío urbano,CRC,466.91,111107.9,0.0,0.0,0.0,58149000,PER-001
AV-2025-003257,1-854983,Actualización de garantía,2022-12-09,2022-12-28,2022-12-31,San José,Tibás,San Juan,9.966362,-84.084483,Edificio de oficinas,USD,2528.12,808.68,12140.31,662.37,365381.57,10451199,PER-004
AV-2024-003258,1-761303,Garantía hipotecaria,2024-12-18,2024-12-19,2024-12-30,San José,Santa Ana,Santa Ana,-84.197022,9.938234,Bodega o nave industrial,USD,1577.67,513.21,933.52,924.07,21169.24,1693483,PER-004
AV-2024-003259,4-893972,Garantía hipotecaria,2024-10-16,2024-10-25,2024-10-31,Heredia,Belén,San Antonio,9.974331,-84.174557,Bodega o nave industrial,USD,2935.16,547.75,833.66,697.51,45134.55,2234355,PER-004
AV-2026-003260,3-407439-262,Compraventa,2026-01-27,2026-02-06,2026-02-11,Cartago,La Unión,Tres Ríos,9.891732,-84.002347,Apartamento,USD,201.07,292.04,263.61,691.16,3924.61,244842,PER-007
AV-2024-003261,7-804055,Actualización de garantía,2024-11-26,2024-11-30,2024-12-11,Limón,Pococí,Guápiles,10.238177,-83.740181,Casa de habitación,CRC,870.04,433785.18,400.94,300888.89,8309011.08,506358000,PER-004
AV-2025-003262,1-102260-219,Actualización de garantía,2025-07-11,2025-07-12,2025-07-15,San José,Goicoechea,Guadalupe,9.962543,-84.04607,Apartamento,USD,66.27,447.65,28.24,1597.06,2792.73,77559,PER-009
AV-2025-003263,1-559999-367,Garantía hipotecaria,2025-04-21,2025-05-01,2025-05-08,San José,Escazú,Escazú,9.914438,-84.133772,Apartamento,USD,64.11,513.76,124.14,1556.33,5847.98,231988,PER-009
AV-2024-003264,1-519498-186,Leasing,2024-12-21,2024-12-22,2025-01-02,San José,Tibás,San Juan,9.966897,-84.068129,Apartamento,USD,120.3,970.86,201.34,1138.61,15824.96,361867,PER-008
AV-2025-003265,1-315213-282,Actualización de garantía,2025-07-26,2025-08-08,2025-08-12,San José,Desamparados,Desamparados,9.917443,-84.076181,Apartamento,USD,95.98,451.38,245.65,882.52,11617.21,271732,PER-009
AV-2025-003266,3-826778,Garantía hipotecaria,2023-01-03,2023-01-14,2023-01-21,Cartago,La Unión,Tres Ríos,9.904194,-83.969974,Casa de habitación,USD,257.25,408.55,140.15,1294.51,6418.66,292944,PER-006
AV-2024-003267,4-682504,Leasing,2022-03-14,2022-03-30,2022-03-31,Heredia,Heredia,Heredia,10.002513,-84.119197,Edificio de oficinas,USD,2113.72,1056.98,2245.17,1166.33,201454.26,5054223,PER-007
AV-2025-003268,2-167001,Actualización de garantía,2025-08-21,2025-08-27,2025-09-08,Alajuela,San Ramón,San Ramón,10.112401,-84.440479,Bodega o nave industrial,USD,4292.44,92.86,2863.11,1613.53,27364.58,5045674,PER-004
AV-2024-003269,2-474962,Garantía hipotecaria,2024-06-23,2024-07-11,2024-07-18,Alajuela,San Carlos,Quesada,10.367511,-84.449675,Local comercial,CRC,1713.21,612581.71,2249.98,630094.59,16232425.3,2483414000,PER-005
AV-2024-000953,4-510479,Actualización de garantía,2025-04-14,2025-04-14,2025-04-16,Heredia,San Rafael,San Rafael,10.023812,-84.09709,Casa de habitación,CRC,537.02,615186.28,276.6,799011.97,12700067.62,564074000,PER-007
AV-2025-003271,7-491932,Leasing,2025-01-17,2025-02-03,2025-02-10,Limón,Limón,Limón,9.977334,-83.010314,Casa de habitación,CRC,196.23,550896.06,93.98,266747.61,781205.9,133952000,PER-001
AV-2025-003272,3-242379,Garantía hipotecaria,2025-03-03,2025-03-03,2025-03-14,Cartago,Turrialba,Turrialba,-83.648493,9.929972,Casa de habitación,USD,377.45,119.43,203.88,1508.09,23831.9,376380,PER-006
AV-2025-003273,1-824668,Contable,2021-12-12,2021-12-12,2021-12-18,San José,Curridabat,Curridabat,9.925767,-84.024136,Casa de habitación,CRC,634.86,1072920.9,282.54,714273.17,9473983.87,892439000,PER-006
AV-2025-003274,2-756146,Leasing,2023-07-12,2023-07-23,2023-07-28,Alajuela,Upala,Upala,10.815182,-85.014668,Casa de habitación,CRC,840.52,273194.35,292.53,N/A,2189731.36,417395000,PER-001
AV-2024-003275,1-591082-027,Garantía hipotecaria,2024-08-29,2024-08-30,2024-09-09,San José,Montes de Oca,San Pedro,9.940252,-84.035326,Apartamento,USD,117.46,842.4,140.14,1125.91,6076.64,262810,PER-002
AV-2024-003276,6-657112,Actualización de garantía,2024-05-27,2024-06-12,2024-06-18,Puntarenas,Quepos,Quepos,9.458177,-84.15511,Terreno baldío urbano,CRC,520.59,295643.27,0.0,0.0,0.0,181491000,PER-003
AV-2025-003277,2-721936,Leasing,2025-02-09,2025-02-19,2025-03-01,Alajuela,San Carlos,Quesada,10.306366,-84.395045,Casa de habitación,CRC,583.74,542544.03,273.21,550917.42,6907587.19,474128000,PER-006
AV-2025-003278,1-284165,Leasing,2021-12-11,2021-12-23,2021-12-31,San José,Goicoechea,Guadalupe,9.958632,-84.045054,Casa de habitación,CRC,679.86,871569.28,94.96,836939.96,4884635.94,676906000,PER-003
AV-2026-003279,3-963875-257,Actualización de garantía,2026-01-27,2026-02-07,2026-02-17,Cartago,Paraíso,Paraíso,9.826485,-83.846289,Apartamento,USD,144.4,227.73,326.23,1353.89,6382.32,480946,PER-001
AV-2025-003280,1-395786-302,Leasing,2025-05-29,2025-06-14,2025-06-18,San José,Escazú,Escazú,9.910698,-84.127002,Apartamento,USD,85.08,958.34,152.92,1618.07,15525.19,344496,PER-005
AV-2025-003281,5-374107,Actualización de garantía,2025-06-24,2025-07-10,2025-07-20,Guanacaste,Nicoya,Nicoya,10.172738,-85.455051,Terreno baldío urbano,CRC,733.56,63142.08,0.0,0.0,0.0,46319000,PER-001
AV-2024-003282,1-792896,Leasing,2024-08-03,2024-08-23,2024-08-28,San José,Goicoechea,Guadalupe,9.962775,-84.04244,Terreno baldío urbano,CRC,1020.53,177114.83,0.0,0.0,0.0,180751000,PER-004
AV-2025-003283,5-875140,Leasing,2025-12-10,2025-12-19,2025-12-27,Guanacaste,Nicoya,Nicoya,10.131794,-85.47138,Terreno baldío urbano,CRC,1514.9,64211.55,0.0,0.0,1645918.23,98920000,PER-006
AV-2025-003284,1-590186,Leasing,2025-12-07,2025-12-18,2025-12-20,San José,Escazú,Escazú,9.903487,-84.141732,Casa de habitación,CRC,394.68,1050402.81,158.08,789341.62,4745604.82,544098000,PER-006
AV-2025-003285,2-385408,Leasing,2025-11-19,2025-12-05,2025-12-10,Alajuela,San Ramón,San Ramón,10.102784,-84.496246,Bodega o nave industrial,USD,7180.28,238.43,4697.99,584.23,187764.76,4644466,PER-008
AV-2026-003286,1-416289,Leasing,2026-01-03,2026-01-04,2026-01-15,San José,Desamparados,Desamparados,9.886172,-84.064106,Casa de habitación,CRC,840.54,635036.72,229.5,401596.78,6400222.23,632340000,PER-006
AV-2025-003287,3-615634,Garantía hipotecaria,2025-05-26,2025-06-03,2025-06-08,Cartago,Cartago,Oriental,9.878416,-83.925053,Terreno baldío urbano,USD,1911.15,972.23,0.0,0.0,0.0,1858077,PER-007
AV-2025-003288,2-590015,Leasing,2025-11-02,2025-11-08,2025-11-10,Alajuela,San Carlos,Quesada,10.308374,-84.385086,Casa de habitación,CRC,616.98,378424.49,248.16,712028.23,13867179.92,424044000,PER-009
AV-2025-003289,2-466091,Leasing,2025-05-12,2025-05-26,2025-06-01,Alajuela,San Carlos,Quesada,10.299242,-84.438385,Terreno baldío urbano,CRC,1508.75,160518.74,0.0,0.0,5618480.82,247801000,PER-002
AV-2025-003290,5-973957-386,Contable,2025-02-19,2025-02-24,2025-03-05,Guanacaste,Carrillo,Sardinal,10.514488,-85.681393,Apartamento,USD,208.21,1401.05,128.61,1272.72,4296.86,459694,PER-004
AV-2024-003291,5-893022,Garantía hipotecaria,2024-11-14,2024-11-15,2024-11-24,Guanacaste,Liberia,Liberia,10.639626,-85.457987,Terreno baldío urbano,CRC,1843.35,92277.45,0.0,0.0,0.0,170100000,PER-009
AV-2025-003292,5-879482-288,Leasing,2025-08-31,2025-09-05,2025-09-13,Guanacaste,Carrillo,Sardinal,10.5611,-85.686273,Condominio horizontal,USD,717.24,426.77,559.93,645.51,16760.46,684297,PER-009
AV-2025-003293,4-537909,Actualización de garantía,2025-07-25,2025-07-27,2025-08-05,Heredia,Santo Domingo,Santo Domingo,9.989768,-84.102421,Terreno baldío urbano,CRC,311.44,158903.1,0.0,0.0,0.0,49489000,PER-001
AV-2026-003294,4-130091,Leasing,2021-05-24,2021-06-05,2021-06-14,Heredia,Santo Domingo,Santo Domingo,9.968562,-84.08798,Bodega o nave industrial,USD,3563.37,281.13,2214.23,856.49,28712.87,2926949,PER-005
AV-2025-003295,1-504897,Garantía hipotecaria,2021-08-29,2021-09-14,2021-09-19,San José,Tibás,San Juan,9.956429,-84.071728,Casa de habitación,CRC,552.2,964536.13,177.46,386492.44,4978658.9,606182000,PER-003
AV-2024-003296,4-511644,Actualización de garantía,2024-10-29,2024-11-09,2024-11-10,Heredia,Belén,San Antonio,9.970726,-84.184947,Bodega o nave industrial,USD,4578.98,706.12,1343.91,739.35,12263.11,4239192,PER-006
AV-2025-003297,4-254214-247,Garantía hipotecaria,2024-12-17,2025-01-02,2025-01-09,Heredia,Santo Domingo,Santo Domingo,9.529082,-84.506313,Apartamento,USD,179.32,173.8,115.89,1518.13,6097.68,213200,PER-002
AV-2024-003298,5-680769,Seguro,2024-08-11,2024-08-16,2024-08-27,Guanacaste,Nicoya,Nicoya,10.121863,-85.499829,Casa de habitación,CRC,287.96,487174.9,134.67,776327.59,4888661.9,249724000,PER-009
AV-2025-003299,1-719252,Leasing,2025-01-31,2025-02-17,2025-02-24,San José,Puriscal,Santiago,9.815755,-84.243536,Casa de habitación,CRC,466.77,441072.89,208.48,417809.47,2521684.62,295506000,PER-003
AV-2025-003300,1-536434,Actualización de garantía,2025-10-25,2025-11-01,2025-11-13,San José,Curridabat,Curridabat,9.914438,-84.048339,Terreno baldío urbano,CRC,1101.7,424749.63,0.0,0.0,0.0,467947000,PER-008
AV-2025-003301,3-532922,Contable,2025-01-05,2025-01-16,2025-01-17,Cartago,Paraíso,Paraíso,9.861277,-83.884903,Terreno baldío urbano,CRC,452.05,135032.27,0.0,0.0,0.0,61041000,PER-004
AV-2025-003302,6-243451-070,Garantía hipotecaria,2025-02-09,2025-02-25,2025-03-05,Puntarenas,Quepos,Quepos,9.397308,-84.17841,Condominio horizontal,USD,537.34,209.47,419.54,798.01,6693.04,454047,PER-002
AV-2024-003303,1-784268,Leasing,2024-09-17,2024-09-28,2024-10-01,San José,San José,Carmen,9.945659,-84.079127,Terreno baldío urbano,CRC,531.61,261536.76,0.0,0.0,0.0,139036000,PER-009
AV-2026-003304,1-958457,Garantía hipotecaria,2025-12-15,2026-01-03,2026-01-11,San José,Escazú,Escazú,10.709844,-83.839173,Casa de habitación,USD,684.17,1066.28,396.88,1693.29,7675.08,1409225,PER-004
AV-2025-003305,4-298755,Seguro,2025-09-09,2025-09-28,2025-10-01,Heredia,Santo Domingo,Santo Domingo,9.977889,-84.074394,Casa de habitación,CRC,523.66,482440.58,245.43,799614.19,2457130.75,451341000,PER-009
AV-2025-003306,1-313713,Actualización de garantía,2023-09-02,2023-09-21,2023-10-02,San José,Montes de Oca,San Pedro,9.936303,-84.051316,Local comercial,CRC,1053.33,1036526.1,1330.96,704577.03,32974195.81,2062542000,PER-006
AV-2025-003307,2-387381,Seguro,2025-12-13,2025-12-15,2025-12-27,Alajuela,Atenas,Atenas,10.013152,-84.357112,Finca agrícola,CRC,336684.97,10109.92,13955.67,376298.91,260892978.02,8916254000,PER-006
AV-2026-003308,6-677461,Garantía hipotecaria,2026-01-20,2026-02-07,2026-02-19,Puntarenas,Puntarenas,Puntarenas,9.988964,-84.844693,Casa de habitación,CRC,1041.36,270427.92,563.11,291507.79,4142977.43,522356000,PER-008
AV-2025-003309,3-906526,Garantía hipotecaria,2025-03-17,2025-03-26,2025-03-28,Cartago,Paraíso,Paraíso,9.8628,-83.857427,Casa de habitación,CRC,653.6,753824.51,239.82,311341.49,2206483.5,569572000,PER-002
AV-2025-003310,1-504720,Garantía hipotecaria,2025-08-05,2025-08-23,2025-09-04,San José,San José,Carmen,9.934387,-84.067571,Casa de habitación,CRC,396.69,1087580.43,162.55,411437.08,4823493.24,474301000,PER-003
AV-2025-003311,7-976644,Garantía hipotecaria,2025-05-13,2025-05-16,2025-05-19,Limón,Pococí,Guápiles,10.214375,-83.762564,Finca agrícola,CRC,270258.02,116037.05,0.0,0.0,501510450.68,31861454000,PER-005
AV-2024-003312,7-506119,Garantía hipotecaria,2024-12-14,2024-12-18,2024-12-24,Limón,Pococí,Guápiles,10.164207,-83.778932,Casa de habitación,CRC,801.0,2557647.05,260.39,816055.2,15676170.32,2276844000,PER-004
AV-2024-003313,2-813108,Actualización de garantía,2024-10-24,2024-11-08,2024-11-10,Alajuela,San Carlos,Quesada,10.345959,-84.476013,Local comercial,CRC,658.79,597022.32,306.51,354035.69,1912265.28,503740000,PER-003
AV-2025-003314,6-710768-209,Compraventa,2025-04-17,2025-05-05,2025-05-06,Puntarenas,Garabito,Jacó,9.601545,-84.648788,Apartamento,CRC,137.95,112672.95,129.97,708603.48,6874076.47,114515000,PER-005
AV-2026-003315,6-477374,Seguro,2025-12-29,2026-01-02,2026-01-05,Puntarenas,Puntarenas,Puntarenas,9.986804,-84.854821,Casa de habitación,CRC,585.77,295497.58,387.49,426791.95,5517390.26,343989000,PER-001
AV-2025-003316,2-346310,Actualización de garantía,2023-12-30,2024-01-15,2024-01-26,Alajuela,San Carlos,Quesada,10.311705,-84.428275,Casa de habitación,CRC,872.81,446070.22,497.1,820929.34,10169972.23,807588000,PER-003
AV-2025-003317,1-332137,Actualización de garantía,2025-12-18,2025-12-31,2026-01-05,San José,Curridabat,Curridabat,9.918908,-84.043535,Local comercial,CRC,945.78,4126053.88,892.48,615231.77,29350245.83,4480772000,PER-003
AV-2026-003318,6-505867,Garantía hipotecaria,2026-01-20,2026-02-09,2026-02-10,Puntarenas,Garabito,Jacó,9.622059,-84.669614,Terreno baldío urbano,USD,901.01,178.88,0.0,0.0,0.0,161173,PER-009
AV-2024-003319,3-302245-215,Garantía hipotecaria,2024-07-07,2024-07-26,2024-08-02,Cartago,La Unión,Tres Ríos,9.918563,-84.005505,Condominio horizontal,USD,285.15,461.58,151.32,964.29,762.49,278298,PER-004
AV-2025-003320,5-466659,Leasing,2024-12-24,2025-01-13,2025-01-21,Guanacaste,Liberia,Liberia,10.609901,-85.440429,Casa de habitación,CRC,416.21,1899498.01,89.69,358970.1,1649704.17,824436000,PER-007
AV-2026-003321,4-848594-096,Garantía hipotecaria,2026-02-21,2026-02-21,2026-03-03,Heredia,Belén,San Antonio,9.991806,-84.177726,Apartamento,CRC,91.53,611694.09,142.84,698672.22,1330277.69,157117000,PER-003
AV-2026-003322,7-607508,Actualización de garantía,2026-01-12,2026-01-19,2026-01-23,Limón,Limón,Limón,10.008854,-83.023204,Bodega o nave industrial,USD,3452.08,170.36,2304.79,1411.92,177111.41,4019387,PER-008
AV-2025-003323,2-420089,Leasing,2022-11-18,2022-11-26,2022-11-30,Alajuela,San Ramón,San Ramón,10.096822,-84.440655,Casa de habitación,CRC,251.53,370766.31,124.39,539196.21,3800502.37,164130000,PER-003
AV-2025-003324,1-890732-077,Contable,2025-07-17,2025-07-30,2025-08-09,San José,San José,Carmen,9.930331,-84.081778,Apartamento,USD,114.28,1100.18,329.2,978.25,12553.28,460322,PER-001
AV-2025-003325,1-178993,Actualización de garantía,2025-04-25,2025-05-05,2025-05-15,San José,Santa Ana,Santa Ana,9.937497,-84.16376,Local comercial,CRC,115.45,886989.61,198.81,640806.02,1613828.05,231415000,PER-002
AV-2025-003326,2-836270,Actualización de garantía,2025-09-13,2025-10-02,2025-10-08,Alajuela,Alajuela,Alajuela,10.031526,-84.212909,Terreno baldío urbano,CRC,1129.04,1379864.22,0.0,0.0,0.0,1557922000,PER-007
AV-2025-003327,3-420326-162,Leasing,2025-08-12,2025-08-14,2025-08-16,Cartago,Cartago,Oriental,9.862306,-83.903854,Apartamento,USD,93.44,977.19,265.05,1349.9,21117.91,470218,PER-001
AV-2025-003328,7-231744-047,Garantía hipotecaria,2023-07-19,2023-07-22,2023-07-27,Limón,Talamanca,Cahuita,9.717659,-82.82274,Condominio horizontal,USD,493.19,275.6,318.86,1309.3,24949.2,578356,PER-003
AV-2025-003329,5-333150,Seguro,2025-11-08,2025-11-12,2025-11-22,Guanacaste,Santa Cruz,Tamarindo,10.314887,-85.86368,Terreno baldío urbano,CRC,930.18,623751.88,0.0,0.0,0.0,580202000,PER-007
AV-2025-003330,1-413509,Garantía hipotecaria,2022-08-10,2022-08-15,2022-08-27,San José,San José,Carmen,9.93894,-84.06815,Casa de habitación,CRC,687.37,1118193.06,436.43,375143.17,89621.73,932426000,PER-005
AV-2025-003331,1-506195,Contable,2025-05-11,2025-05-28,2025-06-01,San José,Desamparados,Desamparados,9.879209,-84.072993,Casa de habitación,CRC,282.79,3095358.31,166.35,324366.45,2863689.1,932158000,PER-006
AV-2025-003332,1-893663,Actualización de garantía,2022-10-16,2022-10-17,2022-10-25,San José,Pérez Zeledón,San Isidro de El General,9.395837,-83.703908,Casa de habitación,CRC,565.62,571568.16,237.92,313641.88,4745321.3,402657000,PER-009
AV-2025-003333,1-872460,Actualización de garantía,2025-12-11,2025-12-14,2025-12-21,San José,Desamparados,Desamparados,9.881378,-84.061226,Casa de habitación,CRC,529.1,619345.83,244.59,308320.0,3298574.37,406406000,PER-009
AV-2024-003334,1-872235-107,Garantía hipotecaria,2024-06-04,2024-06-24,2024-07-01,San José,Desamparados,Desamparados,9.899515,-84.070832,Apartamento,USD,113.65,381.74,258.93,1158.39,22031.19,365358,PER-002
AV-2025-003335,7-230887,Actualización de garantía,2025-03-07,2025-03-16,2025-03-27,Limón,Pococí,Guápiles,10.230683,-83.822649,Casa de habitación,USD,321.47,120.01,172.54,1563.73,8426.87,316812,PER-005
AV-2026-003336,1-632583,Garantía hipotecaria,2026-02-06,2026-02-13,2026-02-22,San José,San José,Carmen,9.929127,-84.067023,Casa de habitación,CRC,379.09,1173069.38,130.04,688453.84,5742105.41,539968000,PER-008
AV-2025-003337,1-671024,Actualización de garantía,2025-08-16,2025-08-25,2025-09-03,San José,Goicoechea,Guadalupe,9.947278,-84.036562,Casa de habitación,CRC,967.5,379035.27,539.03,554096.33,11751502.04,677143000,PER-008
AV-2025-003338,4-516522,Actualización de garantía,2025-01-16,2025-02-01,2025-02-08,Heredia,Heredia,Heredia,9.989735,-84.10731,Casa de habitación,USD,1035.17,506.08,578.48,1003.19,11092.79,1115297,PER-004
AV-2025-003339,1-552222,Leasing,2022-05-04,2022-05-20,2022-05-22,San José,Desamparados,Desamparados,9.912725,-84.049764,Terreno baldío urbano,CRC,602.1,109074.95,0.0,0.0,0.0,65674000,PER-005
AV-2024-003340,2-744055,Actualización de garantía,2024-07-04,2024-07-17,2024-07-21,Alajuela,Upala,Upala,10.985718,-85.009877,Finca agrícola,CRC,209430.8,11572.44,26258.27,827823.0,1191953501.24,25352779000,PER-005
AV-2025-003341,3-644472,Garantía hipotecaria,2025-10-25,2025-10-26,2025-11-02,Cartago,La Unión,Tres Ríos,9.907628,-83.998656,Local comercial,CRC,1564.28,381892.1,2864.65,837622.08,33366076.79,3030246000,PER-001
AV-2026-003342,3-475880,Actualización de garantía,2022-03-24,2022-03-26,2022-03-28,Cartago,La Unión,Tres Ríos,9.900409,-83.977054,Local comercial,CRC,944.99,409900.29,1392.62,698618.92,11589823.14,1371852000,PER-003
AV-2025-003343,3-281328-023,Seguro,2025-05-19,2025-05-29,2025-06-02,Cartago,Paraíso,Paraíso,9.826886,-83.897546,Condominio horizontal,USD,345.35,237.62,202.73,795.58,2966.42,246316,PER-002
AV-2025-003344,5-694415,Leasing,2025-05-18,2025-06-06,2025-06-14,Guanacaste,Santa Cruz,Tamarindo,10.27162,-85.860251,Terreno baldío urbano,USD,1413.38,529.8,0.0,0.0,0.0,748809,PER-008
AV-2025-003345,5-941173-025,Actualización de garantía,2025-07-30,2025-08-12,2025-08-13,Guanacaste,Carrillo,Sardinal,10.536206,-85.682857,Condominio horizontal,USD,529.87,384.25,0.0,0.0,1333.77,204936,PER-007
AV-2026-003346,1-430580,Leasing,2022-04-28,2022-05-14,2022-05-15,San José,Tibás,San Juan,9.967271,-84.073479,Bodega o nave industrial,USD,8196.06,742.07,2844.84,898.26,35947.39,8673404,PER-007
AV-2025-003347,3-336904,Garantía hipotecaria,2025-11-05,2025-11-16,2025-11-20,Cartago,Paraíso,Paraíso,9.869837,-83.865525,Casa de habitación,USD,435.97,164.61,283.25,1363.07,29940.85,487795,PER-005
AV-2025-003348,1-674517,Leasing,2021-05-26,2021-05-28,2021-06-04,San José,Santa Ana,Santa Ana,9.93877,-84.199341,Local comercial,CRC,734.71,1264804.71,1083.47,335751.27,28393301.92,1321434000,PER-006
AV-2025-003169,4-518560,Leasing,2025-06-23,2025-06-26,2025-07-05,Heredia,Santo Domingo,Santo Domingo,9.964078,-84.088651,Terreno baldío urbano,CRC,1521.25,130646.93,0.0,0.0,0.0,198747000,PER-007
AV-2025-003350,4-741961,Leasing,2025-12-09,2025-12-18,2025-12-21,Heredia,Sarapiquí,Puerto Viejo,11.270364,-83.619828,Finca agrícola,CRC,145741.06,12601.61,11605.17,620911.7,94404861.91,9136763000,PER-007
AV-2025-003351,5-452191,Contable,2023-05-10,2023-05-25,2023-05-26,Guanacaste,Nicoya,Nicoya,10.155329,-85.439512,Bodega o nave industrial,CRC,10275.68,91104.54,5361.18,785615.03,12115164.2,5160100000,PER-001
AV-2025-003352,1-692438,Contable,2023-01-26,2023-02-01,2023-02-02,San José,Desamparados,Desamparados,9.881423,-84.064634,Local comercial,CRC,667.28,631168.2,988.45,347670.6,9737578.75,774558000,PER-003
AV-2025-003353,1-120631-043,Leasing,2025-09-04,2025-09-19,2025-09-30,San José,Escazú,Escazú,9.913998,-84.125482,Apartamento,USD,122.25,392.39,335.65,954.25,8537.86,376802,PER-001
AV-2025-003354,1-727511,Actualización de garantía,2025-07-11,2025-07-29,2025-07-31,San José,Tibás,San Juan,9.951995,-84.071956,Edificio de oficinas,USD,940.79,629.24,2474.34,1602.87,138620.68,4696649,PER-008
AV-2025-003355,1-824674,Compraventa,2024-12-30,2025-01-08,2025-01-15,San José,San José,Carmen,9.937474,-84.067976,Local comercial,CRC,548.98,763333.65,980.39,434758.23,23957815.92,869245000,PER-001
AV-2025-003356,7-971953,Leasing,2025-05-15,2025-05-26,2025-06-07,Limón,Talamanca,Cahuita,9.771575,-82.864722,Casa de habitación,CRC,1028.7,696730.44,235.42,N/A,7810044.18,874871000,PER-004
AV-2026-003357,1-626930,Garantía hipotecaria,2025-12-20,2026-01-05,2026-01-10,San José,Montes de Oca,San Pedro,9.947648,-84.054216,Casa de habitación,CRC,253.53,671293.47,30.9,325492.97,774031.43,181025000,PER-007
AV-2025-003358,1-579474,Garantía hipotecaria,2025-10-14,2025-10-17,2025-10-24,San José,San José,Carmen,9.927504,-84.077162,Casa de habitación,CRC,277.42,729996.03,67.92,427317.14,1045074.23,232584000,PER-005
AV-2026-003359,5-816084,Leasing,2026-02-10,2026-02-20,2026-02-28,Guanacaste,Liberia,Liberia,10.665573,-85.434104,Terreno baldío rural,USD,5883.4,122.53,0.0,0.0,0.0,720893,PER-004
AV-2026-003360,1-580138-379,Leasing,2026-02-01,2026-02-17,2026-02-18,San José,Escazú,Escazú,9.923788,-84.140369,Condominio horizontal,USD,583.27,661.19,213.52,1507.93,17513.2,725139,PER-007
AV-2025-003361,4-887381,Actualización de garantía,2025-12-01,2025-12-08,2025-12-16,Heredia,Belén,San Antonio,9.976505,-84.174893,Casa de habitación,CRC,679.08,1203937.7,161.0,460237.14,5284035.13,896952000,PER-007
AV-2025-003362,2-389957,Garantía hipotecaria,2025-02-10,2025-02-26,2025-02-27,Alajuela,San Ramón,San Ramón,10.082274,-84.454757,Finca agrícola,CRC,152301.45,73413.85,16240.35,787413.32,340302980.08,24309207000,PER-009
AV-2025-003363,3-414575,Garantía hipotecaria,2025-08-10,2025-08-27,2025-09-05,Cartago,Turrialba,Turrialba,9.872998,-83.707686,Casa de habitación,CRC,526.67,447513.18,81.29,446930.3,2485638.43,274508000,PER-002
AV-2024-003364,5-365198-086,Leasing,2024-11-24,2024-12-02,2024-12-09,Guanacaste,Santa Cruz,Tamarindo,10.290329,-85.818191,Condominio horizontal,USD,247.55,279.65,93.21,933.1,2682.14,158884,PER-002
AV-2025-003365,7-628216,Garantía hipotecaria,2024-12-30,2025-01-13,2025-01-20,Limón,Talamanca,Cahuita,9.744434,-82.868913,Terreno baldío rural,CRC,9767.48,111632.0,0.0,0.0,0.0,1090363000,PER-005
AV-2026-003366,4-951079,Leasing,2026-01-06,2026-01-24,2026-01-26,Heredia,San Rafael,San Rafael,10.017931,-84.109249,Casa de habitación,CRC,270.69,658831.77,113.92,318533.21,2533514.65,217160000,PER-005
AV-2025-003367,1-137772-342,Actualización de garantía,2025-11-30,2025-12-12,2025-12-21,San José,Goicoechea,Guadalupe,9.951356,-84.061944,Condominio horizontal,CRC,604.88,211960.96,138.42,489391.78,1900721.96,197853000,PER-005
AV-2024-003368,6-379001,Garantía hipotecaria,2024-01-18,2024-01-21,2024-02-01,Puntarenas,Garabito,Jacó,9.623927,-84.594308,Terreno baldío urbano,CRC,741.88,254554.23,0.0,0.0,4986732.39,193835000,PER-006
AV-2024-003369,5-652629,Garantía hipotecaria,2024-09-13,2024-09-30,2024-10-05,Guanacaste,Liberia,Liberia,10.636384,-85.463849,Local comercial,USD,1354.86,225.93,1248.2,1235.82,104769.67,1953424,PER-002
AV-2025-003370,1-537059,Leasing,2025-09-16,2025-10-03,2025-10-15,San José,Desamparados,Desamparados,9.881547,-84.064905,Bodega o nave industrial,USD,11867.01,300.43,6401.77,1257.48,281535.72,9899853,PER-006
AV-2026-003371,2-553343-117,Garantía hipotecaria,2025-12-30,2026-01-02,2026-01-08,Alajuela,Alajuela,Alajuela,10.025788,-84.196906,Apartamento,USD,111.58,593.26,71.21,1156.01,1738.27,150254,PER-002
AV-2024-003372,3-753523,Leasing,2024-11-20,2024-12-09,2024-12-19,Cartago,Cartago,Oriental,9.867604,-83.903475,Casa de habitación,CRC,314.61,1131135.0,135.68,334550.87,1750390.65,403009000,PER-008
AV-2024-003373,1-246191,Seguro,2024-12-07,2024-12-11,2024-12-20,San José,Goicoechea,Guadalupe,9.949253,-84.045964,Local comercial,CRC,136.73,578172.58,50.38,740527.46,1461023.47,117822000,PER-003
AV-2026-003374,1-200666,Leasing,2026-01-09,2026-01-18,2026-01-28,San José,Desamparados,Desamparados,9.895945,-84.045927,Casa de habitación,USD,756.55,324.06,489.08,1113.36,33179.17,822869,N/A
AV-2026-003375,3-871833,Leasing,2024-01-15,2024-01-28,2024-02-06,Cartago,Paraíso,Paraíso,9.811478,-83.881217,Casa de habitación,CRC,406.45,2848509.94,83.06,293241.85,538656.05,1182672000,PER-003
AV-2025-003376,3-532515-331,Compraventa,2022-01-02,2022-01-15,2026-07-26,Cartago,Cartago,Oriental,9.8612,-83.917369,Apartamento,USD,157.28,1004.11,98.76,688.69,3177.23,229119,PER-003
AV-2025-003377,1-605397-252,Actualización de garantía,2025-07-17,2025-07-26,2025-07-31,San José,Escazú,Escazú,9.930917,-84.137474,Apartamento,CRC,208.94,1012764.65,337.46,253183.08,2708062.93,299754000,PER-008
AV-2025-003378,1-191574,Leasing,2025-10-02,2025-10-18,2025-10-27,San José,Santa Ana,Santa Ana,9.927492,-84.180625,Bodega o nave industrial,USD,13313.37,594.15,2791.39,966.3,64268.9,10671728,PER-003
AV-2025-003379,1-452249,Actualización de garantía,2025-11-10,2025-11-24,2025-12-04,San José,Desamparados,Desamparados,9.882149,-84.065235,Casa de habitación,CRC,730.37,2217244.42,264.6,573271.96,9506880.64,1780603000,PER-001
AV-2025-003380,2-827284,Leasing,2025-05-05,2025-05-19,2025-05-21,Alajuela,Grecia,Grecia,10.070901,-84.292127,Terreno baldío urbano,CRC,663.59,109381.77,0.0,0.0,1329580.56,73914000,PER-004
AV-2025-003381,1-420467,Garantía hipotecaria,2023-05-06,2023-05-10,2023-05-12,San José,Desamparados,Desamparados,9.894178,-84.071407,Terreno baldío urbano,CRC,823.67,242990.81,0.0,0.0,0.0,200144000,PER-001
AV-2026-003382,1-873831-081,Garantía hipotecaria,2024-01-05,2024-01-21,2024-01-25,San José,Goicoechea,Guadalupe,9.956999,-84.048312,Condominio horizontal,USD,405.0,276.11,286.03,1344.68,8698.25,505142,PER-003
AV-2024-003383,2-436734,Garantía hipotecaria,2024-10-09,2024-10-26,2024-11-04,Alajuela,San Ramón,San Ramón,10.050747,-84.454666,Casa de habitación,CRC,248.98,580480.87,66.73,623862.99,2769982.82,188928000,PER-002
AV-2025-003384,5-695873,Leasing,2025-08-19,2025-08-23,2025-08-26,Guanacaste,Nicoya,Nicoya,10.731011,-84.974275,Finca agrícola,CRC,149721.93,70505.78,2979.79,337595.43,32645222.49,10014688000,PER-006
AV-2026-003385,3-721480,Leasing,2025-12-21,2026-01-10,2026-01-19,Cartago,La Unión,Tres Ríos,9.922759,-83.987225,Casa de habitación,USD,206.64,303.59,74.66,1217.76,444.55,154096,PER-006
AV-2025-003386,2-266039,Actualización de garantía,2023-04-30,2023-05-14,2023-05-17,Alajuela,Alajuela,Alajuela,10.009647,-84.210533,Local comercial,CRC,731.87,1199532.32,1021.22,258411.8,9182609.55,1150980000,PER-009
AV-2025-003387,1-900829-371,Garantía hipotecaria,2023-08-07,2023-08-25,2023-09-04,San José,Desamparados,Desamparados,9.915552,-84.05407,Apartamento,USD,98.26,273.67,294.1,672.16,1463.54,226037,PER-003
AV-2024-003388,1-186132,Seguro,2024-08-07,2024-08-23,2024-08-26,San José,Goicoechea,Guadalupe,9.94473,-84.049746,Casa de habitación,CRC,803.02,1671120.9,184.51,563966.32,4381592.7,1450383000,PER-008
AV-2025-003389,1-114325,Compraventa,2025-06-28,2025-07-02,2025-07-05,San José,Montes de Oca,San Pedro,9.944132,-84.052575,Casa de habitación,CRC,478.68,1033181.32,111.21,510897.83,556531.47,551937000,PER-009
AV-2025-003390,1-370583,Actualización de garantía,2025-08-31,2025-09-06,2025-09-11,San José,Puriscal,Santiago,9.924922,-84.318533,Finca agrícola,USD,189050.08,1.03,0.0,0.0,0.0,194722,PER-007
AV-2026-003391,1-134456-349,Contable,2026-01-14,2026-01-30,2026-02-04,San José,Goicoechea,Guadalupe,9.960793,-84.053623,Condominio horizontal,USD,566.47,236.43,254.37,1537.0,8359.7,533257,PER-006
AV-2025-003392,6-123070-165,Actualización de garantía,2025-09-20,2025-10-06,2025-10-08,Puntarenas,Quepos,Quepos,9.428806,-84.196322,Condominio horizontal,CRC,277.95,131140.4,90.69,429132.71,317513.93,75686000,PER-007
AV-2025-003393,5-396686-296,Compraventa,2025-11-13,2025-12-02,2025-12-05,Guanacaste,Santa Cruz,Tamarindo,10.320815,-85.81979,Condominio horizontal,CRC,327.36,107012.85,119.09,600130.14,4114669.63,110616000,PER-006
AV-2026-003394,2-984001,Leasing,2026-01-01,2026-01-21,2026-01-28,Alajuela,Grecia,Grecia,10.081603,-84.328614,Terreno baldío rural,CRC,28096.54,46218.77,0.0,0.0,0.0,1298588000,PER-005
AV-2025-003395,1-325642-009,Actualización de garantía,2025-11-20,2025-11-22,2025-12-04,San José,Curridabat,Curridabat,9.919124,-84.030983,Apartamento,USD,217.12,941.75,214.93,522.53,7318.22,324098,PER-002
AV-2026-003396,3-428044,Garantía hipotecaria,2026-01-27,2026-02-02,2026-02-13,Cartago,La Unión,Tres Ríos,9.919514,-83.988098,Local comercial,CRC,246.05,437040.59,199.42,373197.69,1582440.35,183539000,PER-001
AV-2025-003397,1-360667,Garantía hipotecaria,2025-09-01,2025-09-11,2025-09-20,San José,Curridabat,Curridabat,9.923354,-84.03971,Terreno baldío urbano,USD,469.14,674.97,0.0,0.0,0.0,316655,PER-009
AV-2024-003398,4-279115,Actualización de garantía,2024-08-28,2024-08-31,2024-09-05,Heredia,San Rafael,San Rafael,10.000563,-84.088468,Casa de habitación,CRC,782.99,683916.94,440.18,657140.67,15300590.99,840061000,PER-005
AV-2025-003399,3-205321-316,Garantía hipotecaria,2024-12-23,2025-01-08,2025-01-19,Cartago,La Unión,Tres Ríos,9.903674,-83.980525,Condominio horizontal,USD,607.7,167.79,475.51,1042.87,2161.99,600023,PER-002
AV-2024-003400,2-985424,Garantía hipotecaria,2024-06-08,2024-06-08,2024-06-17,Alajuela,Grecia,Grecia,10.08558,-84.274552,Finca agrícola,CRC,114386.58,111941.81,0.0,0.0,0.0,12804641000,PER-001
AV-2025-003401,4-408512,Garantía hipotecaria,2025-05-21,2025-06-05,2025-06-10,Heredia,Heredia,Heredia,9.990936,-84.114553,Edificio de oficinas,CRC,1514.62,836239.53,5463.72,474856.27,179533916.04,4761327000,PER-001
AV-2025-003402,1-591462,Garantía hipotecaria,2025-09-04,2025-09-12,2025-09-20,San José,Desamparados,Desamparados,9.89712,-84.086859,Local comercial,CRC,2859.87,815463.17,4844.54,813570.55,145049465.52,6418543000,PER-008
AV-2025-003403,1-386850,Garantía hipotecaria,2025-08-01,2025-08-03,2025-08-10,San José,San José,Carmen,9.935733,-84.069005,Edificio de oficinas,CRC,1047.79,1157130.83,6028.23,297736.81,106749694.26,3114006000,PER-001
AV-2026-003404,4-119449,Leasing,2022-09-18,2022-09-29,2022-10-10,Heredia,San Rafael,San Rafael,10.024183,-84.078729,Casa de habitación,CRC,278.54,705961.65,164.93,398742.06,2008766.53,264412000,PER-007
AV-2025-003405,5-629406,Contable,2025-05-17,2025-05-31,2025-06-06,Guanacaste,Liberia,Liberia,11.526006,-85.193233,Finca agrícola,CRC,248350.92,107741.85,0.0,0.0,0.0,26757788000,PER-008
AV-2025-003406,1-846716-108,Actualización de garantía,2025-10-25,2025-11-11,2025-11-21,San José,Tibás,San Juan,9.959264,-84.08874,Apartamento,USD,98.86,844.45,200.95,898.01,,266425,PER-003
AV-2025-003407,2-618099,Garantía hipotecaria,2025-07-12,2025-07-23,2025-07-31,Alajuela,Atenas,Atenas,9.984719,-84.346829,Casa de habitación,CRC,792.95,206009.2,321.72,483141.78,5772516.83,324564000,PER-007
AV-2026-003408,4-155815,Leasing,2026-01-07,2026-01-18,2026-01-22,Heredia,Sarapiquí,Puerto Viejo,10.392027,-83.924884,Finca agrícola,USD,158771.39,132.1,22159.66,609.29,51452.17,34526812,PER-007
AV-2025-003409,2-851558,Seguro,2025-08-16,2025-08-30,2025-09-06,Alajuela,Grecia,Grecia,10.040505,-84.298288,Terreno baldío rural,CRC,21205.34,51536.32,0.0,0.0,13046516.35,1105892000,PER-003
AV-2024-003410,4-798002-096,Contable,2023-01-27,2023-02-12,2023-02-14,Heredia,Belén,San Antonio,9.964359,-84.17548,Apartamento,USD,222.41,882.49,391.42,1148.37,10368.53,656138,PER-003
AV-2024-003411,3-925039,Actualización de garantía,2024-08-21,2024-08-21,2024-08-24,Cartago,Paraíso,Paraíso,9.828132,-83.890049,Bodega o nave industrial,USD,2726.48,437.6,1108.89,1134.69,20296.25,2471650,PER-004
AV-2025-003412,1-156643,Leasing,2025-01-10,2025-01-22,2025-01-30,San José,Pérez Zeledón,San Isidro de El General,9.368629,-83.764674,Casa de habitación,CRC,421.92,435710.71,106.34,716293.05,1457587.88,261463000,PER-007
AV-2025-003413,1-554829,Garantía hipotecaria,2025-09-15,2025-09-24,2025-10-03,San José,Goicoechea,Guadalupe,9.960639,-84.061153,Casa de habitación,USD,913.32,323.92,593.04,759.98,30732.0,777273,PER-007
AV-2025-003414,2-969297,Seguro,2025-06-03,2025-06-16,2025-06-26,Alajuela,San Carlos,Quesada,10.292276,-84.471356,Casa de habitación,USD,410.57,193.72,174.1,1142.8,12708.11,291205,PER-001
AV-2025-003415,3-769857,Compraventa,2025-10-16,2025-10-28,2025-10-30,Cartago,Paraíso,Paraíso,10.154169,-83.676413,Casa de habitación,USD,387.34,385.95,82.68,1227.33,6719.02,257689,PER-009
AV-2024-003416,1-660004,Actualización de garantía,2023-04-24,2023-04-29,2023-05-02,San José,San José,Carmen,9.940964,-84.072251,Casa de habitación,CRC,449.24,1067936.27,244.71,794861.9,2105000.83,676375000,PER-006
AV-2024-003417,1-228406,Garantía hipotecaria,2024-11-16,2024-11-28,2024-11-30,San José,Curridabat,Curridabat,9.928521,-84.035034,Edificio de oficinas,USD,2299.33,809.14,10431.79,602.84,321030.86,8470211,PER-003
AV-2025-003418,3-697670,Actualización de garantía,2025-03-08,2025-03-20,2025-03-26,Cartago,Turrialba,Turrialba,9.909766,-83.679489,Casa de habitación,CRC,918.79,538321.01,606.1,515949.41,20413253.17,827734000,PER-007
AV-2025-003419,3-302054,Garantía hipotecaria,2025-08-06,2025-08-14,2025-08-26,Cartago,Paraíso,Paraíso,9.850878,-83.88692,Casa de habitación,CRC,598.82,528810.05,284.13,481528.98,5408313.08,458887000,PER-001
AV-2025-003420,1-931857,Garantía hipotecaria,2024-12-30,2025-01-07,2025-01-19,San José,Montes de Oca,San Pedro,9.935196,-84.058257,Terreno baldío urbano,USD,954.7,917.33,0.0,0.0,24772.39,900547,PER-002
AV-2024-003421,1-858342,Leasing,2024-09-29,2024-10-11,2024-10-15,San José,Santa Ana,Santa Ana,9.931434,-84.194178,Casa de habitación,CRC,360.68,1100254.03,70.77,796299.46,2925550.11,456119000,PER-004
AV-2025-003422,4-610390-378,Leasing,2025-04-22,2025-04-22,2025-04-26,Heredia,Belén,San Antonio,9.966117,-84.186983,Apartamento,CRC,85.9,1263997.5,213.97,677901.31,10425915.62,264054000,PER-001
AV-2025-003423,1-762341,Leasing,2025-08-24,2025-09-11,2025-09-12,San José,Curridabat,Curridabat,9.913761,-84.025452,Local comercial,CRC,705.57,575041.09,1378.55,720393.87,19532431.26,1418363000,PER-009
AV-2025-003424,1-725421-129,Leasing,2023-11-26,2023-12-14,2023-12-25,San José,Curridabat,Curridabat,9.927681,-84.038729,Condominio horizontal,CRC,633.48,532422.06,447.19,621766.91,21707522.04,637034000,PER-008
AV-2025-003425,1-551044-074,Actualización de garantía,2025-10-31,2025-11-19,2025-11-28,San José,Montes de Oca,San Pedro,9.94092,-84.049277,Apartamento,USD,144.28,757.12,129.73,1363.77,7678.92,293838,PER-005
AV-2026-003426,4-234750,Garantía hipotecaria,2026-02-14,2026-02-22,2026-03-06,Heredia,San Rafael,San Rafael,10.02327,-84.10993,Casa de habitación,CRC,270.7,538807.96,151.53,460541.85,3886186.76,219527000,PER-002
AV-2025-003427,4-978703-399,Actualización de garantía,2025-11-27,2025-12-02,2025-12-09,Heredia,Belén,San Antonio,9.97917,-84.188583,Apartamento,CRC,86.92,924583.81,83.36,602275.27,2108782.51,132679000,PER-001
AV-2024-003428,1-648685,Garantía hipotecaria,2024-09-27,2024-10-07,2024-10-14,San José,Tibás,San Juan,9.959669,-84.072612,Casa de habitación,CRC,684.31,1097457.8,87.26,618445.73,3909711.5,808877000,PER-003
AV-2025-003429,5-236926,Compraventa,2025-02-13,2025-02-26,2025-03-08,Guanacaste,Liberia,Liberia,10.619362,-85.440481,Local comercial,CRC,1777.36,667080.29,1179.32,741286.63,31985258.62,2091841000,PER-003
AV-2024-003430,5-984743,Leasing,2024-12-04,2024-12-13,2024-12-15,Guanacaste,Nicoya,Nicoya,10.191301,-85.471812,Terreno baldío urbano,CRC,1143.56,105149.01,0.0,0.0,0.0,120244000,PER-006
AV-2024-003431,2-939308,Leasing,2021-09-17,2021-09-25,2021-09-26,Alajuela,Grecia,Grecia,10.045554,-84.318749,Casa de habitación,CRC,542.24,308171.35,205.42,273537.19,4142813.87,227436000,PER-002
AV-2025-003432,2-696035,Leasing,2022-03-20,2022-03-25,2022-04-03,Alajuela,Alajuela,Alajuela,10.006911,-84.231621,Edificio de oficinas,USD,4141.44,700.16,20771.31,1308.62,1973175.65,32054598,PER-007
AV-2025-003433,3-498814,Leasing,2022-10-23,2022-10-25,2022-10-29,Cartago,Paraíso,Paraíso,9.856024,-83.876786,Casa de habitación,USD,236.23,379.62,111.51,702.1,754.94,168724,PER-001
AV-2025-003434,1-635651-202,Actualización de garantía,2025-02-07,2025-02-08,2025-02-17,San José,Curridabat,Curridabat,9.921069,-84.041368,Apartamento,USD,165.12,530.41,111.35,1060.17,6678.02,212309,PER-008
AV-2024-003435,2-805658-258,Garantía hipotecaria,2024-11-11,2024-11-28,2024-12-09,Alajuela,Alajuela,Alajuela,10.000577,-84.210071,Apartamento,USD,166.13,400.82,360.45,502.56,6055.76,281133,PER-006
AV-2025-003436,1-409397,Leasing,2025-08-20,2025-08-24,2025-08-27,San José,Montes de Oca,San Pedro,9.926238,-84.063844,Local comercial,CRC,1047.83,893194.23,1830.68,504526.09,17604598.83,1877146000,PER-007
AV-2024-003437,3-359117-347,Leasing,2024-07-31,2024-08-14,2024-08-23,Cartago,Cartago,Oriental,9.855941,-83.91406,Condominio horizontal,USD,301.98,656.49,144.61,979.09,99.4,339932,PER-002
AV-2025-003438,1-946028-339,Leasing,2025-11-10,2025-11-23,2025-12-04,San José,Curridabat,Curridabat,9.916128,-84.041196,Condominio horizontal,USD,619.07,399.17,158.88,1554.05,6058.73,500080,PER-005
AV-2025-003439,1-880781,Garantía hipotecaria,2023-07-17,2023-07-31,2023-08-12,San José,San José,Carmen,9.93308,-84.084138,Casa de habitación,CRC,910.13,680348.56,184.07,499997.38,35567.25,711276000,PER-003
AV-2026-003440,1-387926,Actualización de garantía,2022-11-25,2022-12-13,2022-12-18,San José,Montes de Oca,San Pedro,9.945942,-84.042821,Terreno baldío urbano,CRC,1444.25,151576.14,0.0,0.0,0.0,218914000,PER-003
AV-2026-003441,1-746183,Leasing,2026-02-05,2026-02-11,2026-02-20,San José,Goicoechea,Guadalupe,9.949234,-84.063771,Casa de habitación,USD,542.45,165.42,107.14,677.76,2957.09,165304,PER-001
AV-2025-003442,1-184171-251,Seguro,2023-06-04,2023-06-14,2023-06-17,San José,Desamparados,Desamparados,9.885732,-84.052385,Condominio horizontal,USD,420.35,345.4,148.63,826.25,4528.96,272523,PER-004
AV-2024-003443,3-648599,Compraventa,2024-07-01,2024-07-07,2024-07-16,Cartago,Paraíso,Paraíso,9.829159,-83.897717,Casa de habitación,CRC,273.06,639911.22,182.51,509848.05,4103262.99,271890000,PER-009
AV-2025-003444,3-954324-335,Leasing,2025-03-31,2025-04-06,2025-04-11,Cartago,Paraíso,Paraíso,-83.892031,9.824135,Apartamento,USD,107.42,324.81,58.41,1477.86,6076.02,127289,PER-001
AV-2024-003445,5-692242-165,Leasing,2022-03-15,2022-03-19,2022-03-25,Guanacaste,Santa Cruz,Tamarindo,10.2754,-85.813549,Condominio horizontal,USD,259.04,499.49,136.35,1355.12,11428.97,351917,PER-007
AV-2024-003446,6-271883,Garantía hipotecaria,2022-12-17,2022-12-27,2023-01-01,Puntarenas,Puntarenas,Puntarenas,9.98259,-84.840575,Local comercial,USD,215.74,137.44,120.33,777.55,6309.5,129523,PER-005
AV-2025-003447,1-615393,Actualización de garantía,2025-02-01,2025-02-01,2025-02-04,San José,Escazú,Escazú,9.901375,-84.130812,Casa de habitación,CRC,705.91,636261.78,71.06,630306.0,292675.72,494226000,PER-009
AV-2024-003448,1-400433-186,Actualización de garantía,2024-08-10,2024-08-11,2024-08-16,San José,Desamparados,Desamparados,9.912378,-84.058166,Apartamento,USD,171.33,324.67,0.0,0.0,51890.35,927661,PER-004
AV-2025-003449,1-490032-013,Contable,2025-05-25,2025-06-14,2025-06-23,San José,Curridabat,Curridabat,9.929419,-84.04163,Apartamento,USD,77.46,496.76,120.88,1370.18,3015.6,207122,PER-006
AV-2025-003450,5-501036-071,Actualización de garantía,2025-11-29,2025-12-07,2025-12-16,Guanacaste,Santa Cruz,Tamarindo,10.277244,-85.850004,Condominio horizontal,USD,314.88,385.94,149.84,1002.09,9212.97,280891,PER-006
AV-2025-003451,1-228755,Compraventa,2025-09-05,2025-09-17,2025-09-19,San José,Desamparados,Desamparados,9.902005,-84.070396,Terreno baldío urbano,CRC,1484.25,242567.07,0.0,0.0,0.0,360030000,PER-006
AV-2025-003452,1-673687,Actualización de garantía,2025-12-05,2025-12-07,2025-12-16,San José,Curridabat,Curridabat,9.923385,-84.0244,Local comercial,CRC,1015.55,780417.52,1772.57,329352.96,33389598.71,1409744000,PER-001
AV-2025-003453,5-154134,Garantía hipotecaria,2025-09-29,2025-10-02,2025-10-12,Guanacaste,Santa Cruz,Tamarindo,10.321869,-85.810092,Terreno baldío urbano,CRC,354.59,226147.51,0.0,0.0,0.0,80190000,PER-001
AV-2025-003454,3-415630-357,Garantía hipotecaria,2021-05-04,2021-05-19,2021-05-21,Cartago,La Unión,Tres Ríos,9.897903,-83.979889,Condominio horizontal,USD,450.33,301.87,291.29,1656.46,2639.82,621091,PER-009
AV-2025-003455,3-184842,Garantía hipotecaria,2025-01-25,2025-02-01,2025-02-11,Cartago,Paraíso,Paraíso,9.825767,-83.874734,Casa de habitación,CRC,446.22,532300.77,201.11,254274.25,4050047.07,292710000,PER-007
AV-2024-003456,4-110459-391,Garantía hipotecaria,2024-09-13,2024-09-18,2024-09-25,Heredia,Belén,San Antonio,9.991251,-84.178779,Condominio horizontal,USD,253.83,715.4,124.38,1581.29,9646.01,387917,PER-001
AV-2024-003457,1-921198-036,Actualización de garantía,2024-12-01,2024-12-07,2024-12-17,San José,Goicoechea,Guadalupe,9.950107,-84.034996,Apartamento,CRC,109.55,612861.49,51.99,633841.3,374316.66,100467000,PER-006
AV-2024-003458,1-646370,Garantía hipotecaria,2024-12-26,2024-12-30,2025-01-03,San José,Puriscal,Santiago,9.849479,-84.305523,Terreno baldío rural,CRC,33232.77,395765.63,0.0,0.0,0.0,13152388000,PER-001
AV-2025-003459,1-724258,Leasing,2025-06-28,2025-07-16,2025-07-20,San José,Puriscal,Santiago,9.929022,-84.324452,Casa de habitación,CRC,483.89,450074.86,188.28,772281.96,10043135.01,373235000,PER-002
AV-2025-003460,1-650143-310,Garantía hipotecaria,2022-01-18,2022-02-01,2022-02-06,San José,San José,Carmen,10.302175,-84.33636,Condominio horizontal,USD,394.74,1028.99,150.3,1261.46,4323.21,600104,PER-003
AV-2025-003461,5-806968,Compraventa,2025-10-24,2025-11-04,,Guanacaste,Liberia,Liberia,10.661376,-85.424793,Local comercial,CRC,1580.3,74556.63,754.75,327581.14,13184073.55,378248000,PER-003
AV-2025-003462,1-730917,Actualización de garantía,2025-05-30,2025-06-19,2025-06-23,San José,Escazú,Escazú,9.920085,-84.157431,Bodega o nave industrial,USD,14436.77,921.03,2929.8,922.59,40374.33,16040077,PER-006
AV-2024-003463,2-644287,Actualización de garantía,2024-10-22,2024-11-04,2024-11-05,Alajuela,Grecia,Grecia,10.094408,-84.286893,Terreno baldío urbano,CRC,1059.18,127871.35,0.0,0.0,0.0,135439000,PER-003
AV-2024-003464,4-439736,Contable,2024-07-30,2024-08-11,2024-08-17,Heredia,Belén,San Antonio,9.976417,-84.198797,Casa de habitación,CRC,782.53,951314.77,339.25,424796.33,11040321.17,899585000,PER-007
AV-2025-003465,1-424148-147,Actualización de garantía,2025-03-19,2025-03-27,2025-04-05,San José,Santa Ana,Santa Ana,9.930846,-84.187956,Apartamento,USD,82.19,724.03,91.95,677.13,450.51,122221,PER-003
AV-2025-003466,1-527400-276,Leasing,2025-03-21,2025-03-27,2025-04-04,San José,Escazú,Escazú,9.932742,-84.156227,Apartamento,USD,184.49,766.47,360.06,939.39,25404.93,505048,PER-008
AV-2026-003467,7-397440-357,Garantía hipotecaria,2026-01-08,2026-01-12,2026-01-19,Limón,Talamanca,Cahuita,9.70744,-82.804217,Apartamento,CRC,119.06,75472.89,276.68,642747.56,11230229.25,198051000,PER-007
AV-2025-003468,1-705273,Garantía hipotecaria,2025-11-13,2025-11-13,2025-11-16,San José,Santa Ana,Santa Ana,9.928013,-84.168092,Local comercial,CRC,2106.84,1113784.94,2458.4,817310.06,131948727.61,4487790000,PER-002
AV-2025-003469,4-859542,Compraventa,2025-04-22,2025-05-06,2025-05-08,Heredia,San Rafael,San Rafael,10.009402,-84.074584,Casa de habitación,CRC,253.77,859296.08,67.24,401635.4,2034625.69,247104000,PER-002
AV-2025-003470,4-314726,Actualización de garantía,2025-08-18,2025-08-31,2025-09-03,Heredia,Belén,San Antonio,9.97214,-84.185425,Casa de habitación,CRC,800.83,649049.12,435.13,712651.93,19639220.05,849513000,PER-008
AV-2025-003471,2-879892,Contable,2022-05-29,2022-06-11,2022-06-20,Alajuela,Upala,Upala,10.804639,-85.047695,Terreno baldío rural,CRC,32838.11,63288.88,0.0,0.0,0.0,2078287000,PER-003
AV-2025-003472,1-630619,Actualización de garantía,2025-05-06,2025-05-26,2025-05-30,San José,Curridabat,Curridabat,9.907317,-84.025681,Casa de habitación,CRC,535.75,804986.02,297.5,311604.97,4564491.7,528538000,PER-006
AV-2025-003473,2-616235-194,Actualización de garantía,2025-10-25,2025-10-29,2025-11-02,Alajuela,Alajuela,Alajuela,10.00952,-84.215367,Apartamento,CRC,92.49,1418731.8,134.95,743799.98,5966485.83,237561000,PER-007
AV-2025-003474,1-631417,Leasing,2025-01-25,2025-02-10,2025-02-11,San José,San José,Carmen,9.93778,-84.076263,Casa de habitación,CRC,388.41,1125500.94,143.8,717936.65,5401469.47,545797000,PER-004
AV-2026-003475,3-403113-186,Actualización de garantía,2026-01-14,2026-01-21,2026-01-24,Cartago,La Unión,Tres Ríos,9.888276,-83.996342,Apartamento,USD,88.19,217.23,104.54,1307.73,5555.37,161423,PER-005
AV-2024-003476,1-955663,Actualización de garantía,2024-05-15,2024-05-17,2024-05-21,San José,Curridabat,Curridabat,10.499941,-83.742329,Casa de habitación,CRC,568.66,851263.8,169.05,333767.06,2922865.42,543426000,PER-004
AV-2026-003477,7-182490,Actualización de garantía,2025-12-27,2026-01-09,2026-01-18,Limón,Pococí,Guápiles,10.259106,-83.752886,Terreno baldío urbano,USD,1736.86,22.98,160.75,1666.42,4645.69,312436,PER-008
AV-2025-003478,4-797019-384,Actualización de garantía,2025-11-27,2025-11-29,2025-12-10,Heredia,San Rafael,San Rafael,10.006263,-84.076111,Condominio horizontal,CRC,252.23,121680.76,163.37,459552.01,4908847.19,110677000,PER-007
AV-2025-003479,2-831827,Actualización de garantía,2025-10-24,2025-11-13,2025-11-18,Alajuela,Grecia,Grecia,10.060351,-84.313329,Terreno baldío urbano,CRC,822.62,132330.47,0.0,0.0,0.0,108858000,PER-005
AV-2025-003480,4-641613,Compraventa,2022-09-29,2022-10-09,2022-10-16,Heredia,Heredia,Heredia,9.996915,-84.102263,Local comercial,CRC,1793.52,558576.47,2783.06,642041.59,98199344.63,2886858000,PER-007
AV-2025-003481,1-694639-366,Actualización de garantía,2025-08-13,2025-08-19,2025-08-30,San José,Escazú,Escazú,9.922288,-84.13916,Apartamento,USD,201.49,1084.02,263.82,1252.64,18858.58,567749,PER-003
AV-2024-003482,7-951017,Compraventa,2024-08-20,2024-09-08,2024-09-20,Limón,Limón,Limón,9.963713,-83.035636,Finca agrícola,CRC,225712.2,124779.57,0.0,0.0,0.0,28164271000,PER-001
AV-2025-003483,1-135232,Leasing,2025-08-07,2025-08-10,2025-08-16,San José,Puriscal,Santiago,9.915383,-84.302257,Terreno baldío rural,CRC,29428.17,29314.83,0.0,0.0,11832690.7,874514000,PER-007
AV-2025-003484,5-840775-066,Garantía hipotecaria,2021-11-09,2021-11-19,2021-11-30,Guanacaste,Carrillo,Sardinal,10.5633,-85.65168,Condominio horizontal,CRC,319.3,260109.87,167.32,309338.64,3481381.5,138293000,PER-004
AV-2025-003485,2-801958,Contable,2025-10-27,2025-11-04,2025-11-14,Alajuela,San Ramón,San Ramón,10.445278,-85.333117,Casa de habitación,CRC,329.14,1439575.3,123.21,338646.49,1286918.56,516833000,PER-003
AV-2026-003486,1-110394,Contable,2022-03-17,2022-03-22,2022-04-01,San José,Tibás,San Juan,9.96632,-84.089329,Casa de habitación,CRC,809.36,523809.07,94.65,574615.14,1109899.44,479447000,PER-003
AV-2025-003487,5-516407,Actualización de garantía,2025-01-12,2025-01-29,2025-02-08,Guanacaste,Liberia,Liberia,10.644099,-85.476379,Casa de habitación,CRC,303.84,2679602.41,159.7,768900.62,3226416.29,940190000,PER-007
AV-2025-003488,1-711701,Leasing,2025-04-09,2025-04-23,2025-05-04,San José,Goicoechea,Guadalupe,9.942759,-84.035602,Terreno baldío urbano,CRC,1023.68,134229.69,0.0,0.0,0.0,137408000,PER-003
AV-2025-003489,5-345427,Actualización de garantía,2024-12-25,2025-01-05,N/A,Guanacaste,Nicoya,Nicoya,10.128083,-85.440064,Terreno baldío urbano,CRC,663.92,12503.82,0.0,0.0,0.0,8302000,PER-007
AV-2025-003490,3-369092,Actualización de garantía,2025-05-21,2025-05-27,2025-06-01,Cartago,La Unión,Tres Ríos,9.89025,-83.9968,Terreno baldío urbano,USD,1907.24,501.39,0.0,0.0,0.0,956271,PER-009
AV-2025-003491,3-139687,Seguro,2025-07-05,2025-07-15,2025-07-27,Cartago,Cartago,Oriental,9.877651,-83.912617,Casa de habitación,CRC,416.39,2854383.83,180.4,528643.79,7087568.69,1290992000,PER-002
AV-2026-003492,5-861851-385,Compraventa,2026-02-06,2026-02-15,2026-02-20,Guanacaste,Santa Cruz,Tamarindo,10.286475,-85.831629,Apartamento,USD,221.75,3215.0,459.97,1493.1,18403.35,1418111,PER-005
AV-2025-003493,3-948010,Garantía hipotecaria,2022-10-05,2022-10-22,2022-10-24,Cartago,Cartago,Oriental,9.86108,-83.924508,Casa de habitación,CRC,552.43,1079809.77,359.45,260324.33,1690561.72,619208000,PER-007
AV-2025-003494,4-923656,Leasing,2025-07-03,2025-07-14,2025-07-24,Heredia,Heredia,Heredia,9.998598,-84.113949,Casa de habitación,CRC,343.91,873746.95,80.65,720008.16,3081449.55,361640000,PER-003
AV-2026-003495,7-491717,Garantía hipotecaria,2026-01-15,2026-01-15,2026-01-19,Limón,Talamanca,Cahuita,9.786645,-82.872084,Casa de habitación,CRC,510.92,1227441.96,318.31,443466.03,10151018.56,778435000,PER-001
AV-2024-003496,3-655910,Garantía hipotecaria,2024-09-19,2024-09-29,2024-10-05,Cartago,La Unión,Tres Ríos,9.888985,-83.986365,Local comercial,CRC,2634.98,124933.13,1765.56,463467.72,18498852.33,1165975000,PER-006
AV-2025-003497,5-408922,Actualización de garantía,2025-01-09,2025-01-11,2025-01-22,Guanacaste,Nicoya,Nicoya,10.196931,-85.442892,Terreno baldío urbano,CRC,1341.86,88259.86,0.0,0.0,0.0,118432000,PER-007
AV-2025-003498,3-866880-015,Seguro,2025-03-24,2025-03-31,2025-04-08,Cartago,Cartago,Oriental,9.87092,-83.91771,Condominio horizontal,USD,193.76,867.74,55.27,1307.04,4072.83,244446,PER-008
AV-2025-003499,7-645490,Leasing,2023-01-02,2023-01-05,2023-01-11,Limón,Limón,Limón,9.976408,-83.060501,Local comercial,CRC,1734.43,521909.96,1265.93,350164.9,17848932.99,1366349000,PER-004
AV-2026-003500,1-302483,Leasing,2026-01-04,2026-01-16,2026-01-24,San José,Curridabat,Curridabat,9.918706,-84.031716,Casa de habitación,USD,311.89,1044.88,54.18,1457.59,5883.73,410744,PER-002
AV-2024-003501,3-362859,Leasing,2023-02-12,2023-02-23,2023-03-04,Cartago,Cartago,Oriental,9.018894,-83.607868,Edificio de oficinas,USD,2450.94,686.92,11780.92,1686.41,23063.57,21574125,PER-001
AV-2024-003502,2-357290,Actualización de garantía,2024-09-04,2024-09-04,2024-09-16,Alajuela,Atenas,Atenas,9.96007,-84.348874,Casa de habitación,CRC,509.19,267325.22,161.21,540344.74,824286.0,224053000,PER-001
AV-2024-003503,4-388625,Leasing,2024-11-17,2024-11-29,2024-12-08,Heredia,Santo Domingo,Santo Domingo,10.16166,-84.837643,Local comercial,CRC,1911.95,598155.44,3569.61,445660.68,7609125.57,2742087000,PER-003
AV-2026-003504,1-398474,Actualización de garantía,2023-05-03,2023-05-19,2023-05-22,San José,Pérez Zeledón,San Isidro de El General,9.402271,-83.644048,Local comercial,CRC,778.6,613907.24,1026.22,518868.55,24609239.22,1035071000,PER-002
AV-2026-003505,1-868612,Garantía hipotecaria,2021-02-16,2021-03-07,2021-03-15,San José,Escazú,Escazú,9.930751,-84.138652,Casa de habitación,CRC,445.27,625170.37,134.71,777875.03,5213942.31,388371000,PER-003
AV-2024-003506,4-170971,Actualización de garantía,2022-04-28,2022-04-29,2022-05-04,Heredia,San Rafael,San Rafael,10.021493,-84.084117,Terreno baldío urbano,USD,1403.36,326.25,0.0,0.0,0.0,457846,PER-006
AV-2025-003507,4-884160,Garantía hipotecaria,2021-04-18,2021-04-26,2021-05-01,Heredia,Santo Domingo,Santo Domingo,9.989177,-84.083339,Casa de habitación,CRC,494.21,816928.12,118.63,260445.62,617943.9,435249000,PER-001
AV-2025-003508,3-624906,Garantía hipotecaria,2025-08-24,2025-08-25,2025-09-03,Cartago,La Unión,Tres Ríos,9.913213,-83.970866,Casa de habitación,USD,276.65,192.52,132.09,1326.54,8922.09,237405,PER-001
AV-2024-003509,3-926038-296,Garantía hipotecaria,2024-08-13,2024-08-21,2024-08-29,Cartago,Cartago,Oriental,9.861772,-83.93193,Condominio horizontal,USD,374.29,535.9,101.45,1607.05,12441.19,376058,PER-006
AV-2025-003510,1-267374,Actualización de garantía,2025-04-07,2025-04-08,2025-04-20,San José,Pérez Zeledón,San Isidro de El General,9.348609,-83.69252,Casa de habitación,USD,269.47,221.49,183.84,1444.82,19727.39,345028,PER-002
AV-2025-003511,6-890574,Leasing,2025-10-26,2025-11-03,2025-11-06,Puntarenas,Garabito,Jacó,8.911425,-85.237613,Casa de habitación,CRC,491.93,502023.45,289.9,593592.9,3246305.28,422289000,PER-007
AV-2024-003512,1-997798-181,Leasing,2024-12-11,2024-12-27,2025-01-01,San José,Montes de Oca,San Pedro,9.941047,-84.052375,Condominio horizontal,USD,277.67,1100.26,217.28,1545.81,445.79,641829,PER-006
AV-2025-003513,4-828681,Garantía hipotecaria,2022-06-04,2022-06-10,2022-06-20,Heredia,Santo Domingo,Santo Domingo,9.971982,-84.101605,Terreno baldío urbano,CRC,1400.55,14233.53,0.0,0.0,4283354.66,24218000,PER-003
AV-2025-003514,4-482035-336,Leasing,2023-03-01,2023-03-20,2023-03-26,Heredia,Belén,San Antonio,9.97092,-84.196305,Apartamento,USD,97.63,912.56,214.26,521.93,3019.98,203942,PER-003
AV-2025-003515,4-909679,Garantía hipotecaria,2025-01-30,2025-02-06,2025-02-09,Heredia,San Rafael,San Rafael,10.030658,-84.098712,Casa de habitación,USD,512.44,384.41,139.21,1281.39,2698.77,378068,PER-002
AV-2025-003516,4-174643,Compraventa,2023-08-31,2023-09-11,2023-09-22,Heredia,Heredia,Heredia,10.006307,-84.123134,Casa de habitación,CRC,355.82,1247007.68,45.75,320237.14,99277.09,458460000,PER-008
AV-2026-003517,1-375651,Garantía hipotecaria,2026-01-01,2026-01-12,2026-01-13,San José,Montes de Oca,San Pedro,9.919296,-84.045329,Local comercial,CRC,412.04,770572.67,251.96,513289.8,8182869.19,455018000,PER-005
AV-2024-003518,1-711344,Leasing,2023-05-02,2023-05-15,2023-05-17,San José,Escazú,Escazú,9.912963,-84.136055,Local comercial,CRC,1521.17,1275885.64,734.19,361452.55,11132578.5,2217346000,PER-009
AV-2025-003519,4-825166,Compraventa,2025-09-13,2025-09-28,2025-10-06,Heredia,Heredia,Heredia,9.997699,-84.119658,Casa de habitación,CRC,382.62,907682.22,198.42,706717.05,6814664.02,494339000,PER-006
AV-2025-003520,1-601346,Seguro,2025-07-11,2025-07-22,2025-08-01,San José,Pérez Zeledón,San Isidro de El General,9.377018,-83.688387,Terreno baldío rural,CRC,23548.93,92927.26,0.0,0.0,50920365.54,2239258000,PER-005
AV-2025-003521,1-881484,Leasing,2025-01-01,2025-01-10,2025-01-20,San José,Goicoechea,Guadalupe,9.962093,-84.047561,Casa de habitación,CRC,383.85,390197.43,126.61,369261.84,3565127.92,200095000,PER-009
AV-2025-003522,3-769327,Actualización de garantía,2025-11-07,2025-11-15,2025-11-22,Cartago,Cartago,Oriental,9.685711,-83.030595,Bodega o nave industrial,USD,13164.19,393.71,5489.48,1147.5,195956.85,11678008,PER-006
AV-2025-003523,4-550238,Actualización de garantía,2025-09-08,2025-09-12,2025-09-13,Heredia,Heredia,Heredia,9.993193,-84.115909,Local comercial,CRC,471.69,787973.54,325.35,428694.73,6121546.39,517277000,PER-008
AV-2025-003524,1-122100-080,Garantía hipotecaria,2025-04-24,2025-04-25,2025-05-01,San José,San José,Carmen,9.122977,-83.513259,Apartamento,USD,84.91,1075.96,47.07,726.26,2254.87,127800,PER-008
AV-2025-003525,3-348174,Actualización de garantía,2023-04-26,2023-04-27,2023-05-03,Cartago,Cartago,Oriental,9.876897,-83.927594,Bodega o nave industrial,USD,6501.19,676.06,1402.98,641.77,13050.32,5308635,PER-003
AV-2025-003526,1-588722,Actualización de garantía,2025-08-09,2025-08-19,2025-08-26,San José,Goicoechea,Guadalupe,9.954066,-84.055355,Local comercial,CRC,1727.18,834076.14,2685.57,732902.01,70380636.17,3479240000,PER-008
AV-2026-003527,1-498439,Seguro,2026-03-06,2026-02-11,2026-02-18,San José,Goicoechea,Guadalupe,9.956528,-84.037804,Bodega o nave industrial,USD,1343.22,338.62,412.47,1582.26,20060.59,1127537,PER-006
AV-2025-003528,2-478464,Leasing,2025-07-30,2025-08-04,2025-08-13,Alajuela,Upala,Upala,11.213142,-84.260481,Terreno baldío rural,USD,19810.78,34.08,0.0,0.0,0.0,675151,PER-007
AV-2025-003529,1-706655,Actualización de garantía,2025-09-06,2025-09-09,2025-09-14,San José,Puriscal,Santiago,9.846431,-84.359272,Finca agrícola,USD,25624.51,16.86,713.16,1345.24,70544.76,1683698,PER-008
AV-2025-003530,4-403777,Seguro,2025-04-10,2025-04-19,2025-05-01,Heredia,San Rafael,San Rafael,10.029947,-84.083268,Casa de habitación,CRC,919.08,724987.22,526.08,811044.77,12680142.69,1105676000,PER-009
AV-2025-003531,1-878953,Garantía hipotecaria,2025-12-14,2025-12-25,2025-12-31,San José,San José,Carmen,9.936452,-84.082837,Bodega o nave industrial,USD,5292.82,489.46,3325.15,561.68,84382.26,4542676,PER-002
AV-2025-003532,1-398644,Actualización de garantía,2025-01-16,2025-01-28,2025-02-01,San José,Goicoechea,Guadalupe,9.940633,-84.040116,Terreno baldío urbano,CRC,349.08,254139.05,0.0,0.0,1154076.99,89869000,PER-004
AV-2025-003533,5-851361,Actualización de garantía,2025-11-12,2025-11-23,2025-11-25,Guanacaste,Carrillo,Sardinal,10.496521,-85.697208,Casa de habitación,CRC,1093.35,1356967.18,109.6,369127.51,516506.24,1524613000,PER-001
AV-2025-003534,2-992351-212,Garantía hipotecaria,2023-06-02,2023-06-14,2023-06-25,Alajuela,Alajuela,Alajuela,10.475716,-83.737488,Apartamento,USD,104.77,492.75,50.9,742.63,695.61,90121,PER-007
AV-2026-003535,4-661166,Leasing,2025-12-21,2026-01-03,,Heredia,Santo Domingo,Santo Domingo,9.98752,-84.087951,Bodega o nave industrial,USD,6318.51,347.59,1890.87,1349.17,55271.65,4802628,PER-008
AV-2024-003536,1-331443,Seguro,2024-11-20,2024-11-21,2024-11-29,San José,Escazú,Escazú,9.925681,-84.12984,Casa de habitación,CRC,416.36,875570.76,240.57,439406.26,119603.0,470380000,PER-001
AV-2025-003537,1-283500,Actualización de garantía,2025-08-22,2025-08-22,2025-08-31,San José,Curridabat,Curridabat,10.50682,-84.321474,Edificio de oficinas,USD,901.8,769.1,1205.49,1455.59,133420.73,2581694,PER-004
AV-2025-003538,4-160398,Compraventa,2025-06-12,2025-06-16,2025-06-25,Heredia,Belén,San Antonio,9.990644,-84.177039,Casa de habitación,CRC,989.66,859326.92,125.37,708229.6,4062563.23,943295000,N/A
AV-2025-003539,1-460691-180,Contable,2025-10-15,2025-10-27,2025-11-06,San José,Montes de Oca,San Pedro,9.926779,-84.042922,Condominio horizontal,USD,277.01,692.72,138.04,983.81,3946.78,331642,PER-002
AV-2025-003540,4-111535,Garantía hipotecaria,2025-04-24,2025-04-27,2025-05-09,Heredia,Santo Domingo,Santo Domingo,9.974568,-84.104608,Terreno baldío urbano,CRC,781.55,163129.42,124.67,426012.91,0.0,127494000,PER-003
AV-2025-003541,1-600738,Garantía hipotecaria,2025-11-08,2025-11-15,2025-11-18,San José,Goicoechea,Guadalupe,9.943242,-84.055266,Casa de habitación,CRC,838.72,761030.91,361.24,613268.02,11719788.38,871549000,PER-001
AV-2025-003542,3-465874,Actualización de garantía,2025-06-11,2025-06-16,2025-06-21,Cartago,Cartago,Oriental,9.874661,-83.930872,Edificio de oficinas,USD,1771.99,465.74,5885.28,800.28,111690.68,5646849,PER-005
AV-2026-003543,1-417702,Actualización de garantía,2026-01-30,2026-02-08,2026-02-12,San José,San José,Carmen,9.94188,-84.081061,Casa de habitación,CRC,258.61,920285.39,143.31,797003.55,288185.88,352502000,PER-004
AV-2025-003544,5-521996,Garantía hipotecaria,2025-01-16,2025-01-21,2025-01-25,Guanacaste,Liberia,Liberia,10.624731,-85.413621,Local comercial,USD,2691.65,244.81,2450.85,1001.04,59155.4,3171497,PER-001
AV-2025-003545,1-372349,Actualización de garantía,2025-01-28,2025-02-14,2025-02-16,San José,Tibás,San Juan,9.956811,-84.075503,Casa de habitación,CRC,290.72,1023293.97,124.23,327980.87,1888726.33,340126000,PER-005
AV-2025-003546,3-433617-254,Actualización de garantía,2025-08-29,2025-08-31,2025-09-05,Cartago,Paraíso,Paraíso,9.818446,-83.88161,Apartamento,USD,114.86,438.44,89.5,514.55,872.28,97284,PER-009
AV-2025-003547,2-837495,Actualización de garantía,2025-10-16,2025-10-27,2025-11-05,Alajuela,Upala,Upala,10.916175,-84.919084,Finca agrícola,CRC,66988.48,61016.56,8413.82,254288.42,90994295.11,6317938000,PER-002
AV-2025-003548,2-230992,Garantía hipotecaria,2025-11-21,2025-11-22,2025-12-04,Alajuela,Alajuela,Alajuela,10.007873,-84.204676,Casa de habitación,CRC,623.89,830445.21,222.66,253027.26,2005360.82,576451000,PER-002
AV-2026-003549,3-201765,Leasing,2026-02-06,2026-02-25,2026-03-04,Cartago,Turrialba,Turrialba,9.876995,-83.715662,Terreno baldío urbano,CRC,1056.78,84750.35,0.0,0.0,0.0,89562000,PER-001
AV-2025-003550,1-781452,Actualización de garantía,2024-12-27,2025-01-08,2025-01-09,San José,Desamparados,Desamparados,9.852634,-84.705921,Casa de habitación,CRC,289.83,3108536.42,144.21,501218.56,3367529.25,976595000,PER-003
AV-2025-003551,1-260448,Leasing,2025-07-09,2025-07-24,2025-08-03,San José,Tibás,San Juan,9.956499,-84.065474,Terreno baldío urbano,CRC,307.19,368491.09,0.0,0.0,1489367.34,114686000,PER-003
AV-2024-003552,5-966166,Garantía hipotecaria,2024-07-26,2024-07-31,2024-08-12,Guanacaste,Carrillo,Sardinal,10.569582,-85.652969,Casa de habitación,CRC,529.56,1257540.51,231.77,549454.01,5133457.48,798424000,PER-003
AV-2025-003553,1-716867-196,Contable,2025-09-19,2025-09-30,2025-10-05,San José,Goicoechea,Guadalupe,9.939997,-84.059724,Condominio horizontal,USD,312.51,180.21,198.94,1009.29,6395.99,263502,PER-002
AV-2025-003554,4-348095,Leasing,2025-06-19,2025-07-03,2025-07-11,Heredia,Belén,San Antonio,9.980576,-84.169245,Terreno baldío urbano,CRC,1937.33,302494.38,0.0,0.0,0.0,586031000,PER-001
AV-2025-003555,4-941889,Garantía hipotecaria,2023-07-18,2023-08-05,2023-08-10,Heredia,Belén,San Antonio,9.993065,-84.178711,Casa de habitación,USD,476.88,548.54,189.42,1504.79,14713.78,561339,PER-009
AV-2026-003556,4-754161,Actualización de garantía,2026-01-31,2026-02-01,2026-02-12,Heredia,Heredia,Heredia,10.01093,-84.119937,Casa de habitación,CRC,333.8,532337.06,173.57,812579.85,4123645.75,322857000,PER-001
AV-2025-003557,3-662538,Garantía hipotecaria,2021-03-28,2021-04-14,2021-04-22,Cartago,Turrialba,Turrialba,10.710948,-84.077059,Terreno baldío rural,USD,17216.35,145.72,0.0,0.0,0.0,2508767,PER-006
AV-2024-003558,1-642364,Actualización de garantía,2024-10-07,2024-10-15,2024-10-27,San José,Santa Ana,Santa Ana,9.927379,-84.20029,Local comercial,USD,330.93,475.61,379.63,1573.99,15759.17,770687,PER-001
AV-2024-003559,1-363898,Garantía hipotecaria,2024-11-21,2024-12-09,2024-12-15,San José,Montes de Oca,San Pedro,9.922911,-84.048312,Local comercial,CRC,2331.36,1242571.62,4099.74,392711.61,85033743.35,4591931000,PER-001
AV-2025-003560,4-931427,Actualización de garantía,2025-09-11,2025-09-21,2025-10-02,Heredia,San Rafael,San Rafael,10.002783,-84.091787,Local comercial,CRC,1061.83,812027.77,1803.56,829578.06,44266575.45,2402696000,PER-004
AV-2025-003561,1-271122,Actualización de garantía,2021-06-02,2021-06-15,2021-06-20,San José,Curridabat,Curridabat,9.902956,-84.029586,Local comercial,CRC,1573.19,792414.61,1831.76,397494.44,13454302.28,1988187000,PER-002
AV-2025-003562,4-267206,Garantía hipotecaria,2025-01-16,2025-01-19,2025-01-28,Heredia,Belén,San Antonio,9.983651,-84.192198,Casa de habitación,CRC,297.38,600524.48,130.43,332799.44,1045270.98,223036000,PER-002
AV-2025-003563,1-278967-063,Actualización de garantía,2025-01-02,2025-01-06,2025-01-09,San José,Santa Ana,Santa Ana,9.942371,-84.18856,Condominio horizontal,USD,543.24,542.17,303.69,1424.26,21262.8,748325,PER-008
AV-2025-003564,3-423258,Garantía hipotecaria,2025-11-21,2025-11-22,2025-11-27,Cartago,Cartago,Oriental,9.85386,-83.917811,Terreno baldío urbano,CRC,231.69,499109.69,0.0,0.0,0.0,115639000,PER-008
AV-2024-003565,5-405180-167,Leasing,2024-05-22,2024-06-09,2024-06-18,Guanacaste,Carrillo,Sardinal,10.52061,-85.619497,Condominio horizontal,USD,235.68,498.98,163.25,1400.18,1871.38,348050,PER-004
AV-2025-003566,1-414686,Leasing,2025-08-06,2025-08-12,2025-08-22,San José,Desamparados,Desamparados,9.901094,-84.079173,Local comercial,CRC,509.01,469244.82,293.3,610153.83,11856273.5,429665000,PER-002
AV-2025-003567,2-716276,Actualización de garantía,2025-03-27,2025-04-09,2025-04-13,Alajuela,Atenas,Atenas,9.96291,-84.407771,Finca agrícola,CRC,38108.23,24786.35,1876.44,334511.81,3986136.17,1576241000,PER-008
AV-2024-003568,1-735554,Garantía hipotecaria,2024-12-03,2024-12-14,2024-12-19,San José,Santa Ana,Santa Ana,9.951059,-84.185466,Casa de habitación,CRC,495.54,1017276.65,250.06,494524.81,6919215.47,634681000,PER-008
AV-2025-003569,7-307887,Actualización de garantía,2025-02-14,2025-02-28,2025-03-01,Limón,Pococí,Guápiles,10.26694,-83.771266,Bodega o nave industrial,USD,5870.67,273.79,1683.53,1157.7,22500.6,3578854,PER-009
AV-2025-003570,4-187922,Compraventa,2025-07-03,2025-07-13,2025-07-16,Heredia,San Rafael,San Rafael,10.018642,-84.110481,Casa de habitación,CRC,357.3,720230.25,121.84,783041.15,6726020.75,359470000,PER-007
AV-2025-003571,5-608553,Leasing,2021-05-07,2021-05-13,2021-05-16,Guanacaste,Nicoya,Nicoya,10.100175,-85.461322,Local comercial,CRC,1034.59,365106.3,580.09,418581.17,5100760.16,625651000,PER-009
AV-2024-003572,4-186893,Garantía hipotecaria,2024-06-02,2024-06-13,2024-06-22,Heredia,Santo Domingo,Santo Domingo,9.980414,-84.094606,Casa de habitación,CRC,778.76,693060.26,284.66,255077.73,5570406.52,617908000,PER-004
AV-2024-003573,1-731891,Garantía hipotecaria,2024-10-13,2024-10-27,2024-11-01,San José,Escazú,Escazú,9.903609,-84.140103,Terreno baldío urbano,CRC,386.13,469062.92,0.0,0.0,0.0,209529000,PER-007
AV-2025-003574,1-614453,Seguro,2025-05-17,2025-06-05,2025-06-10,San José,San José,Carmen,9.932826,-84.078029,Edificio de oficinas,USD,2678.57,1098.58,11747.28,1280.67,736877.1,18723890,PER-008
AV-2025-003575,1-956174,Leasing,2025-12-10,2025-12-28,2026-01-04,San José,Curridabat,Curridabat,9.927652,-84.02185,Local comercial,USD,1304.83,435.82,2598.76,1651.73,5232.47,4866353,PER-001
AV-2025-003576,4-271470,Garantía hipotecaria,2025-11-15,2025-11-18,2025-11-20,Heredia,Belén,San Antonio,9.975107,-84.190546,Bodega o nave industrial,USD,4389.72,619.96,2664.94,1601.55,319315.3,7308801,PER-004
AV-2025-003577,4-847222,Actualización de garantía,2025-07-07,2025-07-17,2025-07-18,Heredia,Heredia,Heredia,9.990758,-84.122318,Local comercial,CRC,740.83,912118.71,750.34,352422.35,19113383.17,959275000,PER-008
AV-2025-003578,1-358158,Actualización de garantía,2025-09-25,2025-10-02,2025-10-14,San José,Tibás,San Juan,9.944569,-84.08475,Casa de habitación,CRC,768.28,495581.14,159.52,384116.19,4515823.72,446535000,PER-004
AV-2024-003579,1-938589-181,Garantía hipotecaria,2024-05-05,2024-05-18,2024-05-19,San José,Curridabat,Curridabat,9.908501,-84.041884,Condominio horizontal,USD,502.02,1046.55,398.58,1217.92,37005.05,1047833,PER-004
AV-2026-003580,3-660209,Garantía hipotecaria,2026-01-26,2026-02-11,2026-02-21,Cartago,Cartago,Oriental,9.856058,-83.911511,Local comercial,CRC,1067.63,1120261.08,1915.54,681523.6,78631113.88,2580141000,PER-004
AV-2026-003581,1-388315,Seguro,2026-01-02,2026-01-14,2026-01-20,San José,Santa Ana,Santa Ana,9.931379,-84.197177,Casa de habitación,CRC,723.85,648950.86,154.43,672341.12,6926896.44,580500000,PER-002
AV-2025-003582,1-553462,Contable,2025-05-10,2025-05-28,2025-05-31,San José,Goicoechea,Guadalupe,9.958286,-84.041061,Casa de habitación,CRC,240.11,869046.02,75.73,725329.86,2491962.01,266088000,PER-004
AV-2025-003583,1-139379-118,Garantía hipotecaria,2025-01-28,2025-02-11,2025-02-21,San José,Escazú,Escazú,9.927966,-84.120292,Apartamento,USD,64.75,1044.23,0.0,0.0,590.0,68204,PER-003
AV-2026-003584,7-266000,Actualización de garantía,2025-12-31,2026-01-04,2026-01-05,Limón,Limón,Limón,10.020062,-83.02611,Casa de habitación,CRC,311.85,284888.6,113.02,431361.28,530090.11,138125000,PER-001
AV-2026-003585,6-690376,Leasing,2026-02-07,2026-02-27,2026-03-02,Puntarenas,Garabito,Jacó,9.622553,-84.655566,Casa de habitación,CRC,669.8,854103.69,98.82,543789.55,895059.77,626711000,PER-009
AV-2024-003586,1-648589-097,Leasing,2024-04-08,2024-04-26,2024-05-02,San José,Tibás,San Juan,9.94865,-84.088197,Apartamento,USD,116.47,1075.59,273.5,1473.65,23391.99,551709,PER-001
AV-2025-003587,1-168208,Actualización de garantía,2025-09-23,2025-10-02,2025-10-13,San José,Tibás,San Juan,9.956763,-84.067387,Terreno baldío urbano,CRC,1598.53,423623.63,0.0,0.0,0.0,677175000,PER-004
AV-2025-003588,3-595302-014,Leasing,2025-12-10,2025-12-10,2025-12-17,Cartago,Cartago,Oriental,9.870007,-83.922221,Apartamento,USD,77.63,533.08,77.67,1676.13,6712.27,178280,PER-001
AV-2025-003589,1-939619,Leasing,2023-07-14,2023-07-24,2023-08-04,San José,Curridabat,Curridabat,9.923429,-84.043162,Terreno baldío urbano,CRC,1309.19,474015.08,0.0,0.0,0.0,620576000,PER-002
AV-2025-003590,1-753323-111,Seguro,2025-10-27,2025-11-02,2025-11-11,San José,Goicoechea,Guadalupe,9.960216,-84.047484,Condominio horizontal,CRC,306.38,176587.84,73.84,395904.29,1498890.25,84835000,PER-002
AV-2025-003591,1-165041-084,Actualización de garantía,2022-03-17,2022-04-05,2022-04-15,San José,Goicoechea,Guadalupe,9.950955,-84.057651,Apartamento,USD,217.87,200.36,94.84,506.8,2210.56,93928,PER-001
AV-2024-003592,3-145822,Actualización de garantía,2024-05-03,2024-05-19,2024-05-23,Cartago,Paraíso,Paraíso,9.816086,-83.86845,Casa de habitación,CRC,165.82,869180.01,97.82,787580.09,3064139.69,224233000,PER-003
AV-2025-003593,1-252844,Leasing,2025-10-01,2025-10-19,2025-10-23,San José,Montes de Oca,San Pedro,9.940447,-84.037951,Bodega o nave industrial,USD,9644.6,424.25,3199.08,1647.39,222195.89,9584050,PER-002
AV-2025-003594,3-860948,Actualización de garantía,2023-06-27,2023-07-06,2023-07-09,Cartago,Paraíso,Paraíso,9.844537,-83.875461,Terreno baldío urbano,CRC,1517.58,259249.33,0.0,0.0,3388994.32,396821000,PER-007
AV-2024-003595,1-579136,Compraventa,2024-11-18,2024-12-04,2024-12-13,San José,Pérez Zeledón,San Isidro de El General,9.440012,-83.242384,Terreno baldío rural,CRC,25208.89,108881.26,0.0,0.0,0.0,2744776000,PER-009
AV-2025-003596,5-915783,Garantía hipotecaria,2025-12-04,2025-12-12,2025-12-22,Guanacaste,Liberia,Liberia,10.60846,-85.465383,Local comercial,CRC,1108.25,300600.42,1140.62,456149.95,21540065.48,874974000,PER-006
AV-2025-003597,1-581813,Leasing,2025-01-14,2025-02-03,2025-02-04,San José,Curridabat,Curridabat,9.856529,-84.985076,Casa de habitación,CRC,289.44,1157412.32,191.14,480900.52,314496.19,427235000,PER-003
AV-2025-003598,3-699580,Leasing,2025-06-28,2025-07-02,2025-07-04,Cartago,Cartago,Oriental,9.854627,-83.911315,Casa de habitación,USD,627.53,497.39,123.79,505.28,3369.81,342639,PER-003
AV-2024-003599,5-569236,Garantía hipotecaria,2021-06-15,2021-06-27,2021-06-28,Guanacaste,Santa Cruz,Tamarindo,10.272868,-85.845303,Terreno baldío urbano,CRC,474.09,69855.01,0.0,0.0,0.0,33118000,PER-008
AV-2025-003600,1-488477-163,Compraventa,2025-07-04,2025-07-13,2025-07-20,San José,Curridabat,Curridabat,9.90596,-84.034353,Apartamento,USD,115.59,897.92,127.2,1093.63,10954.21,253855,PER-001
AV-2025-003872,3-378718-285,Leasing,2025-01-27,2025-01-27,2025-01-29,Cartago,Paraíso,Paraíso,9.82428,-83.880982,Apartamento,CRC,229.41,594962.96,494.27,408484.33,3136888.16,341529000,PER-006
AV-2024-003602,1-854097,Garantía hipotecaria,2024-11-24,2024-11-26,2024-12-01,San José,Escazú,Escazú,10.560576,-84.440237,Terreno baldío urbano,CRC,828.75,1806521.95,0.0,0.0,0.0,1497155000,PER-006
AV-2025-003603,5-188308,Garantía hipotecaria,2025-09-15,2025-09-22,2025-10-04,Guanacaste,Carrillo,Sardinal,10.535503,-85.708896,Casa de habitación,CRC,549.41,132982.68,330.7,815961.31,7273447.78,350174000,PER-006
AV-2025-003604,1-487877,Garantía hipotecaria,2025-09-13,2025-09-21,2025-10-03,San José,Escazú,Escazú,9.911953,-84.145953,Bodega o nave industrial,USD,11851.25,711.11,6135.58,613.09,164174.48,12353380,PER-002
AV-2025-003605,1-794643,Actualización de garantía,2025-05-23,2025-05-27,2025-06-01,San José,Santa Ana,Santa Ana,9.947112,-84.190047,Edificio de oficinas,USD,866.05,671.66,3102.97,513.23,122275.74,2296504,PER-003
AV-2024-003606,5-729724,Leasing,2024-07-03,2024-07-06,2024-07-17,Guanacaste,Carrillo,Sardinal,10.501014,-85.686845,Terreno baldío rural,CRC,4469.22,244078.1,0.0,0.0,0.0,1090839000,PER-009
AV-2026-003607,2-302276-107,Seguro,2026-01-06,2026-01-14,2026-01-21,Alajuela,Alajuela,Alajuela,10.011616,-84.216194,Condominio horizontal,USD,317.5,979.93,86.28,1678.01,1951.85,457858,PER-008
AV-2026-003608,1-853145,Seguro,2025-12-22,2026-01-08,2026-01-14,San José,Curridabat,Curridabat,9.929094,-84.024879,Local comercial,CRC,2593.36,1015972.62,4221.96,430850.09,101849423.2,4555664000,PER-006
AV-2025-003609,2-901163-013,Actualización de garantía,2021-07-01,2021-07-13,2021-07-20,Alajuela,Alajuela,Alajuela,10.017442,-84.218757,Apartamento,USD,125.66,645.56,67.58,1531.78,4340.75,207899,PER-003
AV-2025-003610,7-860611,Garantía hipotecaria,2025-02-23,2025-03-03,2025-03-13,Limón,Limón,Limón,10.002426,-83.022645,Bodega o nave industrial,USD,7134.09,170.0,4253.64,792.87,10426.45,4595805,PER-001
AV-2025-003611,5-653352,Actualización de garantía,2025-04-18,2025-05-07,2025-05-17,Guanacaste,Liberia,Liberia,10.617133,-85.448406,Casa de habitación,CRC,612.31,317782.18,68.88,564249.78,8298.36,233455000,PER-004
AV-2025-003612,2-231761,Contable,2025-01-11,2025-01-29,2025-02-08,Alajuela,Upala,Upala,10.974076,-84.980518,Finca agrícola,CRC,182336.53,26716.47,0.0,0.0,0.0,4871388000,PER-001
AV-2025-003613,2-888486,Garantía hipotecaria,2025-09-25,2025-10-12,2025-10-21,Alajuela,Atenas,Atenas,9.991283,-84.351816,Finca agrícola,USD,99533.28,19.43,0.0,0.0,47299.53,1981231,PER-006
AV-2025-003614,1-208024,Garantía hipotecaria,2023-11-25,2023-12-06,2023-12-14,San José,Santa Ana,Santa Ana,9.917289,-84.178751,Bodega o nave industrial,USD,4912.83,914.96,1820.92,1066.44,64956.6,6501901,PER-003
AV-2025-003615,5-928254,Leasing,2025-08-22,2025-09-10,2025-09-15,Guanacaste,Santa Cruz,Tamarindo,10.26428,-85.820754,Casa de habitación,CRC,607.45,669251.13,209.99,343870.42,451689.38,479198000,PER-003
AV-2025-003616,1-202491-256,Actualización de garantía,2024-02-15,2024-02-16,2024-02-21,San José,San José,Carmen,9.941901,-84.068805,Apartamento,USD,119.53,820.15,287.94,597.74,13095.98,283242,PER-003
AV-2024-003617,6-726398-086,Garantía hipotecaria,2024-09-26,2024-10-06,2024-10-15,Puntarenas,Quepos,Quepos,9.429246,-84.134374,Apartamento,USD,121.07,3257.08,87.91,845.3,219.79,468865,PER-001
AV-2024-003618,4-572952,Actualización de garantía,2024-11-15,2024-12-03,2024-12-11,Heredia,Santo Domingo,Santo Domingo,9.976505,-84.085009,Terreno baldío urbano,CRC,400.92,152087.07,0.0,0.0,0.0,60975000,PER-007
AV-2025-003619,4-742849-184,Actualización de garantía,2025-10-25,2025-11-10,2025-11-14,Heredia,Santo Domingo,Santo Domingo,9.989985,-84.084112,Apartamento,USD,130.59,345.34,171.12,1017.13,11792.73,230942,PER-003
AV-2025-003620,5-861811-271,Leasing,2025-01-30,2025-01-31,2025-02-07,Guanacaste,Carrillo,Sardinal,10.502326,-85.668915,Apartamento,USD,161.91,1933.85,117.06,599.47,4533.95,387818,PER-003
AV-2024-003621,4-692578-276,Actualización de garantía,2024-07-31,2024-08-19,2024-08-26,Heredia,Heredia,Heredia,10.012592,-84.121161,Apartamento,USD,184.64,523.53,312.48,955.4,7381.75,402590,PER-002
AV-2025-003622,1-585348,Actualización de garantía,2025-01-29,2025-02-10,2025-02-16,San José,San José,Carmen,9.946539,-84.078204,Bodega o nave industrial,USD,13762.09,685.98,7849.64,900.78,465148.95,16976466,PER-002
AV-2025-003623,1-160340,Leasing,2025-12-16,2025-12-22,2025-12-31,San José,Escazú,Escazú,9.915617,-84.119473,Terreno baldío urbano,USD,425.46,427.66,0.0,0.0,0.0,181952,PER-008
AV-2025-003624,1-465980-222,Seguro,2025-01-31,2025-02-09,2025-02-20,San José,Desamparados,Desamparados,9.882834,-84.078974,Apartamento,USD,205.34,392.07,278.18,1570.79,3813.73,521284,PER-007
AV-2026-003625,5-879128,Contable,2026-01-01,2026-01-05,2026-01-08,Guanacaste,Liberia,Liberia,10.629664,-85.459865,Bodega o nave industrial,USD,4050.07,109.6,878.58,1554.1,4819.87,1814109,PER-001
AV-2025-003626,5-263819,Leasing,2025-06-22,2025-07-04,2025-07-11,Guanacaste,Santa Cruz,Tamarindo,10.306617,-85.854877,Casa de habitación,CRC,521.64,5312931.33,209.13,549490.23,1171680.29,2887524000,PER-003
AV-2025-003627,1-332991,Garantía hipotecaria,2025-10-07,2025-10-25,2025-11-05,San José,Goicoechea,Guadalupe,9.953731,-84.041996,Casa de habitación,CRC,290.36,454015.92,85.22,510502.56,2269706.33,177603000,PER-008
AV-2025-003628, ,Garantía hipotecaria,2025-07-31,2025-08-01,2025-08-08,San José,Goicoechea,Guadalupe,9.952928,-84.056542,Local comercial,CRC,1645.63,447507.26,1697.44,341774.77,23535430.75,1340109000,PER-006
AV-2025-003629,4-213201,Actualización de garantía,2023-01-08,2023-01-10,2023-01-19,Heredia,Belén,San Antonio,9.990775,-84.192824,Bodega o nave industrial,USD,14233.93,1103.09,0.0,0.0,257832.08,19846101,PER-003
AV-2025-003630,7-685330-276,Garantía hipotecaria,2025-02-21,2025-03-09,2025-03-19,Limón,Talamanca,Cahuita,9.718616,-82.893473,Apartamento,USD,124.69,3051.18,133.85,595.99,559.09,460784,PER-009
AV-2025-003631,5-924999,Garantía hipotecaria,2025-12-08,2025-12-19,2025-12-30,Guanacaste,Nicoya,Nicoya,10.140891,-85.490011,Casa de habitación,CRC,827.2,296759.34,561.99,423692.79,2719710.15,486310000,PER-003
AV-2025-003632,5-470472,Actualización de garantía,2025-02-09,2025-02-22,2025-03-04,Guanacaste,Nicoya,Nicoya,10.166937,-85.464713,Terreno baldío urbano,CRC,305.86,136260.07,0.0,0.0,0.0,41677000,PER-009
AV-2025-003633,1-711132,Leasing,2025-10-27,2025-11-07,2025-11-16,San José,San José,Carmen,9.940781,-84.079479,Edificio de oficinas,USD,2972.91,914.67,15434.36,1518.48,913567.07,27069566,PER-007
AV-2025-003634,3-546373,Garantía hipotecaria,2025-03-30,2025-04-07,2025-04-17,Cartago,La Unión,Tres Ríos,9.912621,-83.985579,Terreno baldío urbano,CRC,662.61,147613.32,0.0,0.0,0.0,97810000,PER-009
AV-2026-003635,5-399918,Actualización de garantía,2021-04-27,2021-04-27,2021-05-09,Guanacaste,Liberia,Liberia,10.629523,-85.454723,Casa de habitación,CRC,751.44,265503.82,284.13,251765.54,691355.49,271736000,PER-008
AV-2024-003636,3-179347,Garantía hipotecaria,2021-03-20,2021-04-07,2021-04-15,Cartago,La Unión,Tres Ríos,9.902561,-84.00462,Casa de habitación,USD,479.55,328.23,251.5,1524.07,3465.93,544172,PER-004
AV-2025-003637,3-639763,Leasing,2025-12-20,2025-12-28,2025-12-30,Cartago,La Unión,Tres Ríos,9.926425,-83.990504,Casa de habitación,CRC,395.69,851018.11,233.47,,5213774.6,527627000,PER-007
AV-2025-003638,3-978962,Actualización de garantía,2025-03-25,2025-04-03,2025-04-15,Cartago,Turrialba,Turrialba,9.896996,-83.654539,Casa de habitación,USD,196.61,213.43,105.78,1221.12,1909.24,173042,PER-009
AV-2025-003639,3-508601,Actualización de garantía,2021-12-11,2021-12-13,2021-12-15,Cartago,Paraíso,Paraíso,9.857526,-83.847327,Terreno baldío urbano,CRC,788.67,185463.22,0.0,0.0,0.0,146269000,PER-006
AV-2026-003640,1-226510,Leasing,2026-01-08,2026-01-19,2026-01-24,San José,Goicoechea,Guadalupe,9.958691,-84.040965,Casa de habitación,CRC,693.61,603771.9,379.88,835441.03,15516989.91,751667000,PER-005
AV-2025-003641,3-950781,Actualización de garantía,2025-06-12,2025-06-15,2025-06-22,Cartago,Cartago,Oriental,9.867039,-83.931666,Casa de habitación,CRC,725.01,1207194.11,75.84,596765.96,2813715.99,923300000,PER-006
AV-2025-003642,1-461276,Contable,2025-09-09,2025-09-12,2025-09-14,San José,Goicoechea,Guadalupe,9.957854,-84.042146,Terreno baldío urbano,CRC,500.4,80975.35,0.0,0.0,0.0,40520000,PER-001
AV-2025-003643,7-173403,Garantía hipotecaria,2025-10-22,2025-11-10,2025-11-20,Limón,Pococí,Guápiles,10.220194,-83.735334,Casa de habitación,CRC,1037.27,533448.33,165.69,455574.0,3782856.35,632597000,PER-004
AV-2024-003644,1-982842-314,Garantía hipotecaria,2024-07-25,2024-08-13,2024-08-22,San José,Desamparados,Desamparados,9.896785,-84.070339,Condominio horizontal,USD,545.12,459.08,320.95,1565.7,17302.78,770068,PER-008
AV-2024-003645,3-246050,Garantía hipotecaria,2023-02-10,2023-02-18,2023-02-23,Cartago,Paraíso,Paraíso,9.850493,-83.859634,Casa de habitación,CRC,736.67,676176.86,275.59,815025.75,5378459.38,728111000,PER-007
AV-2025-003646,2-148553,Leasing,2025-04-16,2025-05-05,2025-05-15,Alajuela,San Ramón,San Ramón,10.093692,-84.45564,Finca agrícola,CRC,91906.53,43122.58,0.0,0.0,24102474.96,3987349000,PER-008
AV-2024-003647,1-254965,Garantía hipotecaria,2024-09-22,2024-09-27,2024-10-05,San José,Puriscal,Santiago,9.877664,-84.309875,Terreno baldío rural,CRC,5036.81,66731.76,0.0,0.0,0.0,336115000,PER-004
AV-2025-003648,2-415773-141,Actualización de garantía,2025-03-12,2025-03-26,2025-04-05,Alajuela,Alajuela,Alajuela,10.031493,-84.213574,Apartamento,USD,164.43,942.81,376.37,526.0,11591.55,364588,PER-001
AV-2024-003649,1-828461-301,Leasing,2023-06-26,2023-07-12,2023-07-15,San José,Desamparados,Desamparados,10.19502,-83.617839,Condominio horizontal,USD,792.49,407.39,369.58,1132.07,6975.44,748218,PER-007
AV-2024-003650,1-206377,Contable,2024-09-28,2024-10-04,2024-10-16,San José,Santa Ana,Santa Ana,9.923029,-84.180572,Casa de habitación,CRC,626.95,768660.34,348.41,674014.14,6098438.25,722843000,PER-007
AV-2025-003651,2-981658-288,Actualización de garantía,2025-06-13,2025-06-14,2025-06-25,Alajuela,Alajuela,Alajuela,9.99713,-84.202136,Apartamento,CRC,79.73,1158459.85,168.14,439311.87,2864375.93,169094000,PER-003
AV-2025-003652,4-375870,Actualización de garantía,2025-06-25,2025-07-12,2025-07-18,Heredia,Belén,San Antonio,9.978954,-84.176491,Casa de habitación,CRC,309.63,2858378.92,111.08,759149.07,4448157.53,973814000,PER-003
AV-2025-003653,7-603270,Actualización de garantía,2025-05-22,2025-05-28,2025-05-30,Limón,Limón,Limón,10.014865,-83.038102,Terreno baldío urbano,CRC,396.7,127330.85,0.0,0.0,0.0,50512000,PER-003
AV-2025-003654,1-450123,Compraventa,2025-11-12,2025-11-18,2025-11-22,San José,Desamparados,Desamparados,9.911028,-84.077776,Casa de habitación,CRC,287.24,563314.07,146.25,503093.28,3700747.0,239084000,PER-002
AV-2025-003655,1-428455,Garantía hipotecaria,2025-12-01,2025-12-05,2025-12-16,San José,Tibás,San Juan,9.946373,-84.075233,Terreno baldío urbano,CRC,310.35,157653.32,95.45,787104.39,0.0,124057000,PER-005
AV-2025-003656,1-401316,Garantía hipotecaria,2022-06-05,2022-06-15,2022-06-21,San José,Goicoechea,Guadalupe,9.955852,-84.062621,Casa de habitación,USD,762.68,397.14,455.94,1015.43,22283.16,788149,PER-003
AV-2025-003657,3-565465,Actualización de garantía,2024-12-30,2025-01-09,2025-01-14,Cartago,Paraíso,Paraíso,9.838643,-83.877034,Local comercial,USD,976.97,344.84,330.7,1479.97,12466.36,838791,PER-003
AV-2026-003658,5-602525,Actualización de garantía,2026-01-29,2026-02-18,2026-03-01,Guanacaste,Liberia,Liberia,10.672228,-85.439362,Bodega o nave industrial,USD,7979.34,207.88,2979.35,985.87,145588.95,4741586,PER-001
AV-2025-003659,4-841645,Garantía hipotecaria,2025-11-07,2025-11-17,2025-11-18,Heredia,San Rafael,San Rafael,10.027292,-84.09491,Casa de habitación,USD,632.02,167.11,82.27,1079.86,3820.4,198277,PER-005
AV-2025-003660,6-413493,Leasing,2025-11-14,2025-11-17,2025-11-24,Puntarenas,Garabito,Jacó,9.591643,-84.64285,Casa de habitación,USD,347.79,2631.83,46.67,1683.44,820.02,994710,PER-003
AV-2025-003661,3-168010,Garantía hipotecaria,2025-10-18,2025-10-22,2025-10-27,Cartago,La Unión,Tres Ríos,9.915585,-83.991558,Casa de habitación,CRC,1050.22,556948.84,220.26,285392.59,1454009.37,649233000,PER-003
AV-2025-003662,7-565828-300,Garantía hipotecaria,2021-12-07,2021-12-13,2021-12-24,Limón,Talamanca,Cahuita,9.694022,-82.888704,Apartamento,USD,87.79,1806.41,119.29,1158.19,5463.99,302209,PER-004
AV-2024-003663,4-529529,Leasing,2024-10-09,2024-10-11,2024-10-14,Heredia,Santo Domingo,Santo Domingo,9.980249,-84.089307,Casa de habitación,CRC,274.86,605690.55,155.94,289904.8,1888469.12,213576000,PER-008
AV-2026-003664,7-886586,Leasing,2025-12-31,2026-01-05,2026-01-10,Limón,Limón,Limón,9.981462,-83.030169,Casa de habitación,CRC,361.94,694934.55,51.38,757593.88,2968421.9,293418000,PER-006
AV-2025-003665,2-516069,Garantía hipotecaria,2025-01-26,2025-02-11,2025-02-15,Alajuela,Atenas,Atenas,9.898744,-83.817727,Terreno baldío urbano,USD,1451.96,62.26,0.0,0.0,0.0,90399,PER-009
AV-2024-003666,5-516714,Garantía hipotecaria,2024-11-16,2024-11-24,2024-11-25,Guanacaste,Santa Cruz,Tamarindo,10.32322,-85.873135,Casa de habitación,CRC,1099.74,531579.13,492.47,629602.18,15250906.43,909910000,PER-002
AV-2025-003667,1-632396,Actualización de garantía,2025-11-13,2025-11-14,2025-11-16,San José,Desamparados,Desamparados,9.895722,-84.060854,Terreno baldío urbano,CRC,1102.15,249740.73,0.0,0.0,0.0,275252000,PER-001
AV-2025-003668,4-560136,Leasing,2023-01-27,2023-02-06,2023-02-18,Heredia,Heredia,Heredia,10.008393,-84.119271,Casa de habitación,CRC,459.72,1200140.63,271.01,760991.68,6778236.53,764743000,PER-002
AV-2025-003669,1-625169,Leasing,2025-06-09,2025-06-21,2025-06-27,San José,Goicoechea,Guadalupe,9.965366,-84.049066,Casa de habitación,CRC,730.97,365226.17,455.74,396967.61,1224872.48,449108000,PER-005
AV-2024-003670,5-672856,Garantía hipotecaria,2024-11-03,2024-11-15,2024-11-17,Guanacaste,Santa Cruz,Tamarindo,10.305354,-85.869085,Terreno baldío urbano,CRC,1186.37,201890.58,0.0,0.0,0.0,239517000,PER-009
AV-2024-003671,1-913368,Contable,2024-10-30,2024-11-08,2024-11-12,San José,Tibás,San Juan,9.948446,-84.086814,Edificio de oficinas,USD,952.03,1092.86,1548.93,808.97,7322.9,2300796,PER-001
AV-2026-003672,1-612356,Seguro,2026-01-09,2026-01-23,2026-01-27,San José,Escazú,Escazú,9.903002,-84.134865,Casa de habitación,CRC,760.04,210887.69,174.64,303297.58,276814.23,213528000,PER-002
AV-2025-003673,1-536797,Garantía hipotecaria,2025-11-18,2025-12-06,2025-12-16,San José,Santa Ana,Santa Ana,9.945526,-84.196512,Bodega o nave industrial,USD,6944.04,1097.04,1898.78,1038.56,130439.49,9720326,PER-007
AV-2025-003674,1-517678,Garantía hipotecaria,2024-01-09,2024-01-17,2024-01-18,San José,Santa Ana,Santa Ana,9.938658,-84.203595,Local comercial,CRC,842.02,1090065.7,448.13,323840.85,1353202.04,1064333000,PER-008
AV-2025-003675,5-908536-072,Compraventa,2025-10-17,2025-10-19,2025-10-22,Guanacaste,Carrillo,Sardinal,10.496212,-85.660132,Apartamento,USD,223.82,3652.95,490.54,980.97,32846.63,1331655,PER-007
AV-2025-003676,1-648320,Garantía hipotecaria,2025-03-17,2025-03-18,2025-03-25,San José,San José,Carmen,-84.083951,9.933049,Edificio de oficinas,USD,1685.87,979.65,7031.88,569.49,62308.83,5718457,PER-001
AV-2024-003677,4-612596,Leasing,2024-07-03,2024-07-13,2024-07-24,Heredia,Belén,San Antonio,9.967572,-84.194425,Terreno baldío urbano,CRC,745.86,232282.38,0.0,0.0,0.0,173250000,PER-008
AV-2026-003678,4-822547-058,Contable,2022-04-01,2022-04-09,2022-04-11,Heredia,San Rafael,San Rafael,10.019116,-84.092818,Condominio horizontal,USD,388.69,359.83,293.63,1124.4,10650.1,480670,PER-005
AV-2025-003679,1-133548,Leasing,2025-05-21,2025-05-28,2025-06-04,San José,Santa Ana,Santa Ana,9.932741,-84.198737,Bodega o nave industrial,USD,7846.63,496.47,3693.94,1060.0,153807.87,7965001,PER-001
AV-2024-003680,7-810008,Garantía hipotecaria,2024-09-15,2024-09-18,2024-09-22,Limón,Limón,Limón,9.98386,-83.061658,Terreno baldío urbano,CRC,1172.98,77267.18,0.0,0.0,0.0,90633000,PER-008
AV-2025-003681,1-982812,Seguro,2025-12-15,2025-12-28,2026-01-02,San José,Montes de Oca,San Pedro,9.931798,-84.04292,Local comercial,CRC,561.68,987518.93,756.25,628939.58,3413131.77,1033718000,PER-005
AV-2025-003682,4-396845,Garantía hipotecaria,2025-08-09,2025-08-26,2025-08-28,Heredia,Santo Domingo,Santo Domingo,9.995066,-84.095887,Casa de habitación,CRC,406.16,499557.48,247.74,546938.57,2723880.23,341123000,PER-002
AV-2025-003683,7-833199,Leasing,2023-06-26,2023-06-19,2023-06-21,Limón,Limón,Limón,9.96377,-83.041259,Casa de habitación,CRC,1001.12,342054.09,253.53,472129.81,4159300.75,466296000,PER-001
AV-2024-003684,4-422816,Leasing,2022-08-12,2022-08-22,2022-08-23,Heredia,Heredia,Heredia,9.99168,-84.106827,Casa de habitación,CRC,438.23,520130.27,164.1,393340.17,2275585.21,294759000,PER-003
AV-2025-001280,1-529519,Garantía hipotecaria,2024-10-18,2024-11-01,2024-11-10,San José,Puriscal,Santiago,9.814258,-84.384328,Finca agrícola,CRC,64971.26,12456.06,7867.64,595868.92,96014586.84,5593383000,PER-001
AV-2025-003686,1-729950,Actualización de garantía,2025-07-20,2025-08-02,2025-08-14,San José,Tibás,San Juan,9.95289,-84.072448,Casa de habitación,CRC,189.18,3751099.62,69.58,730104.09,3759077.27,764193000,PER-008
AV-2025-003687,1-267578-101,Actualización de garantía,2025-03-02,2025-03-03,2025-03-04,San José,Desamparados,Desamparados,9.909291,-84.068901,Apartamento,USD,162.06,184.68,403.19,1096.8,11737.62,483886,PER-007
AV-2026-003688,2-933667,Leasing,2026-01-07,2026-01-17,2026-01-19,Alajuela,Upala,Upala,10.900153,-84.918732,Finca agrícola,CRC,270952.98,10490.42,17084.61,663955.72,48080191.74,14233915000,PER-001
AV-2025-003689,3-950655,Garantía hipotecaria,2025-01-09,2025-01-29,2025-02-04,Cartago,Paraíso,Paraíso,-83.875026,9.812656,Casa de habitación,CRC,410.72,2514480.96,82.96,310556.63,2039505.08,1060551000,PER-001
AV-2025-003690,2-113151,Garantía hipotecaria,2025-05-27,2025-06-03,2025-06-14,Alajuela,Atenas,Atenas,9.969727,-84.398755,Finca agrícola,CRC,276004.31,16834.24,36357.18,570726.79,1371921440.86,26768261000,PER-009
AV-2025-003691,2-303388,Garantía hipotecaria,2025-04-11,2025-04-20,2025-04-24,Alajuela,San Carlos,Quesada,10.308879,-84.397151,Casa de habitación,CRC,777.24,401211.21,164.28,488408.45,3130496.5,395204000,PER-009
AV-2025-003692,1-616258,Actualización de garantía,2025-12-23,2025-12-24,2026-01-02,San José,Santa Ana,Santa Ana,9.921893,-84.170863,Terreno baldío urbano,CRC,813.68,195064.24,0.0,0.0,0.0,158720000,PER-008
AV-2025-003693,1-173772,Leasing,2025-09-17,2025-10-06,2025-10-17,San José,Escazú,Escazú,9.920744,-84.120269,Casa de habitación,USD,778.37,637.39,211.33,756.28,1270.41,657220,PER-005
AV-2025-003694,2-615098,Actualización de garantía,2025-09-29,2025-10-13,2025-10-17,Alajuela,Grecia,Grecia,10.080319,-84.354286,Local comercial,CRC,378.99,589143.75,683.92,786656.31,34683054.16,795973000,PER-006
AV-2025-003695,1-685888,Actualización de garantía,2025-02-22,2025-02-22,2025-03-01,San José,San José,Carmen,9.938531,-84.064322,Casa de habitación,CRC,668.56,1228630.55,296.94,437385.21,6201260.66,957492000,PER-009
AV-2025-003696,1-384452-309,Actualización de garantía,2025-01-26,2025-02-02,2025-02-07,San José,Curridabat,Curridabat,9.913731,-84.036242,Apartamento,CRC,103.91,957562.31,222.19,369412.36,2222160.42,183802000,PER-009
AV-2024-003697,5-700252,Seguro,2024-05-04,2024-05-20,2024-06-01,Guanacaste,Santa Cruz,Tamarindo,10.306068,-85.871644,Casa de habitación,CRC,302.9,456232.14,140.67,687659.54,557834.45,235484000,PER-005
AV-2026-003698,6-982161-342,Garantía hipotecaria,2021-08-18,2021-08-30,2021-09-04,Puntarenas,Quepos,Quepos,8.657382,-83.605894,Condominio horizontal,USD,396.18,272.06,215.63,969.27,12107.79,328896,PER-008
AV-2025-003699,1-566848,Leasing,2025-11-02,2025-11-19,2025-11-26,San José,Goicoechea,Guadalupe,9.94122,-84.050669,Casa de habitación,CRC,459.58,710441.21,282.45,407218.16,9185666.78,450709000,PER-005
AV-2025-003700,1-461732,Contable,2025-11-25,2025-12-07,2025-12-16,San José,Escazú,Escazú,9.921123,-84.13249,Casa de habitación,CRC,250.79,1251444.11,116.71,673728.52,690279.05,393171000,PER-003
AV-2025-003701,1-438979,Garantía hipotecaria,2025-12-12,2025-12-13,2025-12-22,San José,Santa Ana,Santa Ana,9.929745,-84.200848,Bodega o nave industrial,CRC,3891.59,79673.87,957.84,619221.18,31141879.21,934315000,PER-001
AV-2025-003702,2-940080,Actualización de garantía,2025-03-27,2025-04-09,2025-04-19,Alajuela,San Carlos,Quesada,10.326622,-84.407505,Terreno baldío urbano,USD,571.1,300.15,0.0,0.0,0.0,171416,PER-008
AV-2025-003703,1-714445,Contable,2023-12-07,2023-12-27,2023-12-31,San José,San José,Carmen,9.933951,-84.0713,Edificio de oficinas,USD,3046.61,569.22,5720.34,1689.09,318861.32,11715222,PER-008
AV-2025-003704,1-392216,Seguro,2025-08-29,2025-09-10,2025-09-15,San José,Puriscal,Santiago,9.901452,-84.313165,Casa de habitación,CRC,589.97,503311.89,153.85,745673.94,5573506.29,417234000,PER-006
AV-2025-003705,2-320289,Leasing,2023-11-29,2023-12-05,2023-12-12,Alajuela,Atenas,Atenas,9.961888,-84.388249,Finca agrícola,CRC,301174.49,91585.33,35663.9,553342.13,390064107.13,47707568000,PER-003
AV-2025-003706,4-201449,Garantía hipotecaria,2025-10-05,2025-10-23,2025-10-29,Heredia,Santo Domingo,Santo Domingo,9.981154,-84.090698,Casa de habitación,CRC,336.2,566822.8,114.13,461877.6,988049.29,244268000,PER-007
AV-2024-003707,1-705720,Garantía hipotecaria,2024-07-28,2024-08-06,2024-08-18,San José,Escazú,Escazú,9.916275,-84.144092,Casa de habitación,CRC,382.95,803427.11,0.0,0.0,634376.27,308307000,PER-004
AV-2025-003708,1-581506-275,Leasing,2025-12-06,2025-12-08,2025-12-18,San José,San José,Carmen,9.940088,-84.078392,Apartamento,USD,157.28,770.29,94.81,827.23,268.77,199850,PER-002
AV-2025-003709,1-443719-185,Leasing,2025-01-23,2025-02-06,2025-02-18,San José,Santa Ana,Santa Ana,9.927505,-84.203004,Apartamento,USD,111.42,563.87,305.65,1420.81,12655.7,509753,PER-001
AV-2025-003710,4-653355-187,Actualización de garantía,2025-10-01,2025-10-11,2025-10-13,Heredia,Belén,San Antonio,9.985346,-84.179376,Apartamento,USD,177.09,700.53,146.61,1078.96,6654.52,288898,PER-009
AV-2025-003711,5-687527,Garantía hipotecaria,2025-02-04,2025-02-10,2025-02-22,Guanacaste,Nicoya,Nicoya,10.198709,-85.448868,Local comercial,CRC,1835.9,573490.95,1118.4,466390.18,3911356.06,1578394000,PER-002
AV-2026-003712,6-336850,Contable,2026-01-29,2026-02-02,2026-02-06,Puntarenas,Puntarenas,Puntarenas,9.967003,-84.850687,Finca agrícola,CRC,93566.94,112404.86,10286.64,365405.55,241230920.15,14517405000,PER-003
AV-2025-003713,1-486638,Leasing,2025-11-29,2025-12-03,2025-12-13,San José,Curridabat,Curridabat,9.912786,-84.04864,Casa de habitación,USD,150.56,840.52,16.12,998.14,648.78,143287,PER-007
AV-2024-003714,4-193441,Seguro,2021-11-14,2021-11-28,2021-11-29,Heredia,San Rafael,San Rafael,10.018349,-84.111231,Local comercial,USD,818.21,226.14,325.71,1425.36,8273.46,657557,PER-007
AV-2025-003715,1-389113,Actualización de garantía,2025-05-01,2025-05-13,2025-05-24,San José,Goicoechea,Guadalupe,9.952946,-84.066043,Casa de habitación,CRC,628.32,676701.89,66.51,315218.3,616643.67,446767000,PER-007
AV-2024-003716,1-577455,Seguro,2024-09-14,2024-10-03,2024-10-04,San José,Tibás,San Juan,9.965324,-84.06902,Terreno baldío urbano,USD,302.01,542.84,0.0,0.0,0.0,163943,PER-002
AV-2025-003717,3-259824,Compraventa,2025-12-06,2025-12-19,2025-12-21,Cartago,La Unión,Tres Ríos,9.89544,-83.982427,Casa de habitación,CRC,497.24,432694.2,337.84,323240.23,6961076.35,331317000,PER-002
AV-2025-003718,6-270246,Leasing,2025-04-21,2025-05-03,2025-05-11,Puntarenas,Quepos,Quepos,9.392752,-84.176146,Casa de habitación,CRC,344.16,1356603.02,210.04,672407.15,10497646.43,618619000,PER-001
AV-2025-003719,2-340593,Leasing,2025-11-01,2025-11-20,2025-12-01,Alajuela,Alajuela,Alajuela,10.037429,-84.212818,Bodega o nave industrial,USD,6201.78,974.58,1851.46,1357.93,188143.63,8746427,PER-005
AV-2025-003720,4-930947-235,Actualización de garantía,2025-11-09,2025-11-29,2025-12-10,Heredia,Belén,San Antonio,9.391371,-83.818575,Apartamento,CRC,134.56,1073880.45,198.02,519631.13,3482117.41,250881000,PER-002
AV-2025-003721,6-473765,Actualización de garantía,2025-10-27,2025-11-06,2025-11-16,Puntarenas,Quepos,Quepos,9.445855,-84.199228,Casa de habitación,CRC,311.96,723353.94,173.37,516660.21,6531478.13,321762000,PER-001
AV-2025-003722,1-239523-285,Actualización de garantía,2025-11-08,2025-11-23,2025-11-30,San José,Montes de Oca,San Pedro,9.917651,-84.04896,Apartamento,USD,77.12,699.55,170.75,1028.23,9628.34,239148,PER-002
AV-2024-003723,1-796122,Actualización de garantía,2024-07-27,2024-08-14,2024-08-22,San José,Desamparados,Desamparados,9.891215,-84.049505,Bodega o nave industrial,USD,16224.56,356.76,3701.82,1343.85,222139.45,10985104,PER-001
AV-2024-003724,1-878812,Leasing,2023-01-21,2023-01-31,2023-02-07,San José,Escazú,Escazú,9.938271,-84.130397,Terreno baldío urbano,CRC,1195.28,356071.33,0.0,0.0,0.0,425605000,PER-007
AV-2025-003725,1-225357,Leasing,2025-08-29,2025-09-05,2025-09-17,San José,Puriscal,Santiago,9.804579,-84.295333,Casa de habitación,CRC,188.61,486116.57,60.87,476251.49,337761.24,121014000,PER-003
AV-2026-003726,4-439937,Actualización de garantía,2023-01-22,2023-02-05,2023-02-15,Heredia,Sarapiquí,Puerto Viejo,10.466182,-83.934586,Casa de habitación,CRC,460.58,395136.22,237.72,848825.78,3126400.51,386901000,PER-006
AV-2025-003727,3-959023-173,Seguro,2025-09-18,2025-10-07,2025-10-11,Cartago,Cartago,Oriental,9.869911,-83.906989,Condominio horizontal,USD,527.89,965.85,294.13,1493.0,9354.28,958353,PER-005
AV-2025-003728,1-201417,Garantía hipotecaria,2025-04-04,2025-04-21,2025-05-01,San José,Curridabat,Curridabat,9.917928,-84.03074,Casa de habitación,USD,247.8,574.04,33.2,606.67,982.91,163371,PER-009
AV-2024-003729,4-118841,Leasing,2024-07-12,2024-07-22,2024-07-30,Heredia,Belén,San Antonio,9.965972,-84.185253,Local comercial,CRC,269.0,796860.46,95.46,522218.45,1698660.21,265905000,PER-007
AV-2025-003730,7-752534,Garantía hipotecaria,2025-09-07,2025-09-20,2025-10-02,Limón,Limón,Limón,9.984841,-83.013886,Casa de habitación,CRC,184.28,651807.44,81.78,615352.0,216748.28,170655000,PER-004
AV-2024-003731,1-812803,Contable,2024-10-14,2024-10-29,2024-11-04,San José,Curridabat,Curridabat,9.912581,-84.033452,Bodega o nave industrial,USD,11271.9,855.03,3088.8,533.9,45179.14,12923898,PER-001
AV-2025-003732,1-286556-235,Garantía hipotecaria,2025-11-17,2025-11-29,2025-12-05,San José,San José,Carmen,9.941366,-84.072992,Apartamento,USD,80.23,1076.36,93.96,730.89,5407.17,160438,PER-004
AV-2025-003733,1-814545,Leasing,2021-03-03,2021-03-22,2021-03-25,San José,Pérez Zeledón,San Isidro de El General,9.385383,-83.763565,Terreno baldío rural,CRC,4904.63,86595.78,0.0,0.0,0.0,424720000,PER-009
AV-2024-003734,2-837812,Garantía hipotecaria,2024-11-15,2024-12-04,2024-12-10,Alajuela,Alajuela,Alajuela,10.021274,-84.215108,Local comercial,CRC,708.89,1012488.37,391.08,491377.65,12625948.64,922537000,PER-005
AV-2025-003735,1-728752,Seguro,2025-08-26,2025-09-09,2025-09-18,San José,Puriscal,Santiago,9.83542,-84.369313,Finca agrícola,CRC,317020.42,8980.08,0.0,0.0,58967011.84,2905836000,PER-004
AV-2025-003736,7-622066-342,Contable,2025-01-15,2025-01-22,2025-01-29,Limón,Talamanca,Cahuita,9.787279,-82.823227,Condominio horizontal,USD,614.31,393.18,244.38,520.94,9293.39,378135,PER-002
AV-2026-003737,3-454540,Leasing,2025-12-27,2026-01-06,2026-01-18,Cartago,Cartago,Oriental,9.853257,-83.909077,Terreno baldío urbano,USD,1199.43,80.73,0.0,0.0,0.0,96830,PER-008
AV-2025-003738,1-150900-365,Leasing,2022-08-14,2022-08-26,2022-09-06,San José,Curridabat,Curridabat,9.920224,-84.047077,Apartamento,CRC,73.24,802320.62,39.37,597762.62,1161893.44,83458000,PER-007
AV-2025-003739,1-413017,Compraventa,2025-07-26,2025-08-02,2025-08-11,San José,Goicoechea,Guadalupe,9.950342,-84.05793,Casa de habitación,CRC,482.97,2795130.62,155.74,369028.91,3753874.83,1411191000,PER-003
AV-2024-003740,1-283249,Leasing,2024-12-19,2024-12-26,2025-01-01,San José,Escazú,Escazú,9.930196,-84.141424,Bodega o nave industrial,USD,9750.34,768.47,5940.51,1049.49,478647.33,14205997,PER-001
AV-2025-003741,7-899039,Actualización de garantía,2025-09-18,2025-09-29,2025-10-11,Limón,Limón,Limón,9.950155,-83.618114,Local comercial,CRC,1034.89,425302.75,1056.12,569304.07,20230539.32,1061626000,PER-003
AV-2025-003742,4-463560,Leasing,2025-11-24,2025-12-12,2025-12-16,Heredia,Heredia,Heredia,10.001193,-84.120797,Bodega o nave industrial,CRC,3623.88,615690.83,859.3,687568.94,5530124.91,2827548000,PER-007
AV-2025-003743,2-695172-348,Actualización de garantía,2025-09-23,2025-10-02,2025-10-05,Alajuela,Alajuela,Alajuela,10.02061,-84.216041,Condominio horizontal,USD,250.18,658.32,149.11,1111.1,2129.33,332504,PER-008
AV-2025-003744,7-758721,Actualización de garantía,2025-08-28,2025-09-09,2025-09-19,Limón,Limón,Limón,9.989742,-83.011572,Casa de habitación,CRC,175.66,461527.92,38.57,411261.03,1244583.9,98179000,PER-002
AV-2026-003745,2-201949,Compraventa,2026-01-07,2026-01-10,2026-01-13,Alajuela,San Ramón,San Ramón,10.073561,-84.492586,Casa de habitación,CRC,439.1,693846.88,160.69,725146.59,,428173000,PER-009
AV-2026-003746,4-518823,Actualización de garantía,2024-02-11,2024-02-11,2024-02-22,Heredia,Heredia,Heredia,9.998378,-84.127516,Casa de habitación,CRC,290.38,1223246.04,39.6,412602.48,715760.64,372261000,PER-001
AV-2025-003747,3-814061-260,Compraventa,2025-02-02,2025-02-22,2025-03-01,Cartago,Cartago,Oriental,9.868561,-83.92705,Apartamento,CRC,163.38,839756.5,74.13,572515.45,3091105.98,182731000,PER-004
AV-2025-003748,5-805094,Garantía hipotecaria,2025-02-28,2025-03-03,2025-03-05,Guanacaste,Liberia,Liberia,10.670938,-85.456182,Local comercial,CRC,1133.0,353967.74,564.1,336690.49,11289259.27,602262000,PER-005
AV-2024-003749,2-610170,Leasing,2024-11-22,2024-12-06,2024-12-08,Alajuela,Atenas,Atenas,9.996106,-84.349518,Terreno baldío rural,USD,46461.19,31.45,0.0,0.0,0.0,1461204,PER-003
AV-2025-003750,4-215814,Actualización de garantía,2025-06-20,2025-07-03,2025-07-08,Heredia,San Rafael,San Rafael,9.998041,-84.080094,Casa de habitación,CRC,283.68,535749.74,81.22,348528.2,1460587.42,190282000,PER-006
AV-2024-003751,4-221688-388,Leasing,2024-11-06,2024-11-06,2024-11-12,Heredia,Santo Domingo,Santo Domingo,9.992608,-84.094284,Apartamento,USD,118.02,289.38,43.58,837.2,759.09,71397,PER-009
AV-2025-003752,1-445830-143,Garantía hipotecaria,2025-02-05,2025-02-12,2025-02-18,San José,Escazú,Escazú,9.935146,-84.129495,Apartamento,USD,147.3,965.79,80.05,822.33,1434.7,209523,PER-006
AV-2025-003753,4-434699,Leasing,2025-10-13,2025-11-01,2025-11-12,Heredia,Santo Domingo,Santo Domingo,-84.085845,9.983174,Local comercial,CRC,663.8,677638.6,892.47,764828.65,32712136.02,1165115000,PER-007
AV-2024-003754,1-493773,Garantía hipotecaria,2024-10-20,2024-11-01,2024-11-04,San José,Pérez Zeledón,San Isidro de El General,9.388613,-83.676431,Terreno baldío urbano,CRC,931.72,88093.15,0.0,0.0,0.0,82078000,PER-004
AV-2025-003755,4-201355,Leasing,2025-03-17,2025-03-28,2025-03-29,Heredia,Sarapiquí,Puerto Viejo,10.432555,-83.985923,Terreno baldío rural,CRC,24271.74,84287.23,0.0,0.0,0.0,2045798000,PER-003
AV-2025-003756,3-112716,Leasing,2025-01-01,2025-01-05,2025-01-16,Cartago,Paraíso,Paraíso,9.836293,-83.891167,Casa de habitación,CRC,331.39,691134.11,48.4,754706.37,1905154.74,267468000,PER-007
AV-2024-003757,1-852455,Leasing,2023-08-15,2023-08-25,2023-08-28,San José,San José,Carmen,9.933536,-84.0811,Casa de habitación,CRC,435.88,5207881.77,66.94,790037.55,3718747.52,2326615000,PER-009
AV-2024-003758,6-412551,Leasing,2022-01-04,2022-01-16,2022-01-21,Puntarenas,Quepos,Quepos,9.379065,-84.164497,Terreno baldío urbano,CRC,1384.89,203264.04,0.0,0.0,0.0,281498000,PER-009
AV-2025-003759,4-719878,Garantía hipotecaria,2023-04-18,2023-04-28,2023-05-04,Heredia,Belén,San Antonio,9.966344,-84.189673,Local comercial,USD,1210.62,524.99,1237.86,760.57,39471.72,1616514,PER-001
AV-2026-003760,3-831670-252,Actualización de garantía,2026-01-22,2026-01-27,2026-01-28,Cartago,Paraíso,Paraíso,9.830802,-83.879761,Condominio horizontal,USD,224.5,228.17,122.38,940.62,5591.48,139598,PER-001
AV-2025-003761,3-675271,Leasing,2025-08-13,2025-08-26,2025-09-02,Cartago,Turrialba,Turrialba,9.905536,-83.699294,Casa de habitación,CRC,761.59,1675940.18,446.47,564045.03,4477152.18,1313296000,PER-008
AV-2026-003762,2-950868,Seguro,2022-12-15,2022-12-16,2022-12-23,Alajuela,San Carlos,Quesada,10.334325,-84.4053,Terreno baldío rural,USD,28065.59,90.2,0.0,0.0,0.0,2531516,PER-006
AV-2024-003763,4-727357,Leasing,2024-07-13,2024-07-23,2024-07-26,Heredia,Santo Domingo,Santo Domingo,9.969194,-84.095722,Casa de habitación,USD,234.46,260.49,144.86,1678.14,15311.19,319481,PER-008
AV-2026-003764,2-541611,Garantía hipotecaria,2026-02-09,2026-02-26,2026-03-08,Alajuela,San Carlos,Quesada,10.361861,-84.410837,Casa de habitación,CRC,332.73,345528.15,218.42,678888.75,277597.67,263528000,PER-006
AV-2025-003765,6-321135,Leasing,2025-02-28,2025-03-06,2025-03-17,Puntarenas,Garabito,Jacó,9.602692,-84.585973,Casa de habitación,CRC,227.02,1112559.67,52.44,553511.09,1783574.27,283383000,PER-004
AV-2025-003766,1-432011,Seguro,2025-11-08,2025-11-19,2025-11-20,San José,San José,Carmen,9.935641,-84.064324,Local comercial,CRC,371.05,894831.98,222.05,356422.29,4230389.44,415401000,PER-005
AV-2024-003767,1-776937,Garantía hipotecaria,2024-05-14,2024-05-17,2024-05-29,San José,Desamparados,Desamparados,9.911514,-84.085466,Casa de habitación,CRC,368.9,422961.87,84.66,368249.11,1603595.38,188810000,PER-001
AV-2025-003768,4-710515-197,Leasing,2021-07-01,2021-07-08,2021-07-15,Heredia,Belén,San Antonio,9.962565,-84.180712,Apartamento,USD,76.14,1086.05,209.34,1023.34,202.07,297120,PER-002
AV-2025-003769,4-267938-356,Leasing,2025-01-18,2025-01-29,2025-02-03,Heredia,San Rafael,San Rafael,10.019734,-84.068641,Apartamento,USD,90.26,312.56,73.87,1259.96,1967.71,123253,PER-006
AV-2026-003770,1-810892,Seguro,2023-04-13,2023-04-27,2023-05-03,San José,Puriscal,Santiago,9.922691,-84.332351,Finca agrícola,CRC,250075.83,23588.99,10329.06,405500.84,233853651.7,10321332000,PER-004
AV-2024-003771,4-780087,Actualización de garantía,2024-08-31,2024-09-10,2024-09-13,Heredia,Sarapiquí,Puerto Viejo,10.507743,-83.924418,Finca agrícola,CRC,81592.5,24771.78,0.0,0.0,0.0,2021191000,PER-008
AV-2024-003772,4-249964,Contable,2022-01-29,2022-02-17,2022-02-19,Heredia,San Rafael,San Rafael,10.019714,-84.08102,Casa de habitación,CRC,386.1,570352.93,99.28,278034.17,582474.68,248399000,PER-009
AV-2025-003773,1-372667,Actualización de garantía,2025-11-26,2025-12-16,2025-12-25,San José,Escazú,Escazú,9.906739,-84.153902,Casa de habitación,CRC,682.44,985061.13,285.57,600025.31,5673895.86,849268000,PER-004
AV-2025-003774,3-703861-384,Actualización de garantía,2025-06-07,2025-06-13,2025-06-24,Cartago,Paraíso,Paraíso,9.815354,-83.865088,Apartamento,USD,49.68,266.18,83.11,1630.45,7399.21,156130,PER-004
AV-2025-003775,4-965341-254,Actualización de garantía,2025-01-04,2025-01-18,2025-01-28,Heredia,Belén,San Antonio,9.975341,-84.187492,Apartamento,USD,212.59,639.14,366.97,971.23,25276.98,517564,PER-003
AV-2025-003776,1-621831,Leasing,2025-02-04,2025-02-23,2025-03-07,San José,Tibás,San Juan,9.971838,-84.087642,Local comercial,CRC,263.82,739574.42,190.25,739386.38,10210053.91,345993000,PER-002
AV-2024-003777,3-340800-313,Leasing,2024-11-26,2024-12-02,2024-12-07,Cartago,La Unión,Tres Ríos,9.889742,-83.991189,Condominio horizontal,USD,405.39,369.55,142.8,1552.01,4972.6,376412,PER-006
AV-2025-003778,1-343745-062,Leasing,2022-11-28,2022-12-08,2022-12-18,San José,San José,Carmen,-84.071708,9.934487,Apartamento,USD,228.55,677.52,328.01,1323.21,18848.7,607722,PER-009
AV-2024-003779,1-468385,Actualización de garantía,2024-12-16,2024-12-17,2024-12-21,San José,Escazú,Escazú,9.916445,-84.157691,Local comercial,CRC,1316.03,539062.26,1433.11,460774.67,28238415.52,1398001000,PER-003
AV-2026-003780,3-174823-396,Leasing,2025-12-30,2026-01-02,2026-01-12,Cartago,La Unión,Tres Ríos,9.901557,-83.98362,Condominio horizontal,CRC,393.73,110746.91,153.56,757847.15,4785814.76,164765000,PER-001
AV-2026-003781,6-193704,Leasing,2026-01-25,2026-02-10,2026-02-11,Puntarenas,Quepos,Quepos,9.428535,-84.15511,Terreno baldío urbano,CRC,1109.66,277437.41,0.0,0.0,0.0,307861000,PER-005
AV-2024-003782,7-110266,Actualización de garantía,2024-07-25,2024-08-14,2024-08-24,Limón,Talamanca,Cahuita,9.763817,-82.815797,Terreno baldío rural,CRC,7469.55,167705.97,0.0,0.0,0.0,1252688000,PER-006
AV-2024-003783,3-291911,Garantía hipotecaria,2024-09-19,2024-10-01,2024-10-06,Cartago,Cartago,Oriental,9.867137,-83.903692,Edificio de oficinas,USD,1067.07,482.05,3531.17,1175.86,248597.96,4915141,PER-007
AV-2025-003784,3-704349-237,Contable,2022-09-21,2022-10-11,2022-10-18,Cartago,Cartago,Oriental,9.874548,-83.917642,Apartamento,USD,162.81,1078.34,57.11,1592.6,968.96,267487,PER-003
AV-2025-003785,5-259283,Leasing,2025-01-01,2025-01-17,2025-01-27,Guanacaste,Carrillo,Sardinal,10.556858,-85.664771,Terreno baldío urbano,CRC,862.28,179794.8,0.0,0.0,0.0,155033000,PER-002
AV-2024-003786,6-655099,Leasing,2024-05-29,2024-06-16,2024-06-24,Puntarenas,Puntarenas,Puntarenas,9.968814,-84.825685,Casa de habitación,CRC,675.76,534902.53,99.61,556603.3,3889577.67,420799000,PER-001
AV-2026-003787,4-527241,Leasing,2022-02-03,2022-02-17,2022-02-28,Heredia,Sarapiquí,Puerto Viejo,10.369301,-84.026815,Casa de habitación,CRC,603.74,330006.63,356.01,735594.76,12293478.69,473411000,PER-006
AV-2024-003788,4-596607,Leasing,2024-10-13,2024-10-15,2024-10-23,Heredia,Heredia,Heredia,9.993899,-84.118715,Casa de habitación,CRC,411.3,612063.12,145.55,734516.95,1327160.0,359978000,PER-002
AV-2024-003789,1-556148,Leasing,2024-12-14,2024-12-26,2025-01-04,San José,Goicoechea,Guadalupe,9.939303,-84.054447,Casa de habitación,CRC,552.25,619585.74,81.19,306398.0,260182.2,367303000,PER-004
AV-2024-003790,5-781636-164,Garantía hipotecaria,2024-09-30,2024-10-06,2024-10-13,Guanacaste,Carrillo,Sardinal,10.578156,-85.663234,Condominio horizontal,USD,205.56,311.98,134.16,1263.18,213.01,233812,PER-007
AV-2025-003791,2-887660,Seguro,2025-06-23,2025-07-08,2025-07-16,Alajuela,Grecia,Grecia,10.093917,-84.305421,Casa de habitación,CRC,552.84,561719.29,298.45,824657.61,4980201.1,561640000,PER-002
AV-2026-003792,3-343848,Garantía hipotecaria,2025-12-31,2026-01-09,2026-01-21,Cartago,La Unión,Tres Ríos,9.73349,-83.186305,Bodega o nave industrial,USD,9316.71,232.01,4506.31,1275.48,269179.79,8178458,PER-007
AV-2026-003793,3-774246,Actualización de garantía,2025-12-31,2026-01-20,2026-01-21,Cartago,Paraíso,Paraíso,9.842991,-83.85262,Casa de habitación,CRC,674.96,820135.49,310.65,254107.03,1873775.52,634371000,PER-003
AV-2024-003794,5-878703,Contable,2024-11-13,2024-11-20,2024-11-21,Guanacaste,Nicoya,Nicoya,10.127003,-85.421644,Casa de habitación,CRC,435.13,669250.17,205.46,268042.73,1715640.29,347999000,PER-007
AV-2025-003795,2-545184,Leasing,2025-02-16,2025-03-05,2025-03-06,Alajuela,Alajuela,Alajuela,10.030681,-84.196562,Casa de habitación,CRC,1117.18,765124.78,592.74,755142.54,18924367.82,1321310000,PER-001
AV-2024-003796,1-146195,Seguro,2024-11-02,2024-11-08,2026-08-09,San José,Tibás,San Juan,9.968843,-84.091061,Bodega o nave industrial,CRC,8793.68,401888.84,3562.87,475295.33,80004096.36,5307501000,PER-003
AV-2024-003797,4-414872-085,Contable,2024-11-01,2024-11-05,2024-11-09,Heredia,Heredia,Heredia,9.999942,-84.109287,Condominio horizontal,USD,420.5,936.86,85.28,1635.27,3617.32,537023,PER-003
AV-2025-003798,6-369526,Garantía hipotecaria,2025-10-11,2025-10-24,2025-11-01,Puntarenas,Puntarenas,Puntarenas,9.973337,-84.826879,Casa de habitación,CRC,388.65,341012.05,229.39,525152.78,5194938.3,258194000,PER-005
AV-2025-003799,1-626467-233,Garantía hipotecaria,2025-09-30,2025-09-30,2025-10-10,San José,Escazú,Escazú,9.929976,-84.155141,Condominio horizontal,USD,364.25,998.21,159.72,938.8,8813.53,522357,PER-008
AV-2026-003800,5-323560,Garantía hipotecaria,2026-02-16,2026-02-22,2026-02-24,Guanacaste,Carrillo,Sardinal,10.525578,-85.620245,Terreno baldío urbano,CRC,1571.41,99994.89,0.0,0.0,0.0,157133000,PER-009
AV-2025-003801,4-594674,Compraventa,2021-04-13,2021-04-29,2021-05-09,Heredia,Sarapiquí,Puerto Viejo,10.536754,-83.995483,Casa de habitación,CRC,840.66,458807.66,474.26,671967.89,23081148.32,727470000,PER-002
AV-2025-003802,4-848329-023,Leasing,2025-11-25,2025-11-29,2025-12-05,Heredia,Santo Domingo,Santo Domingo,9.971569,-84.076358,Apartamento,USD,147.02,189.16,232.54,671.65,7328.53,191324,PER-005
AV-2025-003803,4-363290,Actualización de garantía,2025-07-06,2025-07-15,2025-07-27,Heredia,Belén,San Antonio,9.978824,-84.185874,Casa de habitación,CRC,677.42,646464.82,236.04,666959.6,8941622.94,604299000,PER-009
AV-2025-003804,4-168847,Garantía hipotecaria,2025-02-08,2025-02-13,2025-02-25,Heredia,Sarapiquí,Puerto Viejo,10.539258,-83.937982,Casa de habitación,USD,360.2,61.84,224.69,959.15,6485.83,244272,PER-006
AV-2025-003805,7-847513,Leasing,2025-10-16,2025-11-05,2025-11-07,Limón,Pococí,Guápiles,10.166218,-83.787545,Local comercial,CRC,341.32,86939.27,431.52,297247.09,4186407.17,162129000,PER-003
AV-2025-003806,5-410892,Garantía hipotecaria,2021-11-01,2021-11-04,2021-11-07,Guanacaste,Liberia,Liberia,10.631944,-85.473187,Casa de habitación,CRC,188.77,387073.08,73.84,365269.7,1248067.96,101287000,PER-004
AV-2024-003807,2-923495,Actualización de garantía,2023-10-25,2023-11-10,2023-11-19,Alajuela,San Carlos,Quesada,10.274035,-84.406924,Local comercial,CRC,343.03,735942.06,685.07,279871.04,6563118.07,450745000,PER-002
AV-2025-003808,2-869841,Garantía hipotecaria,2025-08-20,2025-09-07,2025-09-12,Alajuela,San Ramón,San Ramón,10.092299,-84.45298,Finca agrícola,CRC,260020.35,46277.2,37451.77,336933.33,968179057.82,25619942000,
AV-2025-003809,4-868698,Garantía hipotecaria,2025-02-10,2025-02-21,2025-02-24,Heredia,Sarapiquí,Puerto Viejo,10.380741,-83.996934,Finca agrícola,CRC,62767.93,11984.19,0.0,0.0,0.0,752223000,PER-003
AV-2025-003810,1-515369,Garantía hipotecaria,2025-09-14,2025-10-04,2025-10-07,San José,Escazú,Escazú,9.929022,-84.130523,Casa de habitación,CRC,295.05,888603.53,37.75,292512.31,460639.92,273685000,PER-001
AV-2024-003811,6-703497,Leasing,2024-09-24,2024-10-11,2024-10-13,Puntarenas,Quepos,Quepos,9.465002,-84.185832,Casa de habitación,CRC,247.9,1017951.7,121.95,301428.84,2347705.11,291457000,PER-002
AV-2025-003812,4-754142,Actualización de garantía,2023-01-08,2023-01-25,2023-01-28,Heredia,Santo Domingo,Santo Domingo,9.987976,-84.092184,Terreno baldío urbano,CRC,1165.48,21888.07,0.0,0.0,0.0,25510000,PER-004
AV-2025-003813,1-375191,Garantía hipotecaria,2025-08-05,2025-08-24,2025-08-30,San José,Desamparados,Desamparados,9.892863,-84.061826,Terreno baldío urbano,CRC,290.16,251748.33,0.0,0.0,0.0,73047000,PER-004
AV-2024-003814,4-192556,Garantía hipotecaria,2024-09-16,2024-09-17,2024-09-26,Heredia,San Rafael,San Rafael,10.017577,-84.082203,Terreno baldío urbano,USD,829.03,181.71,0.0,0.0,3185.87,153829,PER-008
AV-2025-003815,3-323839,Seguro,2024-02-09,2024-02-09,2024-02-10,Cartago,Turrialba,Turrialba,9.902199,-83.686605,Terreno baldío urbano,CRC,515.19,106979.49,0.0,0.0,0.0,55115000,PER-004
AV-2025-003816,3-557791,Actualización de garantía,2025-01-09,2025-01-13,2025-01-16,Cartago,Paraíso,Paraíso,9.855337,-83.884399,Casa de habitación,CRC,321.2,850742.33,50.9,405527.5,243897.57,294144000,PER-008
AV-2025-003817,1-282500-043,Garantía hipotecaria,2025-10-29,2025-11-14,2025-11-25,San José,San José,Carmen,9.929025,-84.074061,Condominio horizontal,USD,244.7,787.92,165.97,1491.89,7838.68,448252,PER-006
AV-2025-003818,1-551743,Garantía hipotecaria,2025-03-01,2025-03-20,2025-03-25,San José,Desamparados,Desamparados,9.88237,-84.072893,Casa de habitación,USD,572.12,252.32,330.22,715.12,2490.68,382995,PER-005
AV-2025-003819,1-610583,Actualización de garantía,2025-11-24,2025-12-07,2025-12-15,San José,Montes de Oca,San Pedro,9.927133,-84.049564,Casa de habitación,CRC,486.33,722075.32,140.47,664439.58,3753413.87,448254000,PER-004
AV-2025-003820,3-920061-127,Actualización de garantía,2025-12-13,2025-12-17,2025-12-19,Cartago,Paraíso,Paraíso,9.826539,-83.869612,Apartamento,CRC,120.64,650398.61,75.48,571521.48,3438563.82,125041000,PER-004
AV-2025-003821,1-939387-006,Garantía hipotecaria,2025-08-27,2025-09-09,2025-09-10,San José,Tibás,San Juan,9.949333,-84.068235,Apartamento,USD,82.7,944.84,127.98,722.33,4249.68,174832,PER-001
AV-2025-003822,3-749951,Garantía hipotecaria,2022-04-27,2022-05-10,2022-05-11,Cartago,La Unión,Tres Ríos,9.916055,-83.967129,Casa de habitación,CRC,1164.37,698210.4,223.68,255402.45,2775973.64,872880000,PER-007
AV-2025-003823,4-153328,Leasing,2022-10-09,2022-10-17,2022-10-21,Heredia,Sarapiquí,Puerto Viejo,10.462297,-83.952145,Finca agrícola,CRC,175627.18,20451.32,1966.54,558759.14,39095689.95,4729726000,PER-007
AV-2025-003824,1-153128-268,Actualización de garantía,2025-10-08,2025-10-08,2025-10-09,San José,Santa Ana,Santa Ana,9.95232,-84.188589,Apartamento,USD,74.05,546.47,157.98,1378.31,14318.42,272530,PER-003
AV-2025-003825,4-639092,Actualización de garantía,2025-03-09,2025-03-22,2025-04-01,Heredia,Belén,San Antonio,9.98496,-84.188738,Casa de habitación,USD,891.52,518.49,265.23,540.96,9908.55,615632,PER-006
AV-2025-003826,3-182719,Actualización de garantía,2025-11-28,2025-12-03,2025-12-07,Cartago,Turrialba,Turrialba,9.887431,-83.726165,Casa de habitación,CRC,413.02,478971.72,83.75,352365.61,2193460.64,229529000,PER-006
AV-2024-003827,3-780570-323,Actualización de garantía,2024-12-12,2024-12-17,2024-12-29,Cartago,Cartago,Oriental,9.848859,-83.921423,Apartamento,USD,104.21,845.77,118.82,853.96,216.71,189822,PER-009
AV-2025-003828,5-818775,Leasing,2025-01-29,2025-02-10,2025-02-21,Guanacaste,Carrillo,Sardinal,10.48967,-85.697045,Casa de habitación,CRC,685.01,970666.11,85.57,635034.85,1619630.39,720876000,PER-004
AV-2025-003829,1-223087,Garantía hipotecaria,2025-08-17,2025-09-03,2025-09-09,San José,Puriscal,Santiago,9.830668,-84.320962,Terreno baldío rural,CRC,61842.79,24231.16,0.0,0.0,0.0,1498523000,PER-007
AV-2025-003830,6-802739,Garantía hipotecaria,2025-04-18,2025-04-20,2025-05-01,Puntarenas,Garabito,Jacó,9.63285,-84.591573,Terreno baldío rural,CRC,47340.96,235127.81,0.0,0.0,0.0,11131176000,PER-003
AV-2025-003831,5-838664-331,Garantía hipotecaria,2021-11-01,2021-11-04,2021-11-07,Guanacaste,Carrillo,Sardinal,10.548519,-85.675786,Apartamento,CRC,198.53,151340.51,121.8,642936.84,2578849.42,110934000,PER-001
AV-2026-003832,4-760755,Leasing,2026-01-17,2026-01-21,2026-01-23,Heredia,Santo Domingo,Santo Domingo,9.970337,-84.079349,Casa de habitación,CRC,321.76,707838.56,151.5,528605.91,5537984.49,313376000,PER-009
AV-2025-003833,1-489291,Contable,2025-05-03,2025-05-22,2025-05-27,San José,San José,Carmen,9.941252,-84.082675,Casa de habitación,CRC,693.82,1052334.34,429.42,504274.56,9367698.72,956044000,PER-004
AV-2025-003834,1-194145,Leasing,2025-02-27,2025-03-06,2025-03-08,San José,San José,Carmen,9.93539,-84.070717,Edificio de oficinas,USD,1821.86,997.87,6361.88,1019.94,441763.66,8748479,PER-007
AV-2025-003835,4-468648-392,Actualización de garantía,2025-09-11,2025-10-01,2025-10-04,Heredia,Heredia,Heredia,9.984754,-84.110871,Apartamento,USD,76.48,581.44,94.34,1549.52,3302.2,193952,PER-009
AV-2024-003836,1-468746,Leasing,2024-07-30,2024-08-03,2024-08-12,San José,Goicoechea,Guadalupe,9.95682,-84.043738,Casa de habitación,CRC,819.84,440044.86,311.58,632999.47,2211692.45,560208000,PER-001
AV-2024-003837,1-612605,Leasing,2024-12-06,2024-12-06,2024-12-14,San José,Montes de Oca,San Pedro,9.924484,-84.059467,Edificio de oficinas,USD,1088.3,1034.36,1540.15,724.22,76717.51,2317819,PER-001
AV-2025-003838,6-994806,Actualización de garantía,2025-11-20,2025-11-21,2025-11-26,Puntarenas,Garabito,Jacó,9.617024,-84.637495,Terreno baldío urbano,USD,455.9,2243.77,0.0,0.0,2124.69,1025059,PER-001
AV-2025-003839,1-864405,Compraventa,2025-02-21,2025-02-21,2025-03-05,San José,Goicoechea,Guadalupe,9.943287,-84.043754,Local comercial,CRC,666.75,360842.02,273.79,481844.45,9697537.43,382213000,PER-009
AV-2024-003840,4-805032,Seguro,2024-11-17,2024-11-25,2024-11-28,Heredia,San Rafael,San Rafael,10.006959,-84.097531,Casa de habitación,CRC,583.8,482603.8,85.15,496134.34,1419442.32,325409000,PER-008
AV-2025-003841,4-817689,Seguro,2025-09-27,2025-10-14,2025-10-17,Heredia,Belén,San Antonio,9.98645,-84.180725,Casa de habitación,CRC,821.0,1182537.28,96.36,599680.83,42450.85,1028691000,PER-001
AV-2026-003842,2-752157,Seguro,2023-02-02,2023-02-15,2023-02-25,Alajuela,San Ramón,San Ramón,10.077017,-84.471213,Casa de habitación,CRC,235.83,59948.33,75.42,469628.69,2134832.99,51692000,PER-004
AV-2025-003843,7-995363,Leasing,2025-02-10,2025-03-01,2025-03-11,Limón,Limón,Limón,10.010892,-83.035413,Local comercial,CRC,620.86,662481.35,910.6,607022.31,25976961.71,990040000,PER-001
AV-2025-003844,1-468153,Leasing,2025-07-30,2025-08-16,2025-08-23,San José,Montes de Oca,San Pedro,9.934052,-84.053862,Bodega o nave industrial,USD,4550.14,417.48,3136.22,866.95,113705.27,4732244,PER-003
AV-2026-003845,1-895524,Leasing,2026-02-15,2026-02-24,2026-03-08,San José,Escazú,Escazú,9.912272,-84.135948,Local comercial,CRC,830.77,112510.78,1136.1,258767.86,22369699.01,409826000,PER-009
AV-2024-003846,2-309035,Actualización de garantía,2024-11-21,2024-11-30,2024-12-07,Alajuela,Atenas,Atenas,9.99841,-84.418044,Finca agrícola,CRC,319547.66,22182.0,0.0,0.0,0.0,7088206000,PER-002
AV-2025-003847,5-977169,Contable,2025-01-18,2025-01-26,2025-01-28,Guanacaste,Liberia,Liberia,10.628315,-85.462995,Casa de habitación,CRC,293.55,649076.86,161.03,680783.47,7459535.2,307623000,PER-003
AV-2024-003848,6-707560,Garantía hipotecaria,2024-08-06,2024-08-09,2024-08-20,Puntarenas,Puntarenas,Puntarenas,9.967073,-84.828674,Casa de habitación,USD,772.58,207.57,257.03,1642.38,20789.05,603294,PER-006
AV-2025-003849,5-337466-157,Actualización de garantía,2025-05-06,2025-05-10,2025-05-12,Guanacaste,Carrillo,Sardinal,10.484567,-85.681871,Condominio horizontal,USD,313.58,408.33,69.54,1564.82,8359.07,245221,PER-004
AV-2025-003850,2-218004,Garantía hipotecaria,2025-10-28,2025-11-10,2025-11-15,Alajuela,Grecia,Grecia,10.091135,-84.324938,Local comercial,CRC,2138.52,629615.62,1502.4,506575.79,56820212.89,2019052000,PER-002
AV-2025-003851,3-369618,Contable,2022-12-15,2022-12-19,2022-12-22,Cartago,La Unión,Tres Ríos,9.15574,-83.456587,Casa de habitación,CRC,552.08,652175.72,177.54,485229.59,529475.47,446730000,PER-004
AV-2025-003852,4-464904,Contable,2025-10-16,2025-11-01,2025-11-12,Heredia,Santo Domingo,Santo Domingo,9.975656,-84.074846,Local comercial,CRC,224.26,619600.83,305.98,698674.33,1088171.62,353820000,PER-001
AV-2025-003853,6-319369,Contable,2025-05-02,2025-05-17,2025-05-18,Puntarenas,Puntarenas,Puntarenas,9.988857,-84.851765,Terreno baldío urbano,CRC,412.51,49583.04,0.0,0.0,0.0,20453000,PER-005
AV-2025-003854,4-275152,Actualización de garantía,2025-09-02,2025-09-13,2025-09-21,Heredia,Belén,San Antonio,9.989506,-84.192758,Edificio de oficinas,USD,2934.35,1003.96,10655.58,1292.69,84110.06,16804442,PER-004
AV-2026-003855,7-816312-398,Leasing,2026-01-30,2026-02-15,2026-02-19,Limón,Talamanca,Cahuita,9.74986,-82.847987,Apartamento,USD,79.31,3111.3,47.11,1598.53,2515.49,324579,PER-006
AV-2025-003856,1-187577,Garantía hipotecaria,2025-05-18,2025-06-05,2025-06-09,San José,Santa Ana,Santa Ana,9.938609,-84.174194,Terreno baldío urbano,CRC,1283.3,206062.83,0.0,0.0,0.0,264440000,PER-006
AV-2024-003857,1-661745,Actualización de garantía,2024-08-25,2024-09-13,2024-09-22,San José,Goicoechea,Guadalupe,9.945432,-84.063036,Terreno baldío urbano,CRC,1017.03,1172117.32,0.0,0.0,7005094.71,1199084000,PER-003
AV-2024-003858,1-809650,Garantía hipotecaria,2024-07-22,2024-08-06,2024-08-08,San José,Goicoechea,Guadalupe,9.942381,-84.058075,Local comercial,USD,1757.79,227.28,1405.11,595.75,11802.13,1248407,PER-002
AV-2025-003859,4-861405,Leasing,2025-11-27,2025-12-16,2025-12-19,Heredia,Belén,San Antonio,9.978165,-84.199165,Local comercial,CRC,1419.12,800987.28,2115.91,368827.1,51885410.97,1968987000,PER-004
AV-2025-003860,1-474568,Garantía hipotecaria,2025-07-10,2025-07-27,2025-08-02,San José,San José,Carmen,9.927429,-84.072476,Local comercial,CRC,1913.17,766150.25,2374.68,472183.25,3193887.7,2590254000,PER-005
AV-2025-003861,2-700218,Leasing,2025-08-10,2025-08-13,2025-08-22,Alajuela,Atenas,Atenas,9.985114,-84.380498,Finca agrícola,CRC,35961.17,20755.83,1627.18,568463.84,53337926.81,1724735000,PER-008
AV-2025-003862,3-416185,Actualización de garantía,2025-03-03,2025-03-18,2025-03-23,Cartago,Paraíso,Paraíso,9.858466,-83.891283,Terreno baldío urbano,USD,290.19,245.01,0.0,0.0,0.0,71099,PER-008
AV-2025-003863,3-845024-209,Leasing,2025-09-28,2025-10-01,2025-10-02,Cartago,Cartago,Oriental,9.867504,-83.9148,Apartamento,USD,86.94,676.4,59.8,563.32,851.73,93344,PER-001
AV-2025-003864,3-594692,Garantía hipotecaria,2025-09-28,2025-10-10,2025-10-16,Cartago,Cartago,Oriental,9.864118,-83.920367,Casa de habitación,CRC,497.53,4385153.95,178.97,579374.52,3316464.41,2288753000,PER-003
AV-2025-003865,7-350520,Leasing,2025-07-09,2025-07-12,2025-07-22,Limón,Talamanca,Cahuita,9.719927,-82.895508,Terreno baldío urbano,CRC,417.0,159188.22,0.0,0.0,0.0,66381000,PER-005
AV-2025-003866,1-734355,Seguro,2025-05-14,2025-05-23,2025-06-03,San José,Curridabat,Curridabat,9.913015,-84.021833,Casa de habitación,USD,481.1,1050.12,289.27,709.93,6202.8,716777,PER-009
AV-2025-003867,3-629495,Actualización de garantía,2025-08-28,2025-09-15,2025-09-19,Cartago,La Unión,Tres Ríos,9.899433,-83.976914,Casa de habitación,CRC,217.25,1888983.2,99.86,250533.44,189014.71,435589000,PER-006
AV-2024-003868,1-886804,Actualización de garantía,2024-08-28,2024-09-11,2024-09-20,San José,Goicoechea,Guadalupe,9.935089,-84.05021,Casa de habitación,CRC,474.59,437215.74,263.23,505670.74,9753228.62,350359000,PER-004
AV-2025-003869,3-778190-251,Seguro,2025-08-28,2025-09-03,2025-09-04,Cartago,Paraíso,Paraíso,9.844729,-83.835952,Condominio horizontal,USD,749.16,411.74,552.76,1136.53,46041.55,982729,PER-004
AV-2024-003870,1-936548-084,Garantía hipotecaria,2024-06-27,2024-07-12,2024-07-18,San José,San José,Carmen,9.942496,-84.078427,Apartamento,USD,125.87,1087.44,148.27,924.68,9270.54,283249,PER-009
AV-2025-003871,1-227812,Actualización de garantía,2025-07-03,2025-07-09,2025-07-18,San José,Escazú,Escazú,9.91271,-84.121123,Edificio de oficinas,USD,4371.7,453.95,8458.8,668.35,413129.81,8051102,PER-006
AV-2025-003872,3-514641,Seguro,2023-09-29,2023-10-13,2023-10-22,Cartago,Cartago,Oriental,9.868563,-83.9277,Casa de habitación,CRC,609.2,960048.7,299.22,762378.53,9930296.58,822911000,PER-002
AV-2025-003873,3-609539,Garantía hipotecaria,2022-06-12,2022-06-23,2022-06-27,Cartago,Paraíso,Paraíso,9.82768,-83.839293,Casa de habitación,CRC,345.68,496191.21,139.35,791135.7,2758543.75,284527000,PER-003
AV-2024-003874,4-996589,Garantía hipotecaria,2024-11-28,2024-12-03,2024-12-08,Heredia,Heredia,Heredia,10.006832,-84.10387,Casa de habitación,CRC,678.04,2974254.99,209.36,389323.38,5592030.08,2103765000,PER-001
AV-2024-003875,1-656641,Actualización de garantía,2024-05-29,2024-06-03,2024-06-07,San José,Pérez Zeledón,San Isidro de El General,9.370884,-83.712978,Casa de habitación,USD,560.13,227.58,60.66,1073.38,1144.56,193730,PER-002
AV-2025-003876,1-600006,Leasing,2025-09-22,2025-10-06,2025-10-13,San José,Santa Ana,Santa Ana,9.920828,-84.176371,Casa de habitación,CRC,221.65,1021417.51,143.14,286353.78,1866153.22,269252000,PER-001
AV-2025-003877,7-184159-353,Garantía hipotecaria,2025-08-05,2025-08-12,2025-08-14,Limón,Talamanca,Cahuita,9.772976,-82.798567,Condominio horizontal,USD,642.74,200.27,229.83,1667.26,1435.01,513343,PER-002
AV-2025-003878,2-706489,Actualización de garantía,2025-07-18,2025-07-24,2025-07-25,Alajuela,Grecia,Grecia,10.086272,-84.289668,Terreno baldío urbano,CRC,1149.63,98452.74,0.0,0.0,1032951.89,114217000,PER-005
AV-2025-003879,3-339996,Contable,2025-05-28,2025-06-05,2025-06-12,Cartago,La Unión,Tres Ríos,9.916762,-84.003111,Casa de habitación,USD,861.06,441.74,251.57,1383.94,13232.15,741755,PER-007
AV-2024-003880,4-308635,Actualización de garantía,2024-11-22,2024-11-28,2024-12-10,Heredia,Heredia,Heredia,10.006329,-84.126472,Terreno baldío urbano,CRC,884.87,1821828.35,0.0,0.0,8201936.5,1620283000,PER-009
AV-2025-003881,1-688405,Garantía hipotecaria,2025-11-17,2025-11-26,2025-12-06,San José,Santa Ana,Santa Ana,9.946935,-84.177573,Local comercial,CRC,761.99,646180.21,236.52,484462.78,7048561.69,614017000,PER-001
AV-2025-003882,1-428750,Garantía hipotecaria,2025-05-12,2025-05-25,2025-05-27,San José,Desamparados,Desamparados,9.901125,-84.061584,Casa de habitación,USD,387.26,296.83,148.17,738.28,8712.1,233053,PER-005
AV-2024-003883,7-305375,Seguro,2024-09-02,2024-09-06,2024-09-15,Limón,Pococí,Guápiles,10.263813,-83.757891,Terreno baldío urbano,CRC,1248.27,161403.51,0.0,0.0,0.0,201475000,PER-004
AV-2026-003884,1-518041-062,Contable,2026-01-20,2026-02-04,2026-02-07,San José,Curridabat,Curridabat,9.90632,-84.025306,Apartamento,USD,183.83,875.72,306.44,556.53,11014.35,342541,PER-006
AV-2025-003885,4-854504,Leasing,2025-07-29,2025-08-08,2025-08-11,Heredia,Heredia,Heredia,-84.110056,10.00147,Bodega o nave industrial,USD,1852.09,599.68,779.36,829.5,4829.28,1761970,PER-007
AV-2024-003886,4-565070,Leasing,2024-04-27,2024-05-09,2024-05-21,Heredia,Sarapiquí,Puerto Viejo,10.555057,-83.95875,Casa de habitación,CRC,217.31,400726.21,96.58,281230.47,1019753.55,115263000,PER-002
AV-2025-003887,3-996029-269,Actualización de garantía,2025-09-09,2025-09-19,2025-10-01,Cartago,Paraíso,Paraíso,-83.848949,9.858363,Condominio horizontal,USD,321.95,336.42,177.21,1374.81,10600.34,362541,PER-003
AV-2025-003888,4-649964-392,Contable,2025-07-29,2025-08-02,2025-08-08,Heredia,Belén,San Antonio,9.984102,-84.173989,Apartamento,USD,69.33,864.37,190.72,1323.71,17133.91,329519,PER-009
AV-2025-003889,1-530748,Actualización de garantía,2025-06-08,2025-06-17,2025-06-18,San José,Tibás,San Juan,10.793408,-83.806359,Terreno baldío urbano,CRC,825.06,174743.63,0.0,0.0,741001.97,144915000,PER-005
AV-2025-003890,6-791202,Actualización de garantía,2023-11-30,2023-12-16,2023-12-21,Puntarenas,Puntarenas,Puntarenas,9.976926,-84.8129,Casa de habitación,CRC,183.57,432333.7,82.18,804007.85,3276772.05,148714000,PER-003
AV-2025-003891,3-698946,Garantía hipotecaria,2025-08-23,2025-09-04,2025-09-15,Cartago,Turrialba,Turrialba,9.914376,-83.696392,Finca agrícola,CRC,327410.31,66590.49,0.0,0.0,413155504.84,22215568000,PER-002
AV-2025-003892,3-142965,Leasing,2025-12-20,2025-12-27,2026-01-07,Cartago,Paraíso,Paraíso,9.832891,-83.844713,Terreno baldío urbano,CRC,651.29,28570.49,0.0,0.0,0.0,18608000,PER-007
AV-2024-003893,5-484487-357,Actualización de garantía,2024-07-14,2024-07-29,2024-08-07,Guanacaste,Carrillo,Sardinal,10.69602,-84.909127,Apartamento,CRC,132.27,203653.31,340.07,470330.43,1206230.83,188089000,PER-003
AV-2024-003894,7-551308,Leasing,2024-07-12,2024-07-22,2024-08-02,Limón,Pococí,Guápiles,10.186689,-83.824252,Casa de habitación,CRC,400.42,464020.9,162.23,703479.48,8375183.43,308304000,PER-005
AV-2025-003895,4-287444,Actualización de garantía,2025-10-23,2025-11-04,2025-11-06,Heredia,Heredia,Heredia,9.987212,-84.108219,Casa de habitación,CRC,515.67,669930.65,57.05,536774.45,1337505.36,377424000,PER-003
AV-2025-003896,1-396547,Garantía hipotecaria,2024-01-13,2024-01-30,2024-02-03,San José,Puriscal,Santiago,9.851683,-84.235831,Finca agrícola,USD,132828.26,14.02,0.0,0.0,55584.69,1917837,PER-001
AV-2024-002337,2-684252,Leasing,2023-03-10,2023-03-23,2023-04-04,Alajuela,Grecia,Grecia,10.065177,-84.311289,Local comercial,CRC,1342.26,517915.69,2252.32,342398.83,52928713.52,1519298000,PER-008
AV-2025-003898,1-398481,Actualización de garantía,2025-10-27,2025-11-03,2025-11-15,San José,Tibás,San Juan,9.959513,-84.076395,Casa de habitación,CRC,605.08,869654.09,234.69,542349.78,8003842.41,661498000,PER-005
AV-2025-003899,4-757505,Seguro,2025-07-24,2025-08-09,2025-08-17,Heredia,Heredia,Heredia,10.010888,-84.108949,Terreno baldío urbano,CRC,558.35,374381.03,0.0,0.0,0.0,209036000,PER-001
AV-2025-003900,3-651665,Leasing,2025-10-27,2025-11-07,2025-11-16,Cartago,Cartago,Oriental,9.84805,-83.920925,Terreno baldío urbano,CRC,1394.55,319253.56,0.0,0.0,0.0,445215000,PER-005
AV-2025-003901,1-937003-035,Leasing,2025-09-24,2025-09-26,2025-10-02,San José,San José,Carmen,9.93073,-84.076036,Condominio horizontal,CRC,346.1,523714.54,179.98,735147.87,9398663.54,322968000,PER-004
AV-2025-003902,6-881563,Leasing,2025-06-02,2025-06-15,2025-06-17,Puntarenas,Garabito,Jacó,9.607439,-84.670585,Casa de habitación,CRC,455.21,110247.73,162.02,632200.43,4597370.07,157212000,PER-001
AV-2025-003903,6-985319,Leasing,2025-08-29,2025-08-31,2025-09-10,Puntarenas,Quepos,Quepos,9.479509,-84.180884,Casa de habitación,USD,646.41,1069.97,266.23,1202.64,9116.88,1020935,PER-008
AV-2024-003904,3-145313,Actualización de garantía,2024-12-09,2024-12-16,2024-12-22,Cartago,Paraíso,Paraíso,9.845345,-83.879915,Casa de habitación,CRC,538.03,585601.66,195.37,504304.23,5873389.51,419471000,PER-006
AV-2025-003905,1-446917-238,Leasing,2025-05-26,2025-06-05,2025-06-06,San José,San José,Carmen,9.934439,-84.083839,Apartamento,CRC,75.57,279202.76,199.26,380148.05,2130785.9,98978000,PER-001
AV-2026-003906,1-529554-323,Actualización de garantía,2026-01-28,2026-01-30,2026-02-07,San José,Goicoechea,Guadalupe,9.944375,-84.05367,Apartamento,USD,176.18,158.87,70.15,1203.06,3883.3,116268,PER-007
AV-2025-003907,4-895870,Leasing,2025-08-29,2025-09-08,2025-09-09,Heredia,Sarapiquí,Puerto Viejo,10.446806,-83.921174,Finca agrícola,CRC,45427.54,101810.13,0.0,0.0,13687572.17,4638671000,PER-003
AV-2025-003908,2-276635,Garantía hipotecaria,2025-11-13,2025-11-26,2025-12-03,Alajuela,San Carlos,Quesada,10.352917,-84.399462,Casa de habitación,CRC,939.41,658816.98,466.87,622371.33,16938858.93,926405000,PER-009
AV-2026-003909,1-674997-321,Leasing,2022-01-19,2022-01-28,2022-02-02,San José,Curridabat,Curridabat,9.913582,-84.044265,Condominio horizontal,USD,215.28,997.27,147.53,740.3,2521.16,326430,PER-004
AV-2025-003910,4-406954,Actualización de garantía,2025-01-12,2025-01-12,2025-01-21,Heredia,Heredia,Heredia,9.992143,-84.105611,Edificio de oficinas,CRC,428.74,4177030.67,1572.15,825387.41,53425657.97,3141919000,PER-003
AV-2025-003911,2-968549,Garantía hipotecaria,2025-01-02,2025-01-11,2025-01-18,Alajuela,Alajuela,Alajuela,10.020443,-84.196021,Casa de habitación,CRC,802.93,541251.48,345.48,580520.58,15084652.15,650230000,PER-002
AV-2024-003912,4-558176,Actualización de garantía,2024-06-12,2024-06-23,2024-07-03,Heredia,Sarapiquí,Puerto Viejo,10.526052,-83.923662,Finca agrícola,CRC,217612.18,20161.15,8285.02,651549.93,125311457.48,9910727000,PER-008
AV-2026-003913,3-321960,Garantía hipotecaria,2026-01-08,2026-01-14,2026-01-21,Cartago,La Unión,Tres Ríos,9.904672,-83.997174,Local comercial,CRC,2272.29,804084.37,1132.15,840734.21,35299791.42,2814250000,PER-001
AV-2025-003914,5-415605-025,Leasing,2025-04-06,2025-04-08,2025-04-13,Guanacaste,Carrillo,Sardinal,10.508531,-85.667945,Apartamento,USD,83.52,2651.58,84.93,975.33,5993.86,310289,PER-009
AV-2024-003915,1-224116,Contable,2024-11-13,2024-11-21,2024-11-24,San José,Goicoechea,Guadalupe,9.950785,-84.065608,Local comercial,CRC,1684.45,620476.25,2120.52,344464.78,52797515.83,1828403000,PER-003
AV-2024-003916,3-648997-265,Actualización de garantía,2022-12-17,2022-12-31,2023-01-01,Cartago,Paraíso,Paraíso,9.840823,-83.888127,Apartamento,USD,106.19,292.91,111.66,548.19,3933.36,104546,PER-003
AV-2024-003917,1-707651-070,Garantía hipotecaria,2024-08-22,2024-08-28,2024-09-04,San José,Escazú,Escazú,9.908557,-84.137279,Apartamento,USD,128.0,625.39,368.88,1195.14,4271.97,525185,PER-004
AV-2025-003918,1-325713,Compraventa,2025-05-03,2025-05-21,2025-05-29,San José,Desamparados,Desamparados,9.886224,-84.052378,Bodega o nave industrial,USD,4746.38,406.49,1400.57,517.44,7965.56,2662033,PER-007
AV-2025-003919,4-879589,Compraventa,2025-09-07,2025-09-09,2025-09-11,Heredia,Santo Domingo,Santo Domingo,9.99417,-84.097956,Local comercial,CRC,630.47,378716.43,759.0,792649.07,30543951.26,870934000,PER-005
AV-2025-003920,7-796497,Leasing,2025-07-18,2025-07-23,2025-08-03,Limón,Limón,Limón,9.986736,-83.037112,Casa de habitación,USD,548.09,85.84,336.26,1281.67,11045.84,489068,PER-009
AV-2025-003921,4-225510,Actualización de garantía,2025-09-06,2025-09-16,2025-09-28,Heredia,Santo Domingo,Santo Domingo,9.985535,-84.096728,Casa de habitación,CRC,347.31,825529.37,173.93,522556.29,4834200.23,382437000,PER-004
AV-2024-003922,1-919989,Garantía hipotecaria,2021-08-06,2021-08-21,2021-08-26,San José,Montes de Oca,San Pedro,10.464291,-84.558229,Local comercial,CRC,759.07,485151.9,786.05,353697.05,4288567.43,650576000,PER-003
AV-2025-003923,5-396708,Garantía hipotecaria,2025-10-12,2025-10-20,2025-10-23,Guanacaste,Nicoya,Nicoya,10.150362,-85.402522,Casa de habitación,CRC,447.72,521992.15,64.58,657161.82,2969507.09,279115000,PER-003
AV-2025-003924,1-950043-355,Garantía hipotecaria,2022-09-22,2022-09-28,2022-10-01,San José,Santa Ana,Santa Ana,10.335247,-84.440728,Apartamento,USD,226.55,639.48,195.45,698.96,8352.78,289839,PER-003
AV-2024-003925,7-881018,Leasing,2024-01-28,2024-02-14,2024-02-19,Limón,Limón,Limón,9.963071,-83.023207,Local comercial,CRC,371.11,2814722.73,705.7,450592.84,19797329.76,1382352000,PER-009
AV-2024-003926,1-803830,Contable,2024-10-12,2024-10-17,2024-10-28,San José,San José,Carmen,9.941077,-84.076721,Casa de habitación,CRC,638.6,2796618.81,178.23,793691.97,4750083.89,1932131000,PER-008
AV-2025-003927,4-857820-207,Leasing,2025-09-24,2025-09-24,2025-09-27,Heredia,Heredia,Heredia,9.9988,-84.102753,Apartamento,CRC,141.31,1271252.07,366.99,804462.86,5589172.27,480460000,PER-002
AV-2024-003928,4-190235-030,Actualización de garantía,2024-08-20,2024-08-21,2024-08-28,Heredia,Heredia,Heredia,9.305246,-83.735522,Apartamento,USD,116.73,994.61,278.46,557.53,2793.21,274144,PER-001
AV-2024-003929,4-548520,Leasing,2024-08-30,2024-09-04,2024-09-05,Heredia,Sarapiquí,Puerto Viejo,10.40968,-83.940078,Casa de habitación,USD,406.62,19.87,144.4,1502.62,13250.74,238309,PER-005
AV-2025-003930,3-870336,Actualización de garantía,2025-05-25,2025-06-13,2025-06-14,Cartago,Turrialba,Turrialba,9.952248,-83.686955,Terreno baldío urbano,USD,1083.74,283.53,0.0,0.0,0.0,307273,PER-001
AV-2025-003931,3-427070,Leasing,2025-03-30,2025-04-08,2025-04-16,Cartago,La Unión,Tres Ríos,9.896129,-83.995819,Terreno baldío urbano,CRC,1687.96,97403.5,0.0,0.0,0.0,164413000,PER-009
AV-2025-003932,3-248619,Contable,2025-03-03,2025-03-11,2025-03-20,Cartago,Cartago,Oriental,9.878827,-83.919165,Terreno baldío urbano,CRC,434.38,312519.03,0.0,0.0,0.0,135752000,PER-003
AV-2025-003933,2-565538-151,Contable,2022-07-08,2022-07-24,2022-07-27,Alajuela,Alajuela,Alajuela,10.028985,-84.200393,Condominio horizontal,USD,501.92,925.8,208.98,1499.07,16145.39,794099,PER-003
AV-2025-003934,1-928819,Compraventa,2025-04-18,2025-05-01,2025-05-05,San José,Santa Ana,Santa Ana,9.93974,-84.199347,Local comercial,CRC,503.05,1092798.23,854.34,264730.82,9414938.97,785317000,PER-007
AV-2025-003935,1-760221-384,Actualización de garantía,2023-03-21,2023-03-21,2023-03-28,San José,Escazú,Escazú,10.237908,-84.480561,Condominio horizontal,USD,237.49,490.89,148.74,1370.13,667.25,321042,PER-003
AV-2024-003936,1-626862,Actualización de garantía,2024-11-20,2024-12-03,2024-12-15,San José,Puriscal,Santiago,9.870589,-84.325976,Terreno baldío rural,CRC,32843.15,38972.82,0.0,0.0,38359769.57,1318350000,PER-007
AV-2026-003937,1-127018-027,Actualización de garantía,2026-02-22,2026-02-25,2026-02-27,San José,Tibás,San Juan,9.96752,-84.077501,Apartamento,USD,136.35,854.14,62.78,1554.33,214.75,214258,PER-001
AV-2025-003938,3-756269,Actualización de garantía,2025-10-19,2025-10-22,2025-11-01,Cartago,Paraíso,Paraíso,9.833137,-83.857169,Casa de habitación,CRC,327.88,443224.79,79.48,327496.95,1287758.41,172642000,PER-009
AV-2025-003939,1-354194-077,Actualización de garantía,2025-05-23,2025-05-31,2025-06-09,San José,Desamparados,Desamparados,9.907701,-84.059923,Condominio horizontal,USD,427.38,238.43,193.41,1574.27,24012.62,430392,PER-002
AV-2025-003940,3-472102-347,Seguro,2025-08-08,2025-08-16,2025-08-24,Cartago,Paraíso,Paraíso,9.855697,-83.844641,Condominio horizontal,USD,284.02,199.19,156.29,1238.08,13149.72,263223,PER-009
AV-2024-003941,6-500235,Actualización de garantía,2024-04-09,2024-04-26,2024-05-01,Puntarenas,Puntarenas,Puntarenas,9.966587,-84.837638,Casa de habitación,CRC,418.69,288503.95,137.74,384229.43,4232112.3,177950000,PER-001
AV-2025-003942,4-153104,Leasing,2022-09-12,2022-09-15,2022-09-23,Heredia,Belén,San Antonio,9.989526,-84.179433,Local comercial,CRC,2038.67,829928.66,874.92,731258.69,17344717.22,2349088000,PER-007
AV-2025-003943,1-714627,Garantía hipotecaria,2022-03-11,2022-03-21,2022-03-30,San José,Goicoechea,Guadalupe,9.936218,-84.055289,Casa de habitación,CRC,311.06,3295650.68,141.97,754292.39,8133615.41,1140366000,PER-008
AV-2025-003944,3-231843-116,Leasing,2025-08-04,2025-08-04,2025-08-05,Cartago,Cartago,Oriental,9.851435,-83.90936,Condominio horizontal,USD,498.62,414.88,356.98,1281.28,7527.52,671786,PER-002
AV-2025-003945,3-138503-043,Actualización de garantía,2025-09-05,2025-09-18,2025-09-20,Cartago,Cartago,Oriental,9.876019,-83.919799,Apartamento,USD,95.77,491.6,78.35,1656.5,5594.08,182461,PER-003
AV-2025-003946,4-100694,Leasing,2025-05-24,2025-05-31,2025-06-09,Heredia,Santo Domingo,Santo Domingo,9.968926,-84.088275,Casa de habitación,CRC,449.15,2783677.87,300.92,831403.58,9083584.62,1509558000,PER-009
AV-2024-003947,1-182449,Leasing,2024-10-29,2024-11-11,2024-11-14,San José,Santa Ana,Santa Ana,9.92562,-84.166959,Bodega o nave industrial,USD,9538.07,1100.76,5328.01,1561.8,320108.86,19140521,PER-003
AV-2024-003948,3-876103,Actualización de garantía,2024-09-15,2024-09-30,2024-10-07,Cartago,Paraíso,Paraíso,9.832079,-83.89232,Casa de habitación,CRC,566.57,633316.72,118.55,592969.34,3956537.39,433071000,PER-007
AV-2024-003949,4-911292,Garantía hipotecaria,2024-11-06,2024-11-18,2024-11-23,Heredia,Belén,San Antonio,9.992634,-84.176664,Terreno baldío urbano,CRC,210.43,452361.87,0.0,0.0,2195374.73,97386000,PER-003
AV-2025-003950,1-559908,Garantía hipotecaria,2025-03-31,2025-04-12,2025-04-17,San José,Puriscal,Santiago,9.520657,-83.93385,Terreno baldío rural,USD,14616.23,53.6,0.0,0.0,0.0,783430,PER-005
AV-2024-003951,1-232150,Actualización de garantía,2024-09-10,2024-09-17,2024-09-23,San José,Puriscal,Santiago,9.8126,-84.352573,Terreno baldío rural,CRC,56902.95,65403.17,0.0,0.0,23288287.95,3744922000,PER-001
AV-2025-003952,1-928408-232,Actualización de garantía,2024-12-18,2025-01-03,2025-01-12,San José,Escazú,Escazú,9.907813,-84.143984,Apartamento,USD,159.23,838.4,464.66,1540.66,11638.01,861020,PER-001
AV-2026-003953,3-445310,Leasing,2026-02-22,2026-02-25,2026-03-09,Cartago,Turrialba,Turrialba,9.362838,-83.618017,Bodega o nave industrial,USD,1162.81,221.99,259.94,537.27,9507.92,407298,PER-003
AV-2026-003954,1-172461,Leasing,2026-01-20,2026-02-09,2026-02-13,San José,Pérez Zeledón,San Isidro de El General,9.316228,-83.684032,Terreno baldío rural,USD,39260.52,130.15,0.0,0.0,0.0,5109757,PER-001
AV-2024-003955,6-981472-289,Actualización de garantía,2024-11-20,2024-12-03,2024-12-10,Puntarenas,Quepos,Quepos,9.401641,-84.177014,Condominio horizontal,USD,583.76,376.4,449.14,1108.47,13517.03,731103,PER-008
AV-2024-003956,1-972646,Actualización de garantía,2024-12-05,2024-12-05,2024-12-16,San José,Tibás,San Juan,9.970914,-84.067901,Terreno baldío urbano,CRC,282.78,193105.91,0.0,0.0,0.0,54606000,PER-004
AV-2025-003957,1-991122-012,Garantía hipotecaria,2025-06-14,2025-07-02,2025-07-05,San José,Montes de Oca,San Pedro,9.041352,-83.799676,Condominio horizontal,USD,263.49,503.78,75.39,727.52,1371.73,188960,PER-007
AV-2025-003958,1-119110,Garantía hipotecaria,2025-09-19,2025-10-07,2025-10-09,San José,Escazú,Escazú,9.915219,-84.11899,Casa de habitación,CRC,576.0,633778.51,135.4,641608.46,5732243.2,457662000,PER-003
AV-2025-003959,4-537995,Leasing,2025-04-17,2025-05-06,2025-05-11,Heredia,Santo Domingo,Santo Domingo,9.992484,-84.09256,Casa de habitación,CRC,268.98,496043.1,31.69,621942.98,1106272.83,154241000,PER-002
AV-2025-003960,2-518223,Actualización de garantía,2025-10-09,2025-10-18,2025-10-25,Alajuela,Grecia,Grecia,10.101957,-84.291641,Casa de habitación,USD,917.45,214.46,449.41,510.61,558.77,426788,PER-007
AV-2024-003961,1-408286,Garantía hipotecaria,2023-12-05,2023-12-09,2023-12-12,San José,Escazú,Escazú,9.911053,-84.126771,Edificio de oficinas,CRC,4667.17,1278801.63,23466.91,812633.23,33088677.55,25071464000,PER-001
AV-2025-003962,1-795214,Seguro,2025-04-11,2025-04-25,2025-05-02,San José,Santa Ana,Santa Ana,9.943216,-84.169986,Terreno baldío urbano,CRC,1318.25,419611.26,0.0,0.0,0.0,553153000,PER-006
AV-2025-003963,6-465351,Garantía hipotecaria,2025-01-03,2025-01-06,2025-01-18,Puntarenas,Quepos,Quepos,9.389202,-84.163252,Casa de habitación,CRC,564.84,977308.25,307.31,410962.48,2549102.09,680865000,PER-001
AV-2026-003964,7-362171,Garantía hipotecaria,2026-02-11,2026-02-18,2026-02-24,Limón,Pococí,Guápiles,10.252495,-83.823237,Casa de habitación,CRC,513.67,678834.51,279.67,270220.62,4320555.31,428590000,PER-004
AV-2026-003965,2-679511,Leasing,2025-12-21,2026-01-10,2026-01-17,Alajuela,Grecia,Grecia,10.073034,-84.279205,Terreno baldío urbano,CRC,778.5,12248.76,0.0,0.0,0.0,9536000,PER-003
AV-2025-003966,3-379823,Garantía hipotecaria,2025-12-10,2025-12-13,2025-12-25,Cartago,Paraíso,Paraíso,9.837531,-83.87295,Bodega o nave industrial,USD,8486.97,272.88,3206.13,1170.51,243145.77,6311877,PER-001
AV-2025-003967,4-517999-246,Garantía hipotecaria,2025-11-16,2025-11-26,2025-12-04,Heredia,Heredia,Heredia,10.005372,-84.113733,Condominio horizontal,USD,205.37,906.04,161.91,1344.88,1002.02,404825,PER-005
AV-2024-003968,4-989106,Leasing,2024-05-24,2024-05-25,2024-06-01,Heredia,Belén,San Antonio,9.986316,-84.175202,Local comercial,CRC,310.67,910839.04,262.0,637353.07,6377149.46,456334000,PER-008
AV-2025-003969,2-392222,Actualización de garantía,2021-04-21,2021-04-27,2021-05-02,Alajuela,Upala,Upala,10.916377,-84.936205,Finca agrícola,CRC,65480.36,13919.5,0.0,0.0,0.0,911454000,PER-002
AV-2025-003970,1-760448,Leasing,2022-08-23,2022-09-10,2022-09-21,San José,Pérez Zeledón,San Isidro de El General,9.362067,-83.701536,Terreno baldío urbano,CRC,1107.3,131736.92,0.0,0.0,4243342.18,150116000,PER-003
AV-2025-003971,5-574621,Garantía hipotecaria,2025-06-30,2025-07-09,2025-07-21,Guanacaste,Liberia,Liberia,10.594923,-85.443889,Casa de habitación,CRC,570.94,448066.73,186.6,330028.9,1143955.88,318547000,PER-006
AV-2025-003972,4-798531,Actualización de garantía,2025-07-12,2025-07-15,2025-07-18,Heredia,Belén,San Antonio,9.985334,-84.193442,Terreno baldío urbano,CRC,1356.94,914940.63,0.0,0.0,0.0,1241520000,PER-008
AV-2024-003973,4-846031-095,Contable,2024-10-27,2024-10-19,2024-10-26,Heredia,San Rafael,San Rafael,10.021517,-84.085399,Condominio horizontal,USD,236.92,326.87,182.94,1344.01,4028.14,327343,PER-007
AV-2024-003974,2-634251,Leasing,2022-08-10,2022-08-11,2022-08-16,Alajuela,San Ramón,San Ramón,10.084551,-84.459397,Terreno baldío rural,CRC,35082.01,94861.36,0.0,0.0,58931076.75,3386858000,PER-007
AV-2024-003975,1-792300,Leasing,2024-08-10,2024-08-30,2024-09-07,San José,Santa Ana,Santa Ana,9.940589,-84.171779,Casa de habitación,CRC,685.5,518870.47,446.62,250015.3,6397915.73,473745000,PER-001
AV-2026-003976,1-749883,Leasing,2023-06-09,2023-06-24,2023-06-27,San José,Santa Ana,Santa Ana,9.934725,-84.203479,Local comercial,CRC,1822.3,1271855.92,1394.35,552728.67,7797344.63,3096198000,PER-002
AV-2024-003977,1-661928,Leasing,2024-01-03,2024-01-12,2024-01-14,San José,Curridabat,Curridabat,9.916423,-84.033421,Bodega o nave industrial,USD,2171.81,473.38,1216.14,689.75,30403.18,1897327,PER-005
AV-2025-003978,4-760638,Garantía hipotecaria,2022-08-19,2022-09-08,2022-09-19,Heredia,Belén,San Antonio,9.983542,-84.188886,Casa de habitación,CRC,227.51,847722.17,117.07,276041.43,2575861.12,227757000,PER-009
AV-2025-003979,7-895314,Compraventa,2025-06-11,2025-07-01,2025-07-13,Limón,Limón,Limón,10.008811,-83.019188,Local comercial,CRC,1137.14,665450.53,1140.05,666801.28,33998115.25,1550895000,PER-002
AV-2025-003980,2-301215-185,Garantía hipotecaria,2025-10-28,2025-10-29,2025-11-05,Alajuela,Alajuela,Alajuela,10.002109,-84.204161,Apartamento,USD,185.1,808.34,381.35,1297.76,15650.34,660175,PER-009
AV-2025-003981,4-576888-332,Compraventa,2025-12-12,2025-12-29,2026-01-08,Heredia,Heredia,Heredia,10.011513,-84.111715,Apartamento,USD,75.56,736.85,128.9,535.15,4621.17,129278,PER-009
AV-2024-003982,1-167697,Garantía hipotecaria,2024-08-04,2024-08-18,2024-08-20,San José,Goicoechea,Guadalupe,9.938277,-84.043748,Casa de habitación,CRC,269.16,505764.93,72.05,831281.53,2221368.52,198247000,PER-008
AV-2025-003983,6-902676,Contable,2025-05-04,2025-05-23,2025-06-02,Puntarenas,Quepos,Quepos,9.461666,-84.193781,Casa de habitación,CRC,220.15,1023222.75,143.76,255312.25,2576468.04,264543000,PER-001
AV-2025-003984,4-303603,Garantía hipotecaria,2025-02-07,2025-02-09,2025-02-14,Heredia,Belén,San Antonio,9.979617,-84.18293,Edificio de oficinas,USD,1743.61,831.15,2820.69,734.84,143139.82,3665097,PER-004
AV-2024-003985,4-875270,Garantía hipotecaria,2024-09-24,2024-10-10,2024-10-20,Heredia,Belén,San Antonio,9.981495,-84.187791,Terreno baldío urbano,CRC,473.55,405751.14,0.0,0.0,1832292.84,193976000,PER-008
AV-2025-003986,2-301662,Leasing,2025-09-22,2025-09-27,2025-10-07,Alajuela,Alajuela,Alajuela,10.002349,-84.225048,Local comercial,CRC,906.99,1227388.21,1716.68,254163.87,10909112.57,1560456000,PER-007
AV-2026-003987,2-973917,Actualización de garantía,2026-02-06,2026-02-08,2026-02-12,Alajuela,Alajuela,Alajuela,10.007736,-84.227733,Casa de habitación,CRC,417.71,592061.2,229.83,581673.02,6207394.75,387203000,PER-005
AV-2025-003988,1-492353,Actualización de garantía,2025-09-09,2025-09-22,2025-10-01,San José,Goicoechea,Guadalupe,9.952435,-84.042101,Casa de habitación,CRC,1104.79,795703.06,456.72,594864.02,8251001.84,1159022000,PER-007
AV-2025-003989,5-715484,Contable,2025-11-07,2025-11-25,2025-12-07,Guanacaste,Liberia,Liberia,10.625417,-85.404053,Casa de habitación,CRC,216.58,633442.25,96.13,809850.73,4701623.65,219743000,PER-006
AV-2025-003990,3-784103,Leasing,2023-03-19,2023-03-30,2023-04-05,Cartago,La Unión,Tres Ríos,9.895917,-83.986464,Local comercial,CRC,264.98,759867.59,344.89,814555.83,20389746.51,502672000,PER-003
AV-2025-003991,6-565096,Leasing,2025-04-05,2025-04-14,2025-04-21,Puntarenas,Puntarenas,Puntarenas,10.000169,-84.839846,Casa de habitación,CRC,394.75,542121.01,274.39,394891.94,5885005.91,328242000,PER-005
AV-2025-003992,3-854879,Actualización de garantía,2025-07-03,2025-07-06,2025-07-14,Cartago,Cartago,Oriental,9.872,-83.917798,Local comercial,USD,1795.9,1074.41,3312.69,1618.79,357266.13,7649348,PER-001
AV-2025-003993,3-732767,Garantía hipotecaria,2025-02-16,2025-02-17,2025-02-25,Cartago,Paraíso,Paraíso,9.820078,-83.881956,Casa de habitación,CRC,477.42,614992.21,178.29,663749.93,3934902.15,415884000,PER-001
AV-2025-003994,7-384654,Actualización de garantía,2025-07-25,2025-07-31,2025-08-01,Limón,Talamanca,Cahuita,9.774195,-82.895616,Casa de habitación,CRC,422.44,496428.33,235.1,571011.0,2560336.21,346516000,PER-006
AV-2026-003995,1-625847,Seguro,2026-01-24,2026-02-13,2026-02-16,San José,Tibás,San Juan,9.975851,-84.080743,Bodega o nave industrial,CRC,18507.66,528326.03,10945.35,783877.91,52476222.46,18410373000,PER-004
AV-2025-003996,3-952607,Garantía hipotecaria,2025-08-04,2025-08-19,2025-08-28,Cartago,Turrialba,Turrialba,9.880412,-83.686897,Bodega o nave industrial,USD,3031.42,162.1,1009.87,1448.46,48901.48,2003051,PER-002
AV-2025-003997,4-506797-230,Seguro,2025-03-27,2025-04-12,2025-04-19,Heredia,Santo Domingo,Santo Domingo,9.967993,-84.079459,Apartamento,USD,128.16,296.12,43.09,1360.17,2766.72,99327,PER-008
AV-2024-003998,5-371541,Leasing,2024-05-27,2024-06-02,2024-06-05,Guanacaste,Carrillo,Sardinal,10.535044,-85.650489,Casa de habitación,CRC,717.74,666119.3,172.13,558242.83,4288799.88,578480000,PER-001
AV-2025-003999,2-403775,Leasing,2025-10-07,2025-10-14,2025-10-19,Alajuela,Grecia,Grecia,10.045283,-84.291716,Casa de habitación,CRC,1019.93,415057.68,448.05,575156.79,15710472.84,696739000,PER-009
AV-2026-004000,3-104287,Garantía hipotecaria,2026-01-23,2026-02-07,2026-02-10,Cartago,Cartago,Oriental,9.85692,-83.921035,Edificio de oficinas,USD,1838.1,880.34,5537.5,1289.5,97268.76,8856028,PER-005
