corte,id_credito,id_avaluo,moneda,saldo,fecha_desembolso,estado
2026-03,CR-000000,AV-2025-000001,USD,288588.48,2025-05-31,VIGENTE
2026-04,CR-000000,AV-2025-000001,USD,286336.52,2025-05-03,VIGENTE
2026-03,CR-000001,AV-2025-000002,CRC,46420275.74,2025-02-12,VIGENTE
2026-04,CR-000001,AV-2025-000002,CRC,46182816.09,2025-03-09,VIGENTE
2026-03,CR-000002,AV-2025-000003,CRC,114232825.48,2025-06-01,VIGENTE
2026-04,CR-000002,AV-2025-000003,CRC,112956981.59,2025-05-23,VIGENTE
2026-03,CR-000003,AV-2024-000004,USD,184871.54,2025-01-18,VIGENTE
2026-04,CR-000003,AV-2024-000004,USD,183460.59,2025-01-30,VIGENTE
2026-03,CR-000004,AV-2025-000005,CRC,178500211.71,2025-08-28,VIGENTE
2026-04,CR-000004,AV-2025-000005,CRC,177806430.01,2025-08-01,VIGENTE
2026-03,CR-000005,AV-2024-000006,CRC,1020381663.8,2025-01-21,VIGENTE
2026-04,CR-000005,AV-2024-000006,CRC,1012019134.71,2024-12-28,VIGENTE
2026-03,CR-000006,AV-2026-000007,USD,714793.49,2026-03-08,VIGENTE
2026-04,CR-000006,AV-2026-000007,USD,712363.12,2026-03-20,VIGENTE
2026-03,CR-000007,AV-2024-000008,CRC,145441751.9,2024-09-07,VIGENTE
2026-04,CR-000007,AV-2024-000008,CRC,144164346.0,2024-09-06,VIGENTE
2026-03,CR-000008,AV-2025-000009,CRC,165336556.55,2025-10-19,VIGENTE
2026-04,CR-000008,AV-2025-000009,CRC,164379640.33,2025-10-14,VIGENTE
2026-03,CR-000009,AV-2025-000010,CRC,137362831.24,2025-10-25,VIGENTE
2026-04,CR-000009,AV-2025-000010,CRC,136171062.89,2025-10-11,VIGENTE
2026-03,CR-000010,AV-2024-000011,CRC,257400067.33,2024-12-02,VIGENTE
2026-04,CR-000010,AV-2024-000011,CRC,256176360.73,2024-10-30,VIGENTE
2026-03,CR-000011,AV-2025-000012,CRC,43991763.1,2026-01-26,VIGENTE
2026-04,CR-000011,AV-2025-000012,CRC,43743032.33,2026-01-20,VIGENTE
2026-03,CR-000012,AV-2025-000013,USD,5646669.76,2026-01-07,VIGENTE
2026-04,CR-000012,AV-2025-000013,USD,5613013.46,2026-01-18,VIGENTE
2026-03,CR-000013,AV-2025-000014,USD,237244.35,2025-10-07,VIGENTE
2026-04,CR-000013,AV-2025-000014,USD,235958.18,2025-08-31,VIGENTE
2026-03,CR-000016,AV-2025-000017,CRC,732049005.99,2025-06-20,VIGENTE
2026-04,CR-000016,AV-2025-000017,CRC,725679249.26,2025-06-20,VIGENTE
2026-03,CR-000017,AV-2026-000018,CRC,1209637764.98,2026-03-15,VIGENTE
2026-04,CR-000017,AV-2026-000018,CRC,1197941746.79,2026-03-23,VIGENTE
2026-03,CR-000018,AV-2026-000019,USD,448753.87,2026-03-03,VIGENTE
2026-04,CR-000018,AV-2026-000019,USD,0.0,2026-01-30,CANCELADO
2026-03,CR-000019,AV-2026-000020,CRC,324179176.39,2026-02-05,VIGENTE
2026-04,CR-000019,AV-2026-000020,CRC,320867780.88,2026-01-31,VIGENTE
2026-03,CR-000020,AV-2025-000021,CRC,209736513.94,2025-12-30,VIGENTE
2026-04,CR-000020,AV-2025-000021,CRC,208530615.09,2025-12-30,VIGENTE
2026-03,CR-000021,AV-2025-000022,USD,680789.87,2026-02-09,VIGENTE
2026-04,CR-000021,AV-2025-000022,USD,675834.07,2026-02-09,VIGENTE
2026-03,CR-000023,AV-2025-000024,CRC,226167388.54,2025-12-09,VIGENTE
2026-04,CR-000023,AV-2025-000024,CRC,224653161.32,2025-12-01,VIGENTE
2026-03,CR-000025,AV-2024-000026,USD,854564.37,2024-11-25,VIGENTE
2026-04,CR-000025,AV-2024-000026,USD,848230.19,2024-12-09,VIGENTE
2026-03,CR-000026,AV-2025-000027,USD,519414.31,2025-12-18,VIGENTE
2026-04,CR-000026,AV-2025-000027,USD,514819.99,2025-11-23,VIGENTE
2026-03,CR-000027,AV-2025-000028,CRC,536947632.16,2025-10-23,VIGENTE
2026-04,CR-000027,AV-2025-000028,CRC,533754493.9,2025-11-27,VIGENTE
2026-03,CR-000030,AV-2025-000031,CRC,410900625.66,2025-11-06,VIGENTE
2026-04,CR-000030,AV-2025-000031,CRC,407643120.02,2025-10-11,VIGENTE
2026-03,CR-000031,AV-2025-000032,USD,1232591.17,2025-08-18,VIGENTE
2026-04,CR-000031,AV-2025-000032,USD,0.0,2025-07-26,CANCELADO
2026-03,CR-000035,AV-2026-000036,CRC,377619173.67,2026-02-27,VIGENTE
2026-04,CR-000035,AV-2026-000036,CRC,373605148.78,2026-03-01,VIGENTE
2026-03,CR-000036,AV-2025-000037,CRC,61902184.1,2025-08-16,VIGENTE
2026-04,CR-000036,AV-2025-000037,CRC,61477056.56,2025-09-01,VIGENTE
2026-03,CR-000037,AV-2026-000038,USD,1251802.86,2026-01-26,VIGENTE
2026-04,CR-000037,AV-2026-000038,USD,1246324.76,2026-01-25,VIGENTE
2026-03,CR-000038,AV-2025-000039,CRC,450914066.85,2025-12-28,VIGENTE
2026-04,CR-000038,AV-2025-000039,CRC,0.0,2025-12-17,CANCELADO
2026-03,CR-000040,AV-2024-000041,CRC,63766249.42,2024-12-11,VIGENTE
2026-04,CR-000040,AV-2024-000041,CRC,63051735.77,2025-01-26,VIGENTE
2026-03,CR-000041,AV-2025-000042,USD,505450.61,2025-03-23,VIGENTE
2026-04,CR-000041,AV-2025-000042,USD,503711.07,2025-02-19,VIGENTE
2026-03,CR-000042,AV-2025-000043,CRC,746315591.67,2026-02-05,VIGENTE
2026-04,CR-000042,AV-2025-000043,CRC,741258324.6,2026-01-02,VIGENTE
2026-03,CR-000043,AV-2025-000044,CRC,7929421638.7,2025-12-02,VIGENTE
2026-04,CR-000043,AV-2025-000044,CRC,7854423415.79,2025-12-24,VIGENTE
2026-03,CR-000044,AV-2025-000045,CRC,20900183754.32,2025-08-09,VIGENTE
2026-04,CR-000044,AV-2025-000045,CRC,20704391722.26,2025-06-30,VIGENTE
2026-03,CR-000045,AV-2026-000046,CRC,504673378.44,2026-04-02,VIGENTE
2026-04,CR-000045,AV-2026-000046,CRC,500828980.94,2026-03-27,VIGENTE
2026-03,CR-000046,AV-2025-000047,CRC,728130818.88,2026-01-18,VIGENTE
2026-04,CR-000046,AV-2025-000047,CRC,724870014.46,2026-01-02,VIGENTE
2026-03,CR-000047,AV-2025-000048,USD,568672.75,2025-10-04,VIGENTE
2026-04,CR-000047,AV-2025-000048,USD,562876.95,2025-08-20,VIGENTE
2026-03,CR-000048,AV-2024-000049,USD,634359.95,2024-07-08,VIGENTE
2026-04,CR-000048,AV-2024-000049,USD,627701.39,2024-07-22,VIGENTE
2026-03,CR-000049,AV-2025-000050,CRC,2944131599.68,2025-12-21,VIGENTE
2026-04,CR-000049,AV-2025-000050,CRC,2927916554.82,2025-11-11,VIGENTE
2026-03,CR-000050,AV-2025-000051,USD,5539175.92,2025-11-28,VIGENTE
2026-04,CR-000050,AV-2025-000051,USD,5519103.05,2025-11-26,VIGENTE
2026-03,CR-000051,AV-2025-000052,CRC,697123699.4,2025-12-29,VIGENTE
2026-04,CR-000051,AV-2025-000052,CRC,691023477.53,2026-01-27,VIGENTE
2026-03,CR-000052,AV-2025-000053,CRC,140816537.52,2025-10-14,VIGENTE
2026-04,CR-000052,AV-2025-000053,CRC,139599188.72,2025-09-28,VIGENTE
2026-03,CR-000053,AV-2025-000054,CRC,124368968.69,2026-01-20,VIGENTE
2026-04,CR-000053,AV-2025-000054,CRC,123646496.79,2025-12-31,VIGENTE
2026-03,CR-000054,AV-2025-000055,CRC,431572981.95,2025-12-15,VIGENTE
2026-04,CR-000054,AV-2025-000055,CRC,429092628.01,2025-10-26,VIGENTE
2026-03,CR-000055,AV-2025-000056,CRC,215240613.74,2025-12-26,VIGENTE
2026-04,CR-000055,AV-2025-000056,CRC,213485313.85,2025-12-05,VIGENTE
2026-03,CR-000056,AV-2025-000057,USD,45485.3,2025-08-03,VIGENTE
2026-04,CR-000056,AV-2025-000057,USD,45306.9,2025-07-16,VIGENTE
2026-03,CR-000057,AV-2025-000058,USD,1334896.05,2025-07-12,VIGENTE
2026-04,CR-000057,AV-2025-000058,USD,1322854.18,2025-07-29,VIGENTE
2026-03,CR-000058,AV-2025-000059,CRC,429348612.91,2025-10-01,VIGENTE
2026-04,CR-000058,AV-2025-000059,CRC,424720022.68,2025-10-04,VIGENTE
2026-03,CR-000059,AV-2025-000060,USD,1352623.5,2025-09-04,VIGENTE
2026-04,CR-000059,AV-2025-000060,USD,1342468.21,2025-10-06,VIGENTE
2026-03,CR-000060,AV-2025-000061,CRC,639908345.22,2025-09-19,VIGENTE
2026-04,CR-000060,AV-2025-000061,CRC,632466220.05,2025-09-05,VIGENTE
2026-03,CR-000061,AV-2024-000062,CRC,162123044.51,2024-09-23,VIGENTE
2026-04,CR-000061,AV-2024-000062,CRC,0.0,2024-10-18,CANCELADO
2026-03,CR-000062,AV-2025-000063,USD,9703022.96,2025-12-11,VIGENTE
2026-04,CR-000062,AV-2025-000063,USD,9619862.11,2026-01-20,VIGENTE
2026-03,CR-000063,AV-2024-000064,USD,412877.05,2025-02-16,VIGENTE
2026-04,CR-000063,AV-2024-000064,USD,411062.57,2025-01-25,VIGENTE
2026-03,CR-000064,AV-2025-000065,USD,84601.24,2025-03-07,VIGENTE
2026-04,CR-000064,AV-2025-000065,USD,84276.42,2025-03-30,VIGENTE
2026-03,CR-000065,AV-2026-000066,CRC,253666245.39,2026-03-23,VIGENTE
2026-04,CR-000065,AV-2026-000066,CRC,251482756.69,2026-03-20,VIGENTE
2026-03,CR-000067,AV-2024-000068,CRC,42811601.45,2024-12-05,VIGENTE
2026-04,CR-000067,AV-2024-000068,CRC,0.0,2024-12-01,CANCELADO
2026-03,CR-000068,AV-2025-000069,CRC,152195551.82,2026-01-05,VIGENTE
2026-04,CR-000068,AV-2025-000069,CRC,151505275.05,2025-12-30,VIGENTE
2026-03,CR-000070,AV-2025-000071,CRC,288955544.43,2026-01-23,VIGENTE
2026-04,CR-000070,AV-2025-000071,CRC,286404732.49,2026-01-20,VIGENTE
2026-03,CR-000071,AV-2026-000072,USD,270484.05,2026-03-04,VIGENTE
2026-04,CR-000071,AV-2026-000072,USD,269467.01,2026-02-23,VIGENTE
2026-03,CR-000073,AV-2024-000074,CRC,95400661.38,2024-06-26,VIGENTE
2026-04,CR-000073,AV-2024-000074,CRC,94835453.55,2024-06-06,VIGENTE
2026-03,CR-000074,AV-2025-000075,CRC,51264229.47,2025-06-07,VIGENTE
2026-04,CR-000074,AV-2025-000075,CRC,50651064.05,2025-06-12,VIGENTE
2026-03,CR-000075,AV-2025-000076,CRC,224505281.7,2025-06-16,VIGENTE
2026-04,CR-000075,AV-2025-000076,CRC,222789001.99,2025-06-12,VIGENTE
2026-03,CR-000076,AV-2025-000077,USD,79766.61,2025-12-09,VIGENTE
2026-04,CR-000076,AV-2025-000077,USD,79015.79,2025-11-04,VIGENTE
2026-03,CR-000077,AV-2026-000078,CRC,718724150.0,2026-03-20,VIGENTE
2026-04,CR-000077,AV-2026-000078,CRC,716067729.54,2026-04-03,VIGENTE
2026-03,CR-000078,AV-2025-000079,CRC,2667218107.83,2025-11-09,VIGENTE
2026-04,CR-000078,AV-2025-000079,CRC,2645479000.23,2025-11-05,VIGENTE
2026-03,CR-000079,AV-2024-000080,CRC,777091908.33,2024-08-01,VIGENTE
2026-04,CR-000079,AV-2024-000080,CRC,772809478.93,2024-09-06,VIGENTE
2026-03,CR-000080,AV-2024-000081,USD,150724.3,2025-02-01,VIGENTE
2026-04,CR-000080,AV-2024-000081,USD,149503.02,2025-03-02,VIGENTE
2026-03,CR-000081,AV-2025-000082,CRC,412216412.41,2025-06-29,VIGENTE
2026-04,CR-000081,AV-2025-000082,CRC,409643827.28,2025-06-13,VIGENTE
2026-03,CR-000082,AV-2024-000083,CRC,574519616.66,2024-06-19,VIGENTE
2026-04,CR-000082,AV-2024-000083,CRC,568206239.4,2024-07-06,VIGENTE
2026-03,CR-000083,AV-2025-000084,USD,286587.21,2026-02-21,VIGENTE
2026-04,CR-000083,AV-2025-000084,USD,285317.74,2026-02-20,VIGENTE
2026-03,CR-000086,AV-2025-000087,CRC,122457417.93,2025-12-26,VIGENTE
2026-04,CR-000086,AV-2025-000087,CRC,122032849.1,2026-01-11,VIGENTE
2026-03,CR-000087,AV-2025-000088,USD,948149.53,2025-11-16,VIGENTE
2026-04,CR-000087,AV-2025-000088,USD,939356.77,2025-11-19,VIGENTE
2026-03,CR-000089,AV-2025-000090,USD,114412.95,2025-11-07,VIGENTE
2026-04,CR-000089,AV-2025-000090,USD,113765.57,2025-10-04,VIGENTE
2026-03,CR-000090,AV-2024-000091,CRC,259787007.79,2024-12-21,VIGENTE
2026-04,CR-000090,AV-2024-000091,CRC,258351572.26,2024-12-21,VIGENTE
2026-03,CR-000091,AV-2025-000092,CRC,371677048.87,2025-02-27,VIGENTE
2026-04,CR-000091,AV-2025-000092,CRC,367336789.86,2025-03-25,VIGENTE
2026-03,CR-000092,AV-2025-000093,CRC,279687108.55,2025-12-18,VIGENTE
2026-04,CR-000092,AV-2025-000093,CRC,277997623.75,2025-12-24,VIGENTE
2026-03,CR-000093,AV-2026-000094,USD,6500674.68,2026-03-08,VIGENTE
2026-04,CR-000093,AV-2026-000094,USD,0.0,2026-03-06,CANCELADO
2026-03,CR-000095,AV-2025-000096,USD,139896.24,2025-12-08,VIGENTE
2026-04,CR-000095,AV-2025-000096,USD,138340.6,2025-11-26,VIGENTE
2026-03,CR-000097,AV-2026-000098,CRC,33608625.79,2026-01-17,VIGENTE
2026-04,CR-000097,AV-2026-000098,CRC,33210940.05,2026-02-26,VIGENTE
2026-03,CR-000098,AV-2025-000099,USD,819796.71,2025-11-11,VIGENTE
2026-04,CR-000098,AV-2025-000099,USD,0.0,2025-10-09,CANCELADO
2026-03,CR-000100,AV-2025-000101,CRC,330400162.42,2025-10-25,VIGENTE
2026-04,CR-000100,AV-2025-000101,CRC,328392239.57,2025-09-03,VIGENTE
2026-03,CR-000101,AV-2025-000102,CRC,135205844.48,2025-07-21,VIGENTE
2026-04,CR-000101,AV-2025-000102,CRC,134759493.93,2025-07-03,VIGENTE
2026-03,CR-000103,AV-2025-000104,CRC,212287354.72,2025-05-14,VIGENTE
2026-04,CR-000103,AV-2025-000104,CRC,211233999.1,2025-05-24,VIGENTE
2026-03,CR-000104,AV-2025-000105,CRC,77327485.5,2025-12-23,VIGENTE
2026-04,CR-000104,AV-2025-000105,CRC,76867030.7,2025-12-20,VIGENTE
2026-03,CR-000105,AV-2026-000106,USD,316336.68,2026-03-30,VIGENTE
2026-04,CR-000105,AV-2026-000106,USD,314930.17,2026-03-29,VIGENTE
2026-03,CR-000106,AV-2025-000107,USD,149732.49,2025-12-24,VIGENTE
2026-04,CR-000106,AV-2025-000107,USD,149140.37,2025-12-23,VIGENTE
2026-03,CR-000107,AV-2025-000108,USD,342387.74,2025-05-15,VIGENTE
2026-04,CR-000107,AV-2025-000108,USD,340644.68,2025-03-31,VIGENTE
2026-03,CR-000109,AV-2025-000110,CRC,4379355566.53,2025-11-29,VIGENTE
2026-04,CR-000109,AV-2025-000110,CRC,4339323115.47,2025-12-14,VIGENTE
2026-03,CR-000110,AV-2024-000111,CRC,153479442.65,2024-09-19,VIGENTE
2026-04,CR-000110,AV-2024-000111,CRC,152907834.94,2024-08-18,VIGENTE
2026-03,CR-000111,AV-2025-000112,USD,71718.8,2025-08-14,VIGENTE
2026-04,CR-000111,AV-2025-000112,USD,70968.66,2025-08-09,VIGENTE
2026-03,CR-000112,AV-2026-000113,CRC,344607379.9,2026-05-03,VIGENTE
2026-04,CR-000112,AV-2026-000113,CRC,340946185.46,2026-04-13,VIGENTE
2026-03,CR-000113,AV-2025-000114,USD,67539.67,2025-08-15,VIGENTE
2026-04,CR-000113,AV-2025-000114,USD,67019.53,2025-08-17,VIGENTE
2026-03,CR-000114,AV-2025-000115,USD,199144.28,2025-06-24,VIGENTE
2026-04,CR-000114,AV-2025-000115,USD,198480.4,2025-06-30,VIGENTE
2026-03,CR-000115,AV-2025-000116,USD,155379.09,2025-09-19,VIGENTE
2026-04,CR-000115,AV-2025-000116,USD,154200.45,2025-09-28,VIGENTE
2026-03,CR-000116,AV-2025-000117,CRC,340835780.58,2025-09-09,VIGENTE
2026-04,CR-000116,AV-2025-000117,CRC,339085344.12,2025-08-19,VIGENTE
2026-03,CR-000117,AV-2024-000118,USD,286879.2,2024-09-02,VIGENTE
2026-04,CR-000117,AV-2024-000118,USD,284707.65,2024-08-15,VIGENTE
2026-03,CR-000118,AV-2025-000119,CRC,18363418073.44,2025-11-05,VIGENTE
2026-04,CR-000118,AV-2025-000119,CRC,18220598489.26,2025-11-20,VIGENTE
2026-03,CR-000120,AV-2024-000121,CRC,100188207.22,2024-12-22,VIGENTE
2026-04,CR-000120,AV-2024-000121,CRC,99076997.76,2025-01-20,VIGENTE
2026-03,CR-000122,AV-2025-000123,CRC,226414657.25,2025-12-19,VIGENTE
2026-04,CR-000122,AV-2025-000123,CRC,225276369.16,2025-12-16,VIGENTE
2026-03,CR-000123,AV-2025-000124,USD,205616.93,2026-01-16,VIGENTE
2026-04,CR-000123,AV-2025-000124,USD,204465.94,2026-01-11,VIGENTE
2026-03,CR-000124,AV-2025-000125,CRC,317569211.76,2025-12-26,VIGENTE
2026-04,CR-000124,AV-2025-000125,CRC,0.0,2025-11-21,CANCELADO
2026-03,CR-000125,AV-2025-000126,CRC,1327340351.68,2025-06-06,VIGENTE
2026-04,CR-000125,AV-2025-000126,CRC,0.0,2025-04-29,CANCELADO
2026-03,CR-000126,AV-2025-000127,CRC,2164401436.0,2025-08-21,VIGENTE
2026-04,CR-000126,AV-2025-000127,CRC,2145622402.0,2025-08-13,VIGENTE
2026-03,CR-000127,AV-2025-000128,CRC,316689098.19,2025-07-23,VIGENTE
2026-04,CR-000127,AV-2025-000128,CRC,315407322.76,2025-06-21,VIGENTE
2026-03,CR-000128,AV-2025-000129,CRC,202491659.08,2025-12-29,VIGENTE
2026-04,CR-000128,AV-2025-000129,CRC,201613888.87,2026-01-13,VIGENTE
2026-03,CR-000129,AV-2025-000130,CRC,65851295.36,2025-11-05,VIGENTE
2026-04,CR-000129,AV-2025-000130,CRC,65209969.57,2025-09-29,VIGENTE
2026-03,CR-000130,AV-2024-000131,USD,5371836.98,2024-07-08,VIGENTE
2026-04,CR-000130,AV-2024-000131,USD,5345059.07,2024-07-29,VIGENTE
2026-03,CR-000131,AV-2025-000132,CRC,180428021.65,2025-10-06,VIGENTE
2026-04,CR-000131,AV-2025-000132,CRC,178597912.49,2025-10-14,VIGENTE
2026-03,CR-000132,AV-2024-000133,CRC,2278055000.96,2024-12-24,VIGENTE
2026-04,CR-000132,AV-2024-000133,CRC,2253674533.4,2024-11-26,VIGENTE
2026-03,CR-000133,AV-2024-000134,CRC,48893604.25,2024-10-05,VIGENTE
2026-04,CR-000133,AV-2024-000134,CRC,48505668.8,2024-11-03,VIGENTE
2026-03,CR-000136,AV-2026-000137,USD,522409.82,2026-02-06,VIGENTE
2026-04,CR-000136,AV-2026-000137,USD,520286.87,2026-02-09,VIGENTE
2026-03,CR-000137,AV-2025-000138,CRC,223326147.84,2026-01-07,VIGENTE
2026-04,CR-000137,AV-2025-000138,CRC,222182274.48,2026-01-02,VIGENTE
2026-03,CR-000138,AV-2024-000139,USD,187315.1,2025-02-02,VIGENTE
2026-04,CR-000138,AV-2024-000139,USD,186018.81,2024-12-30,VIGENTE
2026-03,CR-000139,AV-2025-000140,CRC,116202348.31,2026-02-11,VIGENTE
2026-04,CR-000139,AV-2025-000140,CRC,115640834.59,2026-01-09,VIGENTE
2026-03,CR-000141,AV-2025-000142,CRC,130444201.46,2025-06-18,VIGENTE
2026-04,CR-000141,AV-2025-000142,CRC,129739510.98,2025-07-09,VIGENTE
2026-03,CR-000142,AV-2025-000143,USD,683545.92,2025-08-25,VIGENTE
2026-04,CR-000142,AV-2025-000143,USD,676022.23,2025-08-16,VIGENTE
2026-03,CR-000143,AV-2026-000144,CRC,1201218545.75,2026-02-14,VIGENTE
2026-04,CR-000143,AV-2026-000144,CRC,1191793404.93,2026-03-03,VIGENTE
2026-03,CR-000144,AV-2025-000145,CRC,198369830.64,2025-12-30,VIGENTE
2026-04,CR-000144,AV-2025-000145,CRC,196010427.12,2026-01-24,VIGENTE
2026-03,CR-000146,AV-2025-000147,CRC,405357421.59,2025-05-22,VIGENTE
2026-04,CR-000146,AV-2025-000147,CRC,402207888.97,2025-04-13,VIGENTE
2026-03,CR-000149,AV-2025-000150,CRC,122446801.74,2026-01-13,VIGENTE
2026-04,CR-000149,AV-2025-000150,CRC,0.0,2026-02-28,CANCELADO
2026-03,CR-000151,AV-2025-000152,CRC,2209886275.82,2025-05-17,VIGENTE
2026-04,CR-000151,AV-2025-000152,CRC,2196934053.58,2025-05-16,VIGENTE
2026-03,CR-000152,AV-2026-000153,USD,229367.51,2026-03-23,VIGENTE
2026-04,CR-000152,AV-2026-000153,USD,226703.62,2026-04-22,VIGENTE
2026-03,CR-000155,AV-2025-000156,CRC,3875089628.89,2025-11-02,VIGENTE
2026-04,CR-000155,AV-2025-000156,CRC,3856808980.57,2025-11-06,VIGENTE
2026-03,CR-000156,AV-2025-000157,CRC,580447201.66,2025-12-03,VIGENTE
2026-04,CR-000156,AV-2025-000157,CRC,573620971.12,2026-01-12,VIGENTE
2026-03,CR-000157,AV-2025-000158,CRC,58891202.94,2025-09-02,VIGENTE
2026-04,CR-000157,AV-2025-000158,CRC,58565406.88,2025-09-14,VIGENTE
2026-03,CR-000159,AV-2024-000160,USD,191327.0,2024-08-23,VIGENTE
2026-04,CR-000159,AV-2024-000160,USD,190710.61,2024-10-03,VIGENTE
2026-03,CR-000162,AV-2025-000163,CRC,571819496.07,2025-02-25,VIGENTE
2026-04,CR-000162,AV-2025-000163,CRC,566158863.53,2025-03-03,VIGENTE
2026-03,CR-000163,AV-2026-000164,CRC,1516178203.11,2026-03-14,VIGENTE
2026-04,CR-000163,AV-2026-000164,CRC,1509842128.79,2026-03-06,VIGENTE
2026-03,CR-000164,AV-2025-000165,USD,5724406.25,2025-06-23,VIGENTE
2026-04,CR-000164,AV-2025-000165,USD,5693830.54,2025-07-18,VIGENTE
2026-03,CR-000165,AV-2024-000166,USD,4682282.47,2024-12-22,VIGENTE
2026-04,CR-000165,AV-2024-000166,USD,0.0,2025-01-14,CANCELADO
2026-03,CR-000167,AV-2024-000168,CRC,174977398.66,2024-07-08,VIGENTE
2026-04,CR-000167,AV-2024-000168,CRC,173746986.17,2024-07-22,VIGENTE
2026-03,CR-000168,AV-2025-000169,CRC,6721251978.04,2025-05-23,VIGENTE
2026-04,CR-000168,AV-2025-000169,CRC,0.0,2025-04-29,CANCELADO
2026-03,CR-000169,AV-2025-000170,CRC,143361789.08,2025-05-29,VIGENTE
2026-04,CR-000169,AV-2025-000170,CRC,142153041.93,2025-06-30,VIGENTE
2026-03,CR-000170,AV-2025-000171,CRC,397532269.77,2025-09-15,VIGENTE
2026-04,CR-000170,AV-2025-000171,CRC,392884721.62,2025-08-25,VIGENTE
2026-03,CR-000171,AV-2024-000172,CRC,499562278.35,2024-12-03,VIGENTE
2026-04,CR-000171,AV-2024-000172,CRC,496871438.39,2024-10-21,VIGENTE
2026-03,CR-000172,AV-2025-000173,USD,447671.78,2025-10-27,VIGENTE
2026-04,CR-000172,AV-2025-000173,USD,444654.1,2025-10-29,VIGENTE
2026-03,CR-000173,AV-2025-000174,CRC,114884665.43,2025-09-17,VIGENTE
2026-04,CR-000173,AV-2025-000174,CRC,113953488.41,2025-09-29,VIGENTE
2026-03,CR-000174,AV-2025-000175,CRC,427290288.53,2025-07-31,VIGENTE
2026-04,CR-000174,AV-2025-000175,CRC,426000335.15,2025-08-04,VIGENTE
2026-03,CR-000175,AV-2024-000176,USD,241755.36,2024-08-04,VIGENTE
2026-04,CR-000175,AV-2024-000176,USD,239709.09,2024-07-26,VIGENTE
2026-03,CR-000176,AV-2025-000177,USD,1408010.09,2025-06-26,VIGENTE
2026-04,CR-000176,AV-2025-000177,USD,1395516.82,2025-06-24,VIGENTE
2026-03,CR-000177,AV-2024-000178,CRC,158645979.79,2025-01-24,VIGENTE
2026-04,CR-000177,AV-2024-000178,CRC,157847797.97,2024-12-29,VIGENTE
2026-03,CR-000178,AV-2025-000179,CRC,839294436.71,2025-06-16,VIGENTE
2026-04,CR-000178,AV-2025-000179,CRC,833842690.77,2025-06-02,VIGENTE
2026-03,CR-000179,AV-2025-000180,CRC,4119211.05,2025-09-24,VIGENTE
2026-04,CR-000179,AV-2025-000180,CRC,4079111.72,2025-09-17,VIGENTE
2026-03,CR-000180,AV-2025-000181,USD,369424.57,2025-06-16,VIGENTE
2026-04,CR-000180,AV-2025-000181,USD,367071.84,2025-06-25,VIGENTE
2026-03,CR-000182,AV-2025-000183,USD,1903631.75,2026-01-15,VIGENTE
2026-04,CR-000182,AV-2025-000183,USD,1885521.74,2025-12-19,VIGENTE
2026-03,CR-000183,AV-2026-000184,CRC,233087021.27,2026-03-17,VIGENTE
2026-04,CR-000183,AV-2026-000184,CRC,231508451.34,2026-04-18,VIGENTE
2026-03,CR-000184,AV-2026-000185,CRC,144359059.87,2026-03-08,VIGENTE
2026-04,CR-000184,AV-2026-000185,CRC,143588809.54,2026-03-11,VIGENTE
2026-03,CR-000185,AV-2024-000186,CRC,104796393.39,2025-01-17,VIGENTE
2026-04,CR-000185,AV-2024-000186,CRC,103802386.86,2024-12-15,VIGENTE
2026-03,CR-000186,AV-2025-000187,USD,148410.47,2025-02-13,VIGENTE
2026-04,CR-000186,AV-2025-000187,USD,146855.38,2025-02-15,VIGENTE
2026-03,CR-000187,AV-2026-000188,CRC,459458313.86,2026-02-17,VIGENTE
2026-04,CR-000187,AV-2026-000188,CRC,455921473.85,2026-02-20,VIGENTE
2026-03,CR-000188,AV-2025-000189,USD,211744.78,2025-12-27,VIGENTE
2026-04,CR-000188,AV-2025-000189,USD,210679.01,2025-11-23,VIGENTE
2026-03,CR-000190,AV-2025-000191,CRC,276679818.38,2025-01-15,VIGENTE
2026-04,CR-000190,AV-2025-000191,CRC,273490807.91,2025-01-21,VIGENTE
2026-03,CR-000191,AV-2026-000192,CRC,451331628.79,2026-03-26,VIGENTE
2026-04,CR-000191,AV-2026-000192,CRC,448804152.17,2026-03-30,VIGENTE
2026-03,CR-000192,AV-2025-000193,USD,871049.16,2025-05-06,VIGENTE
2026-04,CR-000192,AV-2025-000193,USD,867965.07,2025-05-24,VIGENTE
2026-03,CR-000194,AV-2025-000195,USD,5523484.96,2025-06-01,VIGENTE
2026-04,CR-000194,AV-2025-000195,USD,5483044.99,2025-06-03,VIGENTE
2026-03,CR-000195,AV-2025-000196,CRC,366965952.31,2025-11-18,VIGENTE
2026-04,CR-000195,AV-2025-000196,CRC,364791324.82,2025-12-04,VIGENTE
2026-03,CR-000196,AV-2024-000197,USD,251301.51,2024-09-27,VIGENTE
2026-04,CR-000196,AV-2024-000197,USD,249419.92,2024-09-19,VIGENTE
2026-03,CR-000197,AV-2025-000198,CRC,340230603.4,2025-11-18,VIGENTE
2026-04,CR-000197,AV-2025-000198,CRC,337627262.19,2025-10-28,VIGENTE
2026-03,CR-000199,AV-2025-000200,USD,279594.64,2025-10-26,VIGENTE
2026-04,CR-000199,AV-2025-000200,USD,277640.62,2025-09-13,VIGENTE
2026-03,CR-000200,AV-2024-000201,CRC,210254974.97,2024-12-18,VIGENTE
2026-04,CR-000200,AV-2024-000201,CRC,208528420.68,2024-12-29,VIGENTE
2026-03,CR-000201,AV-2025-000202,CRC,105862778.2,2025-07-18,VIGENTE
2026-04,CR-000201,AV-2025-000202,CRC,105024366.61,2025-07-17,VIGENTE
2026-03,CR-000203,AV-2025-000204,CRC,556818757.76,2025-03-29,VIGENTE
2026-04,CR-000203,AV-2025-000204,CRC,553024595.03,2025-04-05,VIGENTE
2026-03,CR-000204,AV-2025-000205,CRC,247611614.88,2025-10-28,VIGENTE
2026-04,CR-000204,AV-2025-000205,CRC,245942042.01,2025-12-05,VIGENTE
2026-03,CR-000205,AV-2025-000206,USD,2840762.19,2025-05-07,VIGENTE
2026-04,CR-000205,AV-2025-000206,USD,2807330.98,2025-05-04,VIGENTE
2026-03,CR-000206,AV-2025-000207,CRC,111776203.37,2025-07-01,VIGENTE
2026-04,CR-000206,AV-2025-000207,CRC,110463300.63,2025-07-06,VIGENTE
2026-03,CR-000208,AV-2026-000209,CRC,87993496.27,2026-03-17,VIGENTE
2026-04,CR-000208,AV-2026-000209,CRC,87408929.68,2026-03-29,VIGENTE
2026-03,CR-000209,AV-2025-000210,USD,1712344.13,2025-10-09,VIGENTE
2026-04,CR-000209,AV-2025-000210,USD,1699570.9,2025-09-28,VIGENTE
2026-03,CR-000211,AV-2026-000212,CRC,178243853.98,2026-02-11,VIGENTE
2026-04,CR-000211,AV-2026-000212,CRC,177253248.94,2026-01-22,VIGENTE
2026-03,CR-000212,AV-2025-000213,CRC,142290753.54,2025-07-25,VIGENTE
2026-04,CR-000212,AV-2025-000213,CRC,140652446.32,2025-07-09,VIGENTE
2026-03,CR-000213,AV-2025-000214,CRC,230628381.4,2025-05-06,VIGENTE
2026-04,CR-000213,AV-2025-000214,CRC,229335121.22,2025-03-29,VIGENTE
2026-03,CR-000214,AV-2025-000215,USD,112034.88,2025-11-22,VIGENTE
2026-04,CR-000214,AV-2025-000215,USD,110948.97,2026-01-14,VIGENTE
2026-03,CR-000216,AV-2026-000217,CRC,223470158.67,2026-04-01,VIGENTE
2026-04,CR-000216,AV-2026-000217,CRC,222586126.81,2026-02-13,VIGENTE
2026-03,CR-000217,AV-2024-000218,CRC,103984546.76,2024-11-28,VIGENTE
2026-04,CR-000217,AV-2024-000218,CRC,103219850.15,2024-12-24,VIGENTE
2026-03,CR-000218,AV-2025-000219,CRC,207750149.23,2025-10-27,VIGENTE
2026-04,CR-000218,AV-2025-000219,CRC,205750917.46,2025-11-08,VIGENTE
2026-03,CR-000219,AV-2025-000220,CRC,154357809.48,2025-10-01,VIGENTE
2026-04,CR-000219,AV-2025-000220,CRC,153282194.11,2025-10-31,VIGENTE
2026-03,CR-000220,AV-2025-000221,USD,146709.91,2025-07-22,VIGENTE
2026-04,CR-000220,AV-2025-000221,USD,146125.44,2025-07-06,VIGENTE
2026-03,CR-000221,AV-2025-000222,USD,113993.56,2026-01-15,VIGENTE
2026-04,CR-000221,AV-2025-000222,USD,113621.84,2026-01-21,VIGENTE
2026-03,CR-000223,AV-2025-000224,USD,42352.25,2025-08-28,VIGENTE
2026-04,CR-000223,AV-2025-000224,USD,42040.32,2025-08-07,VIGENTE
2026-03,CR-000225,AV-2025-000226,CRC,56854605.57,2025-05-31,VIGENTE
2026-04,CR-000225,AV-2025-000226,CRC,56429741.79,2025-06-04,VIGENTE
2026-03,CR-000227,AV-2025-000228,CRC,288788603.24,2026-01-30,VIGENTE
2026-04,CR-000227,AV-2025-000228,CRC,285896206.56,2026-01-06,VIGENTE
2026-03,CR-000228,AV-2025-000229,USD,69778.63,2026-02-04,VIGENTE
2026-04,CR-000228,AV-2025-000229,USD,69275.99,2026-01-15,VIGENTE
2026-03,CR-000229,AV-2025-000230,CRC,1817740835.02,2025-03-03,VIGENTE
2026-04,CR-000229,AV-2025-000230,CRC,1801599149.22,2025-01-20,VIGENTE
2026-03,CR-000230,AV-2026-000231,USD,4282889.96,2026-02-24,VIGENTE
2026-04,CR-000230,AV-2026-000231,USD,4234565.34,2026-04-10,VIGENTE
2026-03,CR-000231,AV-2025-000232,CRC,99216901.33,2025-05-28,VIGENTE
2026-04,CR-000231,AV-2025-000232,CRC,98126815.09,2025-05-01,VIGENTE
2026-03,CR-000232,AV-2025-000233,CRC,655098794.94,2025-02-28,VIGENTE
2026-04,CR-000232,AV-2025-000233,CRC,648626846.29,2025-03-10,VIGENTE
2026-03,CR-000233,AV-2026-000234,USD,70160.52,2026-03-06,VIGENTE
2026-04,CR-000233,AV-2026-000234,USD,69765.49,2026-03-14,VIGENTE
2026-03,CR-000234,AV-2025-000235,USD,343915.37,2026-02-09,VIGENTE
2026-04,CR-000234,AV-2025-000235,USD,340146.62,2026-01-05,VIGENTE
2026-03,CR-000235,AV-2025-000236,CRC,387676894.11,2026-02-01,VIGENTE
2026-04,CR-000235,AV-2025-000236,CRC,386085399.9,2026-01-30,VIGENTE
2026-03,CR-000236,AV-2025-000237,CRC,123321946.83,2025-07-03,VIGENTE
2026-04,CR-000236,AV-2025-000237,CRC,122398760.3,2025-05-23,VIGENTE
2026-03,CR-000237,AV-2025-000238,USD,298563.69,2025-08-23,VIGENTE
2026-04,CR-000237,AV-2025-000238,USD,296376.11,2025-07-09,VIGENTE
2026-03,CR-000238,AV-2025-000239,CRC,68190928.24,2025-12-16,VIGENTE
2026-04,CR-000238,AV-2025-000239,CRC,67626858.28,2025-12-29,VIGENTE
2026-03,CR-000239,AV-2025-000240,CRC,171729666.79,2025-10-05,VIGENTE
2026-04,CR-000239,AV-2025-000240,CRC,169813190.48,2025-11-07,VIGENTE
2026-03,CR-000240,AV-2026-000241,CRC,113043551.25,2026-03-24,VIGENTE
2026-04,CR-000240,AV-2026-000241,CRC,112442237.53,2026-04-04,VIGENTE
2026-03,CR-000241,AV-2024-000242,CRC,157212587.28,2025-01-21,VIGENTE
2026-04,CR-000241,AV-2024-000242,CRC,156655851.92,2025-01-03,VIGENTE
2026-03,CR-000243,AV-2025-000244,CRC,377809297.94,2026-02-14,VIGENTE
2026-04,CR-000243,AV-2025-000244,CRC,376089669.09,2025-12-21,VIGENTE
2026-03,CR-000244,AV-2025-000245,CRC,98103649.53,2025-02-19,VIGENTE
2026-04,CR-000244,AV-2025-000245,CRC,96960356.5,2025-01-29,VIGENTE
2026-03,CR-000246,AV-2025-000247,CRC,194601673.96,2025-09-03,VIGENTE
2026-04,CR-000246,AV-2025-000247,CRC,192406858.88,2025-09-19,VIGENTE
2026-03,CR-000247,AV-2025-000248,CRC,725863913.69,2025-06-09,VIGENTE
2026-04,CR-000247,AV-2025-000248,CRC,722363040.14,2025-06-10,VIGENTE
2026-03,CR-000248,AV-2025-000249,USD,5835191.31,2025-08-22,VIGENTE
2026-04,CR-000248,AV-2025-000249,USD,5767153.87,2025-08-27,VIGENTE
2026-03,CR-000251,AV-2025-000252,CRC,28065991735.99,2025-03-01,VIGENTE
2026-04,CR-000251,AV-2025-000252,CRC,27805109155.94,2025-03-24,VIGENTE
2026-03,CR-000252,AV-2025-000253,CRC,2215773076.39,2025-10-05,VIGENTE
2026-04,CR-000252,AV-2025-000253,CRC,2193801469.46,2025-11-07,VIGENTE
2026-03,CR-000253,AV-2024-000254,CRC,204576579.68,2024-12-28,VIGENTE
2026-04,CR-000253,AV-2024-000254,CRC,202508979.64,2025-01-23,VIGENTE
2026-03,CR-000255,AV-2025-000256,CRC,766274587.44,2025-08-06,VIGENTE
2026-04,CR-000255,AV-2025-000256,CRC,759441822.09,2025-07-04,VIGENTE
2026-03,CR-000256,AV-2025-000257,USD,256325.02,2025-07-17,VIGENTE
2026-04,CR-000256,AV-2025-000257,USD,253748.55,2025-08-01,VIGENTE
2026-03,CR-000257,AV-2024-000258,USD,533029.89,2024-11-09,VIGENTE
2026-04,CR-000257,AV-2024-000258,USD,528726.93,2024-10-19,VIGENTE
2026-03,CR-000258,AV-2025-000259,USD,351278.03,2025-02-18,VIGENTE
2026-04,CR-000258,AV-2025-000259,USD,347541.04,2025-03-02,VIGENTE
2026-03,CR-000259,AV-2025-000260,USD,343150.2,2025-11-17,VIGENTE
2026-04,CR-000259,AV-2025-000260,USD,339409.96,2025-12-21,VIGENTE
2026-03,CR-000260,AV-2025-000261,CRC,177617647.36,2025-11-11,VIGENTE
2026-04,CR-000260,AV-2025-000261,CRC,175921919.96,2025-11-28,VIGENTE
2026-03,CR-000261,AV-2025-000262,USD,147098.67,2025-09-22,VIGENTE
2026-04,CR-000261,AV-2025-000262,USD,145674.5,2025-09-13,VIGENTE
2026-03,CR-000262,AV-2025-000263,USD,135460.46,2025-11-21,VIGENTE
2026-04,CR-000262,AV-2025-000263,USD,134566.43,2025-10-21,VIGENTE
2026-03,CR-000264,AV-2026-000265,USD,144611.22,2026-04-08,VIGENTE
2026-04,CR-000264,AV-2026-000265,USD,143481.92,2026-04-22,VIGENTE
2026-03,CR-000265,AV-2025-000266,USD,3495828.09,2025-02-28,VIGENTE
2026-04,CR-000265,AV-2025-000266,USD,3485181.8,2025-03-04,VIGENTE
2026-03,CR-000266,AV-2026-000267,USD,84038.54,2026-03-02,VIGENTE
2026-04,CR-000266,AV-2026-000267,USD,83476.66,2026-03-12,VIGENTE
2026-03,CR-000268,AV-2024-000269,CRC,437515645.81,2025-01-16,VIGENTE
2026-04,CR-000268,AV-2024-000269,CRC,434302164.02,2024-12-09,VIGENTE
2026-03,CR-000269,AV-2024-000270,CRC,188043712.4,2024-10-14,VIGENTE
2026-04,CR-000269,AV-2024-000270,CRC,187229355.8,2024-09-06,VIGENTE
2026-03,CR-000270,AV-2025-000271,CRC,62617822.78,2025-06-13,VIGENTE
2026-04,CR-000270,AV-2025-000271,CRC,62284874.75,2025-06-17,VIGENTE
2026-03,CR-000271,AV-2025-000272,CRC,150230667.73,2025-09-25,VIGENTE
2026-04,CR-000271,AV-2025-000272,CRC,148856527.85,2025-09-18,VIGENTE
2026-03,CR-000272,AV-2025-000273,CRC,680286447.0,2025-08-19,VIGENTE
2026-04,CR-000272,AV-2025-000273,CRC,0.0,2025-09-16,CANCELADO
2026-03,CR-000273,AV-2024-000274,CRC,418418545.58,2024-09-18,VIGENTE
2026-04,CR-000273,AV-2024-000274,CRC,416511206.26,2024-10-19,VIGENTE
2026-03,CR-000275,AV-2025-000276,USD,2743316.3,2026-01-24,VIGENTE
2026-04,CR-000275,AV-2025-000276,USD,2718272.48,2026-02-03,VIGENTE
2026-03,CR-000276,AV-2026-000277,USD,394985.92,2026-04-09,VIGENTE
2026-04,CR-000276,AV-2026-000277,USD,393088.04,2026-04-21,VIGENTE
2026-03,CR-000277,AV-2025-000278,CRC,166516922.23,2026-01-24,VIGENTE
2026-04,CR-000277,AV-2025-000278,CRC,0.0,2026-01-06,CANCELADO
2026-03,CR-000279,AV-2025-000280,CRC,298693255.29,2025-11-05,VIGENTE
2026-04,CR-000279,AV-2025-000280,CRC,295256801.72,2025-10-11,VIGENTE
2026-03,CR-000280,AV-2025-000281,USD,273702.98,2025-03-04,VIGENTE
2026-04,CR-000280,AV-2025-000281,USD,271658.74,2025-01-29,VIGENTE
2026-03,CR-000282,AV-2025-000283,CRC,149659852.18,2026-01-31,VIGENTE
2026-04,CR-000282,AV-2025-000283,CRC,149116670.89,2026-01-10,VIGENTE
2026-03,CR-000283,AV-2025-000284,CRC,217504506.2,2025-10-13,VIGENTE
2026-04,CR-000283,AV-2025-000284,CRC,215360162.74,2025-10-14,VIGENTE
2026-03,CR-000284,AV-2025-000285,USD,13862643.58,2025-03-03,VIGENTE
2026-04,CR-000284,AV-2025-000285,USD,13701367.09,2025-04-08,VIGENTE
2026-03,CR-000285,AV-2025-000286,CRC,205059543.4,2026-02-03,VIGENTE
2026-04,CR-000285,AV-2025-000286,CRC,204196885.22,2026-02-12,VIGENTE
2026-03,CR-000286,AV-2025-000287,CRC,394262543.43,2025-08-29,VIGENTE
2026-04,CR-000286,AV-2025-000287,CRC,392913254.46,2025-08-05,VIGENTE
2026-03,CR-000287,AV-2025-000288,CRC,169210202.81,2025-09-04,VIGENTE
2026-04,CR-000287,AV-2025-000288,CRC,167275818.9,2025-08-23,VIGENTE
2026-03,CR-000288,AV-2024-000289,CRC,3573363734.99,2024-12-30,VIGENTE
2026-04,CR-000288,AV-2024-000289,CRC,3533381421.29,2024-12-01,VIGENTE
2026-03,CR-000289,AV-2025-000290,USD,5916447.52,2025-11-05,VIGENTE
2026-04,CR-000289,AV-2025-000290,USD,5883867.39,2025-10-29,VIGENTE
2026-03,CR-000290,AV-2024-000291,USD,293744.14,2024-11-21,VIGENTE
2026-04,CR-000290,AV-2024-000291,USD,292814.05,2024-10-25,VIGENTE
2026-03,CR-000291,AV-2024-000292,USD,169369.15,2025-01-03,VIGENTE
2026-04,CR-000291,AV-2024-000292,USD,168790.32,2025-02-09,VIGENTE
2026-03,CR-000292,AV-2025-000293,USD,125292.71,2025-10-01,VIGENTE
2026-04,CR-000292,AV-2025-000293,USD,0.0,2025-10-13,CANCELADO
2026-03,CR-000294,AV-2025-000295,CRC,205429841.65,2025-09-26,VIGENTE
2026-04,CR-000294,AV-2025-000295,CRC,203115568.51,2025-10-15,VIGENTE
2026-03,CR-000295,AV-2025-000296,USD,171032.0,2026-01-08,VIGENTE
2026-04,CR-000295,AV-2025-000296,USD,169701.7,2026-01-09,VIGENTE
2026-03,CR-000296,AV-2024-000297,CRC,90600762.62,2024-11-10,VIGENTE
2026-04,CR-000296,AV-2024-000297,CRC,90026525.94,2024-11-18,VIGENTE
2026-03,CR-000297,AV-2025-000298,CRC,57194048.66,2025-11-03,VIGENTE
2026-04,CR-000297,AV-2025-000298,CRC,56666439.22,2025-09-19,VIGENTE
2026-03,CR-000299,AV-2025-000300,USD,199339.12,2026-01-17,VIGENTE
2026-04,CR-000299,AV-2025-000300,USD,197057.48,2026-01-07,VIGENTE
2026-03,CR-000300,AV-2025-000301,CRC,540286944.86,2025-10-12,VIGENTE
2026-04,CR-000300,AV-2025-000301,CRC,537302511.03,2025-10-07,VIGENTE
2026-03,CR-000302,AV-2025-000303,USD,656114.07,2025-10-02,VIGENTE
2026-04,CR-000302,AV-2025-000303,USD,653203.34,2025-09-17,VIGENTE
2026-03,CR-000303,AV-2024-000304,CRC,951635494.89,2024-08-21,VIGENTE
2026-04,CR-000303,AV-2024-000304,CRC,946229734.87,2024-08-03,VIGENTE
2026-03,CR-000304,AV-2025-000305,USD,8557641.21,2025-04-27,VIGENTE
2026-04,CR-000304,AV-2025-000305,USD,8457980.1,2025-04-16,VIGENTE
2026-03,CR-000305,AV-2025-000306,CRC,202765413.49,2026-03-10,VIGENTE
2026-04,CR-000305,AV-2025-000306,CRC,201713244.68,2026-02-25,VIGENTE
2026-03,CR-000306,AV-2025-000307,USD,375122.24,2025-11-04,VIGENTE
2026-04,CR-000306,AV-2025-000307,USD,373128.31,2025-10-09,VIGENTE
2026-03,CR-000307,AV-2026-000308,USD,4246765.35,2026-02-03,VIGENTE
2026-04,CR-000307,AV-2026-000308,USD,4211792.83,2026-02-18,VIGENTE
2026-03,CR-000308,AV-2025-000309,USD,98487.61,2026-01-01,VIGENTE
2026-04,CR-000308,AV-2025-000309,USD,97518.92,2026-01-08,VIGENTE
2026-03,CR-000309,AV-2025-000310,CRC,601255224.66,2026-01-26,VIGENTE
2026-04,CR-000309,AV-2025-000310,CRC,596382964.12,2026-02-05,VIGENTE
2026-03,CR-000310,AV-2025-000311,CRC,107580701.34,2025-08-12,VIGENTE
2026-04,CR-000310,AV-2025-000311,CRC,106820262.42,2025-07-23,VIGENTE
2026-03,CR-000311,AV-2025-000312,USD,4938005.19,2025-11-24,VIGENTE
2026-04,CR-000311,AV-2025-000312,USD,4884862.08,2025-11-09,VIGENTE
2026-03,CR-000312,AV-2025-000313,CRC,332480348.53,2025-10-30,VIGENTE
2026-04,CR-000312,AV-2025-000313,CRC,328632707.5,2025-09-18,VIGENTE
2026-03,CR-000313,AV-2025-000314,CRC,398515343.87,2025-12-27,VIGENTE
2026-04,CR-000313,AV-2025-000314,CRC,395637462.51,2026-02-12,VIGENTE
2026-03,CR-000314,AV-2025-000315,CRC,14293984027.5,2025-12-31,VIGENTE
2026-04,CR-000314,AV-2025-000315,CRC,14175839643.61,2026-01-29,VIGENTE
2026-03,CR-000315,AV-2025-000316,CRC,237243347.14,2025-03-27,VIGENTE
2026-04,CR-000315,AV-2025-000316,CRC,235234844.11,2025-04-16,VIGENTE
2026-03,CR-000316,AV-2025-000317,CRC,208498496.95,2025-04-15,VIGENTE
2026-04,CR-000316,AV-2025-000317,CRC,206274551.62,2025-05-23,VIGENTE
2026-03,CR-000317,AV-2025-000318,CRC,329315514.9,2025-11-24,VIGENTE
2026-04,CR-000317,AV-2025-000318,CRC,325552914.0,2025-11-05,VIGENTE
2026-03,CR-000318,AV-2024-000319,CRC,94313007.66,2024-12-20,VIGENTE
2026-04,CR-000318,AV-2024-000319,CRC,93577327.9,2024-11-15,VIGENTE
2026-03,CR-000319,AV-2025-000320,USD,143385.82,2025-12-18,VIGENTE
2026-04,CR-000319,AV-2025-000320,USD,141935.91,2025-11-26,VIGENTE
2026-03,CR-000320,AV-2025-000321,CRC,204446427.87,2025-07-30,VIGENTE
2026-04,CR-000320,AV-2025-000321,CRC,203670489.8,2025-06-26,VIGENTE
2026-03,CR-000321,AV-2025-000322,CRC,750317838.89,2025-10-06,VIGENTE
2026-04,CR-000321,AV-2025-000322,CRC,747114960.41,2025-11-17,VIGENTE
2026-03,CR-000322,AV-2026-000323,USD,262818.29,2026-04-02,VIGENTE
2026-04,CR-000322,AV-2026-000323,USD,261631.58,2026-03-31,VIGENTE
2026-03,CR-000323,AV-2025-000324,CRC,231945274.96,2026-01-17,VIGENTE
2026-04,CR-000323,AV-2025-000324,CRC,0.0,2026-01-17,CANCELADO
2026-03,CR-000324,AV-2025-000325,CRC,218533092.52,2025-08-09,VIGENTE
2026-04,CR-000324,AV-2025-000325,CRC,217048642.58,2025-08-01,VIGENTE
2026-03,CR-000327,AV-2025-000328,CRC,153324094.38,2026-03-05,VIGENTE
2026-04,CR-000327,AV-2025-000328,CRC,152480182.67,2026-01-10,VIGENTE
2026-03,CR-000328,AV-2025-000329,USD,573355.12,2025-11-23,VIGENTE
2026-04,CR-000328,AV-2025-000329,USD,571074.71,2025-12-10,VIGENTE
2026-03,CR-000330,AV-2025-000331,CRC,383528705.84,2025-05-13,VIGENTE
2026-04,CR-000330,AV-2025-000331,CRC,381383346.53,2025-05-11,VIGENTE
2026-03,CR-000331,AV-2025-000332,USD,264253.87,2025-12-08,VIGENTE
2026-04,CR-000331,AV-2025-000332,USD,263237.95,2025-12-18,VIGENTE
2026-03,CR-000332,AV-2025-000333,CRC,24739714073.54,2025-03-24,VIGENTE
2026-04,CR-000332,AV-2025-000333,CRC,24539245163.63,2025-03-17,VIGENTE
2026-03,CR-000333,AV-2025-000334,CRC,138413498.88,2026-01-10,VIGENTE
2026-04,CR-000333,AV-2025-000334,CRC,137262661.0,2026-01-13,VIGENTE
2026-03,CR-000334,AV-2025-000335,USD,5782150.17,2025-08-28,VIGENTE
2026-04,CR-000334,AV-2025-000335,USD,5748997.93,2025-09-15,VIGENTE
2026-03,CR-000335,AV-2025-000336,CRC,1784928164.16,2025-11-28,VIGENTE
2026-04,CR-000335,AV-2025-000336,CRC,1778556215.82,2025-11-01,VIGENTE
2026-03,CR-000336,AV-2024-000337,USD,130704.97,2024-11-07,VIGENTE
2026-04,CR-000336,AV-2024-000337,USD,129418.25,2024-11-01,VIGENTE
2026-03,CR-000337,AV-2025-000338,CRC,472058274.86,2025-01-26,VIGENTE
2026-04,CR-000337,AV-2025-000338,CRC,467771579.25,2025-02-23,VIGENTE
2026-03,CR-000338,AV-2025-000339,USD,79196.55,2026-01-06,VIGENTE
2026-04,CR-000338,AV-2025-000339,USD,78580.62,2025-12-15,VIGENTE
2026-03,CR-000339,AV-2025-000340,CRC,415053264.34,2025-03-09,VIGENTE
2026-04,CR-000339,AV-2025-000340,CRC,411380709.43,2025-03-10,VIGENTE
2026-03,CR-000340,AV-2026-000341,USD,10135130.67,2026-03-15,VIGENTE
2026-04,CR-000340,AV-2026-000341,USD,0.0,2026-04-06,CANCELADO
2026-03,CR-000341,AV-2025-000342,USD,205697.43,2025-05-13,VIGENTE
2026-04,CR-000341,AV-2025-000342,USD,204594.15,2025-05-12,VIGENTE
2026-03,CR-000344,AV-2024-000345,USD,762488.03,2024-05-08,VIGENTE
2026-04,CR-000344,AV-2024-000345,USD,754932.64,2024-06-19,VIGENTE
2026-03,CR-000345,AV-2025-000346,USD,7184278.07,2025-07-17,VIGENTE
2026-04,CR-000345,AV-2025-000346,USD,0.0,2025-06-10,CANCELADO
2026-03,CR-000346,AV-2025-000347,CRC,55406699.47,2026-01-03,VIGENTE
2026-04,CR-000346,AV-2025-000347,CRC,54830409.53,2025-12-29,VIGENTE
2026-03,CR-000347,AV-2025-000348,CRC,41367043.01,2025-10-12,VIGENTE
2026-04,CR-000347,AV-2025-000348,CRC,40987078.44,2025-10-16,VIGENTE
2026-03,CR-000349,AV-2024-000350,CRC,921185218.87,2024-12-27,VIGENTE
2026-04,CR-000349,AV-2024-000350,CRC,913421273.56,2024-12-27,VIGENTE
2026-03,CR-000350,AV-2025-000351,USD,344288.72,2025-06-07,VIGENTE
2026-04,CR-000350,AV-2025-000351,USD,341953.92,2025-05-25,VIGENTE
2026-03,CR-000351,AV-2026-000352,USD,549210.36,2026-04-17,VIGENTE
2026-04,CR-000351,AV-2026-000352,USD,546439.64,2026-03-21,VIGENTE
2026-03,CR-000352,AV-2025-000353,CRC,438745593.45,2025-09-17,VIGENTE
2026-04,CR-000352,AV-2025-000353,CRC,436811621.87,2025-08-15,VIGENTE
2026-03,CR-000353,AV-2025-000354,USD,751846.52,2025-07-20,VIGENTE
2026-04,CR-000353,AV-2025-000354,USD,744410.73,2025-06-30,VIGENTE
2026-03,CR-000354,AV-2025-000355,CRC,27169809.2,2025-12-19,VIGENTE
2026-04,CR-000354,AV-2025-000355,CRC,26968711.24,2025-12-20,VIGENTE
2026-03,CR-000355,AV-2026-000356,CRC,788476003.45,2026-04-01,VIGENTE
2026-04,CR-000355,AV-2026-000356,CRC,782841619.95,2026-03-09,VIGENTE
2026-03,CR-000356,AV-2024-000357,CRC,362194789.08,2024-11-20,VIGENTE
2026-04,CR-000356,AV-2024-000357,CRC,360769207.35,2024-12-14,VIGENTE
2026-03,CR-000357,AV-2026-000358,CRC,2491665990.47,2026-03-14,VIGENTE
2026-04,CR-000357,AV-2026-000358,CRC,2469093126.71,2026-03-02,VIGENTE
2026-03,CR-000360,AV-2025-000361,USD,270874.16,2025-03-23,VIGENTE
2026-04,CR-000360,AV-2025-000361,USD,268328.17,2025-02-21,VIGENTE
2026-03,CR-000361,AV-2025-000362,CRC,214063238.56,2025-11-21,VIGENTE
2026-04,CR-000361,AV-2025-000362,CRC,212195879.97,2025-11-19,VIGENTE
2026-03,CR-000362,AV-2025-000363,USD,311624.33,2025-07-13,VIGENTE
2026-04,CR-000362,AV-2025-000363,USD,309713.16,2025-08-03,VIGENTE
2026-03,CR-000363,AV-2024-000364,USD,949082.99,2024-10-30,VIGENTE
2026-04,CR-000363,AV-2024-000364,USD,942145.09,2024-10-25,VIGENTE
2026-03,CR-000364,AV-2024-000365,CRC,4757237608.45,2024-10-18,VIGENTE
2026-04,CR-000364,AV-2024-000365,CRC,4705099378.94,2024-11-22,VIGENTE
2026-03,CR-000365,AV-2026-000366,CRC,679784909.99,2026-04-10,VIGENTE
2026-04,CR-000365,AV-2026-000366,CRC,675918799.01,2026-03-05,VIGENTE
2026-03,CR-000366,AV-2026-000367,CRC,172118761.92,2026-03-17,VIGENTE
2026-04,CR-000366,AV-2026-000367,CRC,171578930.91,2026-03-09,VIGENTE
2026-03,CR-000367,AV-2026-000368,CRC,66762628.57,2026-02-02,VIGENTE
2026-04,CR-000367,AV-2026-000368,CRC,66191625.67,2026-02-17,VIGENTE
2026-03,CR-000368,AV-2025-000369,CRC,513290632.28,2025-11-07,VIGENTE
2026-04,CR-000368,AV-2025-000369,CRC,507652380.27,2025-11-22,VIGENTE
2026-03,CR-000369,AV-2024-000370,CRC,165872990.33,2024-08-07,VIGENTE
2026-04,CR-000369,AV-2024-000370,CRC,0.0,2024-07-22,CANCELADO
2026-03,CR-000371,AV-2025-000372,CRC,270079079.43,2025-04-23,VIGENTE
2026-04,CR-000371,AV-2025-000372,CRC,266964776.25,2025-03-04,VIGENTE
2026-03,CR-000372,AV-2026-000373,USD,182089.17,2026-03-22,VIGENTE
2026-04,CR-000372,AV-2026-000373,USD,180058.58,2026-03-20,VIGENTE
2026-03,CR-000373,AV-2024-000374,CRC,1390653047.66,2024-12-27,VIGENTE
2026-04,CR-000373,AV-2024-000374,CRC,1376877414.29,2024-12-31,VIGENTE
2026-03,CR-000374,AV-2025-000375,USD,85367.09,2025-09-23,VIGENTE
2026-04,CR-000374,AV-2025-000375,USD,85017.21,2025-09-23,VIGENTE
2026-03,CR-000375,AV-2025-000376,USD,23252.21,2025-04-30,VIGENTE
2026-04,CR-000375,AV-2025-000376,USD,23043.93,2025-06-18,VIGENTE
2026-03,CR-000376,AV-2025-000377,CRC,5934614415.94,2026-01-26,VIGENTE
2026-04,CR-000376,AV-2025-000377,CRC,5885289290.54,2026-01-28,VIGENTE
2026-03,CR-000378,AV-2025-000379,USD,3972493.85,2025-10-31,VIGENTE
2026-04,CR-000378,AV-2025-000379,USD,3955054.88,2025-11-03,VIGENTE
2026-03,CR-000379,AV-2025-000380,CRC,338877964.37,2025-10-07,VIGENTE
2026-04,CR-000379,AV-2025-000380,CRC,0.0,2025-11-14,CANCELADO
2026-03,CR-000380,AV-2025-000381,CRC,1873322790.78,2025-06-27,VIGENTE
2026-04,CR-000380,AV-2025-000381,CRC,1855707558.08,2025-07-04,VIGENTE
2026-03,CR-000381,AV-2024-000382,CRC,163922401.87,2024-09-14,VIGENTE
2026-04,CR-000381,AV-2024-000382,CRC,162225211.3,2024-10-17,VIGENTE
2026-03,CR-000382,AV-2024-000383,USD,156985.64,2024-12-10,VIGENTE
2026-04,CR-000382,AV-2024-000383,USD,155246.26,2024-12-07,VIGENTE
2026-03,CR-000384,AV-2026-000385,USD,378668.19,2026-03-12,VIGENTE
2026-04,CR-000384,AV-2026-000385,USD,375779.83,2026-03-16,VIGENTE
2026-03,CR-000386,AV-2025-000387,CRC,1756807906.45,2025-11-27,VIGENTE
2026-04,CR-000386,AV-2025-000387,CRC,1749238122.2,2025-12-06,VIGENTE
2026-03,CR-000387,AV-2025-000388,CRC,395693864.18,2026-01-31,VIGENTE
2026-04,CR-000387,AV-2025-000388,CRC,391821552.06,2026-01-20,VIGENTE
2026-03,CR-000388,AV-2025-000389,USD,222377.31,2025-11-14,VIGENTE
2026-04,CR-000388,AV-2025-000389,USD,221473.35,2025-11-21,VIGENTE
2026-03,CR-000389,AV-2025-000390,USD,175285.28,2025-08-30,VIGENTE
2026-04,CR-000389,AV-2025-000390,USD,173949.72,2025-08-15,VIGENTE
2026-03,CR-000390,AV-2026-000391,USD,329328.03,2026-02-15,VIGENTE
2026-04,CR-000390,AV-2026-000391,USD,325412.92,2026-02-05,VIGENTE
2026-03,CR-000392,AV-2025-000393,CRC,199754544.34,2025-10-05,VIGENTE
2026-04,CR-000392,AV-2025-000393,CRC,198597474.01,2025-11-16,VIGENTE
2026-03,CR-000393,AV-2024-000394,USD,10172129.31,2024-09-11,VIGENTE
2026-04,CR-000393,AV-2024-000394,USD,10067124.35,2024-09-18,VIGENTE
2026-03,CR-000394,AV-2025-000395,USD,614868.82,2025-05-26,VIGENTE
2026-04,CR-000394,AV-2025-000395,USD,611862.6,2025-05-29,VIGENTE
2026-03,CR-000395,AV-2024-000396,USD,2122213.34,2024-10-19,VIGENTE
2026-04,CR-000395,AV-2024-000396,USD,0.0,2024-11-15,CANCELADO
2026-03,CR-000397,AV-2025-000398,USD,2935192.93,2025-10-09,VIGENTE
2026-04,CR-000397,AV-2025-000398,USD,2911687.65,2025-09-15,VIGENTE
2026-03,CR-000398,AV-2025-000399,USD,2504407.93,2025-10-08,VIGENTE
2026-04,CR-000398,AV-2025-000399,USD,2487116.22,2025-10-08,VIGENTE
2026-03,CR-000400,AV-2024-000401,CRC,106107737.89,2024-06-02,VIGENTE
2026-04,CR-000400,AV-2024-000401,CRC,104871164.61,2024-06-14,VIGENTE
2026-03,CR-000401,AV-2025-000402,USD,190927.12,2025-12-10,VIGENTE
2026-04,CR-000401,AV-2025-000402,USD,189884.7,2025-11-19,VIGENTE
2026-03,CR-000402,AV-2025-000403,USD,203050.12,2025-10-28,VIGENTE
2026-04,CR-000402,AV-2025-000403,USD,201766.28,2025-10-26,VIGENTE
2026-03,CR-000403,AV-2025-000404,CRC,1932070863.4,2025-03-17,VIGENTE
2026-04,CR-000403,AV-2025-000404,CRC,1926232597.6,2025-03-16,VIGENTE
2026-03,CR-000404,AV-2024-000405,USD,178673.37,2024-09-08,VIGENTE
2026-04,CR-000404,AV-2024-000405,USD,177202.84,2024-09-19,VIGENTE
2026-03,CR-000405,AV-2025-000406,CRC,208131861.64,2025-09-19,VIGENTE
2026-04,CR-000405,AV-2025-000406,CRC,207395887.31,2025-10-27,VIGENTE
2026-03,CR-000406,AV-2025-000407,CRC,296857684.7,2025-10-02,VIGENTE
2026-04,CR-000406,AV-2025-000407,CRC,293633731.99,2025-10-01,VIGENTE
2026-03,CR-000409,AV-2024-000410,CRC,489586025.65,2024-11-06,VIGENTE
2026-04,CR-000409,AV-2024-000410,CRC,487886608.51,2024-12-13,VIGENTE
2026-03,CR-000410,AV-2025-000411,CRC,4317358922.59,2025-10-23,VIGENTE
2026-04,CR-000410,AV-2025-000411,CRC,4301167724.59,2025-10-08,VIGENTE
2026-03,CR-000411,AV-2024-000412,USD,4102888.81,2025-01-19,VIGENTE
2026-04,CR-000411,AV-2024-000412,USD,4084448.75,2025-02-02,VIGENTE
2026-03,CR-000412,AV-2025-000413,CRC,83014970.29,2025-09-30,VIGENTE
2026-04,CR-000412,AV-2025-000413,CRC,82088443.19,2025-09-20,VIGENTE
2026-03,CR-000413,AV-2025-000414,USD,160746.9,2025-10-15,VIGENTE
2026-04,CR-000413,AV-2025-000414,USD,160113.67,2025-10-26,VIGENTE
2026-03,CR-000414,AV-2026-000415,CRC,237687792.29,2026-02-13,VIGENTE
2026-04,CR-000414,AV-2026-000415,CRC,236081861.29,2026-02-26,VIGENTE
2026-03,CR-000415,AV-2024-000416,CRC,242274607.14,2024-12-25,VIGENTE
2026-04,CR-000415,AV-2024-000416,CRC,241293238.65,2024-12-31,VIGENTE
2026-03,CR-000416,AV-2024-000417,CRC,3526498604.03,2025-01-14,VIGENTE
2026-04,CR-000416,AV-2024-000417,CRC,3507726913.89,2024-12-10,VIGENTE
2026-03,CR-000417,AV-2025-000418,CRC,420165886.59,2025-03-03,VIGENTE
2026-04,CR-000417,AV-2025-000418,CRC,415195741.3,2025-03-18,VIGENTE
2026-03,CR-000418,AV-2025-000419,CRC,103043483.9,2026-01-27,VIGENTE
2026-04,CR-000418,AV-2025-000419,CRC,101886034.17,2026-01-30,VIGENTE
2026-03,CR-000420,AV-2025-000421,CRC,115027912.28,2025-02-06,VIGENTE
2026-04,CR-000420,AV-2025-000421,CRC,114571581.14,2025-01-24,VIGENTE
2026-03,CR-000421,AV-2025-000422,USD,428462.88,2025-06-28,VIGENTE
2026-04,CR-000421,AV-2025-000422,USD,424130.99,2025-06-01,VIGENTE
2026-03,CR-000422,AV-2025-000423,USD,134321.36,2025-11-29,VIGENTE
2026-04,CR-000422,AV-2025-000423,USD,133423.47,2026-01-13,VIGENTE
2026-03,CR-000423,AV-2025-000424,CRC,200569760.62,2025-08-06,VIGENTE
2026-04,CR-000423,AV-2025-000424,CRC,198286928.67,2025-09-02,VIGENTE
2026-03,CR-000424,AV-2024-000425,USD,110394.37,2024-10-18,VIGENTE
2026-04,CR-000424,AV-2024-000425,USD,109681.75,2024-11-02,VIGENTE
2026-03,CR-000425,AV-2025-000426,CRC,148435238.76,2025-03-29,VIGENTE
2026-04,CR-000425,AV-2025-000426,CRC,147328213.53,2025-04-10,VIGENTE
2026-03,CR-000428,AV-2025-000429,CRC,82813544.2,2025-03-21,VIGENTE
2026-04,CR-000428,AV-2025-000429,CRC,81835511.7,2025-03-01,VIGENTE
2026-03,CR-000429,AV-2026-000430,CRC,17226589853.94,2026-03-17,VIGENTE
2026-04,CR-000429,AV-2026-000430,CRC,17103414064.8,2026-03-02,VIGENTE
2026-03,CR-000431,AV-2025-000432,USD,151365.78,2025-12-22,VIGENTE
2026-04,CR-000431,AV-2025-000432,USD,150446.73,2025-12-09,VIGENTE
2026-03,CR-000432,AV-2024-000433,CRC,82847775.25,2024-10-03,VIGENTE
2026-04,CR-000432,AV-2024-000433,CRC,82234673.64,2024-09-05,VIGENTE
2026-03,CR-000433,AV-2025-000434,USD,73803.46,2025-09-26,VIGENTE
2026-04,CR-000433,AV-2025-000434,USD,73553.54,2025-10-05,VIGENTE
2026-03,CR-000435,AV-2025-000436,CRC,55690940.16,2025-07-08,VIGENTE
2026-04,CR-000435,AV-2025-000436,CRC,55252720.45,2025-07-06,VIGENTE
2026-03,CR-000437,AV-2026-000438,CRC,333387137.47,2026-03-24,VIGENTE
2026-04,CR-000437,AV-2026-000438,CRC,0.0,2026-03-09,CANCELADO
2026-03,CR-000438,AV-2025-000439,USD,1515044.0,2025-11-03,VIGENTE
2026-04,CR-000438,AV-2025-000439,USD,1506033.19,2025-10-24,VIGENTE
2026-03,CR-000439,AV-2025-000440,USD,7430.41,2025-09-17,VIGENTE
2026-04,CR-000439,AV-2025-000440,USD,7403.62,2025-09-26,VIGENTE
2026-03,CR-000440,AV-2025-000441,CRC,109513757.5,2025-03-19,VIGENTE
2026-04,CR-000440,AV-2025-000441,CRC,108273648.19,2025-02-05,VIGENTE
2026-03,CR-000442,AV-2025-000443,CRC,1273497412.3,2025-06-14,VIGENTE
2026-04,CR-000442,AV-2025-000443,CRC,1259242145.28,2025-06-24,VIGENTE
2026-03,CR-000443,AV-2024-000444,CRC,157330108.47,2025-01-25,VIGENTE
2026-04,CR-000443,AV-2024-000444,CRC,156351669.35,2025-01-05,VIGENTE
2026-03,CR-000444,AV-2025-000445,USD,154322.1,2026-01-22,VIGENTE
2026-04,CR-000444,AV-2025-000445,USD,153771.22,2025-12-29,VIGENTE
2026-03,CR-000446,AV-2024-000447,CRC,70331644.1,2024-09-29,VIGENTE
2026-04,CR-000446,AV-2024-000447,CRC,69900304.64,2024-11-11,VIGENTE
2026-03,CR-000447,AV-2025-000448,USD,137819.81,2025-07-16,VIGENTE
2026-04,CR-000447,AV-2025-000448,USD,136370.52,2025-07-13,VIGENTE
2026-03,CR-000448,AV-2025-000449,USD,4316619.66,2025-12-07,VIGENTE
2026-04,CR-000448,AV-2025-000449,USD,4290581.7,2025-11-24,VIGENTE
2026-03,CR-000450,AV-2026-000451,USD,218603.29,2026-02-17,VIGENTE
2026-04,CR-000450,AV-2026-000451,USD,216858.31,2026-02-14,VIGENTE
2026-03,CR-000451,AV-2025-000452,USD,148830.1,2026-01-05,VIGENTE
2026-04,CR-000451,AV-2025-000452,USD,147824.85,2026-02-23,VIGENTE
2026-03,CR-000452,AV-2025-000453,CRC,208582254.43,2025-02-23,VIGENTE
2026-04,CR-000452,AV-2025-000453,CRC,207418696.79,2025-03-31,VIGENTE
2026-03,CR-000453,AV-2025-000454,CRC,408885394.16,2025-06-28,VIGENTE
2026-04,CR-000453,AV-2025-000454,CRC,406796010.14,2025-08-09,VIGENTE
2026-03,CR-000454,AV-2025-000455,CRC,34573960.14,2025-11-22,VIGENTE
2026-04,CR-000454,AV-2025-000455,CRC,34407305.55,2025-12-18,VIGENTE
2026-03,CR-000455,AV-2025-000456,CRC,1891621496.78,2025-07-20,VIGENTE
2026-04,CR-000455,AV-2025-000456,CRC,1878477828.18,2025-06-22,VIGENTE
2026-03,CR-000456,AV-2025-000457,CRC,118752527.68,2026-01-22,VIGENTE
2026-04,CR-000456,AV-2025-000457,CRC,117530006.47,2025-12-24,VIGENTE
2026-03,CR-000458,AV-2026-000459,CRC,947813873.99,2026-04-15,VIGENTE
2026-04,CR-000458,AV-2026-000459,CRC,944084747.47,2026-04-01,VIGENTE
2026-03,CR-000459,AV-2025-000460,CRC,347409667.78,2025-12-30,VIGENTE
2026-04,CR-000459,AV-2025-000460,CRC,344067846.8,2025-12-05,VIGENTE
2026-03,CR-000460,AV-2025-000461,USD,2751272.19,2025-12-19,VIGENTE
2026-04,CR-000460,AV-2025-000461,USD,2722358.85,2026-02-02,VIGENTE
2026-03,CR-000461,AV-2025-000462,CRC,229244117.05,2025-05-11,VIGENTE
2026-04,CR-000461,AV-2025-000462,CRC,228326648.92,2025-05-30,VIGENTE
2026-03,CR-000463,AV-2025-000464,CRC,304432033.37,2025-12-07,VIGENTE
2026-04,CR-000463,AV-2025-000464,CRC,301925559.48,2025-12-02,VIGENTE
2026-03,CR-000464,AV-2024-000465,CRC,60175604.54,2024-08-29,VIGENTE
2026-04,CR-000464,AV-2024-000465,CRC,59642558.21,2024-08-28,VIGENTE
2026-03,CR-000465,AV-2025-000466,CRC,20034943.27,2025-11-23,VIGENTE
2026-04,CR-000465,AV-2025-000466,CRC,0.0,2025-12-28,CANCELADO
2026-03,CR-000467,AV-2026-000468,USD,183409.35,2026-02-08,VIGENTE
2026-04,CR-000467,AV-2026-000468,USD,182497.95,2026-04-02,VIGENTE
2026-03,CR-000468,AV-2025-000469,CRC,5043393254.37,2025-11-21,VIGENTE
2026-04,CR-000468,AV-2025-000469,CRC,5008680775.42,2025-10-24,VIGENTE
2026-03,CR-000469,AV-2026-000470,CRC,124448882.01,2026-04-09,VIGENTE
2026-04,CR-000469,AV-2026-000470,CRC,0.0,2026-03-08,CANCELADO
2026-03,CR-000470,AV-2024-000471,CRC,110980624.61,2024-04-25,VIGENTE
2026-04,CR-000470,AV-2024-000471,CRC,109855250.66,2024-05-23,VIGENTE
2026-03,CR-000471,AV-2025-000472,CRC,129752501.94,2025-11-10,VIGENTE
2026-04,CR-000471,AV-2025-000472,CRC,128599743.04,2025-12-19,VIGENTE
2026-03,CR-000473,AV-2025-000474,CRC,2191156064.26,2025-10-05,VIGENTE
2026-04,CR-000473,AV-2025-000474,CRC,2173510135.21,2025-08-30,VIGENTE
2026-03,CR-000474,AV-2026-000475,CRC,4595498292.93,2026-04-02,VIGENTE
2026-04,CR-000474,AV-2026-000475,CRC,4566754685.11,2026-03-14,VIGENTE
2026-03,CR-000475,AV-2024-000476,USD,124306.8,2025-01-07,VIGENTE
2026-04,CR-000475,AV-2024-000476,USD,123817.64,2024-12-30,VIGENTE
2026-03,CR-000476,AV-2024-000477,CRC,298697897.45,2024-10-21,VIGENTE
2026-04,CR-000476,AV-2024-000477,CRC,297531080.64,2024-12-05,VIGENTE
2026-03,CR-000477,AV-2025-000478,CRC,344317864.66,2025-03-20,VIGENTE
2026-04,CR-000477,AV-2025-000478,CRC,342188466.37,2025-04-13,VIGENTE
2026-03,CR-000478,AV-2025-000479,CRC,320675174.16,2025-09-05,VIGENTE
2026-04,CR-000478,AV-2025-000479,CRC,316871547.79,2025-10-24,VIGENTE
2026-03,CR-000479,AV-2024-000480,CRC,251149163.98,2024-10-24,VIGENTE
2026-04,CR-000479,AV-2024-000480,CRC,248418252.68,2024-10-07,VIGENTE
2026-03,CR-000480,AV-2025-000481,USD,195879.05,2026-01-27,VIGENTE
2026-04,CR-000480,AV-2025-000481,USD,194706.64,2026-01-21,VIGENTE
2026-03,CR-000481,AV-2025-000482,CRC,354307560.51,2025-12-25,VIGENTE
2026-04,CR-000481,AV-2025-000482,CRC,0.0,2025-12-01,CANCELADO
2026-03,CR-000482,AV-2025-000483,USD,5441518.93,2025-08-25,VIGENTE
2026-04,CR-000482,AV-2025-000483,USD,5416378.73,2025-07-12,VIGENTE
2026-03,CR-000483,AV-2024-000484,CRC,35538145.02,2024-11-26,VIGENTE
2026-04,CR-000483,AV-2024-000484,CRC,35328859.94,2024-11-20,VIGENTE
2026-03,CR-000484,AV-2025-000485,CRC,114128967.85,2025-04-25,VIGENTE
2026-04,CR-000484,AV-2025-000485,CRC,112807263.21,2025-04-26,VIGENTE
2026-03,CR-000486,AV-2024-000487,USD,539072.68,2024-11-21,VIGENTE
2026-04,CR-000486,AV-2024-000487,USD,534149.66,2024-11-08,VIGENTE
2026-03,CR-000487,AV-2025-000488,CRC,161476648.67,2026-01-17,VIGENTE
2026-04,CR-000487,AV-2025-000488,CRC,160867373.06,2026-02-06,VIGENTE
2026-03,CR-000489,AV-2024-000490,USD,142228.66,2024-04-30,VIGENTE
2026-04,CR-000489,AV-2024-000490,USD,141124.15,2024-05-19,VIGENTE
2026-03,CR-000490,AV-2025-000491,CRC,61736719.58,2026-02-07,VIGENTE
2026-04,CR-000490,AV-2025-000491,CRC,0.0,2025-12-20,CANCELADO
2026-03,CR-000491,AV-2025-000492,CRC,49399162.06,2025-02-02,VIGENTE
2026-04,CR-000491,AV-2025-000492,CRC,49070621.63,2025-02-21,VIGENTE
2026-03,CR-000492,AV-2025-000493,CRC,265429146.35,2025-10-24,VIGENTE
2026-04,CR-000492,AV-2025-000493,CRC,264351370.24,2025-11-23,VIGENTE
2026-03,CR-000493,AV-2025-000494,USD,2272855.04,2025-09-13,VIGENTE
2026-04,CR-000493,AV-2025-000494,USD,2257159.76,2025-08-17,VIGENTE
2026-03,CR-000494,AV-2025-000495,CRC,270304565.03,2025-02-19,VIGENTE
2026-04,CR-000494,AV-2025-000495,CRC,268444585.15,2025-03-23,VIGENTE
2026-03,CR-000496,AV-2026-000497,USD,141677.96,2026-02-12,VIGENTE
2026-04,CR-000496,AV-2026-000497,USD,140404.42,2026-02-18,VIGENTE
2026-03,CR-000497,AV-2026-000498,USD,208675.97,2026-02-27,VIGENTE
2026-04,CR-000497,AV-2026-000498,USD,207495.31,2026-03-30,VIGENTE
2026-03,CR-000498,AV-2026-000499,CRC,366660515.79,2026-02-19,VIGENTE
2026-04,CR-000498,AV-2026-000499,CRC,362699826.9,2026-02-11,VIGENTE
2026-03,CR-000499,AV-2025-000500,USD,5886263.69,2025-06-25,VIGENTE
2026-04,CR-000499,AV-2025-000500,USD,5837562.39,2025-08-06,VIGENTE
2026-03,CR-000501,AV-2025-000502,CRC,261677008.3,2025-06-15,VIGENTE
2026-04,CR-000501,AV-2025-000502,CRC,258557009.44,2025-07-30,VIGENTE
2026-03,CR-000502,AV-2025-000503,CRC,511538303.43,2025-06-28,VIGENTE
2026-04,CR-000502,AV-2025-000503,CRC,505565173.56,2025-07-14,VIGENTE
2026-03,CR-000503,AV-2025-000504,CRC,184089204.21,2025-02-03,VIGENTE
2026-04,CR-000503,AV-2025-000504,CRC,183167775.59,2025-02-15,VIGENTE
2026-03,CR-000504,AV-2024-000505,CRC,335954673.55,2025-01-29,VIGENTE
2026-04,CR-000504,AV-2024-000505,CRC,332226117.82,2025-02-27,VIGENTE
2026-03,CR-000505,AV-2024-000506,USD,202909.47,2024-09-28,VIGENTE
2026-04,CR-000505,AV-2024-000506,USD,200958.68,2024-10-09,VIGENTE
2026-03,CR-000507,AV-2025-000508,USD,257450.0,2025-06-26,VIGENTE
2026-04,CR-000507,AV-2025-000508,USD,256405.89,2025-05-21,VIGENTE
2026-03,CR-000508,AV-2025-000509,USD,186076.16,2025-08-13,VIGENTE
2026-04,CR-000508,AV-2025-000509,USD,184496.63,2025-08-21,VIGENTE
2026-03,CR-000509,AV-2025-000510,CRC,7869605421.68,2025-09-15,VIGENTE
2026-04,CR-000509,AV-2025-000510,CRC,7810551332.05,2025-09-13,VIGENTE
2026-03,CR-000510,AV-2025-000511,CRC,215789334.87,2025-11-17,VIGENTE
2026-04,CR-000510,AV-2025-000511,CRC,214326910.98,2026-01-04,VIGENTE
2026-03,CR-000511,AV-2024-000512,USD,178174.85,2024-11-02,VIGENTE
2026-04,CR-000511,AV-2024-000512,USD,176980.85,2024-10-13,VIGENTE
2026-03,CR-000512,AV-2025-000513,CRC,1276364226.0,2025-07-08,VIGENTE
2026-04,CR-000512,AV-2025-000513,CRC,1262854243.07,2025-06-23,VIGENTE
2026-03,CR-000514,AV-2025-000515,USD,66531.49,2025-11-29,VIGENTE
2026-04,CR-000514,AV-2025-000515,USD,65865.6,2026-01-07,VIGENTE
2026-03,CR-000515,AV-2025-000516,CRC,640189203.54,2025-08-20,VIGENTE
2026-04,CR-000515,AV-2025-000516,CRC,633165539.05,2025-08-21,VIGENTE
2026-03,CR-000516,AV-2025-000517,CRC,861291151.23,2025-03-25,VIGENTE
2026-04,CR-000516,AV-2025-000517,CRC,857363824.66,2025-05-05,VIGENTE
2026-03,CR-000517,AV-2025-000518,USD,430188.38,2025-11-29,VIGENTE
2026-04,CR-000517,AV-2025-000518,USD,426058.34,2025-11-13,VIGENTE
2026-03,CR-000518,AV-2025-000519,USD,819895.92,2026-01-28,VIGENTE
2026-04,CR-000518,AV-2025-000519,USD,814732.22,2026-01-19,VIGENTE
2026-03,CR-000519,AV-2025-000520,USD,267232.77,2026-02-15,VIGENTE
2026-04,CR-000519,AV-2025-000520,USD,266429.59,2025-12-31,VIGENTE
2026-03,CR-000520,AV-2024-000521,USD,3909907.79,2024-08-19,VIGENTE
2026-04,CR-000520,AV-2024-000521,USD,3880874.44,2024-08-24,VIGENTE
2026-03,CR-000521,AV-2024-000522,USD,263450.72,2024-09-04,VIGENTE
2026-04,CR-000521,AV-2024-000522,USD,261346.47,2024-08-23,VIGENTE
2026-03,CR-000522,AV-2025-000523,CRC,440265513.07,2025-04-23,VIGENTE
2026-04,CR-000522,AV-2025-000523,CRC,438009634.44,2025-04-01,VIGENTE
2026-03,CR-000523,AV-2025-000524,USD,539609.39,2025-06-11,VIGENTE
2026-04,CR-000523,AV-2025-000524,USD,536499.26,2025-06-24,VIGENTE
2026-03,CR-000524,AV-2026-000525,CRC,52897889.35,2026-04-04,VIGENTE
2026-04,CR-000524,AV-2026-000525,CRC,52531597.86,2026-02-23,VIGENTE
2026-03,CR-000525,AV-2025-000526,USD,527770.65,2025-12-23,VIGENTE
2026-04,CR-000525,AV-2025-000526,USD,525984.29,2025-11-17,VIGENTE
2026-03,CR-000526,AV-2025-000527,CRC,215231899.19,2025-04-19,VIGENTE
2026-04,CR-000526,AV-2025-000527,CRC,213937564.66,2025-04-13,VIGENTE
2026-03,CR-000527,AV-2025-000528,CRC,333094660.24,2025-03-29,VIGENTE
2026-04,CR-000527,AV-2025-000528,CRC,330402245.9,2025-04-14,VIGENTE
2026-03,CR-000528,AV-2026-000529,CRC,7477119368.47,2026-03-15,VIGENTE
2026-04,CR-000528,AV-2026-000529,CRC,7432501568.81,2026-02-15,VIGENTE
2026-03,CR-000529,AV-2026-000530,USD,146935.96,2026-02-20,VIGENTE
2026-04,CR-000529,AV-2026-000530,USD,145596.44,2026-02-16,VIGENTE
2026-03,CR-000532,AV-2025-000533,CRC,880233725.84,2026-01-01,VIGENTE
2026-04,CR-000532,AV-2025-000533,CRC,870045085.14,2025-11-26,VIGENTE
2026-03,CR-000533,AV-2025-000534,CRC,480220230.36,2025-09-30,VIGENTE
2026-04,CR-000533,AV-2025-000534,CRC,477754899.71,2025-09-25,VIGENTE
2026-03,CR-000534,AV-2024-000535,CRC,57427891.52,2024-09-27,VIGENTE
2026-04,CR-000534,AV-2024-000535,CRC,57005975.8,2024-10-28,VIGENTE
2026-03,CR-000535,AV-2025-000536,USD,236008.44,2025-10-13,VIGENTE
2026-04,CR-000535,AV-2025-000536,USD,233907.71,2025-10-22,VIGENTE
2026-03,CR-000536,AV-2025-000537,CRC,267910818.91,2025-05-30,VIGENTE
2026-04,CR-000536,AV-2025-000537,CRC,0.0,2025-07-04,CANCELADO
2026-03,CR-000537,AV-2025-000538,USD,110790.6,2025-06-01,VIGENTE
2026-04,CR-000537,AV-2025-000538,USD,109788.55,2025-05-19,VIGENTE
2026-03,CR-000538,AV-2025-000539,CRC,260879638.1,2025-04-05,VIGENTE
2026-04,CR-000538,AV-2025-000539,CRC,259553627.45,2025-02-19,VIGENTE
2026-03,CR-000539,AV-2025-000540,CRC,121649949.73,2025-09-10,VIGENTE
2026-04,CR-000539,AV-2025-000540,CRC,120384599.4,2025-10-17,VIGENTE
2026-03,CR-000540,AV-2025-000541,CRC,94982000.36,2026-01-10,VIGENTE
2026-04,CR-000540,AV-2025-000541,CRC,93914412.01,2026-01-12,VIGENTE
2026-03,CR-000541,AV-2025-000542,CRC,4273784440.16,2025-11-22,VIGENTE
2026-04,CR-000541,AV-2025-000542,CRC,4238221915.17,2025-10-19,VIGENTE
2026-03,CR-000544,AV-2025-000545,CRC,14577628.99,2026-01-23,VIGENTE
2026-04,CR-000544,AV-2025-000545,CRC,14483874.38,2026-01-19,VIGENTE
2026-03,CR-000545,AV-2026-000546,USD,379226.28,2026-03-20,VIGENTE
2026-04,CR-000545,AV-2026-000546,USD,376056.17,2026-04-02,VIGENTE
2026-03,CR-000546,AV-2025-000547,USD,996080.3,2025-03-26,VIGENTE
2026-04,CR-000546,AV-2025-000547,USD,991454.62,2025-03-10,VIGENTE
2026-03,CR-000547,AV-2025-000548,USD,3298588.28,2025-10-17,VIGENTE
2026-04,CR-000547,AV-2025-000548,USD,3260571.62,2025-10-17,VIGENTE
2026-03,CR-000548,AV-2025-000549,USD,418105.12,2026-02-02,VIGENTE
2026-04,CR-000548,AV-2025-000549,USD,416571.85,2026-02-01,VIGENTE
2026-03,CR-000549,AV-2025-000550,CRC,80690730.23,2025-05-10,VIGENTE
2026-04,CR-000549,AV-2025-000550,CRC,80319005.79,2025-04-14,VIGENTE
2026-03,CR-000550,AV-2025-000551,CRC,630327890.08,2025-04-09,VIGENTE
2026-04,CR-000550,AV-2025-000551,CRC,0.0,2025-05-20,CANCELADO
2026-03,CR-000551,AV-2024-000552,CRC,85699420.48,2024-10-21,VIGENTE
2026-04,CR-000551,AV-2024-000552,CRC,84739702.81,2024-11-17,VIGENTE
2026-03,CR-000553,AV-2025-000554,CRC,471710411.32,2026-01-01,VIGENTE
2026-04,CR-000553,AV-2025-000554,CRC,469031288.74,2026-01-03,VIGENTE
2026-03,CR-000554,AV-2025-000555,CRC,1516804940.38,2025-09-16,VIGENTE
2026-04,CR-000554,AV-2025-000555,CRC,1503956597.71,2025-10-24,VIGENTE
2026-03,CR-000556,AV-2025-000557,CRC,638863296.27,2025-09-28,VIGENTE
2026-04,CR-000556,AV-2025-000557,CRC,636883602.7,2025-09-22,VIGENTE
2026-03,CR-000557,AV-2024-000558,CRC,1443141332.7,2025-02-05,VIGENTE
2026-04,CR-000557,AV-2024-000558,CRC,1426446390.94,2025-02-11,VIGENTE
2026-03,CR-000558,AV-2026-000559,USD,80058.24,2026-03-10,VIGENTE
2026-04,CR-000558,AV-2026-000559,USD,79725.51,2026-03-04,VIGENTE
2026-03,CR-000559,AV-2025-000560,CRC,491014508.94,2025-05-27,VIGENTE
2026-04,CR-000559,AV-2025-000560,CRC,487893798.38,2025-04-24,VIGENTE
2026-03,CR-000560,AV-2025-000561,CRC,156175193.56,2025-11-17,VIGENTE
2026-04,CR-000560,AV-2025-000561,CRC,155475155.44,2025-11-07,VIGENTE
2026-03,CR-000561,AV-2025-000562,USD,586548.25,2025-12-05,VIGENTE
2026-04,CR-000561,AV-2025-000562,USD,580784.52,2025-11-26,VIGENTE
2026-03,CR-000562,AV-2025-000563,USD,13787921.04,2025-03-17,VIGENTE
2026-04,CR-000562,AV-2025-000563,USD,13729505.68,2025-05-02,VIGENTE
2026-03,CR-000563,AV-2025-000564,USD,507847.95,2026-01-22,VIGENTE
2026-04,CR-000563,AV-2025-000564,USD,506094.88,2026-02-05,VIGENTE
2026-03,CR-000565,AV-2024-000566,CRC,85445060.76,2024-10-19,VIGENTE
2026-04,CR-000565,AV-2024-000566,CRC,84784146.44,2024-10-25,VIGENTE
2026-03,CR-000566,AV-2025-000567,USD,143439.34,2025-10-23,VIGENTE
2026-04,CR-000566,AV-2025-000567,USD,142330.04,2025-10-24,VIGENTE
2026-03,CR-000567,AV-2025-000568,CRC,2686328482.43,2025-11-15,VIGENTE
2026-04,CR-000567,AV-2025-000568,CRC,2673194078.02,2025-10-16,VIGENTE
2026-03,CR-000568,AV-2024-000569,USD,435819.62,2024-11-22,VIGENTE
2026-04,CR-000568,AV-2024-000569,USD,432505.36,2024-12-06,VIGENTE
2026-03,CR-000569,AV-2025-000570,USD,6614427.91,2025-09-18,VIGENTE
2026-04,CR-000569,AV-2025-000570,USD,6556379.8,2025-10-19,VIGENTE
2026-03,CR-000570,AV-2026-000571,CRC,29713584348.4,2026-02-09,VIGENTE
2026-04,CR-000570,AV-2026-000571,CRC,29478837215.17,2026-01-24,VIGENTE
2026-03,CR-000571,AV-2025-000572,USD,251461.88,2025-06-29,VIGENTE
2026-04,CR-000571,AV-2025-000572,USD,250087.67,2025-06-26,VIGENTE
2026-03,CR-000572,AV-2025-000573,USD,441175.11,2025-03-06,VIGENTE
2026-04,CR-000572,AV-2025-000573,USD,436275.72,2025-04-08,VIGENTE
2026-03,CR-000574,AV-2025-000575,USD,356042.66,2026-02-05,VIGENTE
2026-04,CR-000574,AV-2025-000575,USD,353189.24,2026-01-06,VIGENTE
2026-03,CR-000575,AV-2024-000576,CRC,590648925.04,2025-01-07,VIGENTE
2026-04,CR-000575,AV-2024-000576,CRC,587368609.16,2024-12-15,VIGENTE
2026-03,CR-000576,AV-2026-000577,CRC,460764587.6,2026-03-20,VIGENTE
2026-04,CR-000576,AV-2026-000577,CRC,455245307.39,2026-02-14,VIGENTE
2026-03,CR-000577,AV-2025-000578,USD,280970.33,2025-11-09,VIGENTE
2026-04,CR-000577,AV-2025-000578,USD,279841.19,2025-11-11,VIGENTE
2026-03,CR-000579,AV-2025-000580,CRC,3611665252.43,2025-05-03,VIGENTE
2026-04,CR-000579,AV-2025-000580,CRC,3579420800.51,2025-06-06,VIGENTE
2026-03,CR-000580,AV-2025-000581,USD,376194.52,2025-09-12,VIGENTE
2026-04,CR-000580,AV-2025-000581,USD,374815.75,2025-08-28,VIGENTE
2026-03,CR-000581,AV-2024-000582,USD,56981.89,2024-10-08,VIGENTE
2026-04,CR-000581,AV-2024-000582,USD,56709.05,2024-09-06,VIGENTE
2026-03,CR-000582,AV-2025-000583,CRC,212828839.71,2025-04-04,VIGENTE
2026-04,CR-000582,AV-2025-000583,CRC,211889814.3,2025-04-08,VIGENTE
2026-03,CR-000583,AV-2025-000584,USD,173526.04,2025-04-24,VIGENTE
2026-04,CR-000583,AV-2025-000584,USD,172506.88,2025-04-17,VIGENTE
2026-03,CR-000584,AV-2026-000585,CRC,112203891.73,2026-02-20,VIGENTE
2026-04,CR-000584,AV-2026-000585,CRC,111413123.66,2026-03-30,VIGENTE
2026-03,CR-000587,AV-2025-000588,CRC,622223371.38,2025-04-17,VIGENTE
2026-04,CR-000587,AV-2025-000588,CRC,617126651.61,2025-03-26,VIGENTE
2026-03,CR-000588,AV-2025-000589,USD,448459.51,2025-12-22,VIGENTE
2026-04,CR-000588,AV-2025-000589,USD,445554.99,2025-12-19,VIGENTE
2026-03,CR-000589,AV-2025-000590,USD,200124.66,2025-06-06,VIGENTE
2026-04,CR-000589,AV-2025-000590,USD,199376.09,2025-05-27,VIGENTE
2026-03,CR-000591,AV-2026-000592,CRC,150787776.24,2026-04-16,VIGENTE
2026-04,CR-000591,AV-2026-000592,CRC,149299625.7,2026-03-28,VIGENTE
2026-03,CR-000592,AV-2024-000593,CRC,71675952.19,2024-11-04,VIGENTE
2026-04,CR-000592,AV-2024-000593,CRC,71299218.58,2024-10-16,VIGENTE
2026-03,CR-000594,AV-2024-000595,CRC,1303452828.06,2025-01-08,VIGENTE
2026-04,CR-000594,AV-2024-000595,CRC,1294847357.81,2025-01-26,VIGENTE
2026-03,CR-000595,AV-2025-000596,USD,162476.45,2025-11-10,VIGENTE
2026-04,CR-000595,AV-2025-000596,USD,161712.03,2025-12-21,VIGENTE
2026-03,CR-000596,AV-2026-000597,CRC,215711761.87,2026-03-16,VIGENTE
2026-04,CR-000596,AV-2026-000597,CRC,0.0,2026-02-18,CANCELADO
2026-03,CR-000597,AV-2026-000598,CRC,233622351.69,2026-03-24,VIGENTE
2026-04,CR-000597,AV-2026-000598,CRC,231907386.3,2026-03-24,VIGENTE
2026-03,CR-000599,AV-2025-000600,CRC,328255327.76,2025-12-30,VIGENTE
2026-04,CR-000599,AV-2025-000600,CRC,324343265.73,2025-12-30,VIGENTE
2026-03,CR-000600,AV-2026-000601,USD,176352.19,2026-03-08,VIGENTE
2026-04,CR-000600,AV-2026-000601,USD,175563.01,2026-03-02,VIGENTE
2026-03,CR-000601,AV-2025-000602,USD,229862.1,2025-10-29,VIGENTE
2026-04,CR-000601,AV-2025-000602,USD,228024.78,2025-10-29,VIGENTE
2026-03,CR-000602,AV-2025-000603,CRC,317282842.01,2025-03-12,VIGENTE
2026-04,CR-000602,AV-2025-000603,CRC,316166367.27,2025-02-07,VIGENTE
2026-03,CR-000603,AV-2025-000604,CRC,518233908.05,2025-06-17,VIGENTE
2026-04,CR-000603,AV-2025-000604,CRC,513781333.46,2025-06-06,VIGENTE
2026-03,CR-000604,AV-2024-000605,CRC,118038277.81,2024-09-28,VIGENTE
2026-04,CR-000604,AV-2024-000605,CRC,116971969.52,2024-09-25,VIGENTE
2026-03,CR-000607,AV-2025-000608,CRC,171933349.28,2025-12-03,VIGENTE
2026-04,CR-000607,AV-2025-000608,CRC,170536281.13,2026-01-12,VIGENTE
2026-03,CR-000609,AV-2026-000610,CRC,64583292.9,2026-03-03,VIGENTE
2026-04,CR-000609,AV-2026-000610,CRC,64001002.91,2026-03-03,VIGENTE
2026-03,CR-000611,AV-2026-000612,CRC,33718634.3,2026-03-28,VIGENTE
2026-04,CR-000611,AV-2026-000612,CRC,33569072.95,2026-02-27,VIGENTE
2026-03,CR-000612,AV-2024-000613,USD,329728.83,2025-01-08,VIGENTE
2026-04,CR-000612,AV-2024-000613,USD,0.0,2025-01-15,CANCELADO
2026-03,CR-000614,AV-2025-000615,USD,1804100.55,2025-09-30,VIGENTE
2026-04,CR-000614,AV-2025-000615,USD,1787941.93,2025-09-15,VIGENTE
2026-03,CR-000615,AV-2025-000616,CRC,2115872555.59,2025-06-03,VIGENTE
2026-04,CR-000615,AV-2025-000616,CRC,2101615694.21,2025-05-20,VIGENTE
2026-03,CR-000617,AV-2024-000618,CRC,167355315.26,2025-01-22,VIGENTE
2026-04,CR-000617,AV-2024-000618,CRC,165686046.14,2025-01-24,VIGENTE
2026-03,CR-000620,AV-2025-000621,CRC,372875638.33,2025-12-18,VIGENTE
2026-04,CR-000620,AV-2025-000621,CRC,369441134.39,2026-01-10,VIGENTE
2026-03,CR-000621,AV-2025-000622,CRC,242726245.79,2025-10-21,VIGENTE
2026-04,CR-000621,AV-2025-000622,CRC,241648222.62,2025-10-28,VIGENTE
2026-03,CR-000622,AV-2025-000623,CRC,94238653.22,2025-03-07,VIGENTE
2026-04,CR-000622,AV-2025-000623,CRC,93627617.91,2025-04-01,VIGENTE
2026-03,CR-000625,AV-2025-000626,CRC,86523137.0,2026-01-22,VIGENTE
2026-04,CR-000625,AV-2025-000626,CRC,85794230.56,2026-02-11,VIGENTE
2026-03,CR-000627,AV-2026-000628,CRC,126862941.25,2026-03-17,VIGENTE
2026-04,CR-000627,AV-2026-000628,CRC,126101847.45,2026-02-12,VIGENTE
2026-03,CR-000628,AV-2025-000629,USD,65957.59,2025-05-04,VIGENTE
2026-04,CR-000628,AV-2025-000629,USD,65309.23,2025-05-02,VIGENTE
2026-03,CR-000629,AV-2025-000630,CRC,160735881.49,2025-10-07,VIGENTE
2026-04,CR-000629,AV-2025-000630,CRC,159079538.42,2025-10-26,VIGENTE
2026-03,CR-000630,AV-2025-000631,CRC,502390757.43,2025-06-03,VIGENTE
2026-04,CR-000630,AV-2025-000631,CRC,500502933.28,2025-05-25,VIGENTE
2026-03,CR-000631,AV-2025-000632,USD,155011.61,2025-08-29,VIGENTE
2026-04,CR-000631,AV-2025-000632,USD,154545.7,2025-09-24,VIGENTE
2026-03,CR-000632,AV-2025-000633,USD,143840.35,2025-05-18,VIGENTE
2026-04,CR-000632,AV-2025-000633,USD,142682.33,2025-05-23,VIGENTE
2026-03,CR-000633,AV-2024-000634,USD,189635.56,2024-11-19,VIGENTE
2026-04,CR-000633,AV-2024-000634,USD,188660.77,2024-10-20,VIGENTE
2026-03,CR-000634,AV-2025-000635,CRC,1617330987.75,2025-07-30,VIGENTE
2026-04,CR-000634,AV-2025-000635,CRC,1607298499.41,2025-08-21,VIGENTE
2026-03,CR-000636,AV-2024-000637,CRC,462427516.23,2024-12-20,VIGENTE
2026-04,CR-000636,AV-2024-000637,CRC,458123349.77,2024-12-17,VIGENTE
2026-03,CR-000637,AV-2025-000638,CRC,259124940.45,2025-03-21,VIGENTE
2026-04,CR-000637,AV-2025-000638,CRC,256881899.57,2025-02-28,VIGENTE
2026-03,CR-000638,AV-2025-000639,CRC,1169544293.52,2025-04-10,VIGENTE
2026-04,CR-000638,AV-2025-000639,CRC,1156068042.89,2025-03-31,VIGENTE
2026-03,CR-000640,AV-2026-000641,CRC,34749889.17,2026-04-11,VIGENTE
2026-04,CR-000640,AV-2026-000641,CRC,34587793.12,2026-04-17,VIGENTE
2026-03,CR-000641,AV-2025-000642,CRC,38089856.78,2025-09-18,VIGENTE
2026-04,CR-000641,AV-2025-000642,CRC,37726184.68,2025-09-21,VIGENTE
2026-03,CR-000642,AV-2025-000643,CRC,543421289.01,2025-09-22,VIGENTE
2026-04,CR-000642,AV-2025-000643,CRC,540471837.09,2025-09-24,VIGENTE
2026-03,CR-000643,AV-2026-000644,USD,314658.18,2026-03-17,VIGENTE
2026-04,CR-000643,AV-2026-000644,USD,312722.82,2026-02-04,VIGENTE
2026-03,CR-000644,AV-2025-000645,USD,144886.18,2025-11-03,VIGENTE
2026-04,CR-000644,AV-2025-000645,USD,143954.88,2025-11-26,VIGENTE
2026-03,CR-000645,AV-2025-000646,CRC,9037427.98,2025-12-24,VIGENTE
2026-04,CR-000645,AV-2025-000646,CRC,8966320.22,2025-12-24,VIGENTE
2026-03,CR-000646,AV-2026-000647,USD,198865.15,2026-01-13,VIGENTE
2026-04,CR-000646,AV-2026-000647,USD,196584.07,2026-02-07,VIGENTE
2026-03,CR-000647,AV-2024-000648,CRC,92029907.12,2024-11-16,VIGENTE
2026-04,CR-000647,AV-2024-000648,CRC,91674966.85,2024-11-01,VIGENTE
2026-03,CR-000648,AV-2025-000649,CRC,35093883.64,2025-10-08,VIGENTE
2026-04,CR-000648,AV-2025-000649,CRC,34759995.7,2025-08-31,VIGENTE
2026-03,CR-000649,AV-2025-000650,USD,80570.51,2025-09-18,VIGENTE
2026-04,CR-000649,AV-2025-000650,USD,80204.8,2025-08-31,VIGENTE
2026-03,CR-000650,AV-2024-000651,USD,172834.12,2024-12-18,VIGENTE
2026-04,CR-000650,AV-2024-000651,USD,171792.97,2024-12-30,VIGENTE
2026-03,CR-000651,AV-2024-000652,CRC,684368212.18,2024-12-31,VIGENTE
2026-04,CR-000651,AV-2024-000652,CRC,676310328.39,2024-11-26,VIGENTE
2026-03,CR-000652,AV-2024-000653,CRC,42624477.52,2025-02-04,VIGENTE
2026-04,CR-000652,AV-2024-000653,CRC,42333715.35,2025-01-13,VIGENTE
2026-03,CR-000653,AV-2026-000654,CRC,530895035.2,2026-02-23,VIGENTE
2026-04,CR-000653,AV-2026-000654,CRC,526275303.56,2026-02-18,VIGENTE
2026-03,CR-000654,AV-2026-000655,CRC,145330869.12,2026-02-13,VIGENTE
2026-04,CR-000654,AV-2026-000655,CRC,144053476.99,2026-03-08,VIGENTE
2026-03,CR-000655,AV-2024-000656,CRC,167829819.75,2024-11-12,VIGENTE
2026-04,CR-000655,AV-2024-000656,CRC,166139714.91,2024-12-19,VIGENTE
2026-03,CR-000656,AV-2025-000657,USD,1501780.13,2025-08-16,VIGENTE
2026-04,CR-000656,AV-2025-000657,USD,1484292.8,2025-08-05,VIGENTE
2026-03,CR-000657,AV-2025-000658,USD,366329.53,2025-04-30,VIGENTE
2026-04,CR-000657,AV-2025-000658,USD,364021.44,2025-05-26,VIGENTE
2026-03,CR-000658,AV-2024-000659,USD,4257063.15,2025-01-01,VIGENTE
2026-04,CR-000658,AV-2024-000659,USD,4215959.43,2025-01-12,VIGENTE
2026-03,CR-000659,AV-2025-000660,USD,2507171.47,2026-01-12,VIGENTE
2026-04,CR-000659,AV-2025-000660,USD,2492353.61,2026-02-02,VIGENTE
2026-03,CR-000660,AV-2025-000661,CRC,386784721.08,2025-10-24,VIGENTE
2026-04,CR-000660,AV-2025-000661,CRC,385400054.1,2025-09-25,VIGENTE
2026-03,CR-000661,AV-2024-000662,USD,314649.93,2024-10-06,VIGENTE
2026-04,CR-000661,AV-2024-000662,USD,313571.4,2024-11-03,VIGENTE
2026-03,CR-000662,AV-2025-000663,USD,259916.41,2025-05-03,VIGENTE
2026-04,CR-000662,AV-2025-000663,USD,257093.02,2025-05-01,VIGENTE
2026-03,CR-000663,AV-2024-000664,USD,404152.46,2024-11-08,VIGENTE
2026-04,CR-000663,AV-2024-000664,USD,402038.36,2024-09-21,VIGENTE
2026-03,CR-000664,AV-2025-000665,USD,3378780.03,2025-12-17,VIGENTE
2026-04,CR-000664,AV-2025-000665,USD,3350165.39,2025-12-28,VIGENTE
2026-03,CR-000665,AV-2025-000666,CRC,139649898.62,2026-01-12,VIGENTE
2026-04,CR-000665,AV-2025-000666,CRC,138683477.69,2026-02-11,VIGENTE
2026-03,CR-000666,AV-2025-000667,CRC,1168223603.45,2025-08-27,VIGENTE
2026-04,CR-000666,AV-2025-000667,CRC,1158487743.49,2025-08-21,VIGENTE
2026-03,CR-000667,AV-2026-000668,CRC,30847253267.56,2026-04-16,VIGENTE
2026-04,CR-000667,AV-2026-000668,CRC,30542242047.04,2026-03-27,VIGENTE
2026-03,CR-000668,AV-2025-000669,CRC,183729644.47,2025-07-11,VIGENTE
2026-04,CR-000668,AV-2025-000669,CRC,181623901.99,2025-06-08,VIGENTE
2026-03,CR-000669,AV-2025-000670,CRC,621658028.37,2025-12-04,VIGENTE
2026-04,CR-000669,AV-2025-000670,CRC,616104883.88,2025-12-18,VIGENTE
2026-03,CR-000670,AV-2024-000671,CRC,2230028685.5,2025-02-17,VIGENTE
2026-04,CR-000670,AV-2024-000671,CRC,2213504556.2,2025-01-15,VIGENTE
2026-03,CR-000671,AV-2025-000672,CRC,1127701353.15,2025-08-09,VIGENTE
2026-04,CR-000671,AV-2025-000672,CRC,1122568217.36,2025-08-21,VIGENTE
2026-03,CR-000672,AV-2025-000673,CRC,359530187.14,2025-03-14,VIGENTE
2026-04,CR-000672,AV-2025-000673,CRC,355498728.95,2025-03-14,VIGENTE
2026-03,CR-000676,AV-2025-000677,USD,6922168.05,2025-08-26,VIGENTE
2026-04,CR-000676,AV-2025-000677,USD,6857501.71,2025-09-24,VIGENTE
2026-03,CR-000677,AV-2025-000678,CRC,15378637324.89,2026-01-14,VIGENTE
2026-04,CR-000677,AV-2025-000678,CRC,0.0,2026-01-28,CANCELADO
2026-03,CR-000679,AV-2025-000680,CRC,153327457.94,2025-11-12,VIGENTE
2026-04,CR-000679,AV-2025-000680,CRC,152824109.56,2025-11-07,VIGENTE
2026-03,CR-000680,AV-2026-000681,CRC,313756152.71,2026-04-08,VIGENTE
2026-04,CR-000680,AV-2026-000681,CRC,310349495.18,2026-03-04,VIGENTE
2026-03,CR-000681,AV-2024-000682,USD,137691.3,2024-09-03,VIGENTE
2026-04,CR-000681,AV-2024-000682,USD,136559.83,2024-09-19,VIGENTE
2026-03,CR-000682,AV-2025-000683,CRC,753756983.22,2025-05-07,VIGENTE
2026-04,CR-000682,AV-2025-000683,CRC,746273994.74,2025-05-15,VIGENTE
2026-03,CR-000683,AV-2025-000684,CRC,768333510.71,2026-01-02,VIGENTE
2026-04,CR-000683,AV-2025-000684,CRC,761326529.9,2026-01-06,VIGENTE
2026-03,CR-000684,AV-2024-000685,USD,174199.0,2024-12-15,VIGENTE
2026-04,CR-000684,AV-2024-000685,USD,172415.67,2024-12-02,VIGENTE
2026-03,CR-000685,AV-2025-000686,CRC,10654671909.12,2025-02-15,VIGENTE
2026-04,CR-000685,AV-2025-000686,CRC,10528658194.02,2025-02-03,VIGENTE
2026-03,CR-000686,AV-2025-000687,USD,1002337.8,2025-02-21,VIGENTE
2026-04,CR-000686,AV-2025-000687,USD,993301.29,2025-04-08,VIGENTE
2026-03,CR-000687,AV-2025-000688,CRC,233930072.29,2025-04-26,VIGENTE
2026-04,CR-000687,AV-2025-000688,CRC,233050806.97,2025-04-25,VIGENTE
2026-03,CR-000688,AV-2024-000689,CRC,196368916.09,2025-02-10,VIGENTE
2026-04,CR-000688,AV-2024-000689,CRC,195717968.42,2025-01-24,VIGENTE
2026-03,CR-000689,AV-2025-000690,CRC,446348191.04,2025-07-12,VIGENTE
2026-04,CR-000689,AV-2025-000690,CRC,444722200.64,2025-07-20,VIGENTE
2026-03,CR-000690,AV-2025-000691,CRC,233441611.01,2025-11-20,VIGENTE
2026-04,CR-000690,AV-2025-000691,CRC,231920966.78,2025-12-02,VIGENTE
2026-03,CR-000692,AV-2024-000693,USD,175522.61,2025-01-26,VIGENTE
2026-04,CR-000692,AV-2024-000693,USD,173822.89,2025-02-14,VIGENTE
2026-03,CR-000694,AV-2025-000695,CRC,669713975.31,2026-01-11,VIGENTE
2026-04,CR-000694,AV-2025-000695,CRC,667536325.07,2025-12-03,VIGENTE
2026-03,CR-000697,AV-2025-000698,CRC,206575600.89,2025-09-07,VIGENTE
2026-04,CR-000697,AV-2025-000698,CRC,204199323.75,2025-09-04,VIGENTE
2026-03,CR-000698,AV-2026-000699,CRC,216025534.0,2026-02-07,VIGENTE
2026-04,CR-000698,AV-2026-000699,CRC,0.0,2026-01-14,CANCELADO
2026-03,CR-000699,AV-2025-000700,CRC,641589719.27,2025-11-15,VIGENTE
2026-04,CR-000699,AV-2025-000700,CRC,0.0,2025-10-12,CANCELADO
2026-03,CR-000700,AV-2026-000701,CRC,9481210738.91,2026-05-04,VIGENTE
2026-04,CR-000700,AV-2026-000701,CRC,9398062616.37,2026-05-10,VIGENTE
2026-03,CR-000701,AV-2024-000702,USD,985293.48,2024-06-26,VIGENTE
2026-04,CR-000701,AV-2024-000702,USD,977384.38,2024-07-16,VIGENTE
2026-03,CR-000702,AV-2025-000703,CRC,451267325.82,2026-01-31,VIGENTE
2026-04,CR-000702,AV-2025-000703,CRC,449596618.24,2025-12-29,VIGENTE
2026-03,CR-000704,AV-2025-000705,CRC,299761260.67,2025-07-07,VIGENTE
2026-04,CR-000704,AV-2025-000705,CRC,298722702.84,2025-08-02,VIGENTE
2026-03,CR-000706,AV-2025-000707,USD,296884.37,2025-09-02,VIGENTE
2026-04,CR-000706,AV-2025-000707,USD,295930.41,2025-10-09,VIGENTE
2026-03,CR-000711,AV-2025-000712,CRC,431943252.34,2026-01-02,VIGENTE
2026-04,CR-000711,AV-2025-000712,CRC,428013030.49,2026-01-06,VIGENTE
2026-03,CR-000712,AV-2025-000713,CRC,186219780.18,2025-02-20,VIGENTE
2026-04,CR-000712,AV-2025-000713,CRC,185224891.31,2025-03-08,VIGENTE
2026-03,CR-000714,AV-2025-000715,USD,187379.33,2025-07-23,VIGENTE
2026-04,CR-000714,AV-2025-000715,USD,185759.8,2025-07-22,VIGENTE
2026-03,CR-000715,AV-2025-000716,USD,71298.05,2025-03-15,VIGENTE
2026-04,CR-000715,AV-2025-000716,USD,71005.88,2025-02-12,VIGENTE
2026-03,CR-000716,AV-2025-000717,USD,255489.54,2025-10-25,VIGENTE
2026-04,CR-000716,AV-2025-000717,USD,252865.33,2025-10-17,VIGENTE
2026-03,CR-000717,AV-2025-000718,CRC,5722653418.42,2025-01-25,VIGENTE
2026-04,CR-000717,AV-2025-000718,CRC,5689240031.42,2025-01-20,VIGENTE
2026-03,CR-000718,AV-2025-000719,CRC,184873304.93,2025-11-06,VIGENTE
2026-04,CR-000718,AV-2025-000719,CRC,182743124.85,2025-10-31,VIGENTE
2026-03,CR-000719,AV-2025-000720,CRC,1920786462.16,2025-07-17,VIGENTE
2026-04,CR-000719,AV-2025-000720,CRC,1899701239.63,2025-06-13,VIGENTE
2026-03,CR-000720,AV-2025-000721,CRC,249038557.89,2025-12-23,VIGENTE
2026-04,CR-000720,AV-2025-000721,CRC,247712538.27,2026-01-21,VIGENTE
2026-03,CR-000722,AV-2026-000723,USD,251093.58,2026-02-23,VIGENTE
2026-04,CR-000722,AV-2026-000723,USD,248555.74,2026-02-02,VIGENTE
2026-03,CR-000725,AV-2025-000726,CRC,22101032.41,2025-08-29,VIGENTE
2026-04,CR-000725,AV-2025-000726,CRC,21941651.55,2025-08-18,VIGENTE
2026-03,CR-000726,AV-2025-000727,USD,7940468.95,2025-12-28,VIGENTE
2026-04,CR-000726,AV-2025-000727,USD,7883063.81,2026-02-02,VIGENTE
2026-03,CR-000727,AV-2025-000728,CRC,399795135.92,2025-04-21,VIGENTE
2026-04,CR-000727,AV-2025-000728,CRC,397944298.01,2025-04-16,VIGENTE
2026-03,CR-000728,AV-2025-000729,USD,373259.95,2025-07-28,VIGENTE
2026-04,CR-000728,AV-2025-000729,USD,369042.9,2025-06-27,VIGENTE
2026-03,CR-000731,AV-2025-000732,CRC,156138806.47,2025-10-06,VIGENTE
2026-04,CR-000731,AV-2025-000732,CRC,154830244.14,2025-10-22,VIGENTE
2026-03,CR-000735,AV-2025-000736,CRC,243380371.07,2025-07-11,VIGENTE
2026-04,CR-000735,AV-2025-000736,CRC,240525607.07,2025-06-29,VIGENTE
2026-03,CR-000736,AV-2025-000737,USD,386280.86,2025-04-04,VIGENTE
2026-04,CR-000736,AV-2025-000737,USD,0.0,2025-04-12,CANCELADO
2026-03,CR-000737,AV-2025-000738,CRC,160629706.99,2025-08-26,VIGENTE
2026-04,CR-000737,AV-2025-000738,CRC,159811712.93,2025-09-14,VIGENTE
2026-03,CR-000738,AV-2026-000739,CRC,861520223.44,2026-03-12,VIGENTE
2026-04,CR-000738,AV-2026-000739,CRC,852329084.35,2026-03-28,VIGENTE
2026-03,CR-000740,AV-2025-000741,CRC,961542210.35,2025-04-28,VIGENTE
2026-04,CR-000740,AV-2025-000741,CRC,950344058.02,2025-04-16,VIGENTE
2026-03,CR-000741,AV-2024-000742,USD,380699.94,2024-11-20,VIGENTE
2026-04,CR-000741,AV-2024-000742,USD,379219.56,2024-12-20,VIGENTE
2026-03,CR-000742,AV-2024-000743,CRC,947654667.42,2025-01-06,VIGENTE
2026-04,CR-000742,AV-2024-000743,CRC,943019987.34,2025-01-05,VIGENTE
2026-03,CR-000743,AV-2025-000744,USD,285888.37,2025-10-10,VIGENTE
2026-04,CR-000743,AV-2025-000744,USD,282554.28,2025-09-27,VIGENTE
2026-03,CR-000746,AV-2024-000747,USD,170705.26,2025-01-02,VIGENTE
2026-04,CR-000746,AV-2024-000747,USD,169356.97,2024-11-17,VIGENTE
2026-03,CR-000748,AV-2025-000749,CRC,742919386.03,2025-08-21,VIGENTE
2026-04,CR-000748,AV-2025-000749,CRC,734969647.53,2025-08-09,VIGENTE
2026-03,CR-000750,AV-2026-000751,CRC,93676443.79,2026-03-04,VIGENTE
2026-04,CR-000750,AV-2026-000751,CRC,92654026.13,2026-02-16,VIGENTE
2026-03,CR-000751,AV-2024-000752,CRC,56442198.98,2024-06-14,VIGENTE
2026-04,CR-000751,AV-2024-000752,CRC,56054023.99,2024-06-09,VIGENTE
2026-03,CR-000752,AV-2025-000753,USD,324543.23,2025-09-26,VIGENTE
2026-04,CR-000752,AV-2025-000753,USD,321292.54,2025-09-03,VIGENTE
2026-03,CR-000753,AV-2025-000754,CRC,561974480.07,2025-12-16,VIGENTE
2026-04,CR-000753,AV-2025-000754,CRC,559172639.38,2025-12-25,VIGENTE
2026-03,CR-000756,AV-2024-000757,USD,148660.85,2024-12-03,VIGENTE
2026-04,CR-000756,AV-2024-000757,USD,148043.03,2024-11-12,VIGENTE
2026-03,CR-000758,AV-2025-000759,CRC,51261705.21,2025-10-18,VIGENTE
2026-04,CR-000758,AV-2025-000759,CRC,50721522.25,2025-11-28,VIGENTE
2026-03,CR-000762,AV-2024-000763,CRC,136804590.79,2024-10-11,VIGENTE
2026-04,CR-000762,AV-2024-000763,CRC,135230777.54,2024-10-11,VIGENTE
2026-03,CR-000763,AV-2025-000764,USD,163534.97,2025-10-26,VIGENTE
2026-04,CR-000763,AV-2025-000764,USD,162249.55,2025-12-03,VIGENTE
2026-03,CR-000764,AV-2025-000765,CRC,48805869.88,2025-11-19,VIGENTE
2026-04,CR-000764,AV-2025-000765,CRC,48408325.94,2025-11-12,VIGENTE
2026-03,CR-000766,AV-2025-000767,CRC,1460803112.58,2025-04-27,VIGENTE
2026-04,CR-000766,AV-2025-000767,CRC,1452528926.86,2025-05-26,VIGENTE
2026-03,CR-000767,AV-2025-000768,USD,78680.05,2025-07-31,VIGENTE
2026-04,CR-000767,AV-2025-000768,USD,77989.24,2025-07-27,VIGENTE
2026-03,CR-000768,AV-2025-000769,USD,495804.48,2025-12-16,VIGENTE
2026-04,CR-000768,AV-2025-000769,USD,493907.73,2025-12-18,VIGENTE
2026-03,CR-000769,AV-2025-000770,CRC,80379700.54,2025-04-09,VIGENTE
2026-04,CR-000769,AV-2025-000770,CRC,79609388.19,2025-04-01,VIGENTE
2026-03,CR-000770,AV-2025-000771,CRC,1527710685.37,2025-03-14,VIGENTE
2026-04,CR-000770,AV-2025-000771,CRC,1518385608.68,2025-03-10,VIGENTE
2026-03,CR-000771,AV-2025-000772,USD,160015.98,2025-07-28,VIGENTE
2026-04,CR-000771,AV-2025-000772,USD,158413.84,2025-09-11,VIGENTE
2026-03,CR-000772,AV-2024-000773,CRC,369747239.32,2024-06-26,VIGENTE
2026-04,CR-000772,AV-2024-000773,CRC,367767838.53,2024-07-22,VIGENTE
2026-03,CR-000773,AV-2026-000774,CRC,251168777.78,2026-03-31,VIGENTE
2026-04,CR-000773,AV-2026-000774,CRC,248947920.42,2026-03-18,VIGENTE
2026-03,CR-000774,AV-2025-000775,CRC,841930542.14,2025-02-27,VIGENTE
2026-04,CR-000774,AV-2025-000775,CRC,835457439.29,2025-03-25,VIGENTE
2026-03,CR-000775,AV-2025-000776,USD,258372.72,2025-10-11,VIGENTE
2026-04,CR-000775,AV-2025-000776,USD,255553.82,2025-11-06,VIGENTE
2026-03,CR-000776,AV-2026-000777,CRC,187562751.18,2026-04-06,VIGENTE
2026-04,CR-000776,AV-2026-000777,CRC,186109372.21,2026-04-11,VIGENTE
2026-03,CR-000778,AV-2024-000779,CRC,262071226.67,2024-06-24,VIGENTE
2026-04,CR-000778,AV-2024-000779,CRC,260558517.81,2024-06-06,VIGENTE
2026-03,CR-000779,AV-2025-000780,CRC,261197349.08,2025-09-27,VIGENTE
2026-04,CR-000779,AV-2025-000780,CRC,259425440.92,2025-08-27,VIGENTE
2026-03,CR-000780,AV-2025-000781,CRC,664057933.93,2026-02-01,VIGENTE
2026-04,CR-000780,AV-2025-000781,CRC,658660903.0,2026-01-16,VIGENTE
2026-03,CR-000783,AV-2024-000784,CRC,5382682727.56,2025-01-03,VIGENTE
2026-04,CR-000783,AV-2024-000784,CRC,5344715941.66,2024-12-28,VIGENTE
2026-03,CR-000784,AV-2026-000785,CRC,90327422.09,2026-01-20,VIGENTE
2026-04,CR-000784,AV-2026-000785,CRC,89858647.02,2026-01-25,VIGENTE
2026-03,CR-000785,AV-2025-000786,USD,518495.19,2025-10-25,VIGENTE
2026-04,CR-000785,AV-2025-000786,USD,516351.59,2025-10-26,VIGENTE
2026-03,CR-000787,AV-2025-000788,CRC,554325936.79,2025-09-06,VIGENTE
2026-04,CR-000787,AV-2025-000788,CRC,551983436.32,2025-09-07,VIGENTE
2026-03,CR-000788,AV-2025-000789,USD,285244.36,2026-01-01,VIGENTE
2026-04,CR-000788,AV-2025-000789,USD,283921.06,2026-01-26,VIGENTE
2026-03,CR-000789,AV-2025-000790,CRC,192107349.31,2025-12-19,VIGENTE
2026-04,CR-000789,AV-2025-000790,CRC,190600386.22,2025-12-17,VIGENTE
2026-03,CR-000790,AV-2025-000791,CRC,1161589717.27,2026-01-07,VIGENTE
2026-04,CR-000790,AV-2025-000791,CRC,1154732456.14,2026-01-05,VIGENTE
2026-03,CR-000791,AV-2026-000792,USD,534353.84,2026-03-09,VIGENTE
2026-04,CR-000791,AV-2026-000792,USD,528526.37,2026-03-17,VIGENTE
2026-03,CR-000792,AV-2025-000793,CRC,328045197.97,2025-04-13,VIGENTE
2026-04,CR-000792,AV-2025-000793,CRC,324715767.75,2025-03-25,VIGENTE
2026-03,CR-000794,AV-2025-000795,USD,394346.21,2025-08-21,VIGENTE
2026-04,CR-000794,AV-2025-000795,USD,391557.16,2025-08-01,VIGENTE
2026-03,CR-000795,AV-2024-000796,USD,189720.54,2024-11-07,VIGENTE
2026-04,CR-000795,AV-2024-000796,USD,188102.2,2024-10-13,VIGENTE
2026-03,CR-000796,AV-2026-000797,USD,7418873.89,2026-03-27,VIGENTE
2026-04,CR-000796,AV-2026-000797,USD,7373698.39,2026-03-10,VIGENTE
2026-03,CR-000797,AV-2025-000798,CRC,295998849.61,2025-11-06,VIGENTE
2026-04,CR-000797,AV-2025-000798,CRC,294138279.39,2025-11-14,VIGENTE
2026-03,CR-000798,AV-2025-000799,USD,622774.92,2025-09-26,VIGENTE
2026-04,CR-000798,AV-2025-000799,USD,615503.05,2025-08-30,VIGENTE
2026-03,CR-000800,AV-2025-000801,CRC,2227735009.25,2025-03-17,VIGENTE
2026-04,CR-000800,AV-2025-000801,CRC,2218542812.14,2025-02-25,VIGENTE
2026-03,CR-000801,AV-2025-000802,CRC,1510560411.27,2025-03-01,VIGENTE
2026-04,CR-000801,AV-2025-000802,CRC,1504384954.67,2025-03-03,VIGENTE
2026-03,CR-000802,AV-2026-000803,USD,2352933.06,2026-03-18,VIGENTE
2026-04,CR-000802,AV-2026-000803,USD,2335746.35,2026-04-18,VIGENTE
2026-03,CR-000803,AV-2025-000804,USD,405235.14,2025-06-17,VIGENTE
2026-04,CR-000803,AV-2025-000804,USD,0.0,2025-06-11,CANCELADO
2026-03,CR-000804,AV-2025-000805,CRC,10506140618.99,2025-05-08,VIGENTE
2026-04,CR-000804,AV-2025-000805,CRC,10407591401.76,2025-04-28,VIGENTE
2026-03,CR-000805,AV-2024-000806,CRC,610545465.11,2024-12-20,VIGENTE
2026-04,CR-000805,AV-2024-000806,CRC,605160473.22,2024-12-31,VIGENTE
2026-03,CR-000806,AV-2025-000807,USD,180613.21,2026-01-25,VIGENTE
2026-04,CR-000806,AV-2025-000807,USD,178845.37,2026-01-05,VIGENTE
2026-03,CR-000807,AV-2025-000808,CRC,1067480776.02,2025-06-14,VIGENTE
2026-04,CR-000807,AV-2025-000808,CRC,1060115416.18,2025-06-06,VIGENTE
2026-03,CR-000808,AV-2024-000809,USD,286297.51,2024-11-19,VIGENTE
2026-04,CR-000808,AV-2024-000809,USD,284139.83,2024-11-23,VIGENTE
2026-03,CR-000809,AV-2025-000810,USD,653400.91,2025-11-18,VIGENTE
2026-04,CR-000809,AV-2025-000810,USD,649057.42,2025-10-28,VIGENTE
2026-03,CR-000810,AV-2025-000811,CRC,323874960.16,2025-12-07,VIGENTE
2026-04,CR-000810,AV-2025-000811,CRC,321501130.17,2025-12-25,VIGENTE
2026-03,CR-000812,AV-2025-000813,USD,5002204.35,2025-05-01,VIGENTE
2026-04,CR-000812,AV-2025-000813,USD,4980850.78,2025-05-06,VIGENTE
2026-03,CR-000813,AV-2025-000814,CRC,339782376.4,2025-07-04,VIGENTE
2026-04,CR-000813,AV-2025-000814,CRC,336482833.08,2025-07-30,VIGENTE
2026-03,CR-000814,AV-2025-000815,CRC,176476535.42,2025-10-30,VIGENTE
2026-04,CR-000814,AV-2025-000815,CRC,175484108.51,2025-12-02,VIGENTE
2026-03,CR-000816,AV-2026-000817,CRC,343978496.68,2026-01-31,VIGENTE
2026-04,CR-000816,AV-2026-000817,CRC,342283439.15,2026-02-22,VIGENTE
2026-03,CR-000817,AV-2025-000818,USD,115674.49,2026-01-10,VIGENTE
2026-04,CR-000817,AV-2025-000818,USD,114768.38,2026-01-15,VIGENTE
2026-03,CR-000818,AV-2025-000819,CRC,121325167.52,2025-10-22,VIGENTE
2026-04,CR-000818,AV-2025-000819,CRC,120312555.36,2025-10-10,VIGENTE
2026-03,CR-000820,AV-2024-000821,CRC,2663254570.95,2024-09-27,VIGENTE
2026-04,CR-000820,AV-2024-000821,CRC,2633451268.35,2024-10-11,VIGENTE
2026-03,CR-000822,AV-2025-000823,CRC,107662483.11,2025-10-23,VIGENTE
2026-04,CR-000822,AV-2025-000823,CRC,106382575.03,2025-10-20,VIGENTE
2026-03,CR-000825,AV-2026-000826,CRC,362911575.82,2026-03-09,VIGENTE
2026-04,CR-000825,AV-2026-000826,CRC,361048956.05,2026-02-17,VIGENTE
2026-03,CR-000826,AV-2024-000827,USD,276460.75,2024-08-10,VIGENTE
2026-04,CR-000826,AV-2024-000827,USD,274691.2,2024-09-09,VIGENTE
2026-03,CR-000828,AV-2024-000829,CRC,57758886.11,2024-09-03,VIGENTE
2026-04,CR-000828,AV-2024-000829,CRC,57567560.01,2024-07-26,VIGENTE
2026-03,CR-000829,AV-2025-000830,CRC,64084959.27,2025-10-31,VIGENTE
2026-04,CR-000829,AV-2025-000830,CRC,63379343.19,2025-11-21,VIGENTE
2026-03,CR-000830,AV-2026-000831,CRC,282961887.41,2026-03-19,VIGENTE
2026-04,CR-000830,AV-2026-000831,CRC,281762994.17,2026-03-24,VIGENTE
2026-03,CR-000831,AV-2025-000832,CRC,233744434.02,2026-01-05,VIGENTE
2026-04,CR-000831,AV-2025-000832,CRC,231815908.18,2025-12-18,VIGENTE
2026-03,CR-000832,AV-2026-000833,USD,7646547.3,2026-03-13,VIGENTE
2026-04,CR-000832,AV-2026-000833,USD,7563765.8,2026-02-27,VIGENTE
2026-03,CR-000833,AV-2025-000834,CRC,136819646.72,2025-07-29,VIGENTE
2026-04,CR-000833,AV-2025-000834,CRC,135180296.62,2025-07-05,VIGENTE
2026-03,CR-000835,AV-2025-000836,CRC,89213177.19,2025-05-01,VIGENTE
2026-04,CR-000835,AV-2025-000836,CRC,88906637.03,2025-04-17,VIGENTE
2026-03,CR-000838,AV-2025-000839,USD,249453.5,2025-12-18,VIGENTE
2026-04,CR-000838,AV-2025-000839,USD,246708.08,2025-11-15,VIGENTE
2026-03,CR-000839,AV-2026-000840,CRC,2539461770.15,2026-02-28,VIGENTE
2026-04,CR-000839,AV-2026-000840,CRC,2517079437.57,2026-01-27,VIGENTE
2026-03,CR-000840,AV-2024-000841,CRC,101223436.32,2025-02-12,VIGENTE
2026-04,CR-000840,AV-2024-000841,CRC,100877019.84,2025-02-06,VIGENTE
2026-03,CR-000841,AV-2024-000842,CRC,257213026.94,2024-11-04,VIGENTE
2026-04,CR-000841,AV-2024-000842,CRC,255470437.45,2024-11-08,VIGENTE
2026-03,CR-000842,AV-2025-000843,USD,188462.51,2025-10-15,VIGENTE
2026-04,CR-000842,AV-2025-000843,USD,186951.33,2025-12-01,VIGENTE
2026-03,CR-000845,AV-2025-000846,USD,614557.92,2025-08-27,VIGENTE
2026-04,CR-000845,AV-2025-000846,USD,611318.94,2025-07-23,VIGENTE
2026-03,CR-000846,AV-2024-000847,CRC,670474845.06,2024-06-22,VIGENTE
2026-04,CR-000846,AV-2024-000847,CRC,663307202.65,2024-05-29,VIGENTE
2026-03,CR-000847,AV-2026-000848,CRC,237355317.73,2026-04-04,VIGENTE
2026-04,CR-000847,AV-2026-000848,CRC,0.0,2026-04-02,CANCELADO
2026-03,CR-000848,AV-2024-000849,CRC,145087737.01,2024-12-15,VIGENTE
2026-04,CR-000848,AV-2024-000849,CRC,143452345.79,2025-01-28,VIGENTE
2026-03,CR-000849,AV-2025-000850,USD,283441.03,2025-12-10,VIGENTE
2026-04,CR-000849,AV-2025-000850,USD,281171.36,2025-11-22,VIGENTE
2026-03,CR-000851,AV-2025-000852,USD,190336.31,2025-05-31,VIGENTE
2026-04,CR-000851,AV-2025-000852,USD,189195.42,2025-05-12,VIGENTE
2026-03,CR-000852,AV-2024-000853,CRC,39739973.1,2024-09-23,VIGENTE
2026-04,CR-000852,AV-2024-000853,CRC,39614717.09,2024-10-08,VIGENTE
2026-03,CR-000853,AV-2024-000854,CRC,383748851.29,2025-02-11,VIGENTE
2026-04,CR-000853,AV-2024-000854,CRC,380537089.49,2025-01-10,VIGENTE
2026-03,CR-000854,AV-2025-000855,CRC,76004475.04,2025-12-16,VIGENTE
2026-04,CR-000854,AV-2025-000855,CRC,75197013.15,2025-11-20,VIGENTE
2026-03,CR-000855,AV-2024-000856,CRC,198220821.81,2024-08-15,VIGENTE
2026-04,CR-000855,AV-2024-000856,CRC,0.0,2024-09-28,CANCELADO
2026-03,CR-000856,AV-2026-000857,USD,5058326.31,2026-03-08,VIGENTE
2026-04,CR-000856,AV-2026-000857,USD,5041074.11,2026-04-24,VIGENTE
2026-03,CR-000857,AV-2024-000858,CRC,122813617.96,2024-07-28,VIGENTE
2026-04,CR-000857,AV-2024-000858,CRC,122372191.18,2024-09-08,VIGENTE
2026-03,CR-000858,AV-2024-000859,USD,14045391.61,2024-09-17,VIGENTE
2026-04,CR-000858,AV-2024-000859,USD,13887224.22,2024-07-29,VIGENTE
2026-03,CR-000859,AV-2025-000860,CRC,163559734.56,2025-10-17,VIGENTE
2026-04,CR-000859,AV-2025-000860,CRC,162665541.96,2025-11-01,VIGENTE
2026-03,CR-000860,AV-2025-000861,CRC,1314935159.23,2025-07-13,VIGENTE
2026-04,CR-000860,AV-2025-000861,CRC,1302754478.2,2025-08-06,VIGENTE
2026-03,CR-000861,AV-2025-000862,USD,287233.93,2025-11-06,VIGENTE
2026-04,CR-000861,AV-2025-000862,USD,285070.23,2025-12-06,VIGENTE
2026-03,CR-000862,AV-2025-000863,USD,133514.51,2025-12-19,VIGENTE
2026-04,CR-000862,AV-2025-000863,USD,132382.93,2026-01-05,VIGENTE
2026-03,CR-000863,AV-2025-000864,CRC,320159567.17,2026-01-05,VIGENTE
2026-04,CR-000863,AV-2025-000864,CRC,316578653.61,2025-11-17,VIGENTE
2026-03,CR-000864,AV-2025-000865,USD,219226.4,2025-04-07,VIGENTE
2026-04,CR-000864,AV-2025-000865,USD,216765.18,2025-03-06,VIGENTE
2026-03,CR-000865,AV-2026-000866,CRC,12950421171.12,2026-03-26,VIGENTE
2026-04,CR-000865,AV-2026-000866,CRC,12813466484.46,2026-04-14,VIGENTE
2026-03,CR-000866,AV-2026-000867,USD,210036.27,2026-03-12,VIGENTE
2026-04,CR-000866,AV-2026-000867,USD,208872.48,2026-04-16,VIGENTE
2026-03,CR-000867,AV-2025-000868,CRC,1223583688.15,2025-08-08,VIGENTE
2026-04,CR-000867,AV-2025-000868,CRC,1211283967.98,2025-07-25,VIGENTE
2026-03,CR-000870,AV-2024-000871,CRC,577786203.51,2025-01-28,VIGENTE
2026-04,CR-000870,AV-2024-000871,CRC,575655351.39,2024-12-31,VIGENTE
2026-03,CR-000871,AV-2024-000872,CRC,10690636.93,2024-12-11,VIGENTE
2026-04,CR-000871,AV-2024-000872,CRC,10629969.65,2024-11-21,VIGENTE
2026-03,CR-000872,AV-2024-000873,CRC,50159851.62,2024-12-01,VIGENTE
2026-04,CR-000872,AV-2024-000873,CRC,49668224.01,2024-12-04,VIGENTE
2026-03,CR-000873,AV-2025-000874,CRC,564279895.56,2025-11-03,VIGENTE
2026-04,CR-000873,AV-2025-000874,CRC,558952638.18,2025-11-20,VIGENTE
2026-03,CR-000874,AV-2024-000875,CRC,26191234.41,2025-01-26,VIGENTE
2026-04,CR-000874,AV-2024-000875,CRC,25912883.04,2025-01-17,VIGENTE
2026-03,CR-000875,AV-2025-000876,CRC,12373124909.4,2025-07-07,VIGENTE
2026-04,CR-000875,AV-2025-000876,CRC,12253980311.83,2025-08-09,VIGENTE
2026-03,CR-000876,AV-2024-000877,CRC,127488740.85,2024-07-27,VIGENTE
2026-04,CR-000876,AV-2024-000877,CRC,127063139.35,2024-07-27,VIGENTE
2026-03,CR-000877,AV-2025-000878,USD,398078.83,2025-07-19,VIGENTE
2026-04,CR-000877,AV-2025-000878,USD,393422.94,2025-06-15,VIGENTE
2026-03,CR-000880,AV-2025-000881,USD,808208.86,2025-03-12,VIGENTE
2026-04,CR-000880,AV-2025-000881,USD,803389.63,2025-03-01,VIGENTE
2026-03,CR-000881,AV-2025-000882,CRC,119809000.41,2025-08-29,VIGENTE
2026-04,CR-000881,AV-2025-000882,CRC,118984971.6,2025-10-05,VIGENTE
2026-03,CR-000882,AV-2025-000883,CRC,666964311.53,2025-03-03,VIGENTE
2026-04,CR-000882,AV-2025-000883,CRC,662279782.81,2025-04-11,VIGENTE
2026-03,CR-000884,AV-2025-000885,CRC,40506718.03,2025-12-29,VIGENTE
2026-04,CR-000884,AV-2025-000885,CRC,40138243.16,2026-01-03,VIGENTE
2026-03,CR-000885,AV-2025-000886,CRC,632417718.61,2025-04-09,VIGENTE
2026-04,CR-000885,AV-2025-000886,CRC,628960893.8,2025-03-03,VIGENTE
2026-03,CR-000887,AV-2025-000888,CRC,704691869.1,2025-02-04,VIGENTE
2026-04,CR-000887,AV-2025-000888,CRC,702544571.9,2025-02-11,VIGENTE
2026-03,CR-000888,AV-2024-000889,CRC,49042457.06,2025-02-06,VIGENTE
2026-04,CR-000888,AV-2024-000889,CRC,48629917.08,2025-02-15,VIGENTE
2026-03,CR-000889,AV-2025-000890,USD,230587.24,2025-11-28,VIGENTE
2026-04,CR-000889,AV-2025-000890,USD,229673.36,2025-12-27,VIGENTE
2026-03,CR-000890,AV-2024-000891,CRC,428170078.18,2024-06-20,VIGENTE
2026-04,CR-000890,AV-2024-000891,CRC,424918593.67,2024-05-24,VIGENTE
2026-03,CR-000891,AV-2024-000892,CRC,7976872.51,2024-08-08,VIGENTE
2026-04,CR-000891,AV-2024-000892,CRC,7921148.19,2024-07-21,VIGENTE
2026-03,CR-000892,AV-2025-000893,CRC,203039919.65,2025-04-12,VIGENTE
2026-04,CR-000892,AV-2025-000893,CRC,202166360.68,2025-03-31,VIGENTE
2026-03,CR-000893,AV-2025-000894,CRC,197367062.79,2025-06-23,VIGENTE
2026-04,CR-000893,AV-2025-000894,CRC,196152296.7,2025-07-25,VIGENTE
2026-03,CR-000894,AV-2025-000895,CRC,207566205.37,2025-11-06,VIGENTE
2026-04,CR-000894,AV-2025-000895,CRC,206635900.43,2025-10-20,VIGENTE
2026-03,CR-000896,AV-2024-000897,CRC,440162176.26,2025-01-29,VIGENTE
2026-04,CR-000896,AV-2024-000897,CRC,437514147.41,2025-01-31,VIGENTE
2026-03,CR-000897,AV-2025-000898,USD,13041485.45,2025-06-08,VIGENTE
2026-04,CR-000897,AV-2025-000898,USD,12952757.37,2025-06-08,VIGENTE
2026-03,CR-000899,AV-2025-000900,USD,975431.79,2026-01-11,VIGENTE
2026-04,CR-000899,AV-2025-000900,USD,0.0,2025-12-31,CANCELADO
2026-03,CR-000900,AV-2025-000901,CRC,93977326.97,2025-10-12,VIGENTE
2026-04,CR-000900,AV-2025-000901,CRC,93622573.39,2025-11-04,VIGENTE
2026-03,CR-000902,AV-2024-000903,CRC,386208680.29,2024-06-10,VIGENTE
2026-04,CR-000902,AV-2024-000903,CRC,381972888.74,2024-05-13,VIGENTE
2026-03,CR-000903,AV-2025-000904,CRC,281020739.79,2025-05-15,VIGENTE
2026-04,CR-000903,AV-2025-000904,CRC,280095177.42,2025-05-05,VIGENTE
2026-03,CR-000904,AV-2025-000905,CRC,198599095.69,2025-07-19,VIGENTE
2026-04,CR-000904,AV-2025-000905,CRC,196865880.13,2025-08-08,VIGENTE
2026-03,CR-000905,AV-2024-000906,USD,460309.13,2024-10-21,VIGENTE
2026-04,CR-000905,AV-2024-000906,USD,0.0,2024-10-17,CANCELADO
2026-03,CR-000906,AV-2025-000907,CRC,185189776.05,2025-06-30,VIGENTE
2026-04,CR-000906,AV-2025-000907,CRC,184331617.05,2025-05-24,VIGENTE
2026-03,CR-000907,AV-2025-000908,CRC,271132489.23,2025-09-16,VIGENTE
2026-04,CR-000907,AV-2025-000908,CRC,267945226.43,2025-10-29,VIGENTE
2026-03,CR-000908,AV-2025-000909,CRC,147885732.14,2025-03-01,VIGENTE
2026-04,CR-000908,AV-2025-000909,CRC,146358387.32,2025-02-23,VIGENTE
2026-03,CR-000909,AV-2025-000910,CRC,63764872.22,2025-06-27,VIGENTE
2026-04,CR-000909,AV-2025-000910,CRC,63288495.86,2025-06-30,VIGENTE
2026-03,CR-000910,AV-2025-000911,USD,366965.44,2025-02-23,VIGENTE
2026-04,CR-000910,AV-2025-000911,USD,365417.45,2025-03-19,VIGENTE
2026-03,CR-000911,AV-2026-000912,USD,212697.11,2026-03-29,VIGENTE
2026-04,CR-000911,AV-2026-000912,USD,211331.37,2026-02-28,VIGENTE
2026-03,CR-000912,AV-2024-000913,USD,144117.55,2024-11-22,VIGENTE
2026-04,CR-000912,AV-2024-000913,USD,142731.24,2024-10-11,VIGENTE
2026-03,CR-000913,AV-2024-000914,CRC,134741239.31,2024-12-06,VIGENTE
2026-04,CR-000913,AV-2024-000914,CRC,133632800.63,2024-12-10,VIGENTE
2026-03,CR-000914,AV-2024-000915,USD,129847.03,2024-08-21,VIGENTE
2026-04,CR-000914,AV-2024-000915,USD,128799.64,2024-08-22,VIGENTE
2026-03,CR-000915,AV-2024-000916,CRC,3328625129.41,2024-10-07,VIGENTE
2026-04,CR-000915,AV-2024-000916,CRC,3316259562.4,2024-09-27,VIGENTE
2026-03,CR-000917,AV-2026-000918,USD,273683.29,2026-03-10,VIGENTE
2026-04,CR-000917,AV-2026-000918,USD,270679.98,2026-03-16,VIGENTE
2026-03,CR-000918,AV-2026-000919,CRC,310632839.35,2026-03-01,VIGENTE
2026-04,CR-000918,AV-2026-000919,CRC,307832800.99,2026-04-05,VIGENTE
2026-03,CR-000919,AV-2026-000920,USD,2153153.63,2026-02-16,VIGENTE
2026-04,CR-000919,AV-2026-000920,USD,2133039.08,2026-02-08,VIGENTE
2026-03,CR-000920,AV-2025-000921,USD,5731567.36,2025-12-30,VIGENTE
2026-04,CR-000920,AV-2025-000921,USD,5670897.78,2025-12-22,VIGENTE
2026-03,CR-000923,AV-2024-000924,USD,2261770.36,2024-12-21,VIGENTE
2026-04,CR-000923,AV-2024-000924,USD,2243280.86,2024-12-20,VIGENTE
2026-03,CR-000924,AV-2025-000925,CRC,1289956630.69,2025-11-11,VIGENTE
2026-04,CR-000924,AV-2025-000925,CRC,1275184568.27,2025-11-09,VIGENTE
2026-03,CR-000925,AV-2026-000926,CRC,668912658.49,2026-04-16,VIGENTE
2026-04,CR-000925,AV-2026-000926,CRC,664847820.51,2026-03-26,VIGENTE
2026-03,CR-000926,AV-2025-000927,CRC,233164275.25,2025-11-06,VIGENTE
2026-04,CR-000926,AV-2025-000927,CRC,232205894.49,2025-11-04,VIGENTE
2026-03,CR-000928,AV-2026-000929,CRC,3529185819.0,2026-03-24,VIGENTE
2026-04,CR-000928,AV-2026-000929,CRC,3503103340.46,2026-03-27,VIGENTE
2026-03,CR-000929,AV-2026-000930,CRC,177859237.42,2026-03-22,VIGENTE
2026-04,CR-000929,AV-2026-000930,CRC,176994823.48,2026-03-27,VIGENTE
2026-03,CR-000930,AV-2025-000931,USD,131379.62,2026-02-27,VIGENTE
2026-04,CR-000930,AV-2025-000931,USD,130759.03,2026-01-29,VIGENTE
2026-03,CR-000934,AV-2025-000935,USD,323191.46,2025-05-13,VIGENTE
2026-04,CR-000934,AV-2025-000935,USD,322092.31,2025-07-01,VIGENTE
2026-03,CR-000935,AV-2024-000936,CRC,102411771.41,2024-11-11,VIGENTE
2026-04,CR-000935,AV-2024-000936,CRC,101916167.77,2024-11-06,VIGENTE
2026-03,CR-000936,AV-2025-000937,CRC,95899756.91,2025-10-05,VIGENTE
2026-04,CR-000936,AV-2025-000937,CRC,95345060.48,2025-11-23,VIGENTE
2026-03,CR-000937,AV-2024-000938,CRC,176396424.74,2025-02-07,VIGENTE
2026-04,CR-000937,AV-2024-000938,CRC,174683724.07,2025-01-24,VIGENTE
2026-03,CR-000938,AV-2025-000939,CRC,618438201.2,2025-04-07,VIGENTE
2026-04,CR-000938,AV-2025-000939,CRC,613482828.47,2025-05-11,VIGENTE
2026-03,CR-000940,AV-2024-000941,USD,264100.55,2024-10-24,VIGENTE
2026-04,CR-000940,AV-2024-000941,USD,262145.34,2024-11-15,VIGENTE
2026-03,CR-000941,AV-2024-000942,CRC,2185653669.86,2024-12-17,VIGENTE
2026-04,CR-000941,AV-2024-000942,CRC,2176359777.37,2024-12-24,VIGENTE
2026-03,CR-000942,AV-2025-000943,CRC,629395441.5,2025-05-30,VIGENTE
2026-04,CR-000942,AV-2025-000943,CRC,623192840.86,2025-05-28,VIGENTE
2026-03,CR-000943,AV-2025-000944,USD,1731230.13,2025-04-28,VIGENTE
2026-04,CR-000943,AV-2025-000944,USD,1716767.28,2025-05-29,VIGENTE
2026-03,CR-000944,AV-2025-000945,CRC,1562533433.65,2025-10-11,VIGENTE
2026-04,CR-000944,AV-2025-000945,CRC,1545146574.07,2025-10-11,VIGENTE
2026-03,CR-000945,AV-2026-000946,CRC,74934408.24,2026-03-27,VIGENTE
2026-04,CR-000945,AV-2026-000946,CRC,74665947.4,2026-03-31,VIGENTE
2026-03,CR-000946,AV-2025-000947,CRC,161868930.41,2026-01-20,VIGENTE
2026-04,CR-000946,AV-2025-000947,CRC,160338289.25,2025-12-21,VIGENTE
2026-03,CR-000947,AV-2025-000948,CRC,202217620.32,2025-02-12,VIGENTE
2026-04,CR-000947,AV-2025-000948,CRC,201309769.88,2025-02-18,VIGENTE
2026-03,CR-000948,AV-2024-000949,CRC,252304381.99,2024-09-28,VIGENTE
2026-04,CR-000948,AV-2024-000949,CRC,250166767.97,2024-10-10,VIGENTE
2026-03,CR-000949,AV-2025-000950,CRC,2765663440.88,2025-06-16,VIGENTE
2026-04,CR-000949,AV-2025-000950,CRC,2746976258.78,2025-07-07,VIGENTE
2026-03,CR-000951,AV-2025-000952,USD,146234.23,2025-11-01,VIGENTE
2026-04,CR-000951,AV-2025-000952,USD,144795.44,2025-12-19,VIGENTE
2026-03,CR-000952,AV-2024-000953,USD,2612194.75,2024-10-07,VIGENTE
2026-04,CR-000952,AV-2024-000953,USD,2592364.43,2024-10-10,VIGENTE
2026-03,CR-000953,AV-2026-000954,CRC,201335865.02,2026-03-21,VIGENTE
2026-04,CR-000953,AV-2026-000954,CRC,199770572.79,2026-03-27,VIGENTE
2026-03,CR-000954,AV-2025-000955,CRC,372993067.5,2025-09-30,VIGENTE
2026-04,CR-000954,AV-2025-000955,CRC,369924977.95,2025-08-16,VIGENTE
2026-03,CR-000955,AV-2025-000956,USD,141801.19,2025-09-15,VIGENTE
2026-04,CR-000955,AV-2025-000956,USD,140251.52,2025-09-22,VIGENTE
2026-03,CR-000956,AV-2025-000957,CRC,411379660.3,2025-08-06,VIGENTE
2026-04,CR-000956,AV-2025-000957,CRC,409136901.07,2025-06-28,VIGENTE
2026-03,CR-000957,AV-2025-000958,CRC,328114159.56,2025-04-12,VIGENTE
2026-04,CR-000957,AV-2025-000958,CRC,326270898.34,2025-04-12,VIGENTE
2026-03,CR-000958,AV-2024-000959,CRC,87717208.55,2024-10-06,VIGENTE
2026-04,CR-000958,AV-2024-000959,CRC,86742384.21,2024-09-03,VIGENTE
2026-03,CR-000959,AV-2026-000960,USD,251392.66,2026-01-25,VIGENTE
2026-04,CR-000959,AV-2026-000960,USD,250429.31,2026-02-26,VIGENTE
2026-03,CR-000960,AV-2026-000961,CRC,276314648.54,2026-02-22,VIGENTE
2026-04,CR-000960,AV-2026-000961,CRC,273169020.04,2026-02-12,VIGENTE
2026-03,CR-000961,AV-2025-000962,USD,163968.28,2025-11-14,VIGENTE
2026-04,CR-000961,AV-2025-000962,USD,163473.32,2025-10-26,VIGENTE
2026-03,CR-000962,AV-2025-000963,CRC,92180049.83,2025-09-02,VIGENTE
2026-04,CR-000962,AV-2025-000963,CRC,91229323.92,2025-09-06,VIGENTE
2026-03,CR-000963,AV-2025-000964,USD,855453.74,2025-10-03,VIGENTE
2026-04,CR-000963,AV-2025-000964,USD,848661.91,2025-09-06,VIGENTE
2026-03,CR-000965,AV-2025-000966,CRC,108496547.27,2026-01-20,VIGENTE
2026-04,CR-000965,AV-2025-000966,CRC,107475314.32,2025-12-02,VIGENTE
2026-03,CR-000966,AV-2025-000967,CRC,109763770.38,2025-08-04,VIGENTE
2026-04,CR-000966,AV-2025-000967,CRC,109346369.64,2025-07-22,VIGENTE
2026-03,CR-000967,AV-2024-000968,CRC,147878152.34,2024-09-08,VIGENTE
2026-04,CR-000967,AV-2024-000968,CRC,147057151.3,2024-09-06,VIGENTE
2026-03,CR-000968,AV-2025-000969,CRC,881925643.01,2025-04-26,VIGENTE
2026-04,CR-000968,AV-2025-000969,CRC,873387172.22,2025-05-31,VIGENTE
2026-03,CR-000969,AV-2025-000970,CRC,501725208.33,2025-11-03,VIGENTE
2026-04,CR-000969,AV-2025-000970,CRC,496817898.87,2025-11-18,VIGENTE
2026-03,CR-000970,AV-2025-000971,CRC,75151589.22,2025-10-22,VIGENTE
2026-04,CR-000970,AV-2025-000971,CRC,0.0,2025-09-08,CANCELADO
2026-03,CR-000971,AV-2024-000972,CRC,25472388.36,2024-10-06,VIGENTE
2026-04,CR-000971,AV-2024-000972,CRC,25212219.68,2024-09-16,VIGENTE
2026-03,CR-000972,AV-2024-000973,USD,1622691.43,2024-09-24,VIGENTE
2026-04,CR-000972,AV-2024-000973,USD,1613374.39,2024-10-04,VIGENTE
2026-03,CR-000974,AV-2025-000975,CRC,602207415.12,2026-01-21,VIGENTE
2026-04,CR-000974,AV-2025-000975,CRC,598120967.89,2026-01-30,VIGENTE
2026-03,CR-000975,AV-2025-000976,CRC,408860251.99,2025-06-08,VIGENTE
2026-04,CR-000975,AV-2025-000976,CRC,405018717.98,2025-05-15,VIGENTE
2026-03,CR-000976,AV-2025-000977,CRC,544118589.22,2025-04-27,VIGENTE
2026-04,CR-000976,AV-2025-000977,CRC,538740264.64,2025-04-23,VIGENTE
2026-03,CR-000977,AV-2026-000978,CRC,401589222.33,2026-04-03,VIGENTE
2026-04,CR-000977,AV-2026-000978,CRC,399046802.63,2026-03-10,VIGENTE
2026-03,CR-000978,AV-2025-000979,CRC,109634032.89,2025-02-25,VIGENTE
2026-04,CR-000978,AV-2025-000979,CRC,109111882.02,2025-02-08,VIGENTE
2026-03,CR-000980,AV-2024-000981,USD,7152417.67,2024-10-18,VIGENTE
2026-04,CR-000980,AV-2024-000981,USD,7072195.76,2024-10-27,VIGENTE
2026-03,CR-000981,AV-2025-000982,USD,85934.02,2025-05-19,VIGENTE
2026-04,CR-000981,AV-2025-000982,USD,85473.87,2025-06-19,VIGENTE
2026-03,CR-000982,AV-2024-000983,USD,105950.98,2024-08-09,VIGENTE
2026-04,CR-000982,AV-2024-000983,USD,105367.64,2024-08-16,VIGENTE
2026-03,CR-000983,AV-2025-000984,CRC,746839112.54,2025-12-23,VIGENTE
2026-04,CR-000983,AV-2025-000984,CRC,738455047.7,2025-12-28,VIGENTE
2026-03,CR-000984,AV-2024-000985,CRC,91924608.46,2024-10-14,VIGENTE
2026-04,CR-000984,AV-2024-000985,CRC,91648526.73,2024-10-20,VIGENTE
2026-03,CR-000986,AV-2024-000987,CRC,6710803029.28,2024-10-22,VIGENTE
2026-04,CR-000986,AV-2024-000987,CRC,6665340742.86,2024-11-27,VIGENTE
2026-03,CR-000987,AV-2024-000988,CRC,1062612493.07,2025-01-02,VIGENTE
2026-04,CR-000987,AV-2024-000988,CRC,1058219646.96,2024-12-04,VIGENTE
2026-03,CR-000988,AV-2024-000989,USD,310707.08,2025-01-01,VIGENTE
2026-04,CR-000988,AV-2024-000989,USD,309084.95,2025-02-05,VIGENTE
2026-03,CR-000989,AV-2025-000990,CRC,494024473.7,2025-07-23,VIGENTE
2026-04,CR-000989,AV-2025-000990,CRC,489064299.42,2025-08-14,VIGENTE
2026-03,CR-000990,AV-2024-000991,CRC,189668060.0,2025-02-13,VIGENTE
2026-04,CR-000990,AV-2024-000991,CRC,188649791.52,2025-02-19,VIGENTE
2026-03,CR-000991,AV-2026-000992,CRC,133130435.35,2026-01-23,VIGENTE
2026-04,CR-000991,AV-2026-000992,CRC,131583648.94,2026-02-16,VIGENTE
2026-03,CR-000992,AV-2024-000993,USD,227830.29,2024-12-09,VIGENTE
2026-04,CR-000992,AV-2024-000993,USD,227003.71,2024-12-08,VIGENTE
2026-03,CR-000993,AV-2026-000994,USD,522210.66,2026-03-04,VIGENTE
2026-04,CR-000993,AV-2026-000994,USD,520548.15,2026-04-16,VIGENTE
2026-03,CR-000994,AV-2025-000995,USD,136354.09,2025-12-04,VIGENTE
2026-04,CR-000994,AV-2025-000995,USD,135080.43,2025-12-22,VIGENTE
2026-03,CR-000995,AV-2024-000996,USD,348822.61,2024-11-30,VIGENTE
2026-04,CR-000995,AV-2024-000996,USD,347505.08,2024-10-22,VIGENTE
2026-03,CR-000996,AV-2025-000997,USD,212352.25,2025-09-09,VIGENTE
2026-04,CR-000996,AV-2025-000997,USD,0.0,2025-08-30,CANCELADO
2026-03,CR-000999,AV-2024-001000,CRC,150342762.81,2025-01-16,VIGENTE
2026-04,CR-000999,AV-2024-001000,CRC,148809423.4,2025-01-11,VIGENTE
2026-03,CR-001000,AV-2025-001001,CRC,54758434.64,2025-10-11,VIGENTE
2026-04,CR-001000,AV-2025-001001,CRC,54306464.4,2025-10-20,VIGENTE
2026-03,CR-001001,AV-2025-001002,CRC,237454367.66,2025-09-21,VIGENTE
2026-04,CR-001001,AV-2025-001002,CRC,235477736.93,2025-09-27,VIGENTE
2026-03,CR-001002,AV-2025-001003,USD,233175.69,2025-11-24,VIGENTE
2026-04,CR-001002,AV-2025-001003,USD,231976.76,2025-12-06,VIGENTE
2026-03,CR-001003,AV-2025-001004,USD,5967563.25,2025-09-21,VIGENTE
2026-04,CR-001003,AV-2025-001004,USD,5945917.24,2025-10-20,VIGENTE
2026-03,CR-001004,AV-2024-001005,CRC,168303501.14,2024-08-04,VIGENTE
2026-04,CR-001004,AV-2024-001005,CRC,166675934.51,2024-07-04,VIGENTE
2026-03,CR-001005,AV-2025-001006,CRC,68957707.25,2025-07-29,VIGENTE
2026-04,CR-001005,AV-2025-001006,CRC,68200974.64,2025-08-30,VIGENTE
2026-03,CR-001006,AV-2025-001007,CRC,368067577.87,2026-01-28,VIGENTE
2026-04,CR-001006,AV-2025-001007,CRC,364549602.86,2026-01-25,VIGENTE
2026-03,CR-001007,AV-2025-001008,CRC,195229877.21,2025-06-15,VIGENTE
2026-04,CR-001007,AV-2025-001008,CRC,194563741.63,2025-06-21,VIGENTE
2026-03,CR-001008,AV-2024-001009,USD,516944.98,2025-01-30,VIGENTE
2026-04,CR-001008,AV-2024-001009,USD,0.0,2024-12-24,CANCELADO
2026-03,CR-001010,AV-2025-001011,USD,173475.28,2025-03-25,VIGENTE
2026-04,CR-001010,AV-2025-001011,USD,172590.65,2025-04-06,VIGENTE
2026-03,CR-001012,AV-2025-001013,CRC,222550041.82,2025-09-16,VIGENTE
2026-04,CR-001012,AV-2025-001013,CRC,220827775.73,2025-10-05,VIGENTE
2026-03,CR-001013,AV-2025-001014,CRC,846912452.21,2025-11-17,VIGENTE
2026-04,CR-001013,AV-2025-001014,CRC,842513863.59,2025-11-18,VIGENTE
2026-03,CR-001015,AV-2025-001016,USD,227192.29,2025-10-12,VIGENTE
2026-04,CR-001015,AV-2025-001016,USD,225043.77,2025-10-28,VIGENTE
2026-03,CR-001016,AV-2024-001017,USD,322925.37,2024-11-04,VIGENTE
2026-04,CR-001016,AV-2024-001017,USD,320033.9,2024-10-14,VIGENTE
2026-03,CR-001017,AV-2024-001018,CRC,655711017.55,2024-08-04,VIGENTE
2026-04,CR-001017,AV-2024-001018,CRC,652655004.22,2024-06-12,VIGENTE
2026-03,CR-001018,AV-2025-001019,CRC,352816050.12,2025-11-25,VIGENTE
2026-04,CR-001018,AV-2025-001019,CRC,351264013.33,2026-01-01,VIGENTE
2026-03,CR-001019,AV-2025-001020,USD,138880.64,2025-06-03,VIGENTE
2026-04,CR-001019,AV-2025-001020,USD,137730.35,2025-05-01,VIGENTE
2026-03,CR-001020,AV-2024-001021,USD,32877.41,2024-10-24,VIGENTE
2026-04,CR-001020,AV-2024-001021,USD,32583.99,2024-09-30,VIGENTE
2026-03,CR-001021,AV-2025-001022,USD,189644.28,2025-07-29,VIGENTE
2026-04,CR-001021,AV-2025-001022,USD,188467.76,2025-08-13,VIGENTE
2026-03,CR-001022,AV-2025-001023,CRC,222927453.02,2025-08-10,VIGENTE
2026-04,CR-001022,AV-2025-001023,CRC,221094269.72,2025-08-16,VIGENTE
2026-03,CR-001023,AV-2025-001024,USD,6940393.89,2025-06-24,VIGENTE
2026-04,CR-001023,AV-2025-001024,USD,6889779.66,2025-05-15,VIGENTE
2026-03,CR-001024,AV-2024-001025,USD,6544980.2,2025-01-19,VIGENTE
2026-04,CR-001024,AV-2024-001025,USD,6485929.04,2025-01-22,VIGENTE
2026-03,CR-001025,AV-2024-001026,CRC,7950819573.8,2025-01-10,VIGENTE
2026-04,CR-001025,AV-2024-001026,CRC,7868183593.86,2024-12-09,VIGENTE
2026-03,CR-001026,AV-2025-001027,CRC,137132262.06,2025-07-22,VIGENTE
2026-04,CR-001026,AV-2025-001027,CRC,136255791.79,2025-09-08,VIGENTE
2026-03,CR-001027,AV-2025-001028,CRC,12378117.17,2025-11-02,VIGENTE
2026-04,CR-001027,AV-2025-001028,CRC,12265061.97,2025-11-14,VIGENTE
2026-03,CR-001028,AV-2026-001029,CRC,596064669.91,2026-03-28,VIGENTE
2026-04,CR-001028,AV-2026-001029,CRC,592715041.09,2026-03-21,VIGENTE
2026-03,CR-001029,AV-2025-001030,CRC,61131336.07,2025-09-27,VIGENTE
2026-04,CR-001029,AV-2025-001030,CRC,60473567.63,2025-09-22,VIGENTE
2026-03,CR-001031,AV-2025-001032,CRC,560730322.51,2026-01-16,VIGENTE
2026-04,CR-001031,AV-2025-001032,CRC,555263159.67,2026-01-29,VIGENTE
2026-03,CR-001032,AV-2025-001033,CRC,440385180.92,2025-09-16,VIGENTE
2026-04,CR-001032,AV-2025-001033,CRC,438395130.48,2025-10-09,VIGENTE
2026-03,CR-001033,AV-2025-001034,CRC,398490870.88,2025-07-23,VIGENTE
2026-04,CR-001033,AV-2025-001034,CRC,393734535.72,2025-08-01,VIGENTE
2026-03,CR-001034,AV-2025-001035,CRC,3708336365.84,2025-10-22,VIGENTE
2026-04,CR-001034,AV-2025-001035,CRC,3671564113.85,2025-10-17,VIGENTE
2026-03,CR-001035,AV-2025-001036,USD,857961.51,2025-06-15,VIGENTE
2026-04,CR-001035,AV-2025-001036,USD,850259.75,2025-05-01,VIGENTE
2026-03,CR-001036,AV-2024-001037,CRC,232087280.11,2024-07-18,VIGENTE
2026-04,CR-001036,AV-2024-001037,CRC,0.0,2024-07-16,CANCELADO
2026-03,CR-001037,AV-2025-001038,CRC,192642982.78,2025-03-02,VIGENTE
2026-04,CR-001037,AV-2025-001038,CRC,191707681.94,2025-03-06,VIGENTE
2026-03,CR-001038,AV-2025-001039,USD,2495780.89,2025-10-18,VIGENTE
2026-04,CR-001038,AV-2025-001039,USD,2486610.57,2025-11-18,VIGENTE
2026-03,CR-001040,AV-2024-001041,CRC,379291570.52,2025-02-03,VIGENTE
2026-04,CR-001040,AV-2024-001041,CRC,375317305.18,2024-12-30,VIGENTE
2026-03,CR-001042,AV-2025-001043,CRC,372865736.3,2025-04-14,VIGENTE
2026-04,CR-001042,AV-2025-001043,CRC,368663369.45,2025-05-17,VIGENTE
2026-03,CR-001044,AV-2025-001045,CRC,695810284.03,2025-05-13,VIGENTE
2026-04,CR-001044,AV-2025-001045,CRC,693537702.15,2025-05-27,VIGENTE
2026-03,CR-001045,AV-2024-001046,CRC,333285320.51,2024-05-13,VIGENTE
2026-04,CR-001045,AV-2024-001046,CRC,330357246.89,2024-06-17,VIGENTE
2026-03,CR-001046,AV-2025-001047,CRC,247984986.78,2025-09-06,VIGENTE
2026-04,CR-001046,AV-2025-001047,CRC,245887503.42,2025-09-11,VIGENTE
2026-03,CR-001047,AV-2025-001048,CRC,33903967.76,2025-03-18,VIGENTE
2026-04,CR-001047,AV-2025-001048,CRC,33570300.21,2025-03-29,VIGENTE
2026-03,CR-001048,AV-2025-001049,USD,375119.96,2025-09-19,VIGENTE
2026-04,CR-001048,AV-2025-001049,USD,371327.18,2025-09-18,VIGENTE
2026-03,CR-001049,AV-2025-001050,USD,165897.13,2025-11-25,VIGENTE
2026-04,CR-001049,AV-2025-001050,USD,164068.83,2025-11-04,VIGENTE
2026-03,CR-001050,AV-2025-001051,USD,237121.68,2025-03-31,VIGENTE
2026-04,CR-001050,AV-2025-001051,USD,0.0,2025-03-18,CANCELADO
2026-03,CR-001051,AV-2025-001052,USD,95727.04,2025-02-02,VIGENTE
2026-04,CR-001051,AV-2025-001052,USD,95059.2,2025-02-17,VIGENTE
2026-03,CR-001052,AV-2026-001053,USD,394901.09,2026-03-22,VIGENTE
2026-04,CR-001052,AV-2026-001053,USD,390540.99,2026-03-08,VIGENTE
2026-03,CR-001053,AV-2024-001054,USD,8707882.83,2024-12-20,VIGENTE
2026-04,CR-001053,AV-2024-001054,USD,8667255.75,2024-12-06,VIGENTE
2026-03,CR-001054,AV-2025-001055,USD,6416592.04,2025-08-22,VIGENTE
2026-04,CR-001054,AV-2025-001055,USD,6380575.13,2025-08-26,VIGENTE
2026-03,CR-001055,AV-2025-001056,CRC,72871773.58,2025-08-02,VIGENTE
2026-04,CR-001055,AV-2025-001056,CRC,72249073.45,2025-08-18,VIGENTE
2026-03,CR-001056,AV-2024-001057,CRC,1335924720.66,2024-08-21,VIGENTE
2026-04,CR-001056,AV-2024-001057,CRC,1322844677.3,2024-08-13,VIGENTE
2026-03,CR-001059,AV-2024-001060,USD,252681.98,2025-02-19,VIGENTE
2026-04,CR-001059,AV-2024-001060,USD,250202.79,2025-01-12,VIGENTE
2026-03,CR-001060,AV-2024-001061,CRC,279645331.14,2024-11-30,VIGENTE
2026-04,CR-001060,AV-2024-001061,CRC,276308777.37,2024-11-19,VIGENTE
2026-03,CR-001061,AV-2025-001062,USD,8132201.49,2025-10-29,VIGENTE
2026-04,CR-001061,AV-2025-001062,USD,8055420.94,2025-10-09,VIGENTE
2026-03,CR-001062,AV-2026-001063,USD,126832.76,2026-03-03,VIGENTE
2026-04,CR-001062,AV-2026-001063,USD,126359.2,2026-02-17,VIGENTE
2026-03,CR-001063,AV-2024-001064,USD,393721.81,2025-02-14,VIGENTE
2026-04,CR-001063,AV-2024-001064,USD,389245.56,2025-02-05,VIGENTE
2026-03,CR-001064,AV-2026-001065,USD,1970483.79,2026-02-02,VIGENTE
2026-04,CR-001064,AV-2026-001065,USD,1958887.28,2026-02-08,VIGENTE
2026-03,CR-001065,AV-2024-001066,CRC,195109170.04,2025-02-04,VIGENTE
2026-04,CR-001065,AV-2024-001066,CRC,193863519.7,2024-12-30,VIGENTE
2026-03,CR-001066,AV-2024-001067,USD,145834.97,2024-06-13,VIGENTE
2026-04,CR-001066,AV-2024-001067,USD,145050.45,2024-07-19,VIGENTE
2026-03,CR-001067,AV-2025-001068,CRC,2139536345.12,2026-02-18,VIGENTE
2026-04,CR-001067,AV-2025-001068,CRC,2122044692.9,2026-01-18,VIGENTE
2026-03,CR-001068,AV-2026-001069,CRC,137091793.1,2026-02-14,VIGENTE
2026-04,CR-001068,AV-2026-001069,CRC,135646432.32,2026-03-02,VIGENTE
2026-03,CR-001069,AV-2025-001070,USD,160033.19,2025-10-10,VIGENTE
2026-04,CR-001069,AV-2025-001070,USD,158143.43,2025-10-13,VIGENTE
2026-03,CR-001071,AV-2025-001072,USD,294453.15,2025-03-06,VIGENTE
2026-04,CR-001071,AV-2025-001072,USD,291634.27,2025-04-04,VIGENTE
2026-03,CR-001072,AV-2025-001073,USD,580836.0,2025-11-27,VIGENTE
2026-04,CR-001072,AV-2025-001073,USD,578856.46,2025-11-25,VIGENTE
2026-03,CR-001073,AV-2024-001074,USD,320604.89,2025-01-06,VIGENTE
2026-04,CR-001073,AV-2024-001074,USD,317638.74,2025-01-30,VIGENTE
2026-03,CR-001074,AV-2025-001075,USD,367050.47,2025-10-04,VIGENTE
2026-04,CR-001074,AV-2025-001075,USD,363838.0,2025-08-31,VIGENTE
2026-03,CR-001075,AV-2025-001076,USD,360496.44,2025-05-21,VIGENTE
2026-04,CR-001075,AV-2025-001076,USD,357072.43,2025-06-27,VIGENTE
2026-03,CR-001076,AV-2025-001077,USD,787723.44,2026-01-13,VIGENTE
2026-04,CR-001076,AV-2025-001077,USD,780322.77,2026-01-18,VIGENTE
2026-03,CR-001077,AV-2024-001078,USD,224726.86,2025-02-08,VIGENTE
2026-04,CR-001077,AV-2024-001078,USD,223414.58,2025-02-02,VIGENTE
2026-03,CR-001078,AV-2025-001079,USD,170790.37,2025-09-26,VIGENTE
2026-04,CR-001078,AV-2025-001079,USD,168833.55,2025-10-08,VIGENTE
2026-03,CR-001079,AV-2025-001080,USD,279804.4,2025-08-10,VIGENTE
2026-04,CR-001079,AV-2025-001080,USD,277495.43,2025-07-25,VIGENTE
2026-03,CR-001080,AV-2024-001081,USD,245395.45,2024-09-28,VIGENTE
2026-04,CR-001080,AV-2024-001081,USD,242837.13,2024-10-31,VIGENTE
2026-03,CR-001081,AV-2024-001082,CRC,380022974.63,2024-09-20,VIGENTE
2026-04,CR-001081,AV-2024-001082,CRC,376029316.02,2024-10-08,VIGENTE
2026-03,CR-001082,AV-2025-001083,CRC,14324460.45,2025-03-04,VIGENTE
2026-04,CR-001082,AV-2025-001083,CRC,14192811.56,2025-03-01,VIGENTE
2026-03,CR-001083,AV-2026-001084,CRC,403884507.13,2026-02-11,VIGENTE
2026-04,CR-001083,AV-2026-001084,CRC,399170194.61,2026-04-02,VIGENTE
2026-03,CR-001085,AV-2025-001086,CRC,97613579.54,2025-09-30,VIGENTE
2026-04,CR-001085,AV-2025-001086,CRC,0.0,2025-09-23,CANCELADO
2026-03,CR-001086,AV-2025-001087,CRC,131664128.14,2025-07-09,VIGENTE
2026-04,CR-001086,AV-2025-001087,CRC,131157355.59,2025-07-29,VIGENTE
2026-03,CR-001087,AV-2025-001088,CRC,1601201591.24,2025-04-25,VIGENTE
2026-04,CR-001087,AV-2025-001088,CRC,1594067589.41,2025-03-31,VIGENTE
2026-03,CR-001089,AV-2024-001090,USD,216999.16,2024-11-06,VIGENTE
2026-04,CR-001089,AV-2024-001090,USD,216316.14,2024-10-11,VIGENTE
2026-03,CR-001090,AV-2025-001091,CRC,1304950050.99,2025-03-23,VIGENTE
2026-04,CR-001090,AV-2025-001091,CRC,1291135508.99,2025-04-21,VIGENTE
2026-03,CR-001091,AV-2024-001092,CRC,267121421.24,2024-09-29,VIGENTE
2026-04,CR-001091,AV-2024-001092,CRC,263995454.65,2024-09-19,VIGENTE
2026-03,CR-001092,AV-2026-001093,CRC,239622758.41,2026-01-14,VIGENTE
2026-04,CR-001092,AV-2026-001093,CRC,237673157.63,2026-01-23,VIGENTE
2026-03,CR-001093,AV-2025-001094,USD,1640632.5,2025-03-03,VIGENTE
2026-04,CR-001093,AV-2025-001094,USD,1633351.98,2025-03-19,VIGENTE
2026-03,CR-001095,AV-2025-001096,CRC,361460071.23,2025-02-22,VIGENTE
2026-04,CR-001095,AV-2025-001096,CRC,359980023.39,2025-03-15,VIGENTE
2026-03,CR-001096,AV-2025-001097,USD,7910185.66,2025-11-25,VIGENTE
2026-04,CR-001096,AV-2025-001097,USD,7818628.53,2025-12-02,VIGENTE
2026-03,CR-001097,AV-2025-001098,CRC,76067354.54,2025-02-25,VIGENTE
2026-04,CR-001097,AV-2025-001098,CRC,75717783.09,2025-03-23,VIGENTE
2026-03,CR-001099,AV-2025-001100,CRC,2739944328.42,2025-04-13,VIGENTE
2026-04,CR-001099,AV-2025-001100,CRC,2713110351.87,2025-04-10,VIGENTE
2026-03,CR-001101,AV-2025-001102,CRC,184539214.81,2025-06-14,VIGENTE
2026-04,CR-001101,AV-2025-001102,CRC,183623559.27,2025-06-15,VIGENTE
2026-03,CR-001102,AV-2026-001103,USD,410530.22,2026-02-20,VIGENTE
2026-04,CR-001102,AV-2026-001103,USD,407853.71,2026-02-14,VIGENTE
2026-03,CR-001103,AV-2025-001104,CRC,238709231.94,2025-08-11,VIGENTE
2026-04,CR-001103,AV-2025-001104,CRC,237245334.65,2025-07-12,VIGENTE
2026-03,CR-001104,AV-2024-001105,USD,39470.66,2024-11-11,VIGENTE
2026-04,CR-001104,AV-2024-001105,USD,39106.88,2024-12-07,VIGENTE
2026-03,CR-001105,AV-2025-001106,USD,73342.05,2025-05-22,VIGENTE
2026-04,CR-001105,AV-2025-001106,USD,72595.8,2025-06-12,VIGENTE
2026-03,CR-001106,AV-2024-001107,CRC,84607769.99,2024-11-16,VIGENTE
2026-04,CR-001106,AV-2024-001107,CRC,83886212.62,2024-11-22,VIGENTE
2026-03,CR-001107,AV-2025-001108,CRC,324512597.91,2025-02-25,VIGENTE
2026-04,CR-001107,AV-2025-001108,CRC,320650611.93,2025-04-09,VIGENTE
2026-03,CR-001108,AV-2025-001109,CRC,625200349.56,2025-11-17,VIGENTE
2026-04,CR-001108,AV-2025-001109,CRC,622617544.43,2025-12-13,VIGENTE
2026-03,CR-001109,AV-2025-001110,CRC,179504836.36,2025-04-20,VIGENTE
2026-04,CR-001109,AV-2025-001110,CRC,177789043.01,2025-04-08,VIGENTE
2026-03,CR-001111,AV-2025-001112,USD,508033.01,2025-08-13,VIGENTE
2026-04,CR-001111,AV-2025-001112,USD,505141.85,2025-08-09,VIGENTE
2026-03,CR-001112,AV-2025-001113,USD,294902.25,2025-08-12,VIGENTE
2026-04,CR-001112,AV-2025-001113,USD,293905.47,2025-09-18,VIGENTE
2026-03,CR-001113,AV-2024-001114,USD,3018815.87,2024-09-16,VIGENTE
2026-04,CR-001113,AV-2024-001114,USD,3007441.45,2024-09-15,VIGENTE
2026-03,CR-001114,AV-2025-001115,CRC,656214036.14,2025-06-23,VIGENTE
2026-04,CR-001114,AV-2025-001115,CRC,649403324.51,2025-06-05,VIGENTE
2026-03,CR-001115,AV-2025-001116,CRC,768159855.8,2025-04-27,VIGENTE
2026-04,CR-001115,AV-2025-001116,CRC,760113186.12,2025-04-14,VIGENTE
2026-03,CR-001116,AV-2025-001117,CRC,304736419.68,2025-09-18,VIGENTE
2026-04,CR-001116,AV-2025-001117,CRC,302988262.46,2025-09-02,VIGENTE
2026-03,CR-001118,AV-2025-001119,USD,239929.98,2025-10-15,VIGENTE
2026-04,CR-001118,AV-2025-001119,USD,0.0,2025-09-10,CANCELADO
2026-03,CR-001120,AV-2025-001121,USD,53609.13,2025-07-17,VIGENTE
2026-04,CR-001120,AV-2025-001121,USD,52998.96,2025-07-02,VIGENTE
2026-03,CR-001121,AV-2025-001122,CRC,249002384.39,2025-03-05,VIGENTE
2026-04,CR-001121,AV-2025-001122,CRC,0.0,2025-03-19,CANCELADO
2026-03,CR-001122,AV-2025-001123,CRC,2626809937.45,2025-10-13,VIGENTE
2026-04,CR-001122,AV-2025-001123,CRC,2603308515.61,2025-11-19,VIGENTE
2026-03,CR-001124,AV-2026-001125,CRC,287950960.02,2026-02-27,VIGENTE
2026-04,CR-001124,AV-2026-001125,CRC,284998085.6,2026-02-08,VIGENTE
2026-03,CR-001125,AV-2025-001126,CRC,199807938.64,2025-02-26,VIGENTE
2026-04,CR-001125,AV-2025-001126,CRC,199038298.96,2025-03-07,VIGENTE
2026-03,CR-001127,AV-2024-001128,USD,374876.23,2025-02-15,VIGENTE
2026-04,CR-001127,AV-2024-001128,USD,370490.52,2025-01-13,VIGENTE
2026-03,CR-001128,AV-2025-001129,CRC,28016371.66,2025-05-29,VIGENTE
2026-04,CR-001128,AV-2025-001129,CRC,27781476.26,2025-07-21,VIGENTE
2026-03,CR-001129,AV-2025-001130,CRC,2648295908.07,2025-05-04,VIGENTE
2026-04,CR-001129,AV-2025-001130,CRC,2633743429.97,2025-06-08,VIGENTE
2026-03,CR-001131,AV-2025-001132,CRC,79196583.4,2025-04-30,VIGENTE
2026-04,CR-001131,AV-2025-001132,CRC,78450165.92,2025-04-19,VIGENTE
2026-03,CR-001132,AV-2025-001133,CRC,158767930.36,2025-06-10,VIGENTE
2026-04,CR-001132,AV-2025-001133,CRC,157180869.41,2025-06-09,VIGENTE
2026-03,CR-001133,AV-2026-001134,USD,1745483.92,2026-03-06,VIGENTE
2026-04,CR-001133,AV-2026-001134,USD,1725549.21,2026-03-15,VIGENTE
2026-03,CR-001134,AV-2025-001135,CRC,180029146.01,2025-04-01,VIGENTE
2026-04,CR-001134,AV-2025-001135,CRC,179099100.19,2025-03-11,VIGENTE
2026-03,CR-001135,AV-2026-001136,USD,6059070.05,2026-02-19,VIGENTE
2026-04,CR-001135,AV-2026-001136,USD,6028435.9,2026-03-05,VIGENTE
2026-03,CR-001137,AV-2025-001138,CRC,399495524.98,2026-01-14,VIGENTE
2026-04,CR-001137,AV-2025-001138,CRC,395691762.76,2026-01-12,VIGENTE
2026-03,CR-001138,AV-2025-001139,USD,405939.02,2026-01-30,VIGENTE
2026-04,CR-001138,AV-2025-001139,USD,404635.78,2026-02-04,VIGENTE
2026-03,CR-001139,AV-2024-001140,USD,501973.32,2024-12-17,VIGENTE
2026-04,CR-001139,AV-2024-001140,USD,496192.3,2024-11-05,VIGENTE
2026-03,CR-001140,AV-2025-001141,USD,3283175.7,2025-06-26,VIGENTE
2026-04,CR-001140,AV-2025-001141,USD,3246031.16,2025-06-20,VIGENTE
2026-03,CR-001141,AV-2024-001142,CRC,128710552.33,2024-12-28,VIGENTE
2026-04,CR-001141,AV-2024-001142,CRC,127186056.65,2025-01-14,VIGENTE
2026-03,CR-001142,AV-2025-001143,CRC,863989664.27,2025-08-20,VIGENTE
2026-04,CR-001142,AV-2025-001143,CRC,855424610.97,2025-09-09,VIGENTE
2026-03,CR-001143,AV-2025-001144,CRC,2415803689.4,2025-06-12,VIGENTE
2026-04,CR-001143,AV-2025-001144,CRC,2391947224.85,2025-06-02,VIGENTE
2026-03,CR-001144,AV-2025-001145,CRC,247788309.41,2025-10-02,VIGENTE
2026-04,CR-001144,AV-2025-001145,CRC,246811424.93,2025-10-01,VIGENTE
2026-03,CR-001145,AV-2026-001146,USD,431695.36,2026-03-14,VIGENTE
2026-04,CR-001145,AV-2026-001146,USD,427761.3,2026-03-16,VIGENTE
2026-03,CR-001146,AV-2024-001147,CRC,244196341.93,2024-12-17,VIGENTE
2026-04,CR-001146,AV-2024-001147,CRC,243107863.34,2024-12-27,VIGENTE
2026-03,CR-001147,AV-2025-001148,CRC,199200895.75,2025-03-18,VIGENTE
2026-04,CR-001147,AV-2025-001148,CRC,198017062.43,2025-04-08,VIGENTE
2026-03,CR-001148,AV-2025-001149,USD,67916.14,2025-08-01,VIGENTE
2026-04,CR-001148,AV-2025-001149,USD,67408.76,2025-07-26,VIGENTE
2026-03,CR-001149,AV-2025-001150,CRC,480846125.92,2025-12-08,VIGENTE
2026-04,CR-001149,AV-2025-001150,CRC,476410193.35,2025-12-29,VIGENTE
2026-03,CR-001150,AV-2024-001151,CRC,115369782.35,2024-07-13,VIGENTE
2026-04,CR-001150,AV-2024-001151,CRC,114103185.84,2024-07-23,VIGENTE
2026-03,CR-001151,AV-2025-001152,CRC,479530657.88,2025-08-21,VIGENTE
2026-04,CR-001151,AV-2025-001152,CRC,474611158.37,2025-07-21,VIGENTE
2026-03,CR-001152,AV-2025-001153,CRC,354648911.09,2025-09-13,VIGENTE
2026-04,CR-001152,AV-2025-001153,CRC,351194147.44,2025-10-01,VIGENTE
2026-03,CR-001154,AV-2025-001155,CRC,90175461.36,2025-03-05,VIGENTE
2026-04,CR-001154,AV-2025-001155,CRC,89638852.86,2025-01-19,VIGENTE
2026-03,CR-001155,AV-2025-001156,CRC,142984650.8,2025-07-14,VIGENTE
2026-04,CR-001155,AV-2025-001156,CRC,142442028.02,2025-08-21,VIGENTE
2026-03,CR-001156,AV-2025-001157,CRC,154672167.68,2025-03-25,VIGENTE
2026-04,CR-001156,AV-2025-001157,CRC,153358711.59,2025-04-01,VIGENTE
2026-03,CR-001157,AV-2024-001158,CRC,489894719.11,2024-10-03,VIGENTE
2026-04,CR-001157,AV-2024-001158,CRC,484244991.97,2024-09-25,VIGENTE
2026-03,CR-001161,AV-2024-001162,CRC,296946450.69,2024-06-13,VIGENTE
2026-04,CR-001161,AV-2024-001162,CRC,294074655.11,2024-07-01,VIGENTE
2026-03,CR-001163,AV-2024-001164,USD,417782.54,2024-10-11,VIGENTE
2026-04,CR-001163,AV-2024-001164,USD,412920.97,2024-09-26,VIGENTE
2026-03,CR-001164,AV-2025-001165,USD,288423.84,2025-06-03,VIGENTE
2026-04,CR-001164,AV-2025-001165,USD,0.0,2025-05-07,CANCELADO
2026-03,CR-001165,AV-2025-001166,USD,261616.17,2025-09-24,VIGENTE
2026-04,CR-001165,AV-2025-001166,USD,259768.52,2025-08-08,VIGENTE
2026-03,CR-001166,AV-2025-001167,CRC,82184959.7,2025-11-06,VIGENTE
2026-04,CR-001166,AV-2025-001167,CRC,81762500.87,2025-11-26,VIGENTE
2026-03,CR-001167,AV-2026-001168,USD,375531.29,2026-03-05,VIGENTE
2026-04,CR-001167,AV-2026-001168,USD,372047.89,2026-04-24,VIGENTE
2026-03,CR-001168,AV-2024-001169,USD,132062.63,2024-12-24,VIGENTE
2026-04,CR-001168,AV-2024-001169,USD,130794.26,2025-01-09,VIGENTE
2026-03,CR-001169,AV-2025-001170,CRC,67093956.91,2025-12-28,VIGENTE
2026-04,CR-001169,AV-2025-001170,CRC,66749343.88,2025-11-29,VIGENTE
2026-03,CR-001170,AV-2024-001171,USD,551054.31,2024-09-09,VIGENTE
2026-04,CR-001170,AV-2024-001171,USD,0.0,2024-10-17,CANCELADO
2026-03,CR-001171,AV-2024-001172,CRC,191676480.74,2024-12-05,VIGENTE
2026-04,CR-001171,AV-2024-001172,CRC,190777164.95,2024-12-04,VIGENTE
2026-03,CR-001172,AV-2025-001173,USD,4443920.78,2025-07-16,VIGENTE
2026-04,CR-001172,AV-2025-001173,USD,4422326.27,2025-08-24,VIGENTE
2026-03,CR-001174,AV-2024-001175,USD,221980.24,2024-10-13,VIGENTE
2026-04,CR-001174,AV-2024-001175,USD,219983.02,2024-10-09,VIGENTE
2026-03,CR-001175,AV-2025-001176,CRC,36181098.55,2025-10-29,VIGENTE
2026-04,CR-001175,AV-2025-001176,CRC,35789650.32,2025-11-09,VIGENTE
2026-03,CR-001176,AV-2025-001177,CRC,317181493.33,2025-06-23,VIGENTE
2026-04,CR-001176,AV-2025-001177,CRC,314255801.96,2025-06-08,VIGENTE
2026-03,CR-001177,AV-2025-001178,CRC,293580637.63,2025-05-26,VIGENTE
2026-04,CR-001177,AV-2025-001178,CRC,292349852.96,2025-06-13,VIGENTE
2026-03,CR-001178,AV-2025-001179,CRC,9555094.44,2025-06-13,VIGENTE
2026-04,CR-001178,AV-2025-001179,CRC,9453223.95,2025-05-22,VIGENTE
2026-03,CR-001179,AV-2025-001180,USD,445470.87,2025-10-15,VIGENTE
2026-04,CR-001179,AV-2025-001180,USD,440303.82,2025-11-16,VIGENTE
2026-03,CR-001180,AV-2026-001181,CRC,4482678926.03,2026-04-10,VIGENTE
2026-04,CR-001180,AV-2026-001181,CRC,0.0,2026-03-06,CANCELADO
2026-03,CR-001181,AV-2025-001182,CRC,2387328164.16,2025-11-12,VIGENTE
2026-04,CR-001181,AV-2025-001182,CRC,2364203631.49,2025-11-16,VIGENTE
2026-03,CR-001183,AV-2025-001184,USD,564859.75,2025-12-18,VIGENTE
2026-04,CR-001183,AV-2025-001184,USD,562784.29,2026-01-06,VIGENTE
2026-03,CR-001184,AV-2025-001185,USD,1431738.55,2025-01-29,VIGENTE
2026-04,CR-001184,AV-2025-001185,USD,1416750.74,2025-02-13,VIGENTE
2026-03,CR-001186,AV-2025-001187,CRC,440789964.85,2026-01-22,VIGENTE
2026-04,CR-001186,AV-2025-001187,CRC,435515763.0,2026-01-14,VIGENTE
2026-03,CR-001187,AV-2025-001188,USD,240514.0,2026-02-10,VIGENTE
2026-04,CR-001187,AV-2025-001188,USD,237705.68,2026-01-05,VIGENTE
2026-03,CR-001188,AV-2025-001189,CRC,1524236126.99,2025-04-26,VIGENTE
2026-04,CR-001188,AV-2025-001189,CRC,0.0,2025-06-03,CANCELADO
2026-03,CR-001189,AV-2025-001190,CRC,1605695378.39,2025-07-10,VIGENTE
2026-04,CR-001189,AV-2025-001190,CRC,1598390116.12,2025-07-11,VIGENTE
2026-03,CR-001190,AV-2025-001191,CRC,48566206.54,2025-03-31,VIGENTE
2026-04,CR-001190,AV-2025-001191,CRC,48347698.13,2025-02-21,VIGENTE
2026-03,CR-001192,AV-2024-001193,CRC,314868604.91,2024-10-01,VIGENTE
2026-04,CR-001192,AV-2024-001193,CRC,312436962.86,2024-10-10,VIGENTE
2026-03,CR-001193,AV-2026-001194,CRC,317637704.59,2026-04-22,VIGENTE
2026-04,CR-001193,AV-2026-001194,CRC,314596457.57,2026-04-24,VIGENTE
2026-03,CR-001194,AV-2025-001195,USD,520072.57,2026-01-04,VIGENTE
2026-04,CR-001194,AV-2025-001195,USD,517021.74,2026-01-27,VIGENTE
2026-03,CR-001195,AV-2025-001196,USD,137582.82,2025-12-11,VIGENTE
2026-04,CR-001195,AV-2025-001196,USD,136928.29,2025-11-07,VIGENTE
2026-03,CR-001197,AV-2025-001198,USD,3647595.37,2025-06-16,VIGENTE
2026-04,CR-001197,AV-2025-001198,USD,3617344.76,2025-06-03,VIGENTE
2026-03,CR-001198,AV-2025-001199,CRC,379414478.48,2025-12-30,VIGENTE
2026-04,CR-001198,AV-2025-001199,CRC,375081530.39,2026-01-23,VIGENTE
2026-03,CR-001199,AV-2024-001200,USD,2535301.81,2025-01-28,VIGENTE
2026-04,CR-001199,AV-2024-001200,USD,0.0,2025-01-08,CANCELADO
2026-03,CR-001200,AV-2025-001201,CRC,525624031.65,2025-05-31,VIGENTE
2026-04,CR-001200,AV-2025-001201,CRC,519440394.34,2025-06-23,VIGENTE
2026-03,CR-001201,AV-2024-001202,CRC,4072890008.48,2024-11-27,VIGENTE
2026-04,CR-001201,AV-2024-001202,CRC,4044267124.24,2025-01-07,VIGENTE
2026-03,CR-001202,AV-2025-001203,USD,140113.98,2025-11-28,VIGENTE
2026-04,CR-001202,AV-2025-001203,USD,139612.86,2025-11-26,VIGENTE
2026-03,CR-001203,AV-2025-001204,USD,4295846.39,2025-07-09,VIGENTE
2026-04,CR-001203,AV-2025-001204,USD,4268626.91,2025-07-25,VIGENTE
2026-03,CR-001205,AV-2025-001206,USD,3217547.09,2025-05-24,VIGENTE
2026-04,CR-001205,AV-2025-001206,USD,3185653.38,2025-06-15,VIGENTE
2026-03,CR-001206,AV-2025-001207,CRC,337153268.42,2025-06-02,VIGENTE
2026-04,CR-001206,AV-2025-001207,CRC,334128184.06,2025-05-01,VIGENTE
2026-03,CR-001207,AV-2024-001208,USD,7762816.36,2025-01-10,VIGENTE
2026-04,CR-001207,AV-2024-001208,USD,7726591.94,2024-12-08,VIGENTE
2026-03,CR-001208,AV-2024-001209,CRC,1808978081.96,2024-11-26,VIGENTE
2026-04,CR-001208,AV-2024-001209,CRC,1799961633.95,2025-01-06,VIGENTE
2026-03,CR-001209,AV-2025-001210,USD,125383.81,2026-02-01,VIGENTE
2026-04,CR-001209,AV-2025-001210,USD,124873.44,2026-01-10,VIGENTE
2026-03,CR-001211,AV-2025-001212,CRC,331757052.49,2025-11-15,VIGENTE
2026-04,CR-001211,AV-2025-001212,CRC,329752177.6,2025-10-16,VIGENTE
2026-03,CR-001212,AV-2025-001213,USD,120446.91,2025-06-02,VIGENTE
2026-04,CR-001212,AV-2025-001213,USD,119049.98,2025-05-18,VIGENTE
2026-03,CR-001213,AV-2025-001214,USD,151962.26,2025-09-17,VIGENTE
2026-04,CR-001213,AV-2025-001214,USD,150762.03,2025-09-21,VIGENTE
2026-03,CR-001214,AV-2024-001215,CRC,38759126.22,2024-07-02,VIGENTE
2026-04,CR-001214,AV-2024-001215,CRC,38367962.29,2024-07-31,VIGENTE
2026-03,CR-001216,AV-2025-001217,CRC,292462401.66,2025-10-17,VIGENTE
2026-04,CR-001216,AV-2025-001217,CRC,290837590.59,2025-10-18,VIGENTE
2026-03,CR-001219,AV-2025-001220,USD,250066.06,2025-06-22,VIGENTE
2026-04,CR-001219,AV-2025-001220,USD,248975.86,2025-07-10,VIGENTE
2026-03,CR-001220,AV-2025-001221,CRC,435863602.05,2025-11-28,VIGENTE
2026-04,CR-001220,AV-2025-001221,CRC,432916832.02,2025-11-14,VIGENTE
2026-03,CR-001221,AV-2026-001222,CRC,24551493.51,2026-04-09,VIGENTE
2026-04,CR-001221,AV-2026-001222,CRC,24390385.6,2026-04-15,VIGENTE
2026-03,CR-001222,AV-2025-001223,CRC,339051007.17,2025-09-10,VIGENTE
2026-04,CR-001222,AV-2025-001223,CRC,337629126.45,2025-09-01,VIGENTE
2026-03,CR-001223,AV-2025-001224,USD,707038.32,2025-03-22,VIGENTE
2026-04,CR-001223,AV-2025-001224,USD,702820.15,2025-02-23,VIGENTE
2026-03,CR-001224,AV-2026-001225,CRC,191807280.52,2026-02-21,VIGENTE
2026-04,CR-001224,AV-2026-001225,CRC,190514033.42,2026-03-30,VIGENTE
2026-03,CR-001225,AV-2025-001226,CRC,1964276879.81,2025-06-08,VIGENTE
2026-04,CR-001225,AV-2025-001226,CRC,1957075522.2,2025-06-26,VIGENTE
2026-03,CR-001226,AV-2026-001227,USD,294296.3,2026-02-19,VIGENTE
2026-04,CR-001226,AV-2026-001227,USD,292184.51,2026-03-24,VIGENTE
2026-03,CR-001227,AV-2024-001228,CRC,326695295.96,2024-12-02,VIGENTE
2026-04,CR-001227,AV-2024-001228,CRC,322834198.26,2024-12-10,VIGENTE
2026-03,CR-001228,AV-2025-001229,CRC,494311012.25,2025-02-11,VIGENTE
2026-04,CR-001228,AV-2025-001229,CRC,491905663.84,2025-03-19,VIGENTE
2026-03,CR-001230,AV-2025-001231,USD,82404.47,2025-04-24,VIGENTE
2026-04,CR-001230,AV-2025-001231,USD,81745.62,2025-05-28,VIGENTE
2026-03,CR-001231,AV-2025-001232,CRC,567496340.46,2025-06-15,VIGENTE
2026-04,CR-001231,AV-2025-001232,CRC,560878948.95,2025-05-08,VIGENTE
2026-03,CR-001232,AV-2025-001233,CRC,276631921.38,2026-01-21,VIGENTE
2026-04,CR-001232,AV-2025-001233,CRC,275244703.34,2025-12-31,VIGENTE
2026-03,CR-001233,AV-2025-001234,CRC,223288641.37,2025-06-24,VIGENTE
2026-04,CR-001233,AV-2025-001234,CRC,222428548.64,2025-07-16,VIGENTE
2026-03,CR-001236,AV-2024-001237,USD,4685459.06,2024-06-16,VIGENTE
2026-04,CR-001236,AV-2024-001237,USD,4645370.05,2024-07-03,VIGENTE
2026-03,CR-001237,AV-2025-001238,CRC,200102974.06,2025-08-22,VIGENTE
2026-04,CR-001237,AV-2025-001238,CRC,199100305.56,2025-07-24,VIGENTE
2026-03,CR-001238,AV-2025-001239,USD,8141361.1,2025-09-10,VIGENTE
2026-04,CR-001238,AV-2025-001239,USD,8090388.62,2025-09-25,VIGENTE
2026-03,CR-001240,AV-2025-001241,CRC,74529864.88,2025-04-29,VIGENTE
2026-04,CR-001240,AV-2025-001241,CRC,73980593.38,2025-05-06,VIGENTE
2026-03,CR-001241,AV-2025-001242,CRC,2017231987.4,2025-11-16,VIGENTE
2026-04,CR-001241,AV-2025-001242,CRC,1995739845.07,2026-01-06,VIGENTE
2026-03,CR-001242,AV-2025-001243,USD,1195540.25,2025-07-01,VIGENTE
2026-04,CR-001242,AV-2025-001243,USD,1188788.68,2025-07-25,VIGENTE
2026-03,CR-001243,AV-2024-001244,CRC,343737098.15,2024-07-13,VIGENTE
2026-04,CR-001243,AV-2024-001244,CRC,340966155.6,2024-07-25,VIGENTE
2026-03,CR-001244,AV-2025-001245,USD,159280.99,2025-11-28,VIGENTE
2026-04,CR-001244,AV-2025-001245,USD,157567.33,2025-11-22,VIGENTE
2026-03,CR-001245,AV-2024-001246,CRC,1968514188.52,2025-01-11,VIGENTE
2026-04,CR-001245,AV-2024-001246,CRC,1954673717.94,2025-01-14,VIGENTE
2026-03,CR-001247,AV-2025-001248,CRC,172121674.02,2025-07-17,VIGENTE
2026-04,CR-001247,AV-2025-001248,CRC,171376784.92,2025-07-15,VIGENTE
2026-03,CR-001248,AV-2025-001249,CRC,40736912.59,2025-09-28,VIGENTE
2026-04,CR-001248,AV-2025-001249,CRC,40493637.03,2025-09-23,VIGENTE
2026-03,CR-001250,AV-2025-001251,CRC,12612786.77,2025-12-09,VIGENTE
2026-04,CR-001250,AV-2025-001251,CRC,12540964.31,2026-01-10,VIGENTE
2026-03,CR-001253,AV-2025-001254,CRC,103570624.4,2025-03-01,VIGENTE
2026-04,CR-001253,AV-2025-001254,CRC,103037111.04,2025-04-05,VIGENTE
2026-03,CR-001254,AV-2025-001255,USD,232418.03,2025-12-13,VIGENTE
2026-04,CR-001254,AV-2025-001255,USD,230274.38,2025-12-31,VIGENTE
2026-03,CR-001255,AV-2026-001256,USD,290563.31,2026-04-22,VIGENTE
2026-04,CR-001255,AV-2026-001256,USD,289372.72,2026-04-20,VIGENTE
2026-03,CR-001256,AV-2026-001257,CRC,645729945.21,2026-03-07,VIGENTE
2026-04,CR-001256,AV-2026-001257,CRC,638286276.92,2026-04-01,VIGENTE
2026-03,CR-001258,AV-2025-001259,CRC,548130655.44,2025-08-17,VIGENTE
2026-04,CR-001258,AV-2025-001259,CRC,545788961.72,2025-08-24,VIGENTE
2026-03,CR-001259,AV-2024-001260,CRC,63123608.2,2024-12-09,VIGENTE
2026-04,CR-001259,AV-2024-001260,CRC,62827275.11,2024-12-07,VIGENTE
2026-03,CR-001260,AV-2025-001261,CRC,781328073.16,2025-12-10,VIGENTE
2026-04,CR-001260,AV-2025-001261,CRC,772052752.26,2025-11-21,VIGENTE
2026-03,CR-001261,AV-2025-001262,CRC,201704596.4,2026-01-16,VIGENTE
2026-04,CR-001261,AV-2025-001262,CRC,200615914.51,2026-01-27,VIGENTE
2026-03,CR-001262,AV-2025-001263,USD,213521.67,2025-11-01,VIGENTE
2026-04,CR-001262,AV-2025-001263,USD,212686.65,2025-12-07,VIGENTE
2026-03,CR-001263,AV-2024-001264,CRC,299174729.81,2024-09-16,VIGENTE
2026-04,CR-001263,AV-2024-001264,CRC,297571354.88,2024-09-06,VIGENTE
2026-03,CR-001264,AV-2026-001265,CRC,81463444.63,2026-02-26,VIGENTE
2026-04,CR-001264,AV-2026-001265,CRC,80798750.28,2026-03-12,VIGENTE
2026-03,CR-001265,AV-2025-001266,USD,1216107.61,2025-12-25,VIGENTE
2026-04,CR-001265,AV-2025-001266,USD,1210498.8,2026-01-16,VIGENTE
2026-03,CR-001266,AV-2025-001267,CRC,373708184.2,2025-07-10,VIGENTE
2026-04,CR-001266,AV-2025-001267,CRC,371880858.94,2025-08-02,VIGENTE
2026-03,CR-001267,AV-2026-001268,CRC,502982047.13,2026-04-02,VIGENTE
2026-04,CR-001267,AV-2026-001268,CRC,499337294.14,2026-04-17,VIGENTE
2026-03,CR-001268,AV-2024-001269,USD,349685.84,2025-01-02,VIGENTE
2026-04,CR-001268,AV-2024-001269,USD,347245.53,2024-12-29,VIGENTE
2026-03,CR-001269,AV-2024-001270,USD,147003.93,2025-02-24,VIGENTE
2026-04,CR-001269,AV-2024-001270,USD,146108.88,2025-01-11,VIGENTE
2026-03,CR-001270,AV-2025-001271,USD,189031.35,2025-05-11,VIGENTE
2026-04,CR-001270,AV-2025-001271,USD,187191.87,2025-05-11,VIGENTE
2026-03,CR-001271,AV-2025-001272,USD,570612.71,2025-07-24,VIGENTE
2026-04,CR-001271,AV-2025-001272,USD,563913.65,2025-08-15,VIGENTE
2026-03,CR-001273,AV-2025-001274,USD,61091.52,2025-11-10,VIGENTE
2026-04,CR-001273,AV-2025-001274,USD,60599.84,2025-10-16,VIGENTE
2026-03,CR-001274,AV-2024-001275,CRC,1702328998.54,2024-10-03,VIGENTE
2026-04,CR-001274,AV-2024-001275,CRC,1685601924.85,2024-09-05,VIGENTE
2026-03,CR-001276,AV-2026-001277,CRC,477538467.45,2026-04-02,VIGENTE
2026-04,CR-001276,AV-2026-001277,CRC,475567612.96,2026-04-03,VIGENTE
2026-03,CR-001277,AV-2025-001278,CRC,109828695.88,2025-11-03,VIGENTE
2026-04,CR-001277,AV-2025-001278,CRC,109337431.95,2025-11-23,VIGENTE
2026-03,CR-001278,AV-2026-001279,USD,306752.85,2026-02-23,VIGENTE
2026-04,CR-001278,AV-2026-001279,USD,305168.9,2026-03-14,VIGENTE
2026-03,CR-001279,AV-2025-001280,CRC,1285334853.9,2026-01-01,VIGENTE
2026-04,CR-001279,AV-2025-001280,CRC,1271817536.82,2026-01-11,VIGENTE
2026-03,CR-001280,AV-2025-001281,CRC,66331183.3,2026-01-19,VIGENTE
2026-04,CR-001280,AV-2025-001281,CRC,65734928.39,2026-02-01,VIGENTE
2026-03,CR-001281,AV-2025-001282,USD,4650864.44,2025-03-19,VIGENTE
2026-04,CR-001281,AV-2025-001282,USD,4624147.7,2025-03-19,VIGENTE
2026-03,CR-001283,AV-2025-001284,CRC,2083895886.73,2025-09-11,VIGENTE
2026-04,CR-001283,AV-2025-001284,CRC,2062429398.5,2025-09-22,VIGENTE
2026-03,CR-001284,AV-2025-001285,USD,257605.74,2025-10-06,VIGENTE
2026-04,CR-001284,AV-2025-001285,USD,254986.31,2025-09-06,VIGENTE
2026-03,CR-001285,AV-2025-001286,USD,246710.89,2025-06-18,VIGENTE
2026-04,CR-001285,AV-2025-001286,USD,244131.67,2025-06-08,VIGENTE
2026-03,CR-001288,AV-2025-001289,USD,1526798.75,2026-02-10,VIGENTE
2026-04,CR-001288,AV-2025-001289,USD,1514530.48,2026-01-11,VIGENTE
2026-03,CR-001289,AV-2025-001290,CRC,91118381.11,2025-09-24,VIGENTE
2026-04,CR-001289,AV-2025-001290,CRC,90170276.19,2025-08-30,VIGENTE
2026-03,CR-001291,AV-2025-001292,USD,127803.8,2025-09-17,VIGENTE
2026-04,CR-001291,AV-2025-001292,USD,126859.0,2025-08-25,VIGENTE
2026-03,CR-001292,AV-2025-001293,CRC,39862659.16,2026-01-09,VIGENTE
2026-04,CR-001292,AV-2025-001293,CRC,39417169.98,2026-02-08,VIGENTE
2026-03,CR-001294,AV-2025-001295,CRC,1845676661.37,2025-06-20,VIGENTE
2026-04,CR-001294,AV-2025-001295,CRC,1835330652.41,2025-06-19,VIGENTE
2026-03,CR-001295,AV-2025-001296,CRC,158935736.08,2025-11-26,VIGENTE
2026-04,CR-001295,AV-2025-001296,CRC,157358383.81,2025-10-07,VIGENTE
2026-03,CR-001296,AV-2025-001297,CRC,79140192.11,2025-05-23,VIGENTE
2026-04,CR-001296,AV-2025-001297,CRC,78830103.77,2025-06-04,VIGENTE
2026-03,CR-001298,AV-2024-001299,USD,233370.03,2024-07-04,VIGENTE
2026-04,CR-001298,AV-2024-001299,USD,231579.76,2024-06-30,VIGENTE
2026-03,CR-001300,AV-2025-001301,USD,1548483.33,2025-11-15,VIGENTE
2026-04,CR-001300,AV-2025-001301,USD,1533118.21,2025-12-25,VIGENTE
2026-03,CR-001301,AV-2025-001302,CRC,251175913.64,2025-09-04,VIGENTE
2026-04,CR-001301,AV-2025-001302,CRC,248860270.83,2025-09-04,VIGENTE
2026-03,CR-001302,AV-2025-001303,CRC,24820464.65,2025-06-02,VIGENTE
2026-04,CR-001302,AV-2025-001303,CRC,24575400.04,2025-06-28,VIGENTE
2026-03,CR-001305,AV-2025-001306,CRC,1338648107.18,2025-12-22,VIGENTE
2026-04,CR-001305,AV-2025-001306,CRC,1328766668.95,2025-12-11,VIGENTE
2026-03,CR-001306,AV-2025-001307,USD,218295.98,2025-10-23,VIGENTE
2026-04,CR-001306,AV-2025-001307,USD,216915.45,2025-11-13,VIGENTE
2026-03,CR-001307,AV-2026-001308,CRC,311907220.72,2026-03-24,VIGENTE
2026-04,CR-001307,AV-2026-001308,CRC,310425546.51,2026-03-21,VIGENTE
2026-03,CR-001308,AV-2025-001309,CRC,36506302.72,2025-04-08,VIGENTE
2026-04,CR-001308,AV-2025-001309,CRC,36354884.69,2025-02-27,VIGENTE
2026-03,CR-001309,AV-2026-001310,CRC,87499261.24,2026-03-14,VIGENTE
2026-04,CR-001309,AV-2026-001310,CRC,86522278.97,2026-03-26,VIGENTE
2026-03,CR-001310,AV-2024-001311,CRC,382340886.9,2024-10-20,VIGENTE
2026-04,CR-001310,AV-2024-001311,CRC,380292442.96,2024-11-19,VIGENTE
2026-03,CR-001311,AV-2025-001312,USD,1081505.88,2025-10-11,VIGENTE
2026-04,CR-001311,AV-2025-001312,USD,1069584.41,2025-09-18,VIGENTE
2026-03,CR-001312,AV-2025-001313,CRC,573203179.46,2026-01-14,VIGENTE
2026-04,CR-001312,AV-2025-001313,CRC,570740803.13,2026-02-13,VIGENTE
2026-03,CR-001313,AV-2025-001314,USD,94335.86,2025-02-20,VIGENTE
2026-04,CR-001313,AV-2025-001314,USD,93811.53,2025-03-26,VIGENTE
2026-03,CR-001315,AV-2025-001316,CRC,5876435230.02,2025-08-19,VIGENTE
2026-04,CR-001315,AV-2025-001316,CRC,5848145310.89,2025-07-05,VIGENTE
2026-03,CR-001317,AV-2026-001318,USD,137750.26,2026-01-26,VIGENTE
2026-04,CR-001317,AV-2026-001318,USD,137140.37,2026-01-31,VIGENTE
2026-03,CR-001318,AV-2025-001319,CRC,72699933.69,2025-07-30,VIGENTE
2026-04,CR-001318,AV-2025-001319,CRC,71860516.58,2025-06-18,VIGENTE
2026-03,CR-001319,AV-2025-001320,CRC,702944040.63,2025-09-17,VIGENTE
2026-04,CR-001319,AV-2025-001320,CRC,698735962.4,2025-08-16,VIGENTE
2026-03,CR-001320,AV-2025-001321,CRC,1602720138.25,2025-09-25,VIGENTE
2026-04,CR-001320,AV-2025-001321,CRC,1589672935.34,2025-09-15,VIGENTE
2026-03,CR-001321,AV-2025-001322,USD,779014.87,2025-10-19,VIGENTE
2026-04,CR-001321,AV-2025-001322,USD,771703.64,2025-10-04,VIGENTE
2026-03,CR-001323,AV-2026-001324,CRC,199765291.18,2026-02-26,VIGENTE
2026-04,CR-001323,AV-2026-001324,CRC,198802420.66,2026-02-15,VIGENTE
2026-03,CR-001325,AV-2024-001326,USD,2476159.58,2024-11-22,VIGENTE
2026-04,CR-001325,AV-2024-001326,USD,2447837.07,2025-01-02,VIGENTE
2026-03,CR-001326,AV-2025-001327,CRC,49261245.6,2026-01-17,VIGENTE
2026-04,CR-001326,AV-2025-001327,CRC,48687830.46,2026-01-20,VIGENTE
2026-03,CR-001327,AV-2025-001328,USD,137404.7,2025-09-01,VIGENTE
2026-04,CR-001327,AV-2025-001328,USD,135925.24,2025-09-24,VIGENTE
2026-03,CR-001328,AV-2025-001329,USD,175660.83,2026-01-31,VIGENTE
2026-04,CR-001328,AV-2025-001329,USD,174826.59,2025-12-31,VIGENTE
2026-03,CR-001329,AV-2025-001330,USD,281898.9,2025-12-12,VIGENTE
2026-04,CR-001329,AV-2025-001330,USD,279999.56,2025-11-09,VIGENTE
2026-03,CR-001330,AV-2025-001331,CRC,119893777.59,2025-12-28,VIGENTE
2026-04,CR-001330,AV-2025-001331,CRC,119025908.56,2025-12-30,VIGENTE
2026-03,CR-001331,AV-2025-001332,CRC,1268243842.72,2025-12-19,VIGENTE
2026-04,CR-001331,AV-2025-001332,CRC,1255498802.56,2026-01-07,VIGENTE
2026-03,CR-001332,AV-2025-001333,CRC,1070249152.53,2025-05-02,VIGENTE
2026-04,CR-001332,AV-2025-001333,CRC,1062138453.44,2025-04-16,VIGENTE
2026-03,CR-001333,AV-2026-001334,CRC,8701261.54,2026-02-08,VIGENTE
2026-04,CR-001333,AV-2026-001334,CRC,8636568.01,2026-03-07,VIGENTE
2026-03,CR-001334,AV-2024-001335,CRC,798328973.09,2024-06-15,VIGENTE
2026-04,CR-001334,AV-2024-001335,CRC,793625099.68,2024-07-16,VIGENTE
2026-03,CR-001336,AV-2025-001337,CRC,143582193.09,2026-02-07,VIGENTE
2026-04,CR-001336,AV-2025-001337,CRC,142010271.7,2026-01-17,VIGENTE
2026-03,CR-001337,AV-2025-001338,CRC,476356859.97,2025-12-31,VIGENTE
2026-04,CR-001337,AV-2025-001338,CRC,473677039.65,2026-01-16,VIGENTE
2026-03,CR-001338,AV-2024-001339,CRC,97904178.82,2024-12-15,VIGENTE
2026-04,CR-001338,AV-2024-001339,CRC,97333249.99,2024-12-17,VIGENTE
2026-03,CR-001339,AV-2025-001340,CRC,318020154.52,2026-01-19,VIGENTE
2026-04,CR-001339,AV-2025-001340,CRC,316299862.47,2026-01-01,VIGENTE
2026-03,CR-001340,AV-2025-001341,CRC,6377296432.38,2025-11-18,VIGENTE
2026-04,CR-001340,AV-2025-001341,CRC,6345443822.33,2025-11-12,VIGENTE
2026-03,CR-001342,AV-2026-001343,USD,146998.01,2026-02-07,VIGENTE
2026-04,CR-001342,AV-2026-001343,USD,146022.99,2026-03-07,VIGENTE
2026-03,CR-001343,AV-2025-001344,CRC,548033883.92,2025-06-24,VIGENTE
2026-04,CR-001343,AV-2025-001344,CRC,545244655.24,2025-06-18,VIGENTE
2026-03,CR-001344,AV-2025-001345,CRC,11737343.56,2025-09-13,VIGENTE
2026-04,CR-001344,AV-2025-001345,CRC,11605157.0,2025-10-06,VIGENTE
2026-03,CR-001345,AV-2025-001346,CRC,786947377.42,2025-11-09,VIGENTE
2026-04,CR-001345,AV-2025-001346,CRC,779461259.71,2025-12-03,VIGENTE
2026-03,CR-001346,AV-2025-001347,CRC,910280580.3,2025-11-10,VIGENTE
2026-04,CR-001346,AV-2025-001347,CRC,903526930.22,2025-11-05,VIGENTE
2026-03,CR-001348,AV-2025-001349,CRC,16600082.51,2025-11-30,VIGENTE
2026-04,CR-001348,AV-2025-001349,CRC,16419545.71,2025-11-07,VIGENTE
2026-03,CR-001349,AV-2025-001350,CRC,192493554.42,2025-04-01,VIGENTE
2026-04,CR-001349,AV-2025-001350,CRC,191619417.59,2025-05-17,VIGENTE
2026-03,CR-001350,AV-2024-001351,USD,290061.89,2024-08-21,VIGENTE
2026-04,CR-001350,AV-2024-001351,USD,287334.83,2024-09-08,VIGENTE
2026-03,CR-001351,AV-2025-001352,CRC,5160529513.64,2025-09-08,VIGENTE
2026-04,CR-001351,AV-2025-001352,CRC,5117202752.4,2025-09-07,VIGENTE
2026-03,CR-001352,AV-2025-001353,USD,32052765.6,2025-03-07,VIGENTE
2026-04,CR-001352,AV-2025-001353,USD,31703087.5,2025-03-08,VIGENTE
2026-03,CR-001353,AV-2024-001354,CRC,130725948.31,2025-01-08,VIGENTE
2026-04,CR-001353,AV-2024-001354,CRC,129417708.28,2024-12-09,VIGENTE
2026-03,CR-001354,AV-2025-001355,USD,198842.99,2025-02-10,VIGENTE
2026-04,CR-001354,AV-2025-001355,USD,197080.72,2025-02-05,VIGENTE
2026-03,CR-001355,AV-2024-001356,CRC,126336392.14,2025-01-13,VIGENTE
2026-04,CR-001355,AV-2024-001356,CRC,125485968.64,2024-12-31,VIGENTE
2026-03,CR-001356,AV-2025-001357,CRC,740666774.02,2025-10-21,VIGENTE
2026-04,CR-001356,AV-2025-001357,CRC,731903133.0,2025-09-23,VIGENTE
2026-03,CR-001357,AV-2024-001358,USD,47533.94,2024-09-15,VIGENTE
2026-04,CR-001357,AV-2024-001358,USD,47282.1,2024-09-28,VIGENTE
2026-03,CR-001358,AV-2025-001359,CRC,347285994.68,2025-10-02,VIGENTE
2026-04,CR-001358,AV-2025-001359,CRC,345811974.46,2025-08-31,VIGENTE
2026-03,CR-001359,AV-2024-001360,USD,232589.22,2024-12-06,VIGENTE
2026-04,CR-001359,AV-2024-001360,USD,230991.49,2024-11-18,VIGENTE
2026-03,CR-001360,AV-2025-001361,CRC,238134401.8,2025-12-01,VIGENTE
2026-04,CR-001360,AV-2025-001361,CRC,236713598.12,2025-11-15,VIGENTE
2026-03,CR-001361,AV-2025-001362,CRC,561334374.39,2025-06-19,VIGENTE
2026-04,CR-001361,AV-2025-001362,CRC,556749729.38,2025-04-26,VIGENTE
2026-03,CR-001362,AV-2025-001363,CRC,202277021.71,2025-10-23,VIGENTE
2026-04,CR-001362,AV-2025-001363,CRC,200502069.75,2025-10-10,VIGENTE
2026-03,CR-001363,AV-2025-001364,CRC,187804558.42,2025-10-07,VIGENTE
2026-04,CR-001363,AV-2025-001364,CRC,186997588.76,2025-10-02,VIGENTE
2026-03,CR-001365,AV-2025-001366,CRC,351578489.81,2025-10-30,VIGENTE
2026-04,CR-001365,AV-2025-001366,CRC,349233641.58,2025-11-29,VIGENTE
2026-03,CR-001366,AV-2025-001367,USD,443297.9,2025-11-21,VIGENTE
2026-04,CR-001366,AV-2025-001367,USD,440183.87,2025-11-15,VIGENTE
2026-03,CR-001367,AV-2026-001368,CRC,112588584.95,2026-03-22,VIGENTE
2026-04,CR-001367,AV-2026-001368,CRC,111793806.85,2026-03-10,VIGENTE
2026-03,CR-001368,AV-2025-001369,USD,2485684.16,2025-07-13,VIGENTE
2026-04,CR-001368,AV-2025-001369,USD,0.0,2025-06-07,CANCELADO
2026-03,CR-001369,AV-2025-001370,CRC,2497705742.73,2025-03-27,VIGENTE
2026-04,CR-001369,AV-2025-001370,CRC,2481015802.98,2025-03-21,VIGENTE
2026-03,CR-001370,AV-2025-001371,USD,342838.95,2025-09-07,VIGENTE
2026-04,CR-001370,AV-2025-001371,USD,341051.46,2025-09-11,VIGENTE
2026-03,CR-001372,AV-2025-001373,USD,572548.96,2025-03-14,VIGENTE
2026-04,CR-001372,AV-2025-001373,USD,565980.04,2025-04-17,VIGENTE
2026-03,CR-001374,AV-2025-001375,CRC,898546950.72,2025-07-28,VIGENTE
2026-04,CR-001374,AV-2025-001375,CRC,893419756.89,2025-08-21,VIGENTE
2026-03,CR-001375,AV-2025-001376,USD,110115.93,2025-05-02,VIGENTE
2026-04,CR-001375,AV-2025-001376,USD,109037.07,2025-05-21,VIGENTE
2026-03,CR-001378,AV-2024-001379,USD,186929.87,2024-07-13,VIGENTE
2026-04,CR-001378,AV-2024-001379,USD,186045.5,2024-07-06,VIGENTE
2026-03,CR-001379,AV-2024-001380,CRC,193073882.04,2024-08-08,VIGENTE
2026-04,CR-001379,AV-2024-001380,CRC,190811052.57,2024-08-10,VIGENTE
2026-03,CR-001380,AV-2024-001381,CRC,457139377.57,2024-12-24,VIGENTE
2026-04,CR-001380,AV-2024-001381,CRC,451905510.44,2024-12-31,VIGENTE
2026-03,CR-001383,AV-2025-001384,USD,108981.9,2025-09-20,VIGENTE
2026-04,CR-001383,AV-2025-001384,USD,108277.83,2025-09-19,VIGENTE
2026-03,CR-001385,AV-2025-001386,CRC,712060454.72,2025-02-26,VIGENTE
2026-04,CR-001385,AV-2025-001386,CRC,709798619.79,2025-04-15,VIGENTE
2026-03,CR-001386,AV-2025-001387,CRC,1190234751.35,2025-12-28,VIGENTE
2026-04,CR-001386,AV-2025-001387,CRC,1178512456.2,2025-11-15,VIGENTE
2026-03,CR-001387,AV-2025-001388,CRC,87165519.18,2025-09-30,VIGENTE
2026-04,CR-001387,AV-2025-001388,CRC,86333406.34,2025-09-17,VIGENTE
2026-03,CR-001388,AV-2025-001389,USD,79889.35,2025-11-20,VIGENTE
2026-04,CR-001388,AV-2025-001389,USD,79473.17,2025-11-10,VIGENTE
2026-03,CR-001389,AV-2024-001390,CRC,87493948.44,2025-02-12,VIGENTE
2026-04,CR-001389,AV-2024-001390,CRC,86799574.37,2025-01-02,VIGENTE
2026-03,CR-001390,AV-2025-001391,CRC,283372305.17,2025-07-18,VIGENTE
2026-04,CR-001390,AV-2025-001391,CRC,281289366.24,2025-07-25,VIGENTE
2026-03,CR-001392,AV-2026-001393,CRC,113235662.28,2026-04-10,VIGENTE
2026-04,CR-001392,AV-2026-001393,CRC,112247054.97,2026-03-28,VIGENTE
2026-03,CR-001394,AV-2025-001395,USD,3038247.02,2025-03-25,VIGENTE
2026-04,CR-001394,AV-2025-001395,USD,3027239.16,2025-03-03,VIGENTE
2026-03,CR-001395,AV-2025-001396,CRC,514597726.41,2025-12-15,VIGENTE
2026-04,CR-001395,AV-2025-001396,CRC,511238143.8,2025-12-12,VIGENTE
2026-03,CR-001396,AV-2026-001397,CRC,739405919.31,2026-04-10,VIGENTE
2026-04,CR-001396,AV-2026-001397,CRC,732536666.64,2026-03-28,VIGENTE
2026-03,CR-001397,AV-2024-001398,USD,842727.45,2024-12-06,VIGENTE
2026-04,CR-001397,AV-2024-001398,USD,837402.38,2025-01-24,VIGENTE
2026-03,CR-001398,AV-2024-001399,CRC,372504012.61,2024-10-01,VIGENTE
2026-04,CR-001398,AV-2024-001399,CRC,369305482.78,2024-08-26,VIGENTE
2026-03,CR-001399,AV-2025-001400,CRC,468795532.32,2026-01-07,VIGENTE
2026-04,CR-001399,AV-2025-001400,CRC,463491590.98,2026-01-03,VIGENTE
2026-03,CR-001400,AV-2024-001401,USD,215841.74,2024-06-08,VIGENTE
2026-04,CR-001400,AV-2024-001401,USD,214392.13,2024-06-21,VIGENTE
2026-03,CR-001401,AV-2025-001402,USD,701199.11,2025-12-05,VIGENTE
2026-04,CR-001401,AV-2025-001402,USD,695663.23,2025-11-28,VIGENTE
2026-03,CR-001402,AV-2024-001403,CRC,34130937.89,2025-02-06,VIGENTE
2026-04,CR-001402,AV-2024-001403,CRC,33736874.45,2025-01-03,VIGENTE
2026-03,CR-001403,AV-2025-001404,CRC,418697739.47,2025-02-10,VIGENTE
2026-04,CR-001403,AV-2025-001404,CRC,415237115.85,2025-03-03,VIGENTE
2026-03,CR-001404,AV-2025-001405,USD,8398354.18,2026-01-03,VIGENTE
2026-04,CR-001404,AV-2025-001405,USD,8367569.37,2026-01-06,VIGENTE
2026-03,CR-001405,AV-2025-001406,USD,168955.65,2025-06-03,VIGENTE
2026-04,CR-001405,AV-2025-001406,USD,168136.77,2025-05-04,VIGENTE
2026-03,CR-001407,AV-2025-001408,CRC,303161104.46,2026-02-22,VIGENTE
2026-04,CR-001407,AV-2025-001408,CRC,299965704.17,2026-02-03,VIGENTE
2026-03,CR-001408,AV-2025-001409,USD,143111.43,2025-03-28,VIGENTE
2026-04,CR-001408,AV-2025-001409,USD,141641.02,2025-03-27,VIGENTE
2026-03,CR-001409,AV-2024-001410,USD,57405.12,2024-08-22,VIGENTE
2026-04,CR-001409,AV-2024-001410,USD,56926.54,2024-09-04,VIGENTE
2026-03,CR-001411,AV-2025-001412,CRC,660919658.02,2025-04-27,VIGENTE
2026-04,CR-001411,AV-2025-001412,CRC,654914682.99,2025-05-17,VIGENTE
2026-03,CR-001412,AV-2025-001413,CRC,10275552560.46,2025-06-13,VIGENTE
2026-04,CR-001412,AV-2025-001413,CRC,10236333981.02,2025-06-12,VIGENTE
2026-03,CR-001414,AV-2025-001415,CRC,413378629.51,2025-05-31,VIGENTE
2026-04,CR-001414,AV-2025-001415,CRC,408449917.24,2025-05-28,VIGENTE
2026-03,CR-001415,AV-2024-001416,CRC,10978774331.7,2024-10-14,VIGENTE
2026-04,CR-001415,AV-2024-001416,CRC,10863856203.45,2024-09-10,VIGENTE
2026-03,CR-001416,AV-2025-001417,CRC,7306183393.6,2025-11-16,VIGENTE
2026-04,CR-001416,AV-2025-001417,CRC,7220864248.14,2025-11-12,VIGENTE
2026-03,CR-001417,AV-2026-001418,CRC,695689902.52,2026-04-06,VIGENTE
2026-04,CR-001417,AV-2026-001418,CRC,691466802.63,2026-03-23,VIGENTE
2026-03,CR-001418,AV-2025-001419,CRC,360201084.09,2025-04-25,VIGENTE
2026-04,CR-001418,AV-2025-001419,CRC,358291849.56,2025-05-21,VIGENTE
2026-03,CR-001419,AV-2025-001420,CRC,108782247.5,2025-03-22,VIGENTE
2026-04,CR-001419,AV-2025-001420,CRC,107551810.27,2025-02-07,VIGENTE
2026-03,CR-001420,AV-2025-001421,CRC,53411665.36,2026-02-04,VIGENTE
2026-04,CR-001420,AV-2025-001421,CRC,53089098.71,2026-02-17,VIGENTE
2026-03,CR-001421,AV-2025-001422,CRC,214303650.54,2025-11-22,VIGENTE
2026-04,CR-001421,AV-2025-001422,CRC,212388798.3,2026-01-07,VIGENTE
2026-03,CR-001422,AV-2024-001423,CRC,84203808.23,2024-12-19,VIGENTE
2026-04,CR-001422,AV-2024-001423,CRC,83460028.48,2024-12-10,VIGENTE
2026-03,CR-001423,AV-2025-001424,CRC,274934146.78,2026-02-02,VIGENTE
2026-04,CR-001423,AV-2025-001424,CRC,273925063.37,2025-12-29,VIGENTE
2026-03,CR-001425,AV-2024-001426,CRC,1053160485.06,2024-10-07,VIGENTE
2026-04,CR-001425,AV-2024-001426,CRC,1046002012.78,2024-08-30,VIGENTE
2026-03,CR-001426,AV-2025-001427,CRC,783320814.14,2025-03-08,VIGENTE
2026-04,CR-001426,AV-2025-001427,CRC,778834685.64,2025-03-16,VIGENTE
2026-03,CR-001428,AV-2025-001429,CRC,67106240.22,2025-09-08,VIGENTE
2026-04,CR-001428,AV-2025-001429,CRC,66798924.9,2025-08-24,VIGENTE
2026-03,CR-001429,AV-2025-001430,USD,73571.96,2025-07-04,VIGENTE
2026-04,CR-001429,AV-2025-001430,USD,73004.41,2025-08-17,VIGENTE
2026-03,CR-001430,AV-2026-001431,CRC,487917536.4,2026-02-10,VIGENTE
2026-04,CR-001430,AV-2026-001431,CRC,484467705.26,2026-03-02,VIGENTE
2026-03,CR-001431,AV-2025-001432,CRC,1215376080.91,2025-10-07,VIGENTE
2026-04,CR-001431,AV-2025-001432,CRC,1202237011.32,2025-10-07,VIGENTE
2026-03,CR-001432,AV-2025-001433,CRC,1339528328.99,2025-11-21,VIGENTE
2026-04,CR-001432,AV-2025-001433,CRC,1333082656.29,2025-12-31,VIGENTE
2026-03,CR-001433,AV-2025-001434,USD,149494.33,2025-06-08,VIGENTE
2026-04,CR-001433,AV-2025-001434,USD,148180.61,2025-05-16,VIGENTE
2026-03,CR-001434,AV-2025-001435,CRC,417935966.21,2025-05-29,VIGENTE
2026-04,CR-001434,AV-2025-001435,CRC,414924795.89,2025-05-20,VIGENTE
2026-03,CR-001435,AV-2025-001436,USD,221167.61,2025-12-27,VIGENTE
2026-04,CR-001435,AV-2025-001436,USD,220072.8,2025-12-29,VIGENTE
2026-03,CR-001436,AV-2025-001437,CRC,378087761.84,2026-02-04,VIGENTE
2026-04,CR-001436,AV-2025-001437,CRC,376012396.36,2026-02-07,VIGENTE
2026-03,CR-001437,AV-2025-001438,CRC,235159579.17,2025-11-24,VIGENTE
2026-04,CR-001437,AV-2025-001438,CRC,232449862.3,2025-12-02,VIGENTE
2026-03,CR-001438,AV-2025-001439,CRC,572312233.17,2025-12-08,VIGENTE
2026-04,CR-001438,AV-2025-001439,CRC,565943091.66,2025-12-23,VIGENTE
2026-03,CR-001439,AV-2025-001440,CRC,4456998239.32,2025-09-10,VIGENTE
2026-04,CR-001439,AV-2025-001440,CRC,0.0,2025-10-13,CANCELADO
2026-03,CR-001440,AV-2025-001441,USD,134391.57,2025-08-02,VIGENTE
2026-04,CR-001440,AV-2025-001441,USD,133619.95,2025-07-05,VIGENTE
2026-03,CR-001445,AV-2025-001446,CRC,115422931.42,2025-09-25,VIGENTE
2026-04,CR-001445,AV-2025-001446,CRC,114554342.96,2025-10-20,VIGENTE
2026-03,CR-001446,AV-2025-001447,USD,1601285.37,2026-01-13,VIGENTE
2026-04,CR-001446,AV-2025-001447,USD,1592001.22,2026-01-15,VIGENTE
2026-03,CR-001448,AV-2025-001449,CRC,1008749177.78,2025-09-10,VIGENTE
2026-04,CR-001448,AV-2025-001449,CRC,1000016682.5,2025-09-04,VIGENTE
2026-03,CR-001449,AV-2025-001450,CRC,462072842.4,2025-09-25,VIGENTE
2026-04,CR-001449,AV-2025-001450,CRC,459076982.75,2025-09-30,VIGENTE
2026-03,CR-001450,AV-2025-001451,CRC,162600630.73,2025-05-17,VIGENTE
2026-04,CR-001450,AV-2025-001451,CRC,160856480.39,2025-06-04,VIGENTE
2026-03,CR-001451,AV-2026-001452,CRC,174357847.1,2026-04-08,VIGENTE
2026-04,CR-001451,AV-2026-001452,CRC,172851894.52,2026-03-29,VIGENTE
2026-03,CR-001452,AV-2025-001453,CRC,221228820.7,2025-08-03,VIGENTE
2026-04,CR-001452,AV-2025-001453,CRC,219249266.0,2025-08-24,VIGENTE
2026-03,CR-001453,AV-2025-001454,USD,272282.25,2026-02-08,VIGENTE
2026-04,CR-001453,AV-2025-001454,USD,271366.73,2025-12-27,VIGENTE
2026-03,CR-001454,AV-2024-001455,CRC,64574536.83,2024-10-23,VIGENTE
2026-04,CR-001454,AV-2024-001455,CRC,64274927.86,2024-10-28,VIGENTE
2026-03,CR-001455,AV-2024-001456,CRC,215811578.28,2024-06-06,VIGENTE
2026-04,CR-001455,AV-2024-001456,CRC,215065675.7,2024-05-18,VIGENTE
2026-03,CR-001456,AV-2025-001457,CRC,322227813.0,2025-11-04,VIGENTE
2026-04,CR-001456,AV-2025-001457,CRC,320673110.83,2025-12-29,VIGENTE
2026-03,CR-001457,AV-2025-001458,USD,1842538.21,2025-06-17,VIGENTE
2026-04,CR-001457,AV-2025-001458,USD,1821613.49,2025-07-04,VIGENTE
2026-03,CR-001459,AV-2025-001460,CRC,462987074.67,2026-02-06,VIGENTE
2026-04,CR-001459,AV-2025-001460,CRC,457613580.57,2025-12-24,VIGENTE
2026-03,CR-001460,AV-2025-001461,CRC,55645449.35,2025-05-09,VIGENTE
2026-04,CR-001460,AV-2025-001461,CRC,54992462.97,2025-05-19,VIGENTE
2026-03,CR-001461,AV-2025-001462,USD,1519447.41,2025-01-24,VIGENTE
2026-04,CR-001461,AV-2025-001462,USD,1508880.32,2025-02-26,VIGENTE
2026-03,CR-001462,AV-2025-001463,CRC,1236689083.65,2025-10-03,VIGENTE
2026-04,CR-001462,AV-2025-001463,CRC,0.0,2025-09-21,CANCELADO
2026-03,CR-001463,AV-2024-001464,USD,503099.56,2024-10-23,VIGENTE
2026-04,CR-001463,AV-2024-001464,USD,499105.7,2024-09-20,VIGENTE
2026-03,CR-001464,AV-2026-001465,USD,226022.15,2026-02-10,VIGENTE
2026-04,CR-001464,AV-2026-001465,USD,224819.35,2026-03-06,VIGENTE
2026-03,CR-001466,AV-2025-001467,CRC,63261010.63,2025-08-12,VIGENTE
2026-04,CR-001466,AV-2025-001467,CRC,62936094.85,2025-07-20,VIGENTE
2026-03,CR-001467,AV-2025-001468,CRC,206775042.69,2025-07-21,VIGENTE
2026-04,CR-001467,AV-2025-001468,CRC,204563376.25,2025-07-07,VIGENTE
2026-03,CR-001468,AV-2025-001469,CRC,310214290.46,2025-12-19,VIGENTE
2026-04,CR-001468,AV-2025-001469,CRC,309169605.58,2025-12-14,VIGENTE
2026-03,CR-001469,AV-2025-001470,USD,419982.12,2025-12-22,VIGENTE
2026-04,CR-001469,AV-2025-001470,USD,416793.97,2025-12-03,VIGENTE
2026-03,CR-001472,AV-2025-001473,USD,3020783.32,2025-05-28,VIGENTE
2026-04,CR-001472,AV-2025-001473,USD,3003618.43,2025-05-19,VIGENTE
2026-03,CR-001475,AV-2025-001476,USD,4020543.81,2025-04-27,VIGENTE
2026-04,CR-001475,AV-2025-001476,USD,3989697.43,2025-04-29,VIGENTE
2026-03,CR-001476,AV-2024-001477,CRC,37676618.33,2024-09-13,VIGENTE
2026-04,CR-001476,AV-2024-001477,CRC,37506440.2,2024-08-07,VIGENTE
2026-03,CR-001477,AV-2025-001478,USD,449234.82,2025-11-12,VIGENTE
2026-04,CR-001477,AV-2025-001478,USD,445146.71,2025-11-20,VIGENTE
2026-03,CR-001478,AV-2025-001479,CRC,168755651.45,2025-08-19,VIGENTE
2026-04,CR-001478,AV-2025-001479,CRC,167057789.39,2025-08-22,VIGENTE
2026-03,CR-001479,AV-2026-001480,CRC,120567522.0,2026-03-09,VIGENTE
2026-04,CR-001479,AV-2026-001480,CRC,120058022.58,2026-03-31,VIGENTE
2026-03,CR-001480,AV-2025-001481,USD,3932117.37,2025-09-13,VIGENTE
2026-04,CR-001480,AV-2025-001481,USD,3894495.48,2025-09-19,VIGENTE
2026-03,CR-001481,AV-2025-001482,CRC,268457549.48,2025-06-08,VIGENTE
2026-04,CR-001481,AV-2025-001482,CRC,266970523.47,2025-06-27,VIGENTE
2026-03,CR-001482,AV-2025-001483,USD,2938457.17,2025-09-02,VIGENTE
2026-04,CR-001482,AV-2025-001483,USD,2908587.64,2025-09-05,VIGENTE
2026-03,CR-001483,AV-2026-001484,CRC,665358462.5,2026-03-06,VIGENTE
2026-04,CR-001483,AV-2026-001484,CRC,662284453.23,2026-03-07,VIGENTE
2026-03,CR-001485,AV-2025-001486,CRC,297248438.54,2025-03-05,VIGENTE
2026-04,CR-001485,AV-2025-001486,CRC,296351368.66,2025-02-06,VIGENTE
2026-03,CR-001487,AV-2025-001488,CRC,227666982.88,2025-11-13,VIGENTE
2026-04,CR-001487,AV-2025-001488,CRC,225097811.21,2025-10-13,VIGENTE
2026-03,CR-001489,AV-2026-001490,CRC,164383341.62,2026-04-14,VIGENTE
2026-04,CR-001489,AV-2026-001490,CRC,162838365.42,2026-04-29,VIGENTE
2026-03,CR-001490,AV-2025-001491,CRC,128894487.28,2025-10-13,VIGENTE
2026-04,CR-001490,AV-2025-001491,CRC,127948156.62,2025-09-04,VIGENTE
2026-03,CR-001491,AV-2024-001492,USD,112619.2,2024-08-22,VIGENTE
2026-04,CR-001491,AV-2024-001492,USD,111275.93,2024-08-20,VIGENTE
2026-03,CR-001492,AV-2025-001493,CRC,122979978.81,2026-02-04,VIGENTE
2026-04,CR-001492,AV-2025-001493,CRC,121953552.91,2026-02-15,VIGENTE
2026-03,CR-001493,AV-2025-001494,USD,133028.43,2025-07-17,VIGENTE
2026-04,CR-001493,AV-2025-001494,USD,132251.69,2025-07-12,VIGENTE
2026-03,CR-001494,AV-2025-001495,CRC,389984233.77,2025-09-19,VIGENTE
2026-04,CR-001494,AV-2025-001495,CRC,388420739.4,2025-10-14,VIGENTE
2026-03,CR-001495,AV-2024-001496,CRC,1588389861.93,2024-12-13,VIGENTE
2026-04,CR-001495,AV-2024-001496,CRC,0.0,2025-01-28,CANCELADO
2026-03,CR-001496,AV-2025-001497,CRC,261307827.51,2025-07-17,VIGENTE
2026-04,CR-001496,AV-2025-001497,CRC,258504234.71,2025-08-27,VIGENTE
2026-03,CR-001497,AV-2024-001498,CRC,150025023.47,2024-12-07,VIGENTE
2026-04,CR-001497,AV-2024-001498,CRC,149555162.9,2024-11-26,VIGENTE
2026-03,CR-001498,AV-2026-001499,CRC,88489592.38,2026-03-22,VIGENTE
2026-04,CR-001498,AV-2026-001499,CRC,87809773.65,2026-03-30,VIGENTE
2026-03,CR-001500,AV-2025-001501,CRC,275333784.07,2025-05-01,VIGENTE
2026-04,CR-001500,AV-2025-001501,CRC,274108215.76,2025-06-05,VIGENTE
2026-03,CR-001501,AV-2024-001502,USD,299217.23,2024-09-08,VIGENTE
2026-04,CR-001501,AV-2024-001502,USD,296433.47,2024-09-10,VIGENTE
2026-03,CR-001502,AV-2024-001503,CRC,20450652.97,2024-08-26,VIGENTE
2026-04,CR-001502,AV-2024-001503,CRC,20291527.8,2024-09-25,VIGENTE
2026-03,CR-001503,AV-2025-001504,CRC,47579496.43,2025-03-30,VIGENTE
2026-04,CR-001503,AV-2025-001504,CRC,47314417.46,2025-04-03,VIGENTE
2026-03,CR-001504,AV-2025-001505,CRC,471588850.2,2025-09-09,VIGENTE
2026-04,CR-001504,AV-2025-001505,CRC,469631464.62,2025-10-03,VIGENTE
2026-03,CR-001505,AV-2024-001506,CRC,94475073.31,2024-11-20,VIGENTE
2026-04,CR-001505,AV-2024-001506,CRC,94048049.83,2024-11-08,VIGENTE
2026-03,CR-001506,AV-2026-001507,USD,1058317.36,2026-02-08,VIGENTE
2026-04,CR-001506,AV-2026-001507,USD,1051098.75,2026-02-25,VIGENTE
2026-03,CR-001508,AV-2024-001509,CRC,635033722.91,2024-08-19,VIGENTE
2026-04,CR-001508,AV-2024-001509,CRC,631364917.18,2024-09-10,VIGENTE
2026-03,CR-001509,AV-2025-001510,CRC,298850845.23,2025-12-08,VIGENTE
2026-04,CR-001509,AV-2025-001510,CRC,295615068.14,2025-11-06,VIGENTE
2026-03,CR-001510,AV-2025-001511,USD,617051.03,2025-11-30,VIGENTE
2026-04,CR-001510,AV-2025-001511,USD,615027.59,2025-11-25,VIGENTE
2026-03,CR-001511,AV-2026-001512,CRC,125273964.7,2026-03-30,VIGENTE
2026-04,CR-001511,AV-2026-001512,CRC,124804802.44,2026-03-20,VIGENTE
2026-03,CR-001513,AV-2025-001514,USD,974962.32,2025-05-22,VIGENTE
2026-04,CR-001513,AV-2025-001514,USD,968851.67,2025-06-18,VIGENTE
2026-03,CR-001516,AV-2026-001517,USD,1738998.72,2026-02-09,VIGENTE
2026-04,CR-001516,AV-2026-001517,USD,1719206.88,2026-03-02,VIGENTE
2026-03,CR-001517,AV-2025-001518,USD,288114.17,2026-01-07,VIGENTE
2026-04,CR-001517,AV-2025-001518,USD,285587.46,2026-01-26,VIGENTE
2026-03,CR-001518,AV-2025-001519,CRC,120281435.0,2026-03-05,VIGENTE
2026-04,CR-001518,AV-2025-001519,CRC,119602805.07,2026-01-31,VIGENTE
2026-03,CR-001519,AV-2025-001520,USD,1237565.06,2025-08-17,VIGENTE
2026-04,CR-001519,AV-2025-001520,USD,1232266.17,2025-08-20,VIGENTE
2026-03,CR-001520,AV-2025-001521,CRC,65610613.4,2025-11-03,VIGENTE
2026-04,CR-001520,AV-2025-001521,CRC,65126872.61,2025-11-16,VIGENTE
2026-03,CR-001525,AV-2025-001526,CRC,577707803.83,2025-10-31,VIGENTE
2026-04,CR-001525,AV-2025-001526,CRC,572288565.31,2025-12-22,VIGENTE
2026-03,CR-001526,AV-2024-001527,CRC,176219798.8,2025-01-04,VIGENTE
2026-04,CR-001526,AV-2024-001527,CRC,174881348.84,2024-12-19,VIGENTE
2026-03,CR-001530,AV-2024-001531,CRC,2418580184.78,2024-06-20,VIGENTE
2026-04,CR-001530,AV-2024-001531,CRC,2406244265.03,2024-07-22,VIGENTE
2026-03,CR-001531,AV-2024-001532,CRC,2617417311.56,2025-01-14,VIGENTE
2026-04,CR-001531,AV-2024-001532,CRC,2598471241.7,2025-01-05,VIGENTE
2026-03,CR-001533,AV-2024-001534,USD,132546.39,2024-10-17,VIGENTE
2026-04,CR-001533,AV-2024-001534,USD,132050.72,2024-09-28,VIGENTE
2026-03,CR-001534,AV-2025-001535,CRC,169583283.9,2025-07-16,VIGENTE
2026-04,CR-001534,AV-2025-001535,CRC,0.0,2025-06-02,CANCELADO
2026-03,CR-001535,AV-2025-001536,CRC,463060016.68,2025-07-15,VIGENTE
2026-04,CR-001535,AV-2025-001536,CRC,458354890.47,2025-06-27,VIGENTE
2026-03,CR-001537,AV-2024-001538,USD,514956.13,2024-10-31,VIGENTE
2026-04,CR-001537,AV-2024-001538,USD,513280.16,2024-10-10,VIGENTE
2026-03,CR-001539,AV-2024-001540,CRC,38917457.55,2024-12-15,VIGENTE
2026-04,CR-001539,AV-2024-001540,CRC,38760293.35,2024-10-27,VIGENTE
2026-03,CR-001540,AV-2025-001541,USD,197668.64,2026-01-24,VIGENTE
2026-04,CR-001540,AV-2025-001541,USD,195990.87,2026-01-07,VIGENTE
2026-03,CR-001542,AV-2025-001543,CRC,396841426.27,2025-07-23,VIGENTE
2026-04,CR-001542,AV-2025-001543,CRC,392907678.14,2025-08-11,VIGENTE
2026-03,CR-001543,AV-2026-001544,CRC,239008922.27,2026-04-02,VIGENTE
2026-04,CR-001543,AV-2026-001544,CRC,237521930.54,2026-02-25,VIGENTE
2026-03,CR-001544,AV-2025-001545,USD,1853344.64,2026-01-16,VIGENTE
2026-04,CR-001544,AV-2025-001545,USD,1842976.45,2026-01-15,VIGENTE
2026-03,CR-001545,AV-2026-001546,CRC,127989304.25,2026-03-05,VIGENTE
2026-04,CR-001545,AV-2026-001546,CRC,127238091.22,2026-03-23,VIGENTE
2026-03,CR-001546,AV-2025-001547,CRC,249430787.81,2025-03-06,VIGENTE
2026-04,CR-001546,AV-2025-001547,CRC,246954376.05,2025-02-09,VIGENTE
2026-03,CR-001547,AV-2025-001548,USD,2204809.22,2025-05-09,VIGENTE
2026-04,CR-001547,AV-2025-001548,USD,2187771.6,2025-05-01,VIGENTE
2026-03,CR-001548,AV-2025-001549,CRC,905834782.86,2025-02-04,VIGENTE
2026-04,CR-001548,AV-2025-001549,CRC,899199712.37,2025-01-31,VIGENTE
2026-03,CR-001550,AV-2025-001551,CRC,90799155.35,2025-08-10,VIGENTE
2026-04,CR-001550,AV-2025-001551,CRC,90402137.25,2025-07-13,VIGENTE
2026-03,CR-001551,AV-2024-001552,CRC,165078162.01,2024-12-10,VIGENTE
2026-04,CR-001551,AV-2024-001552,CRC,163801641.75,2024-12-16,VIGENTE
2026-03,CR-001552,AV-2026-001553,USD,12282803.25,2026-02-28,VIGENTE
2026-04,CR-001552,AV-2026-001553,USD,12231675.38,2026-04-08,VIGENTE
2026-03,CR-001553,AV-2025-001554,CRC,253957682.83,2025-05-09,VIGENTE
2026-04,CR-001553,AV-2025-001554,CRC,253113140.29,2025-06-21,VIGENTE
2026-03,CR-001554,AV-2025-001555,CRC,287528362.49,2025-10-26,VIGENTE
2026-04,CR-001554,AV-2025-001555,CRC,285864448.51,2025-10-22,VIGENTE
2026-03,CR-001556,AV-2025-001557,CRC,232360713.21,2025-12-10,VIGENTE
2026-04,CR-001556,AV-2025-001557,CRC,230556008.25,2025-12-17,VIGENTE
2026-03,CR-001557,AV-2025-001558,CRC,260057045.37,2025-06-05,VIGENTE
2026-04,CR-001557,AV-2025-001558,CRC,257011413.7,2025-05-28,VIGENTE
2026-03,CR-001561,AV-2024-001562,USD,224048.57,2024-07-08,VIGENTE
2026-04,CR-001561,AV-2024-001562,USD,223046.05,2024-07-09,VIGENTE
2026-03,CR-001562,AV-2025-001563,CRC,395837752.87,2026-02-16,VIGENTE
2026-04,CR-001562,AV-2025-001563,CRC,393980909.19,2026-02-15,VIGENTE
2026-03,CR-001564,AV-2024-001565,USD,165518.56,2024-07-11,VIGENTE
2026-04,CR-001564,AV-2024-001565,USD,164390.91,2024-07-25,VIGENTE
2026-03,CR-001566,AV-2025-001567,CRC,100495183.04,2025-09-16,VIGENTE
2026-04,CR-001566,AV-2025-001567,CRC,99909675.54,2025-09-19,VIGENTE
2026-03,CR-001568,AV-2025-001569,USD,1632154.68,2025-03-17,VIGENTE
2026-04,CR-001568,AV-2025-001569,USD,1623840.28,2025-02-14,VIGENTE
2026-03,CR-001569,AV-2025-001570,CRC,1491643025.96,2025-08-01,VIGENTE
2026-04,CR-001569,AV-2025-001570,CRC,1478288673.98,2025-09-12,VIGENTE
2026-03,CR-001570,AV-2024-001571,USD,181819.86,2025-01-18,VIGENTE
2026-04,CR-001570,AV-2024-001571,USD,0.0,2024-12-27,CANCELADO
2026-03,CR-001572,AV-2024-001573,CRC,841505115.87,2024-10-21,VIGENTE
2026-04,CR-001572,AV-2024-001573,CRC,834400597.61,2024-10-01,VIGENTE
2026-03,CR-001573,AV-2024-001574,CRC,245820623.09,2025-01-02,VIGENTE
2026-04,CR-001573,AV-2024-001574,CRC,243163558.2,2025-01-13,VIGENTE
2026-03,CR-001574,AV-2025-001575,CRC,675641306.53,2025-07-31,VIGENTE
2026-04,CR-001574,AV-2025-001575,CRC,673056277.69,2025-07-28,VIGENTE
2026-03,CR-001575,AV-2026-001576,USD,453904.8,2026-02-20,VIGENTE
2026-04,CR-001575,AV-2026-001576,USD,448645.81,2026-02-10,VIGENTE
2026-03,CR-001576,AV-2024-001577,USD,459539.54,2024-10-21,VIGENTE
2026-04,CR-001576,AV-2024-001577,USD,455017.4,2024-10-27,VIGENTE
2026-03,CR-001578,AV-2025-001579,USD,3096784.93,2025-08-11,VIGENTE
2026-04,CR-001578,AV-2025-001579,USD,3063987.34,2025-08-19,VIGENTE
2026-03,CR-001579,AV-2025-001580,USD,314148.79,2025-03-28,VIGENTE
2026-04,CR-001579,AV-2025-001580,USD,311353.52,2025-04-22,VIGENTE
2026-03,CR-001580,AV-2025-001581,CRC,223021329.53,2026-01-28,VIGENTE
2026-04,CR-001580,AV-2025-001581,CRC,220767130.64,2026-01-31,VIGENTE
2026-03,CR-001581,AV-2025-001582,USD,50074.5,2025-11-26,VIGENTE
2026-04,CR-001581,AV-2025-001582,USD,49861.23,2025-11-21,VIGENTE
2026-03,CR-001582,AV-2024-001583,CRC,372595155.35,2025-01-06,VIGENTE
2026-04,CR-001582,AV-2024-001583,CRC,368759834.38,2024-12-02,VIGENTE
2026-03,CR-001584,AV-2025-001585,CRC,263531320.13,2025-10-18,VIGENTE
2026-04,CR-001584,AV-2025-001585,CRC,260640155.74,2025-10-24,VIGENTE
2026-03,CR-001585,AV-2024-001586,CRC,951398817.3,2024-11-05,VIGENTE
2026-04,CR-001585,AV-2024-001586,CRC,942089350.49,2024-11-08,VIGENTE
2026-03,CR-001586,AV-2024-001587,CRC,166745102.19,2025-01-30,VIGENTE
2026-04,CR-001586,AV-2024-001587,CRC,165161968.79,2025-02-20,VIGENTE
2026-03,CR-001587,AV-2025-001588,CRC,423680924.35,2026-01-24,VIGENTE
2026-04,CR-001587,AV-2025-001588,CRC,418961096.98,2025-12-28,VIGENTE
2026-03,CR-001589,AV-2025-001590,CRC,3286477270.11,2025-09-22,VIGENTE
2026-04,CR-001589,AV-2025-001590,CRC,3254413090.41,2025-08-22,VIGENTE
2026-03,CR-001591,AV-2025-001592,CRC,102107019.26,2025-04-29,VIGENTE
2026-04,CR-001591,AV-2025-001592,CRC,101631919.63,2025-03-13,VIGENTE
2026-03,CR-001592,AV-2025-001593,CRC,276602380.4,2025-09-11,VIGENTE
2026-04,CR-001592,AV-2025-001593,CRC,273914105.15,2025-09-22,VIGENTE
2026-03,CR-001594,AV-2025-001595,CRC,977869449.08,2025-08-10,VIGENTE
2026-04,CR-001594,AV-2025-001595,CRC,973866655.29,2025-08-27,VIGENTE
2026-03,CR-001595,AV-2025-001596,CRC,236835807.37,2025-07-12,VIGENTE
2026-04,CR-001595,AV-2025-001596,CRC,234268115.53,2025-07-22,VIGENTE
2026-03,CR-001596,AV-2024-001597,USD,1814101.54,2024-12-05,VIGENTE
2026-04,CR-001596,AV-2024-001597,USD,1798796.91,2024-11-16,VIGENTE
2026-03,CR-001597,AV-2024-001598,CRC,68460090.68,2024-12-02,VIGENTE
2026-04,CR-001597,AV-2024-001598,CRC,67987003.57,2024-11-06,VIGENTE
2026-03,CR-001598,AV-2024-001599,CRC,196394424.04,2024-11-16,VIGENTE
2026-04,CR-001598,AV-2024-001599,CRC,195703556.58,2024-11-15,VIGENTE
2026-03,CR-001599,AV-2025-001600,CRC,224324283.01,2025-06-27,VIGENTE
2026-04,CR-001599,AV-2025-001600,CRC,223394468.49,2025-06-30,VIGENTE
2026-03,CR-001600,AV-2025-001601,CRC,88070777.31,2025-04-19,VIGENTE
2026-04,CR-001600,AV-2025-001601,CRC,87760574.01,2025-04-08,VIGENTE
2026-03,CR-001601,AV-2025-001602,USD,1015372.57,2025-09-15,VIGENTE
2026-04,CR-001601,AV-2025-001602,USD,1003414.81,2025-09-15,VIGENTE
2026-03,CR-001602,AV-2024-001603,USD,5334377.56,2024-08-01,VIGENTE
2026-04,CR-001602,AV-2024-001603,USD,5293150.32,2024-07-28,VIGENTE
2026-03,CR-001603,AV-2025-001604,USD,479077.23,2025-05-26,VIGENTE
2026-04,CR-001603,AV-2025-001604,USD,476924.95,2025-04-21,VIGENTE
2026-03,CR-001604,AV-2025-001605,CRC,5881558656.47,2025-03-08,VIGENTE
2026-04,CR-001604,AV-2025-001605,CRC,5817692559.96,2025-03-13,VIGENTE
2026-03,CR-001605,AV-2024-001606,CRC,4076219463.5,2024-07-01,VIGENTE
2026-04,CR-001605,AV-2024-001606,CRC,4044164150.19,2024-07-19,VIGENTE
2026-03,CR-001606,AV-2024-001607,CRC,601359122.09,2024-12-25,VIGENTE
2026-04,CR-001606,AV-2024-001607,CRC,597196089.8,2024-12-22,VIGENTE
2026-03,CR-001607,AV-2024-001608,USD,79565.43,2024-12-17,VIGENTE
2026-04,CR-001607,AV-2024-001608,USD,78874.24,2024-12-16,VIGENTE
2026-03,CR-001609,AV-2024-001610,CRC,203898507.35,2025-01-17,VIGENTE
2026-04,CR-001609,AV-2024-001610,CRC,202122814.8,2024-12-25,VIGENTE
2026-03,CR-001610,AV-2025-001611,USD,142539.81,2025-11-05,VIGENTE
2026-04,CR-001610,AV-2025-001611,USD,141960.2,2025-12-12,VIGENTE
2026-03,CR-001611,AV-2026-001612,CRC,943168651.49,2026-03-21,VIGENTE
2026-04,CR-001611,AV-2026-001612,CRC,937795442.24,2026-03-07,VIGENTE
2026-03,CR-001612,AV-2025-001613,CRC,39652229.57,2025-04-12,VIGENTE
2026-04,CR-001612,AV-2025-001613,CRC,39319510.4,2025-05-01,VIGENTE
2026-03,CR-001613,AV-2024-001614,CRC,63758938.66,2025-01-14,VIGENTE
2026-04,CR-001613,AV-2024-001614,CRC,63177210.33,2024-12-11,VIGENTE
2026-03,CR-001614,AV-2025-001615,USD,2338594.1,2026-01-19,VIGENTE
2026-04,CR-001614,AV-2025-001615,USD,2325627.15,2026-01-22,VIGENTE
2026-03,CR-001615,AV-2026-001616,CRC,271091410.39,2026-03-08,VIGENTE
2026-04,CR-001615,AV-2026-001616,CRC,267889692.27,2026-03-22,VIGENTE
2026-03,CR-001616,AV-2025-001617,CRC,105142780.62,2025-06-25,VIGENTE
2026-04,CR-001616,AV-2025-001617,CRC,104436231.14,2025-06-04,VIGENTE
2026-03,CR-001617,AV-2025-001618,USD,255232.26,2025-07-29,VIGENTE
2026-04,CR-001617,AV-2025-001618,USD,253712.44,2025-06-25,VIGENTE
2026-03,CR-001618,AV-2025-001619,USD,214323.64,2026-02-02,VIGENTE
2026-04,CR-001618,AV-2025-001619,USD,212372.93,2026-01-07,VIGENTE
2026-03,CR-001619,AV-2025-001620,CRC,126663373.75,2025-05-14,VIGENTE
2026-04,CR-001619,AV-2025-001620,CRC,125200249.01,2025-05-29,VIGENTE
2026-03,CR-001620,AV-2025-001621,USD,377840.93,2025-10-21,VIGENTE
2026-04,CR-001620,AV-2025-001621,USD,0.0,2025-10-06,CANCELADO
2026-03,CR-001621,AV-2025-001622,CRC,138962619.17,2025-09-08,VIGENTE
2026-04,CR-001621,AV-2025-001622,CRC,137405708.84,2025-10-08,VIGENTE
2026-03,CR-001622,AV-2025-001623,USD,191859.95,2025-11-26,VIGENTE
2026-04,CR-001622,AV-2025-001623,USD,190071.19,2026-01-01,VIGENTE
2026-03,CR-001623,AV-2025-001624,USD,493477.45,2025-12-31,VIGENTE
2026-04,CR-001623,AV-2025-001624,USD,488913.15,2025-12-16,VIGENTE
2026-03,CR-001624,AV-2025-001625,CRC,72640561.57,2025-05-23,VIGENTE
2026-04,CR-001624,AV-2025-001625,CRC,72093506.42,2025-05-12,VIGENTE
2026-03,CR-001627,AV-2024-001628,CRC,2275002813.43,2024-09-03,VIGENTE
2026-04,CR-001627,AV-2024-001628,CRC,2265064059.79,2024-09-18,VIGENTE
2026-03,CR-001628,AV-2025-001629,CRC,356704154.09,2025-11-25,VIGENTE
2026-04,CR-001628,AV-2025-001629,CRC,353758072.74,2025-12-25,VIGENTE
2026-03,CR-001629,AV-2025-001630,USD,510241.08,2025-02-14,VIGENTE
2026-04,CR-001629,AV-2025-001630,USD,507054.05,2025-03-14,VIGENTE
2026-03,CR-001630,AV-2024-001631,USD,2617741.06,2024-06-24,VIGENTE
2026-04,CR-001630,AV-2024-001631,USD,2601843.8,2024-06-06,VIGENTE
2026-03,CR-001631,AV-2025-001632,USD,303597.52,2026-01-05,VIGENTE
2026-04,CR-001631,AV-2025-001632,USD,300872.62,2026-01-30,VIGENTE
2026-03,CR-001633,AV-2025-001634,CRC,1746307401.1,2025-10-20,VIGENTE
2026-04,CR-001633,AV-2025-001634,CRC,1727497948.21,2025-09-28,VIGENTE
2026-03,CR-001638,AV-2025-001639,USD,62661.41,2025-02-06,VIGENTE
2026-04,CR-001638,AV-2025-001639,USD,62319.36,2025-02-06,VIGENTE
2026-03,CR-001640,AV-2025-001641,CRC,218807124.08,2025-03-28,VIGENTE
2026-04,CR-001640,AV-2025-001641,CRC,218062836.81,2025-04-03,VIGENTE
2026-03,CR-001641,AV-2025-001642,CRC,126870563.25,2025-04-03,VIGENTE
2026-04,CR-001641,AV-2025-001642,CRC,125469989.82,2025-04-27,VIGENTE
2026-03,CR-001642,AV-2025-001643,CRC,129415805.19,2026-02-04,VIGENTE
2026-04,CR-001642,AV-2025-001643,CRC,128953634.39,2026-02-12,VIGENTE
2026-03,CR-001643,AV-2025-001644,CRC,143184774.82,2025-04-02,VIGENTE
2026-04,CR-001643,AV-2025-001644,CRC,141553757.13,2025-02-27,VIGENTE
2026-03,CR-001644,AV-2024-001645,USD,310137.89,2024-07-09,VIGENTE
2026-04,CR-001644,AV-2024-001645,USD,307348.03,2024-06-28,VIGENTE
2026-03,CR-001645,AV-2026-001646,CRC,55323182.54,2026-04-24,VIGENTE
2026-04,CR-001645,AV-2026-001646,CRC,54710949.74,2026-04-10,VIGENTE
2026-03,CR-001646,AV-2025-001647,CRC,389530619.87,2026-02-13,VIGENTE
2026-04,CR-001646,AV-2025-001647,CRC,386703208.02,2026-01-13,VIGENTE
2026-03,CR-001648,AV-2025-001649,CRC,1520576379.13,2026-01-27,VIGENTE
2026-04,CR-001648,AV-2025-001649,CRC,1512429936.38,2026-02-06,VIGENTE
2026-03,CR-001649,AV-2024-001650,CRC,481875125.83,2024-08-10,VIGENTE
2026-04,CR-001649,AV-2024-001650,CRC,479426846.41,2024-07-26,VIGENTE
2026-03,CR-001650,AV-2024-001651,CRC,123184421.94,2024-08-29,VIGENTE
2026-04,CR-001650,AV-2024-001651,CRC,121982381.03,2024-07-30,VIGENTE
2026-03,CR-001651,AV-2025-001652,USD,324139.64,2025-09-18,VIGENTE
2026-04,CR-001651,AV-2025-001652,USD,320929.98,2025-08-14,VIGENTE
2026-03,CR-001652,AV-2025-001653,CRC,668164027.81,2025-08-01,VIGENTE
2026-04,CR-001652,AV-2025-001653,CRC,665384331.64,2025-07-08,VIGENTE
2026-03,CR-001653,AV-2025-001654,USD,218151.17,2025-10-26,VIGENTE
2026-04,CR-001653,AV-2025-001654,USD,216493.56,2025-12-06,VIGENTE
2026-03,CR-001654,AV-2025-001655,CRC,83776609.65,2026-01-07,VIGENTE
2026-04,CR-001654,AV-2025-001655,CRC,0.0,2026-01-12,CANCELADO
2026-03,CR-001655,AV-2025-001656,CRC,106109266.09,2025-08-16,VIGENTE
2026-04,CR-001655,AV-2025-001656,CRC,104899219.76,2025-08-10,VIGENTE
2026-03,CR-001657,AV-2024-001658,USD,316085.34,2024-09-14,VIGENTE
2026-04,CR-001657,AV-2024-001658,USD,313709.27,2024-09-29,VIGENTE
2026-03,CR-001658,AV-2024-001659,CRC,320195080.7,2024-12-03,VIGENTE
2026-04,CR-001658,AV-2024-001659,CRC,316496717.1,2024-12-05,VIGENTE
2026-03,CR-001659,AV-2026-001660,CRC,185496648.71,2026-04-03,VIGENTE
2026-04,CR-001659,AV-2026-001660,CRC,184766358.59,2026-02-10,VIGENTE
2026-03,CR-001660,AV-2024-001661,USD,445240.09,2024-12-02,VIGENTE
2026-04,CR-001660,AV-2024-001661,USD,441153.48,2024-12-07,VIGENTE
2026-03,CR-001661,AV-2025-001662,USD,8153991.47,2025-10-05,VIGENTE
2026-04,CR-001661,AV-2025-001662,USD,8073141.35,2025-10-21,VIGENTE
2026-03,CR-001662,AV-2024-001663,USD,60180.75,2024-09-02,VIGENTE
2026-04,CR-001662,AV-2024-001663,USD,59661.91,2024-07-27,VIGENTE
2026-03,CR-001663,AV-2026-001664,USD,347317.34,2026-02-20,VIGENTE
2026-04,CR-001663,AV-2026-001664,USD,344151.81,2026-02-01,VIGENTE
2026-03,CR-001664,AV-2025-001665,CRC,164364916.83,2025-07-26,VIGENTE
2026-04,CR-001664,AV-2025-001665,CRC,163029475.31,2025-09-10,VIGENTE
2026-03,CR-001665,AV-2025-001666,CRC,183931504.8,2025-08-07,VIGENTE
2026-04,CR-001665,AV-2025-001666,CRC,183094139.99,2025-09-14,VIGENTE
2026-03,CR-001666,AV-2025-001667,USD,242706.96,2025-08-19,VIGENTE
2026-04,CR-001666,AV-2025-001667,USD,240087.95,2025-07-30,VIGENTE
2026-03,CR-001667,AV-2025-001668,CRC,25704338.74,2025-12-28,VIGENTE
2026-04,CR-001667,AV-2025-001668,CRC,0.0,2025-11-25,CANCELADO
2026-03,CR-001668,AV-2025-001669,USD,3945007.04,2026-01-07,VIGENTE
2026-04,CR-001668,AV-2025-001669,USD,3904716.23,2026-02-18,VIGENTE
2026-03,CR-001669,AV-2026-001670,USD,354573.64,2026-02-27,VIGENTE
2026-04,CR-001669,AV-2026-001670,USD,351372.72,2026-03-19,VIGENTE
2026-03,CR-001670,AV-2025-001671,USD,196750.33,2025-05-18,VIGENTE
2026-04,CR-001670,AV-2025-001671,USD,196013.78,2025-04-19,VIGENTE
2026-03,CR-001671,AV-2024-001672,USD,161971.35,2024-10-19,VIGENTE
2026-04,CR-001671,AV-2024-001672,USD,161267.37,2024-09-18,VIGENTE
2026-03,CR-001672,AV-2026-001673,CRC,877052371.93,2026-02-16,VIGENTE
2026-04,CR-001672,AV-2026-001673,CRC,866666886.32,2026-02-15,VIGENTE
2026-03,CR-001673,AV-2024-001674,CRC,32099187.6,2024-06-24,VIGENTE
2026-04,CR-001673,AV-2024-001674,CRC,31754136.57,2024-05-15,VIGENTE
2026-03,CR-001674,AV-2024-001675,CRC,2444894331.31,2024-07-13,VIGENTE
2026-04,CR-001674,AV-2024-001675,CRC,2436463377.89,2024-07-04,VIGENTE
2026-03,CR-001675,AV-2025-001676,CRC,122734518.8,2025-05-20,VIGENTE
2026-04,CR-001675,AV-2025-001676,CRC,122230539.66,2025-05-20,VIGENTE
2026-03,CR-001676,AV-2026-001677,CRC,465248746.88,2026-03-16,VIGENTE
2026-04,CR-001676,AV-2026-001677,CRC,462901122.43,2026-04-04,VIGENTE
2026-03,CR-001677,AV-2025-001678,USD,133973.82,2026-01-23,VIGENTE
2026-04,CR-001677,AV-2025-001678,USD,132617.66,2025-12-13,VIGENTE
2026-03,CR-001678,AV-2025-001679,CRC,1067830186.44,2025-09-11,VIGENTE
2026-04,CR-001678,AV-2025-001679,CRC,1055263876.76,2025-10-11,VIGENTE
2026-03,CR-001679,AV-2025-001680,CRC,265423986.81,2025-12-02,VIGENTE
2026-04,CR-001679,AV-2025-001680,CRC,262466153.19,2025-12-03,VIGENTE
2026-03,CR-001680,AV-2025-001681,CRC,3163890564.38,2025-09-19,VIGENTE
2026-04,CR-001680,AV-2025-001681,CRC,3144040237.4,2025-10-23,VIGENTE
2026-03,CR-001681,AV-2025-001682,CRC,333407128.84,2025-11-25,VIGENTE
2026-04,CR-001681,AV-2025-001682,CRC,329807262.77,2025-11-16,VIGENTE
2026-03,CR-001682,AV-2025-001683,CRC,97870977.79,2025-06-02,VIGENTE
2026-04,CR-001682,AV-2025-001683,CRC,96771491.91,2025-06-17,VIGENTE
2026-03,CR-001684,AV-2026-001685,USD,589038.16,2026-01-31,VIGENTE
2026-04,CR-001684,AV-2026-001685,USD,0.0,2026-02-23,CANCELADO
2026-03,CR-001685,AV-2024-001686,CRC,856789074.31,2024-11-16,VIGENTE
2026-04,CR-001685,AV-2024-001686,CRC,850988219.98,2024-10-06,VIGENTE
2026-03,CR-001686,AV-2025-001687,USD,10975344.29,2025-04-10,VIGENTE
2026-04,CR-001686,AV-2025-001687,USD,0.0,2025-03-28,CANCELADO
2026-03,CR-001687,AV-2024-001688,USD,143472.69,2024-12-11,VIGENTE
2026-04,CR-001687,AV-2024-001688,USD,142561.66,2025-01-01,VIGENTE
2026-03,CR-001688,AV-2025-001689,CRC,556316497.7,2026-01-26,VIGENTE
2026-04,CR-001688,AV-2025-001689,CRC,552306414.92,2026-01-11,VIGENTE
2026-03,CR-001689,AV-2025-001690,CRC,85692104.84,2026-01-06,VIGENTE
2026-04,CR-001689,AV-2025-001690,CRC,0.0,2026-01-08,CANCELADO
2026-03,CR-001690,AV-2025-001691,USD,61876.07,2026-02-05,VIGENTE
2026-04,CR-001690,AV-2025-001691,USD,61502.17,2026-01-05,VIGENTE
2026-03,CR-001692,AV-2025-001693,USD,99887.58,2025-05-19,VIGENTE
2026-04,CR-001692,AV-2025-001693,USD,99448.04,2025-05-15,VIGENTE
2026-03,CR-001693,AV-2025-001694,CRC,477214790.28,2026-01-13,VIGENTE
2026-04,CR-001693,AV-2025-001694,CRC,471769981.76,2026-02-09,VIGENTE
2026-03,CR-001695,AV-2025-001696,CRC,10259884.32,2026-01-28,VIGENTE
2026-04,CR-001695,AV-2025-001696,CRC,10186108.47,2026-01-17,VIGENTE
2026-03,CR-001696,AV-2025-001697,CRC,134463901.07,2025-12-30,VIGENTE
2026-04,CR-001696,AV-2025-001697,CRC,0.0,2026-01-22,CANCELADO
2026-03,CR-001699,AV-2025-001700,USD,187194.23,2025-05-21,VIGENTE
2026-04,CR-001699,AV-2025-001700,USD,185575.98,2025-05-05,VIGENTE
2026-03,CR-001700,AV-2025-001701,CRC,22394711.53,2025-12-23,VIGENTE
2026-04,CR-001700,AV-2025-001701,CRC,22270155.42,2026-01-30,VIGENTE
2026-03,CR-001702,AV-2026-001703,CRC,422002768.65,2026-02-19,VIGENTE
2026-04,CR-001702,AV-2026-001703,CRC,420199379.12,2026-03-26,VIGENTE
2026-03,CR-001704,AV-2026-001705,CRC,1216971554.39,2026-03-15,VIGENTE
2026-04,CR-001704,AV-2026-001705,CRC,1206174673.4,2026-03-13,VIGENTE
2026-03,CR-001705,AV-2026-001706,CRC,276016651.42,2026-04-05,VIGENTE
2026-04,CR-001705,AV-2026-001706,CRC,273073971.57,2026-04-02,VIGENTE
2026-03,CR-001706,AV-2024-001707,USD,153030.52,2024-08-15,VIGENTE
2026-04,CR-001706,AV-2024-001707,USD,151443.62,2024-07-26,VIGENTE
2026-03,CR-001707,AV-2025-001708,USD,7200016.68,2025-03-09,VIGENTE
2026-04,CR-001707,AV-2025-001708,USD,7133546.67,2025-02-18,VIGENTE
2026-03,CR-001710,AV-2025-001711,CRC,356258110.1,2025-12-25,VIGENTE
2026-04,CR-001710,AV-2025-001711,CRC,354849187.78,2026-01-19,VIGENTE
2026-03,CR-001711,AV-2026-001712,CRC,2106513444.86,2026-02-27,VIGENTE
2026-04,CR-001711,AV-2026-001712,CRC,2098737454.64,2026-03-18,VIGENTE
2026-03,CR-001712,AV-2025-001713,USD,348330.12,2025-05-04,VIGENTE
2026-04,CR-001712,AV-2025-001713,USD,0.0,2025-04-04,CANCELADO
2026-03,CR-001713,AV-2024-001714,CRC,154186809.83,2024-05-31,VIGENTE
2026-04,CR-001713,AV-2024-001714,CRC,152592073.11,2024-06-11,VIGENTE
2026-03,CR-001714,AV-2025-001715,USD,139218.03,2025-10-05,VIGENTE
2026-04,CR-001714,AV-2025-001715,USD,137593.5,2025-09-26,VIGENTE
2026-03,CR-001715,AV-2024-001716,CRC,216332795.71,2025-01-03,VIGENTE
2026-04,CR-001715,AV-2024-001716,CRC,215076209.98,2025-01-07,VIGENTE
2026-03,CR-001716,AV-2025-001717,CRC,113355527.37,2025-09-04,VIGENTE
2026-04,CR-001716,AV-2025-001717,CRC,112887455.94,2025-08-05,VIGENTE
2026-03,CR-001718,AV-2025-001719,USD,275081.09,2025-08-15,VIGENTE
2026-04,CR-001718,AV-2025-001719,USD,272406.13,2025-09-26,VIGENTE
2026-03,CR-001721,AV-2024-001722,CRC,359880323.06,2024-08-05,VIGENTE
2026-04,CR-001721,AV-2024-001722,CRC,356496267.36,2024-08-01,VIGENTE
2026-03,CR-001722,AV-2025-001723,USD,266287.79,2025-12-13,VIGENTE
2026-04,CR-001722,AV-2025-001723,USD,264779.49,2026-01-04,VIGENTE
2026-03,CR-001723,AV-2025-001724,CRC,5042875890.02,2025-10-21,VIGENTE
2026-04,CR-001723,AV-2025-001724,CRC,5014111997.62,2025-10-16,VIGENTE
2026-03,CR-001724,AV-2025-001725,CRC,743974629.86,2025-11-23,VIGENTE
2026-04,CR-001724,AV-2025-001725,CRC,0.0,2026-01-13,CANCELADO
2026-03,CR-001726,AV-2024-001727,USD,996607.73,2024-09-05,VIGENTE
2026-04,CR-001726,AV-2024-001727,USD,991511.78,2024-08-27,VIGENTE
2026-03,CR-001727,AV-2025-001728,CRC,124916972.83,2025-10-17,VIGENTE
2026-04,CR-001727,AV-2025-001728,CRC,124311074.54,2025-11-11,VIGENTE
2026-03,CR-001728,AV-2026-001729,CRC,109257930.47,2026-03-20,VIGENTE
2026-04,CR-001728,AV-2026-001729,CRC,108579511.29,2026-03-06,VIGENTE
2026-03,CR-001729,AV-2025-001730,CRC,81876200.04,2025-09-15,VIGENTE
2026-04,CR-001729,AV-2025-001730,CRC,81285238.64,2025-09-01,VIGENTE
2026-03,CR-001730,AV-2026-001731,USD,121792.62,2026-03-26,VIGENTE
2026-04,CR-001730,AV-2026-001731,USD,121196.22,2026-02-25,VIGENTE
2026-03,CR-001732,AV-2025-001733,CRC,360010120.27,2025-08-16,VIGENTE
2026-04,CR-001732,AV-2025-001733,CRC,0.0,2025-08-25,CANCELADO
2026-03,CR-001733,AV-2025-001734,CRC,296983757.06,2025-07-23,VIGENTE
2026-04,CR-001733,AV-2025-001734,CRC,294651683.33,2025-09-02,VIGENTE
2026-03,CR-001734,AV-2025-001735,CRC,63667906.24,2025-08-04,VIGENTE
2026-04,CR-001734,AV-2025-001735,CRC,63154078.66,2025-06-17,VIGENTE
2026-03,CR-001735,AV-2025-001736,USD,218202.27,2025-03-28,VIGENTE
2026-04,CR-001735,AV-2025-001736,USD,217098.05,2025-03-23,VIGENTE
2026-03,CR-001737,AV-2024-001738,USD,92067.45,2024-10-28,VIGENTE
2026-04,CR-001737,AV-2024-001738,USD,91604.43,2024-11-24,VIGENTE
2026-03,CR-001738,AV-2025-001739,USD,285873.61,2025-06-28,VIGENTE
2026-04,CR-001738,AV-2025-001739,USD,284536.24,2025-07-06,VIGENTE
2026-03,CR-001740,AV-2026-001741,CRC,405895748.69,2026-03-25,VIGENTE
2026-04,CR-001740,AV-2026-001741,CRC,401819543.18,2026-02-16,VIGENTE
2026-03,CR-001741,AV-2025-001742,USD,163060.72,2025-11-24,VIGENTE
2026-04,CR-001741,AV-2025-001742,USD,0.0,2025-11-21,CANCELADO
2026-03,CR-001742,AV-2025-001743,CRC,94717243.31,2025-07-16,VIGENTE
2026-04,CR-001742,AV-2025-001743,CRC,0.0,2025-07-21,CANCELADO
2026-03,CR-001744,AV-2025-001745,USD,41525.61,2025-11-01,VIGENTE
2026-04,CR-001744,AV-2025-001745,USD,41200.47,2025-09-25,VIGENTE
2026-03,CR-001746,AV-2025-001747,CRC,878717158.87,2025-12-12,VIGENTE
2026-04,CR-001746,AV-2025-001747,CRC,871205797.86,2025-12-10,VIGENTE
2026-03,CR-001747,AV-2024-001748,USD,1057139.09,2025-01-26,VIGENTE
2026-04,CR-001747,AV-2024-001748,USD,1052499.35,2025-02-17,VIGENTE
2026-03,CR-001748,AV-2024-001749,USD,161226.57,2025-01-13,VIGENTE
2026-04,CR-001748,AV-2024-001749,USD,160377.99,2025-01-25,VIGENTE
2026-03,CR-001749,AV-2024-001750,USD,215009.4,2025-02-11,VIGENTE
2026-04,CR-001749,AV-2024-001750,USD,213463.17,2025-02-03,VIGENTE
2026-03,CR-001750,AV-2024-001751,CRC,121860556.16,2024-10-09,VIGENTE
2026-04,CR-001750,AV-2024-001751,CRC,121454929.38,2024-09-15,VIGENTE
2026-03,CR-001751,AV-2026-001752,CRC,293905592.12,2026-03-21,VIGENTE
2026-04,CR-001751,AV-2026-001752,CRC,292896095.06,2026-03-27,VIGENTE
2026-03,CR-001752,AV-2025-001753,CRC,230158973.63,2025-09-07,VIGENTE
2026-04,CR-001752,AV-2025-001753,CRC,227416503.15,2025-07-20,VIGENTE
2026-03,CR-001753,AV-2025-001754,CRC,116449631.73,2026-01-30,VIGENTE
2026-04,CR-001753,AV-2025-001754,CRC,115200298.07,2026-02-27,VIGENTE
2026-03,CR-001754,AV-2026-001755,USD,354560.62,2026-01-30,VIGENTE
2026-04,CR-001754,AV-2026-001755,USD,352410.07,2026-01-23,VIGENTE
2026-03,CR-001755,AV-2025-001756,CRC,594956997.97,2025-08-09,VIGENTE
2026-04,CR-001755,AV-2025-001756,CRC,590073022.52,2025-08-06,VIGENTE
2026-03,CR-001756,AV-2025-001757,USD,235458.92,2025-10-02,VIGENTE
2026-04,CR-001756,AV-2025-001757,USD,234515.47,2025-09-21,VIGENTE
2026-03,CR-001757,AV-2026-001758,USD,105933.06,2026-02-11,VIGENTE
2026-04,CR-001757,AV-2026-001758,USD,105611.45,2026-03-26,VIGENTE
2026-03,CR-001758,AV-2025-001759,CRC,198206674.23,2025-08-14,VIGENTE
2026-04,CR-001758,AV-2025-001759,CRC,196829718.55,2025-08-12,VIGENTE
2026-03,CR-001759,AV-2025-001760,CRC,663448163.94,2025-07-02,VIGENTE
2026-04,CR-001759,AV-2025-001760,CRC,659132110.95,2025-06-13,VIGENTE
2026-03,CR-001760,AV-2026-001761,USD,2458969.61,2026-02-12,VIGENTE
2026-04,CR-001760,AV-2026-001761,USD,2448948.48,2026-02-16,VIGENTE
2026-03,CR-001761,AV-2025-001762,CRC,368799444.39,2025-06-19,VIGENTE
2026-04,CR-001761,AV-2025-001762,CRC,365695590.0,2025-06-01,VIGENTE
2026-03,CR-001763,AV-2025-001764,USD,73096.59,2025-11-22,VIGENTE
2026-04,CR-001763,AV-2025-001764,USD,72500.15,2025-11-14,VIGENTE
2026-03,CR-001764,AV-2025-001765,CRC,262712994.16,2025-10-24,VIGENTE
2026-04,CR-001764,AV-2025-001765,CRC,259830360.96,2025-11-08,VIGENTE
2026-03,CR-001765,AV-2025-001766,USD,323460.12,2026-02-09,VIGENTE
2026-04,CR-001765,AV-2025-001766,USD,320500.77,2026-01-11,VIGENTE
2026-03,CR-001766,AV-2024-001767,USD,573809.2,2024-10-31,VIGENTE
2026-04,CR-001766,AV-2024-001767,USD,567916.5,2024-10-06,VIGENTE
2026-03,CR-001768,AV-2025-001769,CRC,35012175.2,2025-05-24,VIGENTE
2026-04,CR-001768,AV-2025-001769,CRC,0.0,2025-06-10,CANCELADO
2026-03,CR-001769,AV-2025-001770,CRC,200179741.69,2025-05-01,VIGENTE
2026-04,CR-001769,AV-2025-001770,CRC,199407213.28,2025-05-06,VIGENTE
2026-03,CR-001770,AV-2025-001771,CRC,72913435.64,2025-09-10,VIGENTE
2026-04,CR-001770,AV-2025-001771,CRC,72263261.97,2025-08-22,VIGENTE
2026-03,CR-001771,AV-2025-001772,USD,222859.45,2025-12-23,VIGENTE
2026-04,CR-001771,AV-2025-001772,USD,221332.04,2025-11-30,VIGENTE
2026-03,CR-001772,AV-2025-001773,CRC,196340674.85,2025-08-02,VIGENTE
2026-04,CR-001772,AV-2025-001773,CRC,195548902.68,2025-08-29,VIGENTE
2026-03,CR-001773,AV-2024-001774,USD,182503.12,2024-11-13,VIGENTE
2026-04,CR-001773,AV-2024-001774,USD,181524.25,2024-11-26,VIGENTE
2026-03,CR-001775,AV-2025-001776,CRC,217358440.37,2026-01-11,VIGENTE
2026-04,CR-001775,AV-2025-001776,CRC,216411916.35,2026-01-15,VIGENTE
2026-03,CR-001776,AV-2025-001777,CRC,331956959.13,2025-10-06,VIGENTE
2026-04,CR-001776,AV-2025-001777,CRC,329664176.73,2025-10-05,VIGENTE
2026-03,CR-001778,AV-2026-001779,CRC,5006632214.61,2026-03-26,VIGENTE
2026-04,CR-001778,AV-2026-001779,CRC,4948118432.83,2026-04-16,VIGENTE
2026-03,CR-001779,AV-2025-001780,CRC,306669855.58,2025-08-17,VIGENTE
2026-04,CR-001779,AV-2025-001780,CRC,0.0,2025-08-25,CANCELADO
2026-03,CR-001780,AV-2025-001781,USD,9008739.45,2025-06-11,VIGENTE
2026-04,CR-001780,AV-2025-001781,USD,8929567.11,2025-06-16,VIGENTE
2026-03,CR-001781,AV-2025-001782,CRC,817539516.0,2025-07-05,VIGENTE
2026-04,CR-001781,AV-2025-001782,CRC,809824610.2,2025-07-19,VIGENTE
2026-03,CR-001782,AV-2024-001783,USD,1332368.09,2024-12-30,VIGENTE
2026-04,CR-001782,AV-2024-001783,USD,1327198.05,2024-12-18,VIGENTE
2026-03,CR-001783,AV-2024-001784,USD,230529.4,2024-12-12,VIGENTE
2026-04,CR-001783,AV-2024-001784,USD,228868.28,2024-12-05,VIGENTE
2026-03,CR-001784,AV-2024-001785,CRC,812029304.0,2024-12-08,VIGENTE
2026-04,CR-001784,AV-2024-001785,CRC,0.0,2024-11-05,CANCELADO
2026-03,CR-001785,AV-2025-001786,USD,175318.95,2025-09-24,VIGENTE
2026-04,CR-001785,AV-2025-001786,USD,174072.19,2025-08-28,VIGENTE
2026-03,CR-001786,AV-2024-001787,CRC,290779869.51,2025-01-05,VIGENTE
2026-04,CR-001786,AV-2024-001787,CRC,287371712.12,2024-12-14,VIGENTE
2026-03,CR-001788,AV-2025-001789,USD,2377846.99,2026-01-14,VIGENTE
2026-04,CR-001788,AV-2025-001789,USD,2350578.39,2026-02-14,VIGENTE
2026-03,CR-001790,AV-2025-001791,USD,180692.06,2025-11-10,VIGENTE
2026-04,CR-001790,AV-2025-001791,USD,179423.17,2025-11-05,VIGENTE
2026-03,CR-001791,AV-2025-001792,CRC,182375065.07,2025-09-27,VIGENTE
2026-04,CR-001791,AV-2025-001792,CRC,181540254.44,2025-10-14,VIGENTE
2026-03,CR-001792,AV-2025-001793,CRC,26063825.21,2025-06-16,VIGENTE
2026-04,CR-001792,AV-2025-001793,CRC,25778717.0,2025-06-23,VIGENTE
2026-03,CR-001793,AV-2025-001794,CRC,1619865644.18,2025-07-21,VIGENTE
2026-04,CR-001793,AV-2025-001794,CRC,1603353401.58,2025-08-18,VIGENTE
2026-03,CR-001794,AV-2025-001795,USD,2323179.93,2025-09-07,VIGENTE
2026-04,CR-001794,AV-2025-001795,USD,2303505.09,2025-08-18,VIGENTE
2026-03,CR-001795,AV-2025-001796,USD,208164.33,2025-12-22,VIGENTE
2026-04,CR-001795,AV-2025-001796,USD,205985.74,2026-01-21,VIGENTE
2026-03,CR-001796,AV-2024-001797,CRC,193259196.75,2025-01-01,VIGENTE
2026-04,CR-001796,AV-2024-001797,CRC,192423600.78,2024-12-11,VIGENTE
2026-03,CR-001797,AV-2025-001798,CRC,25849931.96,2025-12-02,VIGENTE
2026-04,CR-001797,AV-2025-001798,CRC,25647083.8,2025-11-01,VIGENTE
2026-03,CR-001798,AV-2024-001799,CRC,4002526484.03,2024-12-30,VIGENTE
2026-04,CR-001798,AV-2024-001799,CRC,3959153915.87,2025-01-26,VIGENTE
2026-03,CR-001799,AV-2025-001800,USD,1751217.81,2025-03-27,VIGENTE
2026-04,CR-001799,AV-2025-001800,USD,1730720.51,2025-03-20,VIGENTE
2026-03,CR-001800,AV-2025-001801,CRC,710757803.72,2025-12-04,VIGENTE
2026-04,CR-001800,AV-2025-001801,CRC,703398638.06,2025-11-17,VIGENTE
2026-03,CR-001801,AV-2025-001802,USD,279427.8,2025-09-29,VIGENTE
2026-04,CR-001801,AV-2025-001802,USD,278363.2,2025-10-31,VIGENTE
2026-03,CR-001804,AV-2025-001805,CRC,69790641.63,2025-10-12,VIGENTE
2026-04,CR-001804,AV-2025-001805,CRC,69255946.66,2025-09-11,VIGENTE
2026-03,CR-001805,AV-2025-001806,USD,125091.89,2026-01-03,VIGENTE
2026-04,CR-001805,AV-2025-001806,USD,123764.46,2026-01-09,VIGENTE
2026-03,CR-001807,AV-2024-001808,USD,98380.61,2024-08-06,VIGENTE
2026-04,CR-001807,AV-2024-001808,USD,97549.86,2024-07-03,VIGENTE
2026-03,CR-001808,AV-2025-001809,USD,355050.84,2025-09-05,VIGENTE
2026-04,CR-001808,AV-2025-001809,USD,353083.79,2025-09-08,VIGENTE
2026-03,CR-001809,AV-2025-001810,USD,168592.37,2025-03-25,VIGENTE
2026-04,CR-001809,AV-2025-001810,USD,167644.52,2025-03-21,VIGENTE
2026-03,CR-001810,AV-2026-001811,CRC,442641431.83,2026-04-07,VIGENTE
2026-04,CR-001810,AV-2026-001811,CRC,439272900.65,2026-02-15,VIGENTE
2026-03,CR-001811,AV-2025-001812,CRC,5289695429.51,2025-09-19,VIGENTE
2026-04,CR-001811,AV-2025-001812,CRC,5241141528.25,2025-08-13,VIGENTE
2026-03,CR-001812,AV-2026-001813,USD,206023.32,2026-02-23,VIGENTE
2026-04,CR-001812,AV-2026-001813,USD,203870.46,2026-02-23,VIGENTE
2026-03,CR-001814,AV-2025-001815,CRC,159825474.17,2025-12-10,VIGENTE
2026-04,CR-001814,AV-2025-001815,CRC,158705147.07,2026-01-12,VIGENTE
2026-03,CR-001815,AV-2025-001816,USD,279716.66,2025-08-27,VIGENTE
2026-04,CR-001815,AV-2025-001816,USD,276565.53,2025-08-14,VIGENTE
2026-03,CR-001816,AV-2025-001817,CRC,119645332.88,2025-07-01,VIGENTE
2026-04,CR-001816,AV-2025-001817,CRC,118413255.13,2025-07-04,VIGENTE
2026-03,CR-001817,AV-2025-001818,CRC,81442796.59,2025-08-20,VIGENTE
2026-04,CR-001817,AV-2025-001818,CRC,80701324.35,2025-09-26,VIGENTE
2026-03,CR-001818,AV-2026-001819,USD,399859.45,2026-02-07,VIGENTE
2026-04,CR-001818,AV-2026-001819,USD,395295.74,2026-01-16,VIGENTE
2026-03,CR-001819,AV-2026-001820,USD,603577.2,2026-04-16,VIGENTE
2026-04,CR-001819,AV-2026-001820,USD,598369.0,2026-05-03,VIGENTE
2026-03,CR-001820,AV-2025-001821,CRC,111072918.2,2025-03-23,VIGENTE
2026-04,CR-001820,AV-2025-001821,CRC,110365758.77,2025-04-13,VIGENTE
2026-03,CR-001821,AV-2025-001822,CRC,93584600.73,2025-07-19,VIGENTE
2026-04,CR-001821,AV-2025-001822,CRC,92952829.75,2025-07-29,VIGENTE
2026-03,CR-001823,AV-2024-001824,CRC,406988891.39,2024-08-08,VIGENTE
2026-04,CR-001823,AV-2024-001824,CRC,403357564.16,2024-09-04,VIGENTE
2026-03,CR-001824,AV-2025-001825,CRC,284382863.55,2025-10-18,VIGENTE
2026-04,CR-001824,AV-2025-001825,CRC,282791303.54,2025-09-24,VIGENTE
2026-03,CR-001825,AV-2026-001826,USD,315551.12,2026-04-09,VIGENTE
2026-04,CR-001825,AV-2026-001826,USD,312491.16,2026-04-07,VIGENTE
2026-03,CR-001826,AV-2026-001827,USD,553427.51,2026-04-25,VIGENTE
2026-04,CR-001826,AV-2026-001827,USD,549302.29,2026-04-14,VIGENTE
2026-03,CR-001827,AV-2025-001828,CRC,146727053.53,2025-07-07,VIGENTE
2026-04,CR-001827,AV-2025-001828,CRC,145566935.82,2025-07-20,VIGENTE
2026-03,CR-001828,AV-2025-001829,USD,297430.91,2026-01-23,VIGENTE
2026-04,CR-001828,AV-2025-001829,USD,294226.6,2025-12-21,VIGENTE
2026-03,CR-001829,AV-2025-001830,USD,480840.39,2025-08-24,VIGENTE
2026-04,CR-001829,AV-2025-001830,USD,475940.7,2025-09-07,VIGENTE
2026-03,CR-001830,AV-2026-001831,CRC,147461908.59,2026-03-18,VIGENTE
2026-04,CR-001830,AV-2026-001831,CRC,146128254.87,2026-03-06,VIGENTE
2026-03,CR-001831,AV-2026-001832,USD,307089.53,2026-03-19,VIGENTE
2026-04,CR-001831,AV-2026-001832,USD,305950.46,2026-02-17,VIGENTE
2026-03,CR-001832,AV-2026-001833,CRC,90447029.44,2026-02-22,VIGENTE
2026-04,CR-001832,AV-2026-001833,CRC,89765336.56,2026-03-13,VIGENTE
2026-03,CR-001834,AV-2025-001835,CRC,302702909.7,2026-01-17,VIGENTE
2026-04,CR-001834,AV-2025-001835,CRC,301441140.03,2026-01-26,VIGENTE
2026-03,CR-001835,AV-2025-001836,CRC,517983910.61,2025-07-17,VIGENTE
2026-04,CR-001835,AV-2025-001836,CRC,512437621.24,2025-07-25,VIGENTE
2026-03,CR-001836,AV-2025-001837,CRC,116686757.45,2025-10-23,VIGENTE
2026-04,CR-001836,AV-2025-001837,CRC,115818431.03,2025-10-16,VIGENTE
2026-03,CR-001837,AV-2024-001838,CRC,192252983.33,2024-07-17,VIGENTE
2026-04,CR-001837,AV-2024-001838,CRC,190653842.62,2024-06-04,VIGENTE
2026-03,CR-001838,AV-2024-001839,USD,106234.89,2025-01-08,VIGENTE
2026-04,CR-001838,AV-2024-001839,USD,105180.21,2024-12-10,VIGENTE
2026-03,CR-001839,AV-2025-001840,CRC,32511602.36,2025-04-10,VIGENTE
2026-04,CR-001839,AV-2025-001840,CRC,32381351.94,2025-05-09,VIGENTE
2026-03,CR-001840,AV-2024-001841,USD,166993.65,2025-01-20,VIGENTE
2026-04,CR-001840,AV-2024-001841,USD,165950.8,2024-12-30,VIGENTE
2026-03,CR-001841,AV-2024-001842,CRC,1315693524.05,2024-05-24,VIGENTE
2026-04,CR-001841,AV-2024-001842,CRC,1304982417.97,2024-06-27,VIGENTE
2026-03,CR-001842,AV-2026-001843,USD,3778519.08,2026-03-24,VIGENTE
2026-04,CR-001842,AV-2026-001843,USD,3755659.29,2026-03-29,VIGENTE
2026-03,CR-001844,AV-2025-001845,USD,1395518.99,2025-09-12,VIGENTE
2026-04,CR-001844,AV-2025-001845,USD,1388898.93,2025-10-08,VIGENTE
2026-03,CR-001845,AV-2025-001846,CRC,3890772039.79,2025-09-25,VIGENTE
2026-04,CR-001845,AV-2025-001846,CRC,3847924185.98,2025-09-13,VIGENTE
2026-03,CR-001846,AV-2025-001847,CRC,388236063.83,2025-05-01,VIGENTE
2026-04,CR-001846,AV-2025-001847,CRC,385589934.41,2025-04-13,VIGENTE
2026-03,CR-001848,AV-2025-001849,USD,485818.44,2025-08-25,VIGENTE
2026-04,CR-001848,AV-2025-001849,USD,482161.02,2025-08-03,VIGENTE
2026-03,CR-001849,AV-2024-001850,CRC,208228937.83,2025-01-31,VIGENTE
2026-04,CR-001849,AV-2024-001850,CRC,207260893.35,2025-01-04,VIGENTE
2026-03,CR-001850,AV-2025-001851,USD,202250.08,2026-01-01,VIGENTE
2026-04,CR-001850,AV-2025-001851,USD,200885.85,2026-01-28,VIGENTE
2026-03,CR-001851,AV-2024-001852,USD,201624.36,2025-02-07,VIGENTE
2026-04,CR-001851,AV-2024-001852,USD,200635.17,2025-02-02,VIGENTE
2026-03,CR-001853,AV-2026-001854,CRC,172487496.89,2026-03-14,VIGENTE
2026-04,CR-001853,AV-2026-001854,CRC,171536551.92,2026-03-02,VIGENTE
2026-03,CR-001854,AV-2024-001855,CRC,115619976.6,2024-12-18,VIGENTE
2026-04,CR-001854,AV-2024-001855,CRC,114580124.5,2024-12-20,VIGENTE
2026-03,CR-001855,AV-2024-001856,CRC,539201287.68,2024-09-02,VIGENTE
2026-04,CR-001855,AV-2024-001856,CRC,534863484.79,2024-09-06,VIGENTE
2026-03,CR-001856,AV-2026-001857,USD,245776.75,2026-03-20,VIGENTE
2026-04,CR-001856,AV-2026-001857,USD,243534.09,2026-04-05,VIGENTE
2026-03,CR-001857,AV-2024-001858,CRC,300662121.96,2024-09-30,VIGENTE
2026-04,CR-001857,AV-2024-001858,CRC,297469302.73,2024-09-04,VIGENTE
2026-03,CR-001858,AV-2024-001859,CRC,33952260.22,2024-10-17,VIGENTE
2026-04,CR-001858,AV-2024-001859,CRC,33692587.7,2024-10-15,VIGENTE
2026-03,CR-001859,AV-2025-001860,CRC,217149953.13,2025-09-23,VIGENTE
2026-04,CR-001859,AV-2025-001860,CRC,215766810.54,2025-09-07,VIGENTE
2026-03,CR-001860,AV-2025-001861,USD,173841.38,2025-10-01,VIGENTE
2026-04,CR-001860,AV-2025-001861,USD,172765.16,2025-11-04,VIGENTE
2026-03,CR-001861,AV-2025-001862,CRC,179226217.16,2025-04-12,VIGENTE
2026-04,CR-001861,AV-2025-001862,CRC,178368898.65,2025-04-27,VIGENTE
2026-03,CR-001863,AV-2024-001864,CRC,335990994.77,2025-01-18,VIGENTE
2026-04,CR-001863,AV-2024-001864,CRC,0.0,2024-12-25,CANCELADO
2026-03,CR-001866,AV-2024-001867,USD,405568.74,2024-06-19,VIGENTE
2026-04,CR-001866,AV-2024-001867,USD,401446.08,2024-05-19,VIGENTE
2026-03,CR-001867,AV-2025-001868,CRC,610901954.28,2025-11-10,VIGENTE
2026-04,CR-001867,AV-2025-001868,CRC,604774669.37,2025-11-10,VIGENTE
2026-03,CR-001868,AV-2025-001869,USD,14292325.55,2025-12-31,VIGENTE
2026-04,CR-001868,AV-2025-001869,USD,14186262.56,2025-12-26,VIGENTE
2026-03,CR-001869,AV-2025-001870,CRC,159827684.75,2025-03-05,VIGENTE
2026-04,CR-001869,AV-2025-001870,CRC,158199682.57,2025-03-16,VIGENTE
2026-03,CR-001870,AV-2024-001871,CRC,1090743663.79,2024-12-13,VIGENTE
2026-04,CR-001870,AV-2024-001871,CRC,0.0,2024-11-02,CANCELADO
2026-03,CR-001871,AV-2026-001872,CRC,436077576.5,2026-03-09,VIGENTE
2026-04,CR-001871,AV-2026-001872,CRC,433725481.61,2026-03-24,VIGENTE
2026-03,CR-001872,AV-2025-001873,USD,3100363.76,2025-08-27,VIGENTE
2026-04,CR-001872,AV-2025-001873,USD,3066343.73,2025-08-12,VIGENTE
2026-03,CR-001873,AV-2025-001874,USD,132524.82,2026-01-02,VIGENTE
2026-04,CR-001873,AV-2025-001874,USD,131908.86,2026-02-02,VIGENTE
2026-03,CR-001875,AV-2025-001876,CRC,171358775.8,2025-02-28,VIGENTE
2026-04,CR-001875,AV-2025-001876,CRC,169679222.02,2025-03-15,VIGENTE
2026-03,CR-001877,AV-2024-001878,USD,4125628.91,2024-11-15,VIGENTE
2026-04,CR-001877,AV-2024-001878,USD,4089106.49,2024-12-10,VIGENTE
2026-03,CR-001878,AV-2026-001879,USD,3520637.2,2026-04-05,VIGENTE
2026-04,CR-001878,AV-2026-001879,USD,3496805.4,2026-04-07,VIGENTE
2026-03,CR-001879,AV-2024-001880,USD,103576.47,2024-10-31,VIGENTE
2026-04,CR-001879,AV-2024-001880,USD,102620.18,2024-12-01,VIGENTE
2026-03,CR-001880,AV-2025-001881,CRC,615285891.87,2026-01-18,VIGENTE
2026-04,CR-001880,AV-2025-001881,CRC,608060556.72,2026-01-16,VIGENTE
2026-03,CR-001881,AV-2025-001882,CRC,728341372.55,2025-04-01,VIGENTE
2026-04,CR-001881,AV-2025-001882,CRC,723622755.86,2025-04-04,VIGENTE
2026-03,CR-001882,AV-2025-001883,USD,330004.92,2025-10-02,VIGENTE
2026-04,CR-001882,AV-2025-001883,USD,328113.17,2025-10-01,VIGENTE
2026-03,CR-001883,AV-2025-001884,CRC,98702496.44,2025-09-15,VIGENTE
2026-04,CR-001883,AV-2025-001884,CRC,98293872.21,2025-09-22,VIGENTE
2026-03,CR-001884,AV-2025-001885,CRC,2354317543.87,2025-10-03,VIGENTE
2026-04,CR-001884,AV-2025-001885,CRC,2343416718.63,2025-09-30,VIGENTE
2026-03,CR-001885,AV-2024-001886,USD,145145.01,2024-10-25,VIGENTE
2026-04,CR-001885,AV-2024-001886,USD,143837.79,2024-11-26,VIGENTE
2026-03,CR-001886,AV-2025-001887,USD,233384.88,2025-06-28,VIGENTE
2026-04,CR-001886,AV-2025-001887,USD,230817.69,2025-06-25,VIGENTE
2026-03,CR-001887,AV-2026-001888,CRC,1081601412.63,2026-05-04,VIGENTE
2026-04,CR-001887,AV-2026-001888,CRC,1077520451.26,2026-04-23,VIGENTE
2026-03,CR-001888,AV-2025-001889,USD,87084.16,2025-11-18,VIGENTE
2026-04,CR-001888,AV-2025-001889,USD,86796.81,2025-12-16,VIGENTE
2026-03,CR-001891,AV-2024-001892,CRC,285955201.47,2024-12-17,VIGENTE
2026-04,CR-001891,AV-2024-001892,CRC,284212468.57,2024-12-01,VIGENTE
2026-03,CR-001892,AV-2024-001893,CRC,674041094.59,2025-01-15,VIGENTE
2026-04,CR-001892,AV-2024-001893,CRC,666715476.28,2025-01-25,VIGENTE
2026-03,CR-001893,AV-2026-001894,CRC,1770201517.85,2026-01-20,VIGENTE
2026-04,CR-001893,AV-2026-001894,CRC,1760340796.63,2026-02-19,VIGENTE
2026-03,CR-001894,AV-2025-001895,CRC,941476093.97,2025-05-22,VIGENTE
2026-04,CR-001894,AV-2025-001895,CRC,933406392.86,2025-04-12,VIGENTE
2026-03,CR-001895,AV-2025-001896,CRC,419901829.0,2025-07-25,VIGENTE
2026-04,CR-001895,AV-2025-001896,CRC,417070030.1,2025-08-04,VIGENTE
2026-03,CR-001896,AV-2026-001897,CRC,8967553.78,2026-02-13,VIGENTE
2026-04,CR-001896,AV-2026-001897,CRC,8893773.34,2026-03-07,VIGENTE
2026-03,CR-001897,AV-2025-001898,CRC,1576745035.21,2025-12-10,VIGENTE
2026-04,CR-001897,AV-2025-001898,CRC,1567763778.5,2025-11-14,VIGENTE
2026-03,CR-001898,AV-2024-001899,CRC,359877414.59,2024-09-04,VIGENTE
2026-04,CR-001898,AV-2024-001899,CRC,357019336.52,2024-08-05,VIGENTE
2026-03,CR-001899,AV-2025-001900,USD,183322.01,2025-08-17,VIGENTE
2026-04,CR-001899,AV-2025-001900,USD,181480.33,2025-08-23,VIGENTE
2026-03,CR-001900,AV-2024-001901,USD,185702.09,2024-07-14,VIGENTE
2026-04,CR-001900,AV-2024-001901,USD,183737.97,2024-06-22,VIGENTE
2026-03,CR-001901,AV-2026-001902,USD,4256195.48,2026-02-26,VIGENTE
2026-04,CR-001901,AV-2026-001902,USD,4238378.03,2026-02-26,VIGENTE
2026-03,CR-001902,AV-2024-001903,CRC,695556298.91,2024-10-05,VIGENTE
2026-04,CR-001902,AV-2024-001903,CRC,689828763.41,2024-10-18,VIGENTE
2026-03,CR-001904,AV-2025-001905,CRC,197374373.74,2026-01-20,VIGENTE
2026-04,CR-001904,AV-2025-001905,CRC,195024705.28,2025-12-28,VIGENTE
2026-03,CR-001905,AV-2024-001906,USD,5921516.94,2025-01-01,VIGENTE
2026-04,CR-001905,AV-2024-001906,USD,5865779.01,2024-12-16,VIGENTE
2026-03,CR-001906,AV-2025-001907,USD,3760251.88,2025-04-04,VIGENTE
2026-04,CR-001906,AV-2025-001907,USD,3716900.68,2025-03-18,VIGENTE
2026-03,CR-001907,AV-2025-001908,CRC,193690489.64,2025-05-13,VIGENTE
2026-04,CR-001907,AV-2025-001908,CRC,191994689.15,2025-05-13,VIGENTE
2026-03,CR-001909,AV-2025-001910,CRC,98780333.08,2025-03-10,VIGENTE
2026-04,CR-001909,AV-2025-001910,CRC,98210717.44,2025-03-21,VIGENTE
2026-03,CR-001910,AV-2025-001911,CRC,253279571.26,2025-10-15,VIGENTE
2026-04,CR-001910,AV-2025-001911,CRC,252504966.79,2025-10-29,VIGENTE
2026-03,CR-001911,AV-2025-001912,CRC,105906616.72,2025-05-09,VIGENTE
2026-04,CR-001911,AV-2025-001912,CRC,104829461.91,2025-06-02,VIGENTE
2026-03,CR-001912,AV-2025-001913,USD,162890.05,2025-09-04,VIGENTE
2026-04,CR-001912,AV-2025-001913,USD,161614.35,2025-09-23,VIGENTE
2026-03,CR-001914,AV-2024-001915,USD,432982.83,2024-10-09,VIGENTE
2026-04,CR-001914,AV-2024-001915,USD,431129.42,2024-11-20,VIGENTE
2026-03,CR-001915,AV-2025-001916,USD,109855.75,2025-05-17,VIGENTE
2026-04,CR-001915,AV-2025-001916,USD,109149.9,2025-07-05,VIGENTE
2026-03,CR-001916,AV-2025-001917,USD,578200.29,2025-07-25,VIGENTE
2026-04,CR-001916,AV-2025-001917,USD,572186.27,2025-07-04,VIGENTE
2026-03,CR-001917,AV-2025-001918,USD,256683.39,2025-03-01,VIGENTE
2026-04,CR-001917,AV-2025-001918,USD,254779.56,2025-03-08,VIGENTE
2026-03,CR-001918,AV-2024-001919,CRC,39520409.3,2024-09-11,VIGENTE
2026-04,CR-001918,AV-2024-001919,CRC,39125189.86,2024-09-21,VIGENTE
2026-03,CR-001920,AV-2024-001921,CRC,943184744.24,2024-06-28,VIGENTE
2026-04,CR-001920,AV-2024-001921,CRC,0.0,2024-08-12,CANCELADO
2026-03,CR-001922,AV-2025-001923,CRC,1695622586.24,2025-10-18,VIGENTE
2026-04,CR-001922,AV-2025-001923,CRC,1678240679.34,2025-10-23,VIGENTE
2026-03,CR-001923,AV-2025-001924,USD,193995.02,2025-04-28,VIGENTE
2026-04,CR-001923,AV-2025-001924,USD,192447.44,2025-04-07,VIGENTE
2026-03,CR-001924,AV-2026-001925,CRC,836838529.88,2026-03-07,VIGENTE
2026-04,CR-001924,AV-2026-001925,CRC,829776086.8,2026-03-09,VIGENTE
2026-03,CR-001926,AV-2025-001927,CRC,574102450.32,2025-10-21,VIGENTE
2026-04,CR-001926,AV-2025-001927,CRC,570259566.82,2025-11-01,VIGENTE
2026-03,CR-001927,AV-2025-001928,USD,143149.53,2026-01-27,VIGENTE
2026-04,CR-001927,AV-2025-001928,USD,142624.36,2026-01-21,VIGENTE
2026-03,CR-001928,AV-2025-001929,CRC,152270991.74,2025-08-02,VIGENTE
2026-04,CR-001928,AV-2025-001929,CRC,150573587.48,2025-07-28,VIGENTE
2026-03,CR-001930,AV-2024-001931,CRC,293201695.43,2024-06-23,VIGENTE
2026-04,CR-001930,AV-2024-001931,CRC,291539835.11,2024-06-15,VIGENTE
2026-03,CR-001931,AV-2025-001932,CRC,290770533.89,2025-05-28,VIGENTE
2026-04,CR-001931,AV-2025-001932,CRC,288793245.04,2025-05-02,VIGENTE
2026-03,CR-001933,AV-2025-001934,USD,95157.26,2025-03-14,VIGENTE
2026-04,CR-001933,AV-2025-001934,USD,94464.1,2025-03-25,VIGENTE
2026-03,CR-001934,AV-2025-001935,CRC,484415861.01,2025-09-02,VIGENTE
2026-04,CR-001934,AV-2025-001935,CRC,479464438.05,2025-07-28,VIGENTE
2026-03,CR-001935,AV-2025-001936,CRC,243291417.57,2026-02-03,VIGENTE
2026-04,CR-001935,AV-2025-001936,CRC,242348893.27,2026-01-18,VIGENTE
2026-03,CR-001936,AV-2025-001937,USD,2643893.81,2025-07-11,VIGENTE
2026-04,CR-001936,AV-2025-001937,USD,2629607.21,2025-07-26,VIGENTE
2026-03,CR-001938,AV-2026-001939,CRC,74164791.06,2026-02-20,VIGENTE
2026-04,CR-001938,AV-2026-001939,CRC,73791448.12,2026-02-18,VIGENTE
2026-03,CR-001939,AV-2025-001940,CRC,348618294.73,2025-05-22,VIGENTE
2026-04,CR-001939,AV-2025-001940,CRC,345770909.64,2025-04-27,VIGENTE
2026-03,CR-001942,AV-2025-001943,USD,84833.04,2025-11-12,VIGENTE
2026-04,CR-001942,AV-2025-001943,USD,84092.9,2025-11-18,VIGENTE
2026-03,CR-001943,AV-2025-001944,CRC,79268479.56,2025-09-15,VIGENTE
2026-04,CR-001943,AV-2025-001944,CRC,78723509.64,2025-10-21,VIGENTE
2026-03,CR-001944,AV-2025-001945,USD,153493.15,2025-07-11,VIGENTE
2026-04,CR-001944,AV-2025-001945,USD,152556.91,2025-06-21,VIGENTE
2026-03,CR-001945,AV-2025-001946,USD,3006235.73,2025-08-14,VIGENTE
2026-04,CR-001945,AV-2025-001946,USD,2994366.02,2025-09-07,VIGENTE
2026-03,CR-001946,AV-2025-001947,USD,126634.78,2025-08-29,VIGENTE
2026-04,CR-001946,AV-2025-001947,USD,125883.41,2025-10-09,VIGENTE
2026-03,CR-001948,AV-2026-001949,CRC,541823208.37,2026-03-13,VIGENTE
2026-04,CR-001948,AV-2026-001949,CRC,538398192.86,2026-03-20,VIGENTE
2026-03,CR-001949,AV-2025-001950,CRC,82256097.29,2025-04-22,VIGENTE
2026-04,CR-001949,AV-2025-001950,CRC,81465405.63,2025-05-05,VIGENTE
2026-03,CR-001950,AV-2025-001951,USD,12923866.73,2026-01-07,VIGENTE
2026-04,CR-001950,AV-2025-001951,USD,12815904.87,2025-12-29,VIGENTE
2026-03,CR-001951,AV-2025-001952,USD,83244.01,2025-08-19,VIGENTE
2026-04,CR-001951,AV-2025-001952,USD,82573.29,2025-07-25,VIGENTE
2026-03,CR-001952,AV-2025-001953,CRC,832923365.06,2026-01-15,VIGENTE
2026-04,CR-001952,AV-2025-001953,CRC,828015108.99,2026-01-13,VIGENTE
2026-03,CR-001953,AV-2024-001954,CRC,624534444.25,2024-12-22,VIGENTE
2026-04,CR-001953,AV-2024-001954,CRC,622311919.3,2024-11-21,VIGENTE
2026-03,CR-001954,AV-2025-001955,CRC,471724402.07,2025-05-17,VIGENTE
2026-04,CR-001954,AV-2025-001955,CRC,467719511.92,2025-04-02,VIGENTE
2026-03,CR-001955,AV-2025-001956,CRC,86644350.51,2025-09-15,VIGENTE
2026-04,CR-001955,AV-2025-001956,CRC,85994291.88,2025-08-27,VIGENTE
2026-03,CR-001956,AV-2026-001957,USD,151762.57,2026-03-04,VIGENTE
2026-04,CR-001956,AV-2026-001957,USD,150031.87,2026-01-20,VIGENTE
2026-03,CR-001957,AV-2026-001958,CRC,265452980.46,2026-04-01,VIGENTE
2026-04,CR-001957,AV-2026-001958,CRC,263459075.19,2026-03-30,VIGENTE
2026-03,CR-001959,AV-2024-001960,CRC,182284966.72,2024-12-14,VIGENTE
2026-04,CR-001959,AV-2024-001960,CRC,180192200.94,2024-10-22,VIGENTE
2026-03,CR-001960,AV-2024-001961,CRC,2230859425.4,2024-10-26,VIGENTE
2026-04,CR-001960,AV-2024-001961,CRC,2216318207.85,2024-10-28,VIGENTE
2026-03,CR-001961,AV-2024-001962,CRC,331269519.31,2025-02-16,VIGENTE
2026-04,CR-001961,AV-2024-001962,CRC,327654713.29,2025-01-28,VIGENTE
2026-03,CR-001962,AV-2024-001963,CRC,330164502.81,2025-01-15,VIGENTE
2026-04,CR-001962,AV-2024-001963,CRC,327767144.12,2024-12-04,VIGENTE
2026-03,CR-001963,AV-2025-001964,CRC,47734355.12,2025-03-08,VIGENTE
2026-04,CR-001963,AV-2025-001964,CRC,47487210.35,2025-03-11,VIGENTE
2026-03,CR-001964,AV-2025-001965,CRC,103505682.86,2025-05-20,VIGENTE
2026-04,CR-001964,AV-2025-001965,CRC,102918112.41,2025-05-21,VIGENTE
2026-03,CR-001966,AV-2025-001967,CRC,287500561.02,2025-11-05,VIGENTE
2026-04,CR-001966,AV-2025-001967,CRC,284149114.37,2025-10-31,VIGENTE
2026-03,CR-001967,AV-2025-001968,CRC,74082314.71,2025-05-25,VIGENTE
2026-04,CR-001967,AV-2025-001968,CRC,73547909.05,2025-04-22,VIGENTE
2026-03,CR-001969,AV-2025-001970,CRC,332724225.24,2025-09-22,VIGENTE
2026-04,CR-001969,AV-2025-001970,CRC,0.0,2025-09-23,CANCELADO
2026-03,CR-001970,AV-2026-001971,USD,6315771.96,2026-03-17,VIGENTE
2026-04,CR-001970,AV-2026-001971,USD,6252944.35,2026-03-01,VIGENTE
2026-03,CR-001971,AV-2026-001972,CRC,209440710.55,2026-02-23,VIGENTE
2026-04,CR-001971,AV-2026-001972,CRC,208738039.33,2026-03-30,VIGENTE
2026-03,CR-001972,AV-2026-001973,CRC,75427197.3,2026-03-08,VIGENTE
2026-04,CR-001972,AV-2026-001973,CRC,0.0,2026-04-04,CANCELADO
2026-03,CR-001973,AV-2025-001974,USD,7543161.02,2025-11-15,VIGENTE
2026-04,CR-001973,AV-2025-001974,USD,7493661.55,2025-11-24,VIGENTE
2026-03,CR-001975,AV-2025-001976,CRC,561702307.57,2025-07-19,VIGENTE
2026-04,CR-001975,AV-2025-001976,CRC,556253067.28,2025-08-22,VIGENTE
2026-03,CR-001977,AV-2024-001978,CRC,2045565136.3,2025-01-21,VIGENTE
2026-04,CR-001977,AV-2024-001978,CRC,2027081585.23,2025-01-18,VIGENTE
2026-03,CR-001978,AV-2025-001979,CRC,4342481540.79,2025-03-08,VIGENTE
2026-04,CR-001978,AV-2025-001979,CRC,4327978980.23,2025-03-28,VIGENTE
2026-03,CR-001979,AV-2025-001980,CRC,179649233.63,2025-02-23,VIGENTE
2026-04,CR-001979,AV-2025-001980,CRC,178442539.05,2025-02-28,VIGENTE
2026-03,CR-001980,AV-2025-001981,CRC,713219756.6,2025-06-06,VIGENTE
2026-04,CR-001980,AV-2025-001981,CRC,705456010.42,2025-06-17,VIGENTE
2026-03,CR-001982,AV-2024-001983,CRC,326790888.03,2024-09-06,VIGENTE
2026-04,CR-001982,AV-2024-001983,CRC,0.0,2024-08-20,CANCELADO
2026-03,CR-001983,AV-2025-001984,CRC,22764107.58,2025-09-21,VIGENTE
2026-04,CR-001983,AV-2025-001984,CRC,22623993.38,2025-09-03,VIGENTE
2026-03,CR-001984,AV-2025-001985,CRC,410858228.76,2025-06-05,VIGENTE
2026-04,CR-001984,AV-2025-001985,CRC,408383535.61,2025-05-28,VIGENTE
2026-03,CR-001985,AV-2025-001986,CRC,55364324.78,2025-11-09,VIGENTE
2026-04,CR-001985,AV-2025-001986,CRC,54860675.28,2025-11-15,VIGENTE
2026-03,CR-001987,AV-2026-001988,CRC,377338329.35,2026-04-16,VIGENTE
2026-04,CR-001987,AV-2026-001988,CRC,374347537.56,2026-04-09,VIGENTE
2026-03,CR-001988,AV-2025-001989,USD,63150.28,2026-02-14,VIGENTE
2026-04,CR-001988,AV-2025-001989,USD,62844.04,2026-02-13,VIGENTE
2026-03,CR-001989,AV-2025-001990,CRC,412782233.18,2025-02-09,VIGENTE
2026-04,CR-001989,AV-2025-001990,CRC,409486774.22,2025-04-02,VIGENTE
2026-03,CR-001990,AV-2026-001991,CRC,2530886662.01,2026-03-05,VIGENTE
2026-04,CR-001990,AV-2026-001991,CRC,2522800856.71,2026-02-07,VIGENTE
2026-03,CR-001991,AV-2025-001992,USD,2256910.29,2025-08-24,VIGENTE
2026-04,CR-001991,AV-2025-001992,USD,2242355.42,2025-08-02,VIGENTE
2026-03,CR-001992,AV-2025-001993,CRC,132064785.89,2025-08-25,VIGENTE
2026-04,CR-001992,AV-2025-001993,CRC,130639146.63,2025-08-07,VIGENTE
2026-03,CR-001993,AV-2025-001994,CRC,49621430.63,2026-01-08,VIGENTE
2026-04,CR-001993,AV-2025-001994,CRC,49118723.87,2026-01-21,VIGENTE
2026-03,CR-001994,AV-2025-001995,CRC,151701996.8,2025-07-30,VIGENTE
2026-04,CR-001994,AV-2025-001995,CRC,150100394.92,2025-08-15,VIGENTE
2026-03,CR-001995,AV-2025-001996,USD,10889116.83,2025-08-07,VIGENTE
2026-04,CR-001995,AV-2025-001996,USD,10814796.79,2025-08-18,VIGENTE
2026-03,CR-001996,AV-2024-001997,CRC,48699274.32,2024-08-13,VIGENTE
2026-04,CR-001996,AV-2024-001997,CRC,48144857.24,2024-08-17,VIGENTE
2026-03,CR-001997,AV-2025-001998,CRC,136676240.46,2025-06-08,VIGENTE
2026-04,CR-001997,AV-2025-001998,CRC,136263252.92,2025-05-24,VIGENTE
2026-03,CR-001999,AV-2025-002000,CRC,1474339273.13,2025-08-27,VIGENTE
2026-04,CR-001999,AV-2025-002000,CRC,1467067789.92,2025-07-28,VIGENTE
2026-03,CR-002000,AV-2024-002001,CRC,965014455.03,2024-12-09,VIGENTE
2026-04,CR-002000,AV-2024-002001,CRC,961756432.44,2024-12-25,VIGENTE
2026-03,CR-002001,AV-2026-002002,USD,647458.71,2026-03-11,VIGENTE
2026-04,CR-002001,AV-2026-002002,USD,645271.77,2026-03-21,VIGENTE
2026-03,CR-002002,AV-2025-002003,CRC,390327470.5,2025-10-17,VIGENTE
2026-04,CR-002002,AV-2025-002003,CRC,387450504.98,2025-10-02,VIGENTE
2026-03,CR-002003,AV-2026-002004,CRC,763945310.17,2026-02-15,VIGENTE
2026-04,CR-002003,AV-2026-002004,CRC,759010289.07,2026-01-19,VIGENTE
2026-03,CR-002004,AV-2025-002005,CRC,751000655.92,2025-10-19,VIGENTE
2026-04,CR-002004,AV-2025-002005,CRC,747508661.62,2025-10-15,VIGENTE
2026-03,CR-002006,AV-2026-002007,USD,11630845.5,2026-04-24,VIGENTE
2026-04,CR-002006,AV-2026-002007,USD,11565738.21,2026-04-19,VIGENTE
2026-03,CR-002007,AV-2025-002008,CRC,12369649751.64,2025-08-19,VIGENTE
2026-04,CR-002007,AV-2025-002008,CRC,12319493773.78,2025-07-03,VIGENTE
2026-03,CR-002008,AV-2025-002009,USD,141210.54,2026-01-10,VIGENTE
2026-04,CR-002008,AV-2025-002009,USD,140785.9,2026-01-14,VIGENTE
2026-03,CR-002009,AV-2024-002010,CRC,67823582.07,2024-09-05,VIGENTE
2026-04,CR-002009,AV-2024-002010,CRC,67562654.25,2024-08-28,VIGENTE
2026-03,CR-002010,AV-2025-002011,USD,4496635.21,2025-07-23,VIGENTE
2026-04,CR-002010,AV-2025-002011,USD,4456432.16,2025-09-14,VIGENTE
2026-03,CR-002011,AV-2025-002012,CRC,62484445.71,2025-06-18,VIGENTE
2026-04,CR-002011,AV-2025-002012,CRC,61782448.87,2025-06-18,VIGENTE
2026-03,CR-002012,AV-2026-002013,USD,471961.89,2026-03-15,VIGENTE
2026-04,CR-002012,AV-2026-002013,USD,467348.14,2026-03-28,VIGENTE
2026-03,CR-002013,AV-2024-002014,CRC,88683379.92,2024-06-17,VIGENTE
2026-04,CR-002013,AV-2024-002014,CRC,87662419.72,2024-07-12,VIGENTE
2026-03,CR-002014,AV-2024-002015,CRC,475378975.91,2024-10-02,VIGENTE
2026-04,CR-002014,AV-2024-002015,CRC,469711453.64,2024-09-16,VIGENTE
2026-03,CR-002015,AV-2025-002016,CRC,88799762.09,2025-06-06,VIGENTE
2026-04,CR-002015,AV-2025-002016,CRC,87750169.11,2025-05-29,VIGENTE
2026-03,CR-002016,AV-2024-002017,CRC,327803314.18,2024-10-09,VIGENTE
2026-04,CR-002016,AV-2024-002017,CRC,324700791.55,2024-09-11,VIGENTE
2026-03,CR-002018,AV-2024-002019,CRC,372167237.7,2024-09-08,VIGENTE
2026-04,CR-002018,AV-2024-002019,CRC,368055866.88,2024-09-05,VIGENTE
2026-03,CR-002019,AV-2026-002020,CRC,439284730.58,2026-03-04,VIGENTE
2026-04,CR-002019,AV-2026-002020,CRC,437459039.47,2026-03-26,VIGENTE
2026-03,CR-002020,AV-2025-002021,CRC,357018250.17,2025-10-01,VIGENTE
2026-04,CR-002020,AV-2025-002021,CRC,352918923.43,2025-08-08,VIGENTE
2026-03,CR-002021,AV-2024-002022,USD,194519.8,2024-12-07,VIGENTE
2026-04,CR-002021,AV-2024-002022,USD,192862.85,2024-11-20,VIGENTE
2026-03,CR-002022,AV-2025-002023,USD,1884697.79,2025-07-24,VIGENTE
2026-04,CR-002022,AV-2025-002023,USD,1870558.94,2025-07-08,VIGENTE
2026-03,CR-002023,AV-2025-002024,CRC,56385520.95,2025-05-20,VIGENTE
2026-04,CR-002023,AV-2025-002024,CRC,55871443.71,2025-05-03,VIGENTE
2026-03,CR-002024,AV-2025-002025,CRC,101265832.65,2025-12-16,VIGENTE
2026-04,CR-002024,AV-2025-002025,CRC,100126968.93,2025-11-17,VIGENTE
2026-03,CR-002025,AV-2025-002026,USD,2696030.91,2025-04-01,VIGENTE
2026-04,CR-002025,AV-2025-002026,USD,2684058.33,2025-04-13,VIGENTE
2026-03,CR-002026,AV-2025-002027,USD,134919.37,2025-04-29,VIGENTE
2026-04,CR-002026,AV-2025-002027,USD,134299.84,2025-04-24,VIGENTE
2026-03,CR-002027,AV-2026-002028,CRC,2218672745.02,2026-03-17,VIGENTE
2026-04,CR-002027,AV-2026-002028,CRC,2193447579.38,2026-02-10,VIGENTE
2026-03,CR-002028,AV-2024-002029,USD,207639.21,2024-11-08,VIGENTE
2026-04,CR-002028,AV-2024-002029,USD,205600.14,2024-10-12,VIGENTE
2026-03,CR-002029,AV-2025-002030,CRC,33752102.07,2026-02-11,VIGENTE
2026-04,CR-002029,AV-2025-002030,CRC,33488858.24,2026-02-01,VIGENTE
2026-03,CR-002030,AV-2025-002031,CRC,966742514.47,2025-09-30,VIGENTE
2026-04,CR-002030,AV-2025-002031,CRC,958699240.58,2025-08-31,VIGENTE
2026-03,CR-002031,AV-2026-002032,CRC,146782309.39,2026-02-05,VIGENTE
2026-04,CR-002031,AV-2026-002032,CRC,145084633.51,2026-02-03,VIGENTE
2026-03,CR-002034,AV-2025-002035,CRC,79383661.98,2025-11-28,VIGENTE
2026-04,CR-002034,AV-2025-002035,CRC,78768171.02,2025-11-27,VIGENTE
2026-03,CR-002035,AV-2025-002036,CRC,425124959.25,2025-12-21,VIGENTE
2026-04,CR-002035,AV-2025-002036,CRC,420846699.83,2025-12-28,VIGENTE
2026-03,CR-002038,AV-2024-002039,CRC,112267991.53,2024-12-10,VIGENTE
2026-04,CR-002038,AV-2024-002039,CRC,111065381.8,2024-12-07,VIGENTE
2026-03,CR-002040,AV-2024-002041,USD,271175.5,2024-08-23,VIGENTE
2026-04,CR-002040,AV-2024-002041,USD,269083.32,2024-10-09,VIGENTE
2026-03,CR-002041,AV-2025-002042,CRC,341816322.3,2025-07-02,VIGENTE
2026-04,CR-002041,AV-2025-002042,CRC,339090897.77,2025-06-17,VIGENTE
2026-03,CR-002042,AV-2025-002043,USD,311140.24,2025-02-27,VIGENTE
2026-04,CR-002042,AV-2025-002043,USD,309810.05,2025-03-05,VIGENTE
2026-03,CR-002043,AV-2025-002044,USD,3817426.38,2025-07-15,VIGENTE
2026-04,CR-002043,AV-2025-002044,USD,3788822.19,2025-07-21,VIGENTE
2026-03,CR-002044,AV-2025-002045,USD,75513.87,2025-05-25,VIGENTE
2026-04,CR-002044,AV-2025-002045,USD,74795.52,2025-04-27,VIGENTE
2026-03,CR-002045,AV-2025-002046,USD,395165.56,2025-08-07,VIGENTE
2026-04,CR-002045,AV-2025-002046,USD,390704.67,2025-07-14,VIGENTE
2026-03,CR-002046,AV-2026-002047,CRC,772723650.14,2026-02-13,VIGENTE
2026-04,CR-002046,AV-2026-002047,CRC,768903550.49,2026-02-28,VIGENTE
2026-03,CR-002047,AV-2025-002048,CRC,284128145.27,2025-08-22,VIGENTE
2026-04,CR-002047,AV-2025-002048,CRC,283150496.97,2025-09-18,VIGENTE
2026-03,CR-002048,AV-2025-002049,USD,263073.0,2025-08-26,VIGENTE
2026-04,CR-002048,AV-2025-002049,USD,261216.94,2025-09-02,VIGENTE
2026-03,CR-002049,AV-2024-002050,CRC,256603268.38,2024-09-20,VIGENTE
2026-04,CR-002049,AV-2024-002050,CRC,254681791.91,2024-09-01,VIGENTE
2026-03,CR-002050,AV-2025-002051,CRC,6660794704.23,2025-08-17,VIGENTE
2026-04,CR-002050,AV-2025-002051,CRC,6604317440.56,2025-08-13,VIGENTE
2026-03,CR-002051,AV-2024-002052,CRC,48956860.68,2024-07-22,VIGENTE
2026-04,CR-002051,AV-2024-002052,CRC,48795300.25,2024-07-23,VIGENTE
2026-03,CR-002052,AV-2025-002053,USD,897358.0,2025-08-31,VIGENTE
2026-04,CR-002052,AV-2025-002053,USD,891106.89,2025-07-22,VIGENTE
2026-03,CR-002053,AV-2025-002054,CRC,816860534.66,2026-01-02,VIGENTE
2026-04,CR-002053,AV-2025-002054,CRC,811788214.58,2026-01-17,VIGENTE
2026-03,CR-002054,AV-2024-002055,CRC,1507069916.67,2024-12-08,VIGENTE
2026-04,CR-002054,AV-2024-002055,CRC,1496261640.45,2024-12-09,VIGENTE
2026-03,CR-002055,AV-2025-002056,CRC,417334852.32,2025-07-20,VIGENTE
2026-04,CR-002055,AV-2025-002056,CRC,413436882.98,2025-07-13,VIGENTE
2026-03,CR-002056,AV-2025-002057,USD,942439.07,2025-07-21,VIGENTE
2026-04,CR-002056,AV-2025-002057,USD,937551.42,2025-07-18,VIGENTE
2026-03,CR-002057,AV-2025-002058,CRC,407358401.87,2025-03-20,VIGENTE
2026-04,CR-002057,AV-2025-002058,CRC,405614067.9,2025-04-17,VIGENTE
2026-03,CR-002058,AV-2025-002059,CRC,1583587852.5,2025-04-16,VIGENTE
2026-04,CR-002058,AV-2025-002059,CRC,1576131709.73,2025-04-25,VIGENTE
2026-03,CR-002059,AV-2025-002060,CRC,340895935.54,2025-11-06,VIGENTE
2026-04,CR-002059,AV-2025-002060,CRC,0.0,2025-11-02,CANCELADO
2026-03,CR-002060,AV-2025-002061,CRC,117044153.42,2025-12-26,VIGENTE
2026-04,CR-002060,AV-2025-002061,CRC,116459107.98,2025-11-12,VIGENTE
2026-03,CR-002061,AV-2026-002062,CRC,192496581.98,2026-02-23,VIGENTE
2026-04,CR-002061,AV-2026-002062,CRC,191459997.06,2026-02-22,VIGENTE
2026-03,CR-002062,AV-2024-002063,CRC,145669989.42,2025-01-04,VIGENTE
2026-04,CR-002062,AV-2024-002063,CRC,143934740.58,2024-12-31,VIGENTE
2026-03,CR-002063,AV-2024-002064,USD,218276.41,2025-01-12,VIGENTE
2026-04,CR-002063,AV-2024-002064,USD,216729.52,2025-01-13,VIGENTE
2026-03,CR-002064,AV-2025-002065,CRC,160370810.66,2025-07-05,VIGENTE
2026-04,CR-002064,AV-2025-002065,CRC,159603318.99,2025-07-25,VIGENTE
2026-03,CR-002065,AV-2025-002066,CRC,81093666.86,2025-04-04,VIGENTE
2026-04,CR-002065,AV-2025-002066,CRC,80737517.24,2025-04-19,VIGENTE
2026-03,CR-002066,AV-2025-002067,CRC,609039308.36,2025-11-23,VIGENTE
2026-04,CR-002066,AV-2025-002067,CRC,604434457.83,2025-11-20,VIGENTE
2026-03,CR-002067,AV-2026-002068,CRC,150736433.03,2026-03-27,VIGENTE
2026-04,CR-002067,AV-2026-002068,CRC,150258152.38,2026-03-15,VIGENTE
2026-03,CR-002068,AV-2025-002069,USD,67956.49,2025-10-21,VIGENTE
2026-04,CR-002068,AV-2025-002069,USD,67277.7,2025-11-30,VIGENTE
2026-03,CR-002069,AV-2024-002070,USD,199683.0,2024-10-20,VIGENTE
2026-04,CR-002069,AV-2024-002070,USD,198299.64,2024-09-24,VIGENTE
2026-03,CR-002070,AV-2025-002071,CRC,514139989.46,2025-05-09,VIGENTE
2026-04,CR-002070,AV-2025-002071,CRC,509696195.03,2025-05-16,VIGENTE
2026-03,CR-002071,AV-2025-002072,USD,371205.94,2025-11-23,VIGENTE
2026-04,CR-002071,AV-2025-002072,USD,369552.0,2025-11-20,VIGENTE
2026-03,CR-002072,AV-2026-002073,CRC,40396625.37,2026-03-06,VIGENTE
2026-04,CR-002072,AV-2026-002073,CRC,40055026.15,2026-02-17,VIGENTE
2026-03,CR-002073,AV-2024-002074,USD,5796846.38,2024-09-16,VIGENTE
2026-04,CR-002073,AV-2024-002074,USD,5778416.8,2024-10-18,VIGENTE
2026-03,CR-002075,AV-2025-002076,CRC,142640500.42,2025-10-13,VIGENTE
2026-04,CR-002075,AV-2025-002076,CRC,141547830.26,2025-10-25,VIGENTE
2026-03,CR-002078,AV-2024-002079,USD,166870.27,2025-01-06,VIGENTE
2026-04,CR-002078,AV-2024-002079,USD,166312.2,2024-12-29,VIGENTE
2026-03,CR-002079,AV-2025-002080,CRC,60076293.89,2025-05-19,VIGENTE
2026-04,CR-002079,AV-2025-002080,CRC,59553688.92,2025-07-04,VIGENTE
2026-03,CR-002080,AV-2025-002081,CRC,193877349.91,2025-09-21,VIGENTE
2026-04,CR-002080,AV-2025-002081,CRC,193246734.76,2025-09-29,VIGENTE
2026-03,CR-002081,AV-2026-002082,CRC,70903677.14,2026-04-27,VIGENTE
2026-04,CR-002081,AV-2026-002082,CRC,70462661.73,2026-04-14,VIGENTE
2026-03,CR-002082,AV-2025-002083,USD,40379.35,2025-07-28,VIGENTE
2026-04,CR-002082,AV-2025-002083,USD,40154.62,2025-07-05,VIGENTE
2026-03,CR-002084,AV-2025-002085,USD,179573.46,2025-07-31,VIGENTE
2026-04,CR-002084,AV-2025-002085,USD,177481.4,2025-08-18,VIGENTE
2026-03,CR-002085,AV-2024-002086,CRC,289697801.71,2024-07-15,VIGENTE
2026-04,CR-002085,AV-2024-002086,CRC,286558276.51,2024-07-04,VIGENTE
2026-03,CR-002086,AV-2026-002087,CRC,76196714.35,2026-03-11,VIGENTE
2026-04,CR-002086,AV-2026-002087,CRC,75799889.18,2026-03-23,VIGENTE
2026-03,CR-002087,AV-2025-002088,CRC,358595935.21,2025-11-30,VIGENTE
2026-04,CR-002087,AV-2025-002088,CRC,355903049.48,2025-12-12,VIGENTE
2026-03,CR-002088,AV-2025-002089,USD,2094672.64,2026-01-04,VIGENTE
2026-04,CR-002088,AV-2025-002089,USD,2072940.91,2025-12-26,VIGENTE
2026-03,CR-002089,AV-2024-002090,USD,90810.33,2024-10-05,VIGENTE
2026-04,CR-002089,AV-2024-002090,USD,90516.37,2024-11-10,VIGENTE
2026-03,CR-002090,AV-2026-002091,USD,58533.28,2026-03-07,VIGENTE
2026-04,CR-002090,AV-2026-002091,USD,57860.98,2026-02-19,VIGENTE
2026-03,CR-002091,AV-2025-002092,CRC,241684069.47,2025-03-11,VIGENTE
2026-04,CR-002091,AV-2025-002092,CRC,240151190.44,2025-03-14,VIGENTE
2026-03,CR-002092,AV-2025-002093,CRC,549035933.51,2025-04-02,VIGENTE
2026-04,CR-002092,AV-2025-002093,CRC,0.0,2025-04-23,CANCELADO
2026-03,CR-002093,AV-2026-002094,CRC,409966977.37,2026-02-14,VIGENTE
2026-04,CR-002093,AV-2026-002094,CRC,405240422.23,2026-04-05,VIGENTE
2026-03,CR-002094,AV-2025-002095,USD,336864.67,2025-12-10,VIGENTE
2026-04,CR-002094,AV-2025-002095,USD,0.0,2025-10-26,CANCELADO
2026-03,CR-002095,AV-2025-002096,CRC,118696095.06,2025-11-22,VIGENTE
2026-04,CR-002095,AV-2025-002096,CRC,117704357.15,2025-11-23,VIGENTE
2026-03,CR-002097,AV-2025-002098,USD,572023.44,2026-02-12,VIGENTE
2026-04,CR-002097,AV-2025-002098,USD,566193.58,2025-12-30,VIGENTE
2026-03,CR-002098,AV-2025-002099,CRC,127982819.46,2025-10-12,VIGENTE
2026-04,CR-002098,AV-2025-002099,CRC,127106783.61,2025-09-19,VIGENTE
2026-03,CR-002099,AV-2025-002100,USD,77686.11,2025-12-16,VIGENTE
2026-04,CR-002099,AV-2025-002100,USD,77117.43,2025-12-12,VIGENTE
2026-03,CR-002100,AV-2025-002101,USD,177059.22,2025-07-12,VIGENTE
2026-04,CR-002100,AV-2025-002101,USD,175725.54,2025-06-27,VIGENTE
2026-03,CR-002101,AV-2025-002102,CRC,90729291.91,2025-05-23,VIGENTE
2026-04,CR-002101,AV-2025-002102,CRC,90452782.04,2025-05-30,VIGENTE
2026-03,CR-002103,AV-2024-002104,CRC,165442950.63,2024-09-27,VIGENTE
2026-04,CR-002103,AV-2024-002104,CRC,164610653.22,2024-09-17,VIGENTE
2026-03,CR-002105,AV-2025-002106,CRC,315883879.21,2025-10-17,VIGENTE
2026-04,CR-002105,AV-2025-002106,CRC,314456595.09,2025-10-03,VIGENTE
2026-03,CR-002106,AV-2026-002107,USD,246910.0,2026-02-20,VIGENTE
2026-04,CR-002106,AV-2026-002107,USD,244834.17,2026-03-24,VIGENTE
2026-03,CR-002107,AV-2024-002108,USD,2467146.84,2024-06-12,VIGENTE
2026-04,CR-002107,AV-2024-002108,USD,2453954.01,2024-07-27,VIGENTE
2026-03,CR-002108,AV-2025-002109,CRC,314325530.44,2026-01-06,VIGENTE
2026-04,CR-002108,AV-2025-002109,CRC,310848447.0,2026-01-21,VIGENTE
2026-03,CR-002110,AV-2025-002111,USD,2552023.24,2026-01-20,VIGENTE
2026-04,CR-002110,AV-2025-002111,USD,2537854.02,2026-01-13,VIGENTE
2026-03,CR-002111,AV-2025-002112,CRC,238575677.73,2025-10-18,VIGENTE
2026-04,CR-002111,AV-2025-002112,CRC,237162500.87,2025-10-12,VIGENTE
2026-03,CR-002112,AV-2025-002113,CRC,104509898.61,2025-06-24,VIGENTE
2026-04,CR-002112,AV-2025-002113,CRC,104107692.89,2025-07-22,VIGENTE
2026-03,CR-002113,AV-2024-002114,CRC,67378189.93,2024-10-02,VIGENTE
2026-04,CR-002113,AV-2024-002114,CRC,67085036.42,2024-10-06,VIGENTE
2026-03,CR-002114,AV-2026-002115,CRC,1484992600.17,2026-03-01,VIGENTE
2026-04,CR-002114,AV-2026-002115,CRC,1476777376.94,2026-03-08,VIGENTE
2026-03,CR-002115,AV-2026-002116,CRC,346238745.85,2026-03-02,VIGENTE
2026-04,CR-002115,AV-2026-002116,CRC,343741942.09,2026-03-27,VIGENTE
2026-03,CR-002116,AV-2025-002117,USD,262676.64,2025-12-08,VIGENTE
2026-04,CR-002116,AV-2025-002117,USD,261410.77,2025-11-13,VIGENTE
2026-03,CR-002117,AV-2026-002118,USD,342709.29,2026-04-18,VIGENTE
2026-04,CR-002117,AV-2026-002118,USD,341451.74,2026-03-22,VIGENTE
2026-03,CR-002118,AV-2024-002119,CRC,44793442.36,2024-12-26,VIGENTE
2026-04,CR-002118,AV-2024-002119,CRC,44395476.68,2025-01-27,VIGENTE
2026-03,CR-002119,AV-2025-002120,USD,5352491.78,2025-09-11,VIGENTE
2026-04,CR-002119,AV-2025-002120,USD,5297754.85,2025-09-27,VIGENTE
2026-03,CR-002120,AV-2025-002121,USD,66519.06,2025-12-31,VIGENTE
2026-04,CR-002120,AV-2025-002121,USD,66002.04,2026-01-19,VIGENTE
2026-03,CR-002121,AV-2025-002122,USD,250649.75,2025-03-26,VIGENTE
2026-04,CR-002121,AV-2025-002122,USD,248769.48,2025-02-10,VIGENTE
2026-03,CR-002122,AV-2026-002123,USD,358931.85,2026-03-01,VIGENTE
2026-04,CR-002122,AV-2026-002123,USD,357095.04,2026-01-23,VIGENTE
2026-03,CR-002123,AV-2025-002124,CRC,68446327.39,2025-11-05,VIGENTE
2026-04,CR-002123,AV-2025-002124,CRC,68090453.26,2025-11-13,VIGENTE
2026-03,CR-002124,AV-2024-002125,CRC,256689255.94,2024-05-27,VIGENTE
2026-04,CR-002124,AV-2024-002125,CRC,0.0,2024-07-13,CANCELADO
2026-03,CR-002125,AV-2025-002126,USD,51300.99,2025-12-08,VIGENTE
2026-04,CR-002125,AV-2025-002126,USD,50751.92,2025-11-29,VIGENTE
2026-03,CR-002126,AV-2024-002127,CRC,111260086.01,2024-12-18,VIGENTE
2026-04,CR-002126,AV-2024-002127,CRC,110895057.36,2024-11-28,VIGENTE
2026-03,CR-002127,AV-2025-002128,CRC,55217966.89,2025-03-26,VIGENTE
2026-04,CR-002127,AV-2025-002128,CRC,54814721.38,2025-04-08,VIGENTE
2026-03,CR-002128,AV-2025-002129,CRC,194027830.69,2025-09-14,VIGENTE
2026-04,CR-002128,AV-2025-002129,CRC,192843222.31,2025-10-05,VIGENTE
2026-03,CR-002129,AV-2025-002130,USD,438501.09,2025-07-10,VIGENTE
2026-04,CR-002129,AV-2025-002130,USD,434410.38,2025-06-17,VIGENTE
2026-03,CR-002130,AV-2024-002131,CRC,1407949626.42,2025-01-13,VIGENTE
2026-04,CR-002130,AV-2024-002131,CRC,1399493766.47,2024-12-23,VIGENTE
2026-03,CR-002131,AV-2024-002132,CRC,379913195.16,2024-09-19,VIGENTE
2026-04,CR-002131,AV-2024-002132,CRC,376608026.79,2024-11-01,VIGENTE
2026-03,CR-002132,AV-2025-002133,CRC,2227268460.62,2025-04-11,VIGENTE
2026-04,CR-002132,AV-2025-002133,CRC,2208077675.29,2025-04-09,VIGENTE
2026-03,CR-002133,AV-2026-002134,CRC,38829695.39,2026-03-11,VIGENTE
2026-04,CR-002133,AV-2026-002134,CRC,0.0,2026-03-22,CANCELADO
2026-03,CR-002134,AV-2025-002135,USD,87455.27,2025-06-14,VIGENTE
2026-04,CR-002134,AV-2025-002135,USD,86842.05,2025-05-18,VIGENTE
2026-03,CR-002135,AV-2025-002136,USD,1186382.8,2025-07-10,VIGENTE
2026-04,CR-002135,AV-2025-002136,USD,1182160.73,2025-06-25,VIGENTE
2026-03,CR-002136,AV-2024-002137,CRC,468296972.77,2024-06-30,VIGENTE
2026-04,CR-002136,AV-2024-002137,CRC,462946523.39,2024-05-25,VIGENTE
2026-03,CR-002137,AV-2026-002138,USD,3051954.85,2026-03-07,VIGENTE
2026-04,CR-002137,AV-2026-002138,USD,3015389.5,2026-03-09,VIGENTE
2026-03,CR-002139,AV-2025-002140,CRC,101810709.22,2025-08-20,VIGENTE
2026-04,CR-002139,AV-2025-002140,CRC,101236421.43,2025-09-05,VIGENTE
2026-03,CR-002140,AV-2025-002141,USD,22767331.86,2025-09-01,VIGENTE
2026-04,CR-002140,AV-2025-002141,USD,0.0,2025-08-29,CANCELADO
2026-03,CR-002141,AV-2024-002142,CRC,251162458.44,2025-02-13,VIGENTE
2026-04,CR-002141,AV-2024-002142,CRC,249735916.87,2025-01-08,VIGENTE
2026-03,CR-002142,AV-2025-002143,CRC,116769398.41,2025-07-18,VIGENTE
2026-04,CR-002142,AV-2025-002143,CRC,116194844.83,2025-07-22,VIGENTE
2026-03,CR-002143,AV-2026-002144,USD,146445.14,2026-03-25,VIGENTE
2026-04,CR-002143,AV-2026-002144,USD,145927.19,2026-02-27,VIGENTE
2026-03,CR-002144,AV-2024-002145,CRC,83588685.1,2024-10-25,VIGENTE
2026-04,CR-002144,AV-2024-002145,CRC,0.0,2024-12-06,CANCELADO
2026-03,CR-002145,AV-2025-002146,USD,1351880.22,2025-07-05,VIGENTE
2026-04,CR-002145,AV-2025-002146,USD,1343009.35,2025-08-10,VIGENTE
2026-03,CR-002146,AV-2025-002147,USD,1330132.32,2025-10-03,VIGENTE
2026-04,CR-002146,AV-2025-002147,USD,1316948.39,2025-10-29,VIGENTE
2026-03,CR-002148,AV-2024-002149,CRC,187171141.68,2024-11-17,VIGENTE
2026-04,CR-002148,AV-2024-002149,CRC,185112816.62,2024-11-08,VIGENTE
2026-03,CR-002150,AV-2025-002151,USD,3709731.28,2025-12-01,VIGENTE
2026-04,CR-002150,AV-2025-002151,USD,3673647.91,2025-12-02,VIGENTE
2026-03,CR-002151,AV-2025-002152,CRC,75046428.59,2025-08-22,VIGENTE
2026-04,CR-002151,AV-2025-002152,CRC,74450140.87,2025-09-08,VIGENTE
2026-03,CR-002152,AV-2025-002153,CRC,606499553.62,2025-03-08,VIGENTE
2026-04,CR-002152,AV-2025-002153,CRC,601521683.38,2025-04-09,VIGENTE
2026-03,CR-002153,AV-2025-002154,CRC,380467126.7,2025-03-14,VIGENTE
2026-04,CR-002153,AV-2025-002154,CRC,378725061.27,2025-03-29,VIGENTE
2026-03,CR-002154,AV-2024-002155,CRC,540355183.21,2024-12-01,VIGENTE
2026-04,CR-002154,AV-2024-002155,CRC,535770454.79,2024-12-21,VIGENTE
2026-03,CR-002155,AV-2025-002156,CRC,789942939.33,2026-01-16,VIGENTE
2026-04,CR-002155,AV-2025-002156,CRC,780490968.34,2025-12-14,VIGENTE
2026-03,CR-002156,AV-2025-002157,USD,203943.51,2025-06-17,VIGENTE
2026-04,CR-002156,AV-2025-002157,USD,202405.18,2025-06-15,VIGENTE
2026-03,CR-002157,AV-2024-002158,CRC,1255578561.12,2025-01-01,VIGENTE
2026-04,CR-002157,AV-2024-002158,CRC,1247083394.2,2025-01-13,VIGENTE
2026-03,CR-002158,AV-2025-002159,CRC,117860214.34,2025-10-10,VIGENTE
2026-04,CR-002158,AV-2025-002159,CRC,116659864.32,2025-08-30,VIGENTE
2026-03,CR-002159,AV-2025-002160,CRC,201150213.84,2025-03-26,VIGENTE
2026-04,CR-002159,AV-2025-002160,CRC,200524323.28,2025-04-15,VIGENTE
2026-03,CR-002160,AV-2025-002161,CRC,398082381.3,2025-11-15,VIGENTE
2026-04,CR-002160,AV-2025-002161,CRC,396439601.12,2025-12-13,VIGENTE
2026-03,CR-002161,AV-2025-002162,USD,312907.44,2025-07-08,VIGENTE
2026-04,CR-002161,AV-2025-002162,USD,0.0,2025-08-06,CANCELADO
2026-03,CR-002162,AV-2025-002163,CRC,263711694.91,2025-05-17,VIGENTE
2026-04,CR-002162,AV-2025-002163,CRC,262033800.87,2025-05-13,VIGENTE
2026-03,CR-002163,AV-2025-002164,USD,2641255.96,2025-07-05,VIGENTE
2026-04,CR-002163,AV-2025-002164,USD,2632574.42,2025-07-30,VIGENTE
2026-03,CR-002164,AV-2025-002165,CRC,449179983.82,2026-01-05,VIGENTE
2026-04,CR-002164,AV-2025-002165,CRC,446399975.2,2025-12-05,VIGENTE
2026-03,CR-002166,AV-2025-002167,CRC,51175486.03,2025-12-28,VIGENTE
2026-04,CR-002166,AV-2025-002167,CRC,50798405.35,2025-12-21,VIGENTE
2026-03,CR-002167,AV-2026-002168,USD,9018912.63,2026-03-17,VIGENTE
2026-04,CR-002167,AV-2026-002168,USD,8911410.55,2026-03-21,VIGENTE
2026-03,CR-002168,AV-2026-002169,USD,4389031.35,2026-03-24,VIGENTE
2026-04,CR-002168,AV-2026-002169,USD,4340582.15,2026-03-23,VIGENTE
2026-03,CR-002170,AV-2025-002171,USD,235947.89,2025-10-30,VIGENTE
2026-04,CR-002170,AV-2025-002171,USD,234878.69,2025-12-23,VIGENTE
2026-03,CR-002171,AV-2024-002172,USD,338860.01,2024-12-08,VIGENTE
2026-04,CR-002171,AV-2024-002172,USD,335755.11,2024-12-05,VIGENTE
2026-03,CR-002172,AV-2025-002173,CRC,11800886065.64,2025-09-11,VIGENTE
2026-04,CR-002172,AV-2025-002173,CRC,11683175618.12,2025-08-13,VIGENTE
2026-03,CR-002173,AV-2024-002174,CRC,697325670.5,2024-09-28,VIGENTE
2026-04,CR-002173,AV-2024-002174,CRC,695196917.3,2024-08-17,VIGENTE
2026-03,CR-002175,AV-2025-002176,CRC,2509943833.53,2025-03-21,VIGENTE
2026-04,CR-002175,AV-2025-002176,CRC,2497609545.69,2025-03-07,VIGENTE
2026-03,CR-002176,AV-2025-002177,CRC,15381893.49,2025-11-30,VIGENTE
2026-04,CR-002176,AV-2025-002177,CRC,15201698.4,2025-10-25,VIGENTE
2026-03,CR-002177,AV-2025-002178,USD,47753.5,2025-11-28,VIGENTE
2026-04,CR-002177,AV-2025-002178,USD,47291.55,2025-11-12,VIGENTE
2026-03,CR-002181,AV-2026-002182,USD,364701.18,2026-02-10,VIGENTE
2026-04,CR-002181,AV-2026-002182,USD,361116.33,2026-03-14,VIGENTE
2026-03,CR-002182,AV-2025-002183,CRC,17210934.05,2025-05-06,VIGENTE
2026-04,CR-002182,AV-2025-002183,CRC,17096387.71,2025-05-05,VIGENTE
2026-03,CR-002183,AV-2025-002184,CRC,1611778346.84,2025-05-27,VIGENTE
2026-04,CR-002183,AV-2025-002184,CRC,1601815369.05,2025-05-31,VIGENTE
2026-03,CR-002184,AV-2025-002185,CRC,13330134084.98,2026-01-04,VIGENTE
2026-04,CR-002184,AV-2025-002185,CRC,13203620061.04,2025-12-22,VIGENTE
2026-03,CR-002185,AV-2024-002186,CRC,187298039.7,2024-12-08,VIGENTE
2026-04,CR-002185,AV-2024-002186,CRC,185556923.01,2024-12-05,VIGENTE
2026-03,CR-002186,AV-2025-002187,CRC,1334788672.16,2025-04-17,VIGENTE
2026-04,CR-002186,AV-2025-002187,CRC,1329274514.76,2025-05-20,VIGENTE
2026-03,CR-002187,AV-2025-002188,CRC,66225603.66,2025-12-14,VIGENTE
2026-04,CR-002187,AV-2025-002188,CRC,65896616.63,2025-11-22,VIGENTE
2026-03,CR-002188,AV-2026-002189,CRC,1031637913.97,2026-02-21,VIGENTE
2026-04,CR-002188,AV-2026-002189,CRC,1020421886.5,2026-01-20,VIGENTE
2026-03,CR-002189,AV-2025-002190,USD,211538.87,2025-03-16,VIGENTE
2026-04,CR-002189,AV-2025-002190,USD,209421.55,2025-03-15,VIGENTE
2026-03,CR-002190,AV-2024-002191,USD,267876.84,2024-09-18,VIGENTE
2026-04,CR-002190,AV-2024-002191,USD,266713.3,2024-09-14,VIGENTE
2026-03,CR-002191,AV-2025-002192,CRC,242096814.14,2025-09-24,VIGENTE
2026-04,CR-002191,AV-2025-002192,CRC,239747144.23,2025-10-03,VIGENTE
2026-03,CR-002193,AV-2024-002194,CRC,9268748.26,2024-07-08,VIGENTE
2026-04,CR-002193,AV-2024-002194,CRC,9229034.39,2024-07-09,VIGENTE
2026-03,CR-002194,AV-2025-002195,CRC,5327075845.28,2025-10-28,VIGENTE
2026-04,CR-002194,AV-2025-002195,CRC,5302644683.06,2025-09-23,VIGENTE
2026-03,CR-002198,AV-2025-002199,CRC,282013719.75,2025-11-29,VIGENTE
2026-04,CR-002198,AV-2025-002199,CRC,279942208.63,2025-12-31,VIGENTE
2026-03,CR-002200,AV-2026-002201,CRC,11433717.7,2026-01-31,VIGENTE
2026-04,CR-002200,AV-2026-002201,CRC,11325056.57,2026-03-14,VIGENTE
2026-03,CR-002202,AV-2026-002203,CRC,160866668.46,2026-04-03,VIGENTE
2026-04,CR-002202,AV-2026-002203,CRC,159608447.08,2026-04-12,VIGENTE
2026-03,CR-002204,AV-2025-002205,USD,79451.41,2025-10-08,VIGENTE
2026-04,CR-002204,AV-2025-002205,USD,78737.44,2025-10-28,VIGENTE
2026-03,CR-002205,AV-2025-002206,USD,60957.63,2025-04-28,VIGENTE
2026-04,CR-002205,AV-2025-002206,USD,0.0,2025-05-04,CANCELADO
2026-03,CR-002206,AV-2024-002207,CRC,173821167.04,2024-12-25,VIGENTE
2026-04,CR-002206,AV-2024-002207,CRC,171836218.44,2024-11-24,VIGENTE
2026-03,CR-002208,AV-2025-002209,CRC,90080214.21,2025-08-16,VIGENTE
2026-04,CR-002208,AV-2025-002209,CRC,89221827.34,2025-09-09,VIGENTE
2026-03,CR-002209,AV-2024-002210,CRC,919195067.54,2024-09-25,VIGENTE
2026-04,CR-002209,AV-2024-002210,CRC,912142970.56,2024-10-30,VIGENTE
2026-03,CR-002210,AV-2025-002211,CRC,200406787.11,2025-12-22,VIGENTE
2026-04,CR-002210,AV-2025-002211,CRC,199303740.35,2025-11-26,VIGENTE
2026-03,CR-002211,AV-2025-002212,CRC,117255041.5,2025-04-09,VIGENTE
2026-04,CR-002211,AV-2025-002212,CRC,116681100.26,2025-04-08,VIGENTE
2026-03,CR-002213,AV-2025-002214,CRC,527384808.12,2025-12-28,VIGENTE
2026-04,CR-002213,AV-2025-002214,CRC,522553739.08,2025-11-23,VIGENTE
2026-03,CR-002214,AV-2025-002215,USD,315076.87,2025-09-14,VIGENTE
2026-04,CR-002214,AV-2025-002215,USD,311298.01,2025-10-17,VIGENTE
2026-03,CR-002215,AV-2025-002216,CRC,135907954.53,2025-10-23,VIGENTE
2026-04,CR-002215,AV-2025-002216,CRC,135072988.15,2025-11-20,VIGENTE
2026-03,CR-002216,AV-2025-002217,CRC,4341584668.67,2025-09-26,VIGENTE
2026-04,CR-002216,AV-2025-002217,CRC,4293320312.69,2025-09-22,VIGENTE
2026-03,CR-002217,AV-2025-002218,CRC,3189718558.16,2025-05-30,VIGENTE
2026-04,CR-002217,AV-2025-002218,CRC,3177853613.11,2025-05-28,VIGENTE
2026-03,CR-002219,AV-2025-002220,CRC,295844503.73,2025-02-17,VIGENTE
2026-04,CR-002219,AV-2025-002220,CRC,0.0,2025-03-04,CANCELADO
2026-03,CR-002220,AV-2025-002221,USD,106148.29,2025-11-08,VIGENTE
2026-04,CR-002220,AV-2025-002221,USD,105288.1,2025-10-29,VIGENTE
2026-03,CR-002221,AV-2024-002222,CRC,22458832.44,2024-12-14,VIGENTE
2026-04,CR-002221,AV-2024-002222,CRC,22362515.76,2025-01-07,VIGENTE
2026-03,CR-002222,AV-2025-002223,CRC,851481182.21,2025-12-08,VIGENTE
2026-04,CR-002222,AV-2025-002223,CRC,842284943.28,2025-11-26,VIGENTE
2026-03,CR-002223,AV-2026-002224,CRC,127682578.6,2026-01-23,VIGENTE
2026-04,CR-002223,AV-2026-002224,CRC,127259290.83,2026-02-22,VIGENTE
2026-03,CR-002225,AV-2025-002226,CRC,1115758324.27,2025-10-04,VIGENTE
2026-04,CR-002225,AV-2025-002226,CRC,1111468361.84,2025-09-12,VIGENTE
2026-03,CR-002226,AV-2024-002227,USD,384511.66,2024-07-14,VIGENTE
2026-04,CR-002226,AV-2024-002227,USD,383239.16,2024-08-22,VIGENTE
2026-03,CR-002230,AV-2025-002231,USD,353388.58,2026-01-02,VIGENTE
2026-04,CR-002230,AV-2025-002231,USD,350113.39,2025-12-03,VIGENTE
2026-03,CR-002232,AV-2024-002233,CRC,8590364.96,2024-11-21,VIGENTE
2026-04,CR-002232,AV-2024-002233,CRC,8551831.9,2024-12-10,VIGENTE
2026-03,CR-002233,AV-2025-002234,USD,4121031.44,2025-11-30,VIGENTE
2026-04,CR-002233,AV-2025-002234,USD,4106936.1,2025-11-06,VIGENTE
2026-03,CR-002234,AV-2024-002235,USD,146315.08,2025-01-19,VIGENTE
2026-04,CR-002234,AV-2024-002235,USD,145480.43,2024-12-24,VIGENTE
2026-03,CR-002235,AV-2025-002236,CRC,248981962.3,2025-11-03,VIGENTE
2026-04,CR-002235,AV-2025-002236,CRC,247923320.85,2025-11-21,VIGENTE
2026-03,CR-002236,AV-2026-002237,CRC,52126402.8,2026-02-28,VIGENTE
2026-04,CR-002236,AV-2026-002237,CRC,51629339.76,2026-02-25,VIGENTE
2026-03,CR-002238,AV-2025-002239,USD,491304.52,2025-10-03,VIGENTE
2026-04,CR-002238,AV-2025-002239,USD,487916.99,2025-09-27,VIGENTE
2026-03,CR-002239,AV-2025-002240,USD,4367190.36,2025-10-11,VIGENTE
2026-04,CR-002239,AV-2025-002240,USD,4321171.91,2025-10-12,VIGENTE
2026-03,CR-002240,AV-2025-002241,CRC,77307870.3,2026-01-05,VIGENTE
2026-04,CR-002240,AV-2025-002241,CRC,76935496.99,2026-01-05,VIGENTE
2026-03,CR-002241,AV-2025-002242,CRC,355563009.9,2025-03-10,VIGENTE
2026-04,CR-002241,AV-2025-002242,CRC,351344418.35,2025-03-07,VIGENTE
2026-03,CR-002242,AV-2024-002243,USD,466668.54,2024-06-29,VIGENTE
2026-04,CR-002242,AV-2024-002243,USD,462868.53,2024-05-09,VIGENTE
2026-03,CR-002243,AV-2025-002244,CRC,49252807.87,2025-09-21,VIGENTE
2026-04,CR-002243,AV-2025-002244,CRC,48770375.73,2025-09-02,VIGENTE
2026-03,CR-002244,AV-2024-002245,USD,107340.58,2024-08-08,VIGENTE
2026-04,CR-002244,AV-2024-002245,USD,106515.47,2024-07-29,VIGENTE
2026-03,CR-002245,AV-2024-002246,USD,906319.25,2024-11-15,VIGENTE
2026-04,CR-002245,AV-2024-002246,USD,901688.42,2024-11-13,VIGENTE
2026-03,CR-002246,AV-2025-002247,CRC,310621568.64,2025-09-01,VIGENTE
2026-04,CR-002246,AV-2025-002247,CRC,307709795.26,2025-10-10,VIGENTE
2026-03,CR-002247,AV-2025-002248,USD,1815616.12,2025-03-21,VIGENTE
2026-04,CR-002247,AV-2025-002248,USD,1809915.53,2025-04-17,VIGENTE
2026-03,CR-002248,AV-2026-002249,USD,262948.87,2026-02-20,VIGENTE
2026-04,CR-002248,AV-2026-002249,USD,261605.96,2026-02-14,VIGENTE
2026-03,CR-002249,AV-2024-002250,USD,6349046.52,2024-08-15,VIGENTE
2026-04,CR-002249,AV-2024-002250,USD,6301215.57,2024-09-16,VIGENTE
2026-03,CR-002251,AV-2024-002252,CRC,165703351.19,2024-12-25,VIGENTE
2026-04,CR-002251,AV-2024-002252,CRC,164099131.46,2025-02-01,VIGENTE
2026-03,CR-002252,AV-2025-002253,CRC,5521083298.56,2025-12-12,VIGENTE
2026-04,CR-002252,AV-2025-002253,CRC,5475404685.88,2025-11-16,VIGENTE
2026-03,CR-002253,AV-2025-002254,CRC,3550657.35,2026-01-04,VIGENTE
2026-04,CR-002253,AV-2025-002254,CRC,3523565.27,2025-12-20,VIGENTE
2026-03,CR-002254,AV-2025-002255,CRC,21581728981.82,2025-05-14,VIGENTE
2026-04,CR-002254,AV-2025-002255,CRC,21411869539.68,2025-05-15,VIGENTE
2026-03,CR-002255,AV-2025-002256,USD,51289.48,2025-06-30,VIGENTE
2026-04,CR-002255,AV-2025-002256,USD,50738.94,2025-07-11,VIGENTE
2026-03,CR-002256,AV-2026-002257,CRC,527356820.24,2026-03-13,VIGENTE
2026-04,CR-002256,AV-2026-002257,CRC,524934039.28,2026-02-12,VIGENTE
2026-03,CR-002257,AV-2025-002258,USD,345669.29,2026-01-10,VIGENTE
2026-04,CR-002257,AV-2025-002258,USD,343776.25,2026-01-18,VIGENTE
2026-03,CR-002258,AV-2025-002259,CRC,136301618.93,2025-02-21,VIGENTE
2026-04,CR-002258,AV-2025-002259,CRC,134700137.8,2025-02-15,VIGENTE
2026-03,CR-002259,AV-2025-002260,CRC,149237413.11,2025-08-30,VIGENTE
2026-04,CR-002259,AV-2025-002260,CRC,147755469.55,2025-07-26,VIGENTE
2026-03,CR-002260,AV-2025-002261,CRC,530637156.06,2025-07-31,VIGENTE
2026-04,CR-002260,AV-2025-002261,CRC,0.0,2025-08-10,CANCELADO
2026-03,CR-002261,AV-2024-002262,CRC,1410307713.57,2024-12-05,VIGENTE
2026-04,CR-002261,AV-2024-002262,CRC,1395999973.9,2024-12-10,VIGENTE
2026-03,CR-002263,AV-2024-002264,USD,179044.37,2024-10-13,VIGENTE
2026-04,CR-002263,AV-2024-002264,USD,177145.43,2024-09-05,VIGENTE
2026-03,CR-002264,AV-2025-002265,CRC,294749254.78,2025-07-27,VIGENTE
2026-04,CR-002264,AV-2025-002265,CRC,293385936.71,2025-08-16,VIGENTE
2026-03,CR-002265,AV-2024-002266,USD,304862.04,2024-12-08,VIGENTE
2026-04,CR-002265,AV-2024-002266,USD,303624.81,2025-01-02,VIGENTE
2026-03,CR-002266,AV-2025-002267,CRC,555432789.34,2025-11-07,VIGENTE
2026-04,CR-002266,AV-2025-002267,CRC,551973276.43,2025-11-09,VIGENTE
2026-03,CR-002267,AV-2026-002268,USD,772338.03,2026-04-04,VIGENTE
2026-04,CR-002267,AV-2026-002268,USD,769129.77,2026-03-20,VIGENTE
2026-03,CR-002268,AV-2025-002269,USD,617221.07,2025-02-19,VIGENTE
2026-04,CR-002268,AV-2025-002269,USD,612300.48,2025-02-26,VIGENTE
2026-03,CR-002269,AV-2024-002270,CRC,123696700.51,2024-05-31,VIGENTE
2026-04,CR-002269,AV-2024-002270,CRC,123090711.31,2024-06-28,VIGENTE
2026-03,CR-002271,AV-2025-002272,CRC,201996932.21,2025-12-20,VIGENTE
2026-04,CR-002271,AV-2025-002272,CRC,199762974.4,2025-12-28,VIGENTE
2026-03,CR-002272,AV-2024-002273,CRC,221503917.54,2024-12-15,VIGENTE
2026-04,CR-002272,AV-2024-002273,CRC,220519109.74,2025-01-08,VIGENTE
2026-03,CR-002273,AV-2025-002274,USD,233133.42,2025-07-25,VIGENTE
2026-04,CR-002273,AV-2025-002274,USD,232430.76,2025-07-11,VIGENTE
2026-03,CR-002274,AV-2025-002275,CRC,982032112.14,2025-08-24,VIGENTE
2026-04,CR-002274,AV-2025-002275,CRC,971791142.31,2025-09-13,VIGENTE
2026-03,CR-002275,AV-2025-002276,CRC,37373427.37,2026-01-11,VIGENTE
2026-04,CR-002275,AV-2025-002276,CRC,36961485.87,2026-01-01,VIGENTE
2026-03,CR-002276,AV-2026-002277,USD,572713.75,2026-03-17,VIGENTE
2026-04,CR-002276,AV-2026-002277,USD,568242.16,2026-03-25,VIGENTE
2026-03,CR-002277,AV-2025-002278,CRC,71962418.69,2026-01-13,VIGENTE
2026-04,CR-002277,AV-2025-002278,CRC,71525586.32,2026-01-09,VIGENTE
2026-03,CR-002278,AV-2025-002279,USD,821875.3,2025-04-25,VIGENTE
2026-04,CR-002278,AV-2025-002279,USD,818239.35,2025-05-09,VIGENTE
2026-03,CR-002280,AV-2025-002281,CRC,191667524.92,2025-07-25,VIGENTE
2026-04,CR-002280,AV-2025-002281,CRC,190283753.62,2025-07-06,VIGENTE
2026-03,CR-002281,AV-2025-002282,CRC,323554801.11,2025-09-22,VIGENTE
2026-04,CR-002281,AV-2025-002282,CRC,320876419.7,2025-08-29,VIGENTE
2026-03,CR-002282,AV-2026-002283,USD,141207.34,2026-01-29,VIGENTE
2026-04,CR-002282,AV-2026-002283,USD,140764.04,2026-02-20,VIGENTE
2026-03,CR-002283,AV-2024-002284,USD,368335.74,2024-07-26,VIGENTE
2026-04,CR-002283,AV-2024-002284,USD,365335.83,2024-08-03,VIGENTE
2026-03,CR-002284,AV-2025-002285,CRC,236774401.26,2025-08-22,VIGENTE
2026-04,CR-002284,AV-2025-002285,CRC,235488147.34,2025-07-09,VIGENTE
2026-03,CR-002285,AV-2025-002286,CRC,105084970.96,2025-09-18,VIGENTE
2026-04,CR-002285,AV-2025-002286,CRC,103951359.2,2025-09-11,VIGENTE
2026-03,CR-002286,AV-2025-002287,USD,1533376.4,2025-05-08,VIGENTE
2026-04,CR-002286,AV-2025-002287,USD,1527617.92,2025-05-02,VIGENTE
2026-03,CR-002287,AV-2025-002288,USD,264042.84,2025-11-26,VIGENTE
2026-04,CR-002287,AV-2025-002288,USD,263171.16,2025-12-22,VIGENTE
2026-03,CR-002288,AV-2025-002289,CRC,282723257.63,2025-05-10,VIGENTE
2026-04,CR-002288,AV-2025-002289,CRC,280420977.67,2025-04-25,VIGENTE
2026-03,CR-002289,AV-2025-002290,CRC,176419863.43,2025-09-29,VIGENTE
2026-04,CR-002289,AV-2025-002290,CRC,174417168.68,2025-11-20,VIGENTE
2026-03,CR-002290,AV-2025-002291,CRC,756362317.47,2025-11-09,VIGENTE
2026-04,CR-002290,AV-2025-002291,CRC,748283165.83,2025-11-07,VIGENTE
2026-03,CR-002291,AV-2025-002292,CRC,111441033.22,2025-05-15,VIGENTE
2026-04,CR-002291,AV-2025-002292,CRC,110286017.49,2025-05-29,VIGENTE
2026-03,CR-002292,AV-2025-002293,USD,356300.74,2025-12-17,VIGENTE
2026-04,CR-002292,AV-2025-002293,USD,352658.49,2025-10-30,VIGENTE
2026-03,CR-002293,AV-2025-002294,USD,101814.82,2025-07-14,VIGENTE
2026-04,CR-002293,AV-2025-002294,USD,100713.23,2025-07-23,VIGENTE
2026-03,CR-002294,AV-2026-002295,USD,206402.25,2026-03-08,VIGENTE
2026-04,CR-002294,AV-2026-002295,USD,0.0,2026-04-05,CANCELADO
2026-03,CR-002295,AV-2026-002296,CRC,11410179455.3,2026-03-14,VIGENTE
2026-04,CR-002295,AV-2026-002296,CRC,11355578792.49,2026-02-08,VIGENTE
2026-03,CR-002296,AV-2025-002297,CRC,182537844.65,2025-09-16,VIGENTE
2026-04,CR-002296,AV-2025-002297,CRC,181239125.19,2025-10-24,VIGENTE
2026-03,CR-002297,AV-2025-002298,CRC,171083839.48,2025-03-19,VIGENTE
2026-04,CR-002297,AV-2025-002298,CRC,170455409.66,2025-04-06,VIGENTE
2026-03,CR-002298,AV-2024-002299,CRC,3371528162.73,2024-08-22,VIGENTE
2026-04,CR-002298,AV-2024-002299,CRC,3350253637.47,2024-08-25,VIGENTE
2026-03,CR-002299,AV-2025-002300,CRC,344806337.23,2025-11-26,VIGENTE
2026-04,CR-002299,AV-2025-002300,CRC,343227883.2,2025-11-20,VIGENTE
2026-03,CR-002300,AV-2024-002301,CRC,203419485.94,2024-12-19,VIGENTE
2026-04,CR-002300,AV-2024-002301,CRC,201185424.22,2025-01-11,VIGENTE
2026-03,CR-002301,AV-2025-002302,CRC,468641578.07,2026-01-09,VIGENTE
2026-04,CR-002301,AV-2025-002302,CRC,466020105.56,2026-01-30,VIGENTE
2026-03,CR-002303,AV-2024-002304,CRC,45996718.26,2024-10-07,VIGENTE
2026-04,CR-002303,AV-2024-002304,CRC,45630105.57,2024-10-07,VIGENTE
2026-03,CR-002304,AV-2024-002305,CRC,260849042.16,2024-11-20,VIGENTE
2026-04,CR-002304,AV-2024-002305,CRC,259183139.11,2024-12-05,VIGENTE
2026-03,CR-002305,AV-2025-002306,CRC,1242946209.02,2025-07-11,VIGENTE
2026-04,CR-002305,AV-2025-002306,CRC,1237345194.29,2025-07-17,VIGENTE
2026-03,CR-002306,AV-2025-002307,USD,4230899.5,2025-11-05,VIGENTE
2026-04,CR-002306,AV-2025-002307,USD,4196005.93,2025-11-24,VIGENTE
2026-03,CR-002307,AV-2026-002308,CRC,160048519.37,2026-02-18,VIGENTE
2026-04,CR-002307,AV-2026-002308,CRC,0.0,2026-04-01,CANCELADO
2026-03,CR-002308,AV-2025-002309,CRC,495855483.74,2025-12-27,VIGENTE
2026-04,CR-002308,AV-2025-002309,CRC,491621934.78,2025-12-30,VIGENTE
2026-03,CR-002309,AV-2025-002310,CRC,786742346.27,2025-12-26,VIGENTE
2026-04,CR-002309,AV-2025-002310,CRC,784375905.91,2026-02-10,VIGENTE
2026-03,CR-002310,AV-2025-002311,CRC,209152540.43,2025-12-18,VIGENTE
2026-04,CR-002310,AV-2025-002311,CRC,206978626.14,2025-12-01,VIGENTE
2026-03,CR-002312,AV-2025-002313,CRC,92030571.04,2025-08-06,VIGENTE
2026-04,CR-002312,AV-2025-002313,CRC,90969589.1,2025-07-25,VIGENTE
2026-03,CR-002313,AV-2024-002314,USD,196722.72,2024-09-16,VIGENTE
2026-04,CR-002313,AV-2024-002314,USD,195668.4,2024-10-07,VIGENTE
2026-03,CR-002314,AV-2025-002315,USD,4029293.78,2025-09-24,VIGENTE
2026-04,CR-002314,AV-2025-002315,USD,4007243.93,2025-09-04,VIGENTE
2026-03,CR-002315,AV-2026-002316,USD,131402.19,2026-02-01,VIGENTE
2026-04,CR-002315,AV-2026-002316,USD,130787.81,2026-02-21,VIGENTE
2026-03,CR-002316,AV-2025-002317,CRC,56468471.45,2025-06-30,VIGENTE
2026-04,CR-002316,AV-2025-002317,CRC,56162623.21,2025-07-12,VIGENTE
2026-03,CR-002317,AV-2025-002318,USD,195302.86,2025-03-14,VIGENTE
2026-04,CR-002317,AV-2025-002318,USD,193580.78,2025-02-12,VIGENTE
2026-03,CR-002318,AV-2025-002319,CRC,448743541.8,2025-10-27,VIGENTE
2026-04,CR-002318,AV-2025-002319,CRC,443641812.57,2025-09-24,VIGENTE
2026-03,CR-002319,AV-2025-002320,USD,492358.62,2025-05-11,VIGENTE
2026-04,CR-002319,AV-2025-002320,USD,489979.45,2025-05-02,VIGENTE
2026-03,CR-002320,AV-2024-002321,CRC,416910008.12,2024-10-09,VIGENTE
2026-04,CR-002320,AV-2024-002321,CRC,0.0,2024-09-23,CANCELADO
2026-03,CR-002321,AV-2025-002322,CRC,329024588.44,2025-02-05,VIGENTE
2026-04,CR-002321,AV-2025-002322,CRC,325622117.39,2025-02-10,VIGENTE
2026-03,CR-002322,AV-2025-002323,CRC,1659790636.76,2025-08-23,VIGENTE
2026-04,CR-002322,AV-2025-002323,CRC,1652326554.37,2025-07-22,VIGENTE
2026-03,CR-002324,AV-2025-002325,CRC,99412881.95,2025-03-20,VIGENTE
2026-04,CR-002324,AV-2025-002325,CRC,98548379.79,2025-02-05,VIGENTE
2026-03,CR-002325,AV-2026-002326,USD,323921.99,2026-02-24,VIGENTE
2026-04,CR-002325,AV-2026-002326,USD,322831.31,2026-04-01,VIGENTE
2026-03,CR-002328,AV-2025-002329,CRC,12526061294.93,2025-07-23,VIGENTE
2026-04,CR-002328,AV-2025-002329,CRC,12378357255.06,2025-06-24,VIGENTE
2026-03,CR-002329,AV-2025-002330,CRC,1288364929.93,2025-04-30,VIGENTE
2026-04,CR-002329,AV-2025-002330,CRC,1277169590.02,2025-04-06,VIGENTE
2026-03,CR-002330,AV-2024-002331,CRC,686250916.01,2024-06-14,VIGENTE
2026-04,CR-002330,AV-2024-002331,CRC,680397408.45,2024-06-11,VIGENTE
2026-03,CR-002331,AV-2024-002332,CRC,1067782954.99,2024-07-29,VIGENTE
2026-04,CR-002331,AV-2024-002332,CRC,1060688938.79,2024-08-04,VIGENTE
2026-03,CR-002332,AV-2025-002333,CRC,410586973.04,2025-04-05,VIGENTE
2026-04,CR-002332,AV-2025-002333,CRC,405905964.21,2025-04-02,VIGENTE
2026-03,CR-002333,AV-2025-002334,CRC,82598293.28,2025-12-17,VIGENTE
2026-04,CR-002333,AV-2025-002334,CRC,0.0,2025-12-16,CANCELADO
2026-03,CR-002335,AV-2025-002336,CRC,79186432.31,2025-07-20,VIGENTE
2026-04,CR-002335,AV-2025-002336,CRC,78417423.52,2025-06-30,VIGENTE
2026-03,CR-002336,AV-2024-002337,USD,866930.36,2024-06-28,VIGENTE
2026-04,CR-002336,AV-2024-002337,USD,861859.22,2024-06-22,VIGENTE
2026-03,CR-002337,AV-2026-002338,USD,497030.78,2026-04-25,VIGENTE
2026-04,CR-002337,AV-2026-002338,USD,494564.65,2026-03-13,VIGENTE
2026-03,CR-002338,AV-2025-002339,USD,11385760.13,2025-03-26,VIGENTE
2026-04,CR-002338,AV-2025-002339,USD,11328694.79,2025-03-14,VIGENTE
2026-03,CR-002340,AV-2025-002341,CRC,24418294.22,2025-12-17,VIGENTE
2026-04,CR-002340,AV-2025-002341,CRC,24153921.21,2025-12-07,VIGENTE
2026-03,CR-002342,AV-2026-002343,USD,12476264.02,2026-04-11,VIGENTE
2026-04,CR-002342,AV-2026-002343,USD,12369938.76,2026-02-20,VIGENTE
2026-03,CR-002343,AV-2025-002344,CRC,328760968.18,2025-05-23,VIGENTE
2026-04,CR-002343,AV-2025-002344,CRC,327545655.79,2025-04-24,VIGENTE
2026-03,CR-002344,AV-2025-002345,CRC,136312982.7,2025-05-24,VIGENTE
2026-04,CR-002344,AV-2025-002345,CRC,135640562.86,2025-05-24,VIGENTE
2026-03,CR-002345,AV-2025-002346,CRC,14147190975.88,2025-10-07,VIGENTE
2026-04,CR-002345,AV-2025-002346,CRC,14024341382.34,2025-10-24,VIGENTE
2026-03,CR-002346,AV-2024-002347,CRC,417976824.17,2024-11-06,VIGENTE
2026-04,CR-002346,AV-2024-002347,CRC,416055326.18,2024-11-04,VIGENTE
2026-03,CR-002347,AV-2025-002348,CRC,1672852365.97,2025-06-15,VIGENTE
2026-04,CR-002347,AV-2025-002348,CRC,1660399574.43,2025-05-29,VIGENTE
2026-03,CR-002349,AV-2024-002350,CRC,332452179.98,2024-12-22,VIGENTE
2026-04,CR-002349,AV-2024-002350,CRC,329972831.06,2024-12-14,VIGENTE
2026-03,CR-002350,AV-2025-002351,CRC,631248187.51,2025-06-08,VIGENTE
2026-04,CR-002350,AV-2025-002351,CRC,628546849.02,2025-05-01,VIGENTE
2026-03,CR-002352,AV-2025-002353,USD,1501177.63,2025-04-25,VIGENTE
2026-04,CR-002352,AV-2025-002353,USD,1493639.12,2025-04-12,VIGENTE
2026-03,CR-002353,AV-2025-002354,CRC,168081257.52,2025-12-30,VIGENTE
2026-04,CR-002353,AV-2025-002354,CRC,167444245.01,2026-01-30,VIGENTE
2026-03,CR-002354,AV-2025-002355,USD,403090.6,2025-02-17,VIGENTE
2026-04,CR-002354,AV-2025-002355,USD,400938.75,2025-02-21,VIGENTE
2026-03,CR-002355,AV-2025-002356,CRC,268672779.72,2025-05-29,VIGENTE
2026-04,CR-002355,AV-2025-002356,CRC,267060571.09,2025-05-11,VIGENTE
2026-03,CR-002359,AV-2024-002360,CRC,1323907236.8,2025-01-17,VIGENTE
2026-04,CR-002359,AV-2024-002360,CRC,1308866761.79,2025-01-30,VIGENTE
2026-03,CR-002360,AV-2025-002361,USD,3326165.81,2025-09-25,VIGENTE
2026-04,CR-002360,AV-2025-002361,USD,3303233.59,2025-11-11,VIGENTE
2026-03,CR-002361,AV-2024-002362,CRC,65225397.9,2024-11-23,VIGENTE
2026-04,CR-002361,AV-2024-002362,CRC,64918248.71,2024-11-09,VIGENTE
2026-03,CR-002362,AV-2025-002363,USD,11332748.64,2025-06-06,VIGENTE
2026-04,CR-002362,AV-2025-002363,USD,11210568.58,2025-05-29,VIGENTE
2026-03,CR-002363,AV-2025-002364,CRC,4283879.53,2025-05-06,VIGENTE
2026-04,CR-002363,AV-2025-002364,CRC,4262537.16,2025-04-27,VIGENTE
2026-03,CR-002364,AV-2025-002365,USD,129821.36,2025-08-16,VIGENTE
2026-04,CR-002364,AV-2025-002365,USD,128894.88,2025-09-06,VIGENTE
2026-03,CR-002365,AV-2024-002366,CRC,77447769.43,2025-01-04,VIGENTE
2026-04,CR-002365,AV-2024-002366,CRC,0.0,2025-01-11,CANCELADO
2026-03,CR-002366,AV-2026-002367,CRC,352746027.84,2026-03-28,VIGENTE
2026-04,CR-002366,AV-2026-002367,CRC,351565149.44,2026-04-15,VIGENTE
2026-03,CR-002367,AV-2025-002368,USD,276848.77,2026-01-22,VIGENTE
2026-04,CR-002367,AV-2025-002368,USD,0.0,2026-02-21,CANCELADO
2026-03,CR-002369,AV-2025-002370,CRC,289713763.13,2025-07-31,VIGENTE
2026-04,CR-002369,AV-2025-002370,CRC,286511122.09,2025-08-31,VIGENTE
2026-03,CR-002370,AV-2026-002371,USD,390174.12,2026-01-26,VIGENTE
2026-04,CR-002370,AV-2026-002371,USD,385752.54,2026-02-11,VIGENTE
2026-03,CR-002371,AV-2025-002372,CRC,659622233.87,2025-10-16,VIGENTE
2026-04,CR-002371,AV-2025-002372,CRC,653485747.03,2025-10-24,VIGENTE
2026-03,CR-002373,AV-2025-002374,CRC,1447312347.36,2025-12-29,VIGENTE
2026-04,CR-002373,AV-2025-002374,CRC,1431247676.74,2025-11-17,VIGENTE
2026-03,CR-002374,AV-2025-002375,CRC,98438926.16,2025-02-20,VIGENTE
2026-04,CR-002374,AV-2025-002375,CRC,97701646.36,2025-02-12,VIGENTE
2026-03,CR-002375,AV-2025-002376,CRC,224440675.95,2025-08-29,VIGENTE
2026-04,CR-002375,AV-2025-002376,CRC,223543227.09,2025-09-11,VIGENTE
2026-03,CR-002376,AV-2025-002377,USD,386159.89,2025-02-07,VIGENTE
2026-04,CR-002376,AV-2025-002377,USD,383898.65,2025-02-23,VIGENTE
2026-03,CR-002377,AV-2025-002378,CRC,473834752.96,2025-08-13,VIGENTE
2026-04,CR-002377,AV-2025-002378,CRC,471027821.68,2025-07-31,VIGENTE
2026-03,CR-002379,AV-2025-002380,CRC,498523580.84,2025-12-31,VIGENTE
2026-04,CR-002379,AV-2025-002380,CRC,493882976.0,2026-01-17,VIGENTE
2026-03,CR-002380,AV-2025-002381,CRC,99277514.03,2026-01-05,VIGENTE
2026-04,CR-002380,AV-2025-002381,CRC,98127079.1,2025-12-10,VIGENTE
2026-03,CR-002381,AV-2025-002382,CRC,207622267.25,2025-06-21,VIGENTE
2026-04,CR-002381,AV-2025-002382,CRC,205693691.48,2025-07-12,VIGENTE
2026-03,CR-002382,AV-2024-002383,USD,329262.67,2025-01-15,VIGENTE
2026-04,CR-002382,AV-2024-002383,USD,326748.68,2024-12-03,VIGENTE
2026-03,CR-002383,AV-2024-002384,CRC,769415428.8,2024-11-16,VIGENTE
2026-04,CR-002383,AV-2024-002384,CRC,765644699.24,2024-12-03,VIGENTE
2026-03,CR-002384,AV-2025-002385,USD,113251.71,2025-09-23,VIGENTE
2026-04,CR-002384,AV-2025-002385,USD,112599.42,2025-10-30,VIGENTE
2026-03,CR-002385,AV-2025-002386,USD,2056412.69,2025-09-03,VIGENTE
2026-04,CR-002385,AV-2025-002386,USD,2042906.19,2025-08-08,VIGENTE
2026-03,CR-002387,AV-2024-002388,CRC,5068788459.45,2024-12-12,VIGENTE
2026-04,CR-002387,AV-2024-002388,CRC,5039318584.58,2025-01-10,VIGENTE
2026-03,CR-002390,AV-2025-002391,CRC,172774635.58,2025-11-09,VIGENTE
2026-04,CR-002390,AV-2025-002391,CRC,171266845.59,2025-11-13,VIGENTE
2026-03,CR-002391,AV-2025-002392,USD,261074.09,2025-11-09,VIGENTE
2026-04,CR-002391,AV-2025-002392,USD,258332.93,2025-11-28,VIGENTE
2026-03,CR-002392,AV-2025-002393,USD,1044239.52,2025-03-02,VIGENTE
2026-04,CR-002392,AV-2025-002393,USD,1040557.46,2025-03-05,VIGENTE
2026-03,CR-002393,AV-2025-002394,CRC,713838366.49,2025-05-26,VIGENTE
2026-04,CR-002393,AV-2025-002394,CRC,710519233.31,2025-05-15,VIGENTE
2026-03,CR-002394,AV-2024-002395,CRC,5837711703.93,2024-12-26,VIGENTE
2026-04,CR-002394,AV-2024-002395,CRC,5809181755.28,2024-12-21,VIGENTE
2026-03,CR-002395,AV-2025-002396,USD,367756.66,2025-09-28,VIGENTE
2026-04,CR-002395,AV-2025-002396,USD,364654.28,2025-08-30,VIGENTE
2026-03,CR-002396,AV-2025-002397,CRC,154612239.96,2025-06-16,VIGENTE
2026-04,CR-002396,AV-2025-002397,CRC,152876121.82,2025-06-07,VIGENTE
2026-03,CR-002397,AV-2025-002398,USD,789404.49,2025-03-21,VIGENTE
2026-04,CR-002397,AV-2025-002398,USD,781652.66,2025-04-18,VIGENTE
2026-03,CR-002398,AV-2025-002399,CRC,482838568.08,2026-01-06,VIGENTE
2026-04,CR-002398,AV-2025-002399,CRC,478028295.62,2026-01-03,VIGENTE
2026-03,CR-002399,AV-2025-002400,CRC,664551165.11,2025-09-13,VIGENTE
2026-04,CR-002399,AV-2025-002400,CRC,660661512.88,2025-08-28,VIGENTE
2026-03,CR-002400,AV-2026-002401,USD,133225.26,2026-02-04,VIGENTE
2026-04,CR-002400,AV-2026-002401,USD,132050.01,2026-03-26,VIGENTE
2026-03,CR-002401,AV-2025-002402,CRC,94197653.09,2026-02-18,VIGENTE
2026-04,CR-002401,AV-2025-002402,CRC,93351272.67,2026-02-06,VIGENTE
2026-03,CR-002402,AV-2025-002403,CRC,248559883.63,2025-10-10,VIGENTE
2026-04,CR-002402,AV-2025-002403,CRC,246517628.26,2025-11-08,VIGENTE
2026-03,CR-002403,AV-2024-002404,CRC,366687995.06,2024-09-09,VIGENTE
2026-04,CR-002403,AV-2024-002404,CRC,364973941.61,2024-07-26,VIGENTE
2026-03,CR-002404,AV-2025-002405,CRC,160172782.59,2025-08-01,VIGENTE
2026-04,CR-002404,AV-2025-002405,CRC,158723410.29,2025-07-09,VIGENTE
2026-03,CR-002405,AV-2025-002406,CRC,231025273.05,2026-02-19,VIGENTE
2026-04,CR-002405,AV-2025-002406,CRC,228715955.0,2026-02-15,VIGENTE
2026-03,CR-002406,AV-2024-002407,CRC,538231020.9,2024-06-06,VIGENTE
2026-04,CR-002406,AV-2024-002407,CRC,536563947.25,2024-06-17,VIGENTE
2026-03,CR-002407,AV-2025-002408,CRC,1775137336.53,2026-01-29,VIGENTE
2026-04,CR-002407,AV-2025-002408,CRC,1763449184.97,2026-02-09,VIGENTE
2026-03,CR-002408,AV-2025-002409,CRC,283676642.11,2026-02-09,VIGENTE
2026-04,CR-002408,AV-2025-002409,CRC,281830770.67,2026-02-19,VIGENTE
2026-03,CR-002409,AV-2025-002410,CRC,360479950.07,2026-01-05,VIGENTE
2026-04,CR-002409,AV-2025-002410,CRC,357708759.06,2025-12-21,VIGENTE
2026-03,CR-002411,AV-2026-002412,USD,7847722.97,2026-03-19,VIGENTE
2026-04,CR-002411,AV-2026-002412,USD,7759689.16,2026-04-03,VIGENTE
2026-03,CR-002412,AV-2025-002413,USD,774938.02,2025-05-07,VIGENTE
2026-04,CR-002412,AV-2025-002413,USD,768243.37,2025-05-07,VIGENTE
2026-03,CR-002413,AV-2025-002414,USD,120635.06,2025-10-17,VIGENTE
2026-04,CR-002413,AV-2025-002414,USD,119846.16,2025-10-27,VIGENTE
2026-03,CR-002414,AV-2025-002415,CRC,209537826.52,2025-10-11,VIGENTE
2026-04,CR-002414,AV-2025-002415,CRC,207949175.39,2025-10-23,VIGENTE
2026-03,CR-002415,AV-2025-002416,CRC,334704480.81,2025-04-08,VIGENTE
2026-04,CR-002415,AV-2025-002416,CRC,332337497.32,2025-05-03,VIGENTE
2026-03,CR-002416,AV-2025-002417,CRC,45465798.98,2025-03-10,VIGENTE
2026-04,CR-002416,AV-2025-002417,CRC,44947683.02,2025-02-18,VIGENTE
2026-03,CR-002417,AV-2025-002418,CRC,111752725.08,2025-08-31,VIGENTE
2026-04,CR-002417,AV-2025-002418,CRC,111320759.1,2025-07-19,VIGENTE
2026-03,CR-002418,AV-2025-002419,CRC,121650285.48,2025-03-23,VIGENTE
2026-04,CR-002418,AV-2025-002419,CRC,120819013.74,2025-03-26,VIGENTE
2026-03,CR-002419,AV-2025-002420,CRC,260403656.01,2026-01-05,VIGENTE
2026-04,CR-002419,AV-2025-002420,CRC,257891808.97,2026-01-12,VIGENTE
2026-03,CR-002420,AV-2025-002421,USD,1869907.64,2025-11-17,VIGENTE
2026-04,CR-002420,AV-2025-002421,USD,1863250.1,2025-12-13,VIGENTE
2026-03,CR-002421,AV-2024-002422,CRC,819665589.87,2024-08-27,VIGENTE
2026-04,CR-002421,AV-2024-002422,CRC,817060835.92,2024-08-10,VIGENTE
2026-03,CR-002422,AV-2026-002423,CRC,216427081.2,2026-03-06,VIGENTE
2026-04,CR-002422,AV-2026-002423,CRC,214145694.98,2026-01-12,VIGENTE
2026-03,CR-002424,AV-2026-002425,CRC,2730729443.48,2026-04-06,VIGENTE
2026-04,CR-002424,AV-2026-002425,CRC,2698201705.79,2026-04-09,VIGENTE
2026-03,CR-002425,AV-2026-002426,CRC,149317200.63,2026-03-11,VIGENTE
2026-04,CR-002425,AV-2026-002426,CRC,147796858.22,2026-03-08,VIGENTE
2026-03,CR-002426,AV-2024-002427,USD,240043.54,2024-06-15,VIGENTE
2026-04,CR-002426,AV-2024-002427,USD,239221.51,2024-07-11,VIGENTE
2026-03,CR-002427,AV-2024-002428,CRC,88416606.62,2024-10-17,VIGENTE
2026-04,CR-002427,AV-2024-002428,CRC,87806719.91,2024-10-25,VIGENTE
2026-03,CR-002429,AV-2025-002430,CRC,400403487.2,2025-05-19,VIGENTE
2026-04,CR-002429,AV-2025-002430,CRC,397918531.1,2025-06-21,VIGENTE
2026-03,CR-002430,AV-2025-002431,CRC,40356731.84,2025-07-04,VIGENTE
2026-04,CR-002430,AV-2025-002431,CRC,40046908.62,2025-07-03,VIGENTE
2026-03,CR-002431,AV-2025-002432,USD,702027.09,2025-11-15,VIGENTE
2026-04,CR-002431,AV-2025-002432,USD,699898.19,2025-12-25,VIGENTE
2026-03,CR-002432,AV-2025-002433,USD,248942.8,2025-04-24,VIGENTE
2026-04,CR-002432,AV-2025-002433,USD,247438.7,2025-03-31,VIGENTE
2026-03,CR-002433,AV-2024-002434,USD,45928.74,2024-09-03,VIGENTE
2026-04,CR-002433,AV-2024-002434,USD,45436.04,2024-10-12,VIGENTE
2026-03,CR-002434,AV-2025-002435,CRC,324450601.9,2026-01-11,VIGENTE
2026-04,CR-002434,AV-2025-002435,CRC,323027818.38,2026-01-01,VIGENTE
2026-03,CR-002435,AV-2025-002436,CRC,98526990.14,2025-12-29,VIGENTE
2026-04,CR-002435,AV-2025-002436,CRC,98195432.96,2025-12-26,VIGENTE
2026-03,CR-002436,AV-2025-002437,CRC,717767597.5,2025-08-12,VIGENTE
2026-04,CR-002436,AV-2025-002437,CRC,714757953.01,2025-09-25,VIGENTE
2026-03,CR-002437,AV-2025-002438,CRC,23821111.22,2025-02-16,VIGENTE
2026-04,CR-002437,AV-2025-002438,CRC,23666799.84,2025-01-30,VIGENTE
2026-03,CR-002438,AV-2026-002439,USD,324072.53,2026-04-15,VIGENTE
2026-04,CR-002438,AV-2026-002439,USD,320626.14,2026-04-11,VIGENTE
2026-03,CR-002439,AV-2025-002440,CRC,35649957.57,2025-07-08,VIGENTE
2026-04,CR-002439,AV-2025-002440,CRC,35439002.45,2025-06-15,VIGENTE
2026-03,CR-002441,AV-2025-002442,USD,240782.71,2025-12-19,VIGENTE
2026-04,CR-002441,AV-2025-002442,USD,239152.68,2025-11-07,VIGENTE
2026-03,CR-002442,AV-2025-002443,CRC,329114954.15,2025-05-19,VIGENTE
2026-04,CR-002442,AV-2025-002443,CRC,327931864.39,2025-06-21,VIGENTE
2026-03,CR-002443,AV-2025-002444,CRC,107897741.59,2026-01-03,VIGENTE
2026-04,CR-002443,AV-2025-002444,CRC,107553422.7,2025-12-20,VIGENTE
2026-03,CR-002444,AV-2025-002445,USD,4957791.45,2026-01-31,VIGENTE
2026-04,CR-002444,AV-2025-002445,USD,4907328.85,2026-02-15,VIGENTE
2026-03,CR-002445,AV-2024-002446,USD,1362637.61,2024-11-29,VIGENTE
2026-04,CR-002445,AV-2024-002446,USD,1348650.32,2024-12-25,VIGENTE
2026-03,CR-002450,AV-2025-002451,CRC,386069926.2,2025-11-21,VIGENTE
2026-04,CR-002450,AV-2025-002451,CRC,382639758.02,2025-12-17,VIGENTE
2026-03,CR-002452,AV-2025-002453,CRC,166003965.13,2025-08-27,VIGENTE
2026-04,CR-002452,AV-2025-002453,CRC,165447740.14,2025-08-10,VIGENTE
2026-03,CR-002454,AV-2024-002455,USD,4797941.18,2024-11-19,VIGENTE
2026-04,CR-002454,AV-2024-002455,USD,0.0,2024-11-24,CANCELADO
2026-03,CR-002456,AV-2025-002457,USD,213525.35,2025-08-06,VIGENTE
2026-04,CR-002456,AV-2025-002457,USD,211950.72,2025-08-25,VIGENTE
2026-03,CR-002457,AV-2025-002458,USD,225620.41,2025-07-08,VIGENTE
2026-04,CR-002457,AV-2025-002458,USD,223237.42,2025-06-30,VIGENTE
2026-03,CR-002458,AV-2025-002459,USD,122285.99,2026-01-15,VIGENTE
2026-04,CR-002458,AV-2025-002459,USD,121735.27,2025-12-18,VIGENTE
2026-03,CR-002459,AV-2025-002460,CRC,196626661.0,2025-11-03,VIGENTE
2026-04,CR-002459,AV-2025-002460,CRC,195647917.75,2025-10-07,VIGENTE
2026-03,CR-002460,AV-2025-002461,USD,289908.45,2025-03-11,VIGENTE
2026-04,CR-002460,AV-2025-002461,USD,286626.41,2025-03-31,VIGENTE
2026-03,CR-002461,AV-2025-002462,CRC,287576843.87,2026-01-30,VIGENTE
2026-04,CR-002461,AV-2025-002462,CRC,284650769.62,2026-02-11,VIGENTE
2026-03,CR-002462,AV-2025-002463,CRC,29415374.25,2025-11-26,VIGENTE
2026-04,CR-002462,AV-2025-002463,CRC,29149707.03,2025-12-31,VIGENTE
2026-03,CR-002463,AV-2025-002464,CRC,405845711.26,2026-03-01,VIGENTE
2026-04,CR-002463,AV-2025-002464,CRC,401804730.28,2026-02-15,VIGENTE
2026-03,CR-002464,AV-2025-002465,CRC,164658141.76,2025-05-17,VIGENTE
2026-04,CR-002464,AV-2025-002465,CRC,163880654.59,2025-05-28,VIGENTE
2026-03,CR-002465,AV-2025-002466,CRC,201848762.0,2025-09-02,VIGENTE
2026-04,CR-002465,AV-2025-002466,CRC,199717592.14,2025-09-10,VIGENTE
2026-03,CR-002466,AV-2025-002467,CRC,118066940.82,2025-04-03,VIGENTE
2026-04,CR-002466,AV-2025-002467,CRC,117078122.14,2025-03-16,VIGENTE
2026-03,CR-002467,AV-2025-002468,CRC,291975435.45,2025-07-01,VIGENTE
2026-04,CR-002467,AV-2025-002468,CRC,288974240.72,2025-07-22,VIGENTE
2026-03,CR-002468,AV-2024-002469,USD,284535.47,2024-10-20,VIGENTE
2026-04,CR-002468,AV-2024-002469,USD,283662.24,2024-11-05,VIGENTE
2026-03,CR-002469,AV-2025-002470,CRC,285362072.25,2025-05-13,VIGENTE
2026-04,CR-002469,AV-2025-002470,CRC,0.0,2025-04-18,CANCELADO
2026-03,CR-002470,AV-2026-002471,CRC,175957670.49,2026-03-23,VIGENTE
2026-04,CR-002470,AV-2026-002471,CRC,175383799.61,2026-03-08,VIGENTE
2026-03,CR-002471,AV-2026-002472,CRC,265853000.45,2026-02-19,VIGENTE
2026-04,CR-002471,AV-2026-002472,CRC,263118667.73,2026-02-02,VIGENTE
2026-03,CR-002472,AV-2024-002473,CRC,59170055.56,2025-01-07,VIGENTE
2026-04,CR-002472,AV-2024-002473,CRC,58884480.45,2025-01-27,VIGENTE
2026-03,CR-002474,AV-2025-002475,USD,394818.85,2025-06-13,VIGENTE
2026-04,CR-002474,AV-2025-002475,USD,392553.73,2025-06-05,VIGENTE
2026-03,CR-002475,AV-2025-002476,CRC,144286157.69,2025-07-27,VIGENTE
2026-04,CR-002475,AV-2025-002476,CRC,143607472.98,2025-07-16,VIGENTE
2026-03,CR-002477,AV-2025-002478,CRC,358982006.05,2025-07-06,VIGENTE
2026-04,CR-002477,AV-2025-002478,CRC,357829853.07,2025-07-19,VIGENTE
2026-03,CR-002478,AV-2025-002479,CRC,142440315.09,2025-03-09,VIGENTE
2026-04,CR-002478,AV-2025-002479,CRC,140801060.54,2025-03-03,VIGENTE
2026-03,CR-002479,AV-2025-002480,CRC,1818366547.72,2025-12-31,VIGENTE
2026-04,CR-002479,AV-2025-002480,CRC,1802061866.62,2026-01-28,VIGENTE
2026-03,CR-002481,AV-2025-002482,USD,183512.9,2025-05-14,VIGENTE
2026-04,CR-002481,AV-2025-002482,USD,182807.98,2025-04-25,VIGENTE
2026-03,CR-002482,AV-2024-002483,USD,97035.83,2024-09-03,VIGENTE
2026-04,CR-002482,AV-2024-002483,USD,96381.96,2024-09-22,VIGENTE
2026-03,CR-002483,AV-2024-002484,USD,668664.08,2024-05-19,VIGENTE
2026-04,CR-002483,AV-2024-002484,USD,660808.3,2024-06-09,VIGENTE
2026-03,CR-002484,AV-2025-002485,CRC,781549015.56,2025-08-22,VIGENTE
2026-04,CR-002484,AV-2025-002485,CRC,776058381.53,2025-08-14,VIGENTE
2026-03,CR-002485,AV-2026-002486,CRC,267796135.24,2026-02-22,VIGENTE
2026-04,CR-002485,AV-2026-002486,CRC,0.0,2026-03-01,CANCELADO
2026-03,CR-002487,AV-2026-002488,CRC,97559009.55,2026-04-12,VIGENTE
2026-04,CR-002487,AV-2026-002488,CRC,96440960.92,2026-04-24,VIGENTE
2026-03,CR-002489,AV-2024-002490,CRC,2389431651.03,2025-02-03,VIGENTE
2026-04,CR-002489,AV-2024-002490,CRC,2370256435.0,2025-01-07,VIGENTE
2026-03,CR-002490,AV-2024-002491,CRC,382404884.43,2025-01-18,VIGENTE
2026-04,CR-002490,AV-2024-002491,CRC,378924065.39,2024-12-22,VIGENTE
2026-03,CR-002491,AV-2025-002492,CRC,299541441.91,2025-11-09,VIGENTE
2026-04,CR-002491,AV-2025-002492,CRC,298466270.13,2025-10-10,VIGENTE
2026-03,CR-002492,AV-2025-002493,USD,176123.41,2025-11-24,VIGENTE
2026-04,CR-002492,AV-2025-002493,USD,175568.54,2025-12-08,VIGENTE
2026-03,CR-002493,AV-2025-002494,CRC,160471060.35,2025-08-28,VIGENTE
2026-04,CR-002493,AV-2025-002494,CRC,159544334.27,2025-09-27,VIGENTE
2026-03,CR-002494,AV-2025-002495,USD,85996.33,2025-09-22,VIGENTE
2026-04,CR-002494,AV-2025-002495,USD,0.0,2025-08-15,CANCELADO
2026-03,CR-002495,AV-2024-002496,USD,203078.39,2024-11-22,VIGENTE
2026-04,CR-002495,AV-2024-002496,USD,200820.96,2024-11-23,VIGENTE
2026-03,CR-002496,AV-2025-002497,CRC,194024366.92,2025-05-17,VIGENTE
2026-04,CR-002496,AV-2025-002497,CRC,192179153.57,2025-05-18,VIGENTE
2026-03,CR-002497,AV-2025-002498,CRC,134634594.21,2025-03-16,VIGENTE
2026-04,CR-002497,AV-2025-002498,CRC,133508575.33,2025-04-10,VIGENTE
2026-03,CR-002498,AV-2025-002499,CRC,7335843502.17,2025-10-15,VIGENTE
2026-04,CR-002498,AV-2025-002499,CRC,7273886912.74,2025-11-19,VIGENTE
2026-03,CR-002499,AV-2025-002500,CRC,186142438.12,2026-01-12,VIGENTE
2026-04,CR-002499,AV-2025-002500,CRC,184981307.3,2025-12-24,VIGENTE
2026-03,CR-002501,AV-2025-002502,USD,219374.1,2025-08-17,VIGENTE
2026-04,CR-002501,AV-2025-002502,USD,218192.74,2025-09-20,VIGENTE
2026-03,CR-002502,AV-2025-002503,CRC,221925167.55,2025-11-03,VIGENTE
2026-04,CR-002502,AV-2025-002503,CRC,0.0,2025-11-18,CANCELADO
2026-03,CR-002503,AV-2025-002504,CRC,281223418.07,2025-12-12,VIGENTE
2026-04,CR-002503,AV-2025-002504,CRC,280238280.64,2025-11-17,VIGENTE
2026-03,CR-002504,AV-2025-002505,USD,373089.59,2025-11-04,VIGENTE
2026-04,CR-002504,AV-2025-002505,USD,369321.46,2025-10-28,VIGENTE
2026-03,CR-002506,AV-2024-002507,CRC,149635478.67,2025-01-14,VIGENTE
2026-04,CR-002506,AV-2024-002507,CRC,148164547.11,2024-12-30,VIGENTE
2026-03,CR-002507,AV-2025-002508,CRC,305994479.16,2025-05-23,VIGENTE
2026-04,CR-002507,AV-2025-002508,CRC,304896630.02,2025-04-18,VIGENTE
2026-03,CR-002508,AV-2024-002509,CRC,216595739.79,2025-01-10,VIGENTE
2026-04,CR-002508,AV-2024-002509,CRC,215071817.41,2025-01-01,VIGENTE
2026-03,CR-002509,AV-2025-002510,CRC,236388416.01,2025-05-16,VIGENTE
2026-04,CR-002509,AV-2025-002510,CRC,233891955.69,2025-05-06,VIGENTE
2026-03,CR-002510,AV-2025-002511,USD,222622.03,2025-06-05,VIGENTE
2026-04,CR-002510,AV-2025-002511,USD,221649.92,2025-05-29,VIGENTE
2026-03,CR-002511,AV-2025-002512,USD,167209.4,2026-02-02,VIGENTE
2026-04,CR-002511,AV-2025-002512,USD,165982.17,2026-01-19,VIGENTE
2026-03,CR-002512,AV-2025-002513,CRC,351518078.77,2025-08-06,VIGENTE
2026-04,CR-002512,AV-2025-002513,CRC,349128787.71,2025-09-15,VIGENTE
2026-03,CR-002515,AV-2025-002516,CRC,335091932.21,2025-06-22,VIGENTE
2026-04,CR-002515,AV-2025-002516,CRC,332817609.83,2025-05-30,VIGENTE
2026-03,CR-002516,AV-2024-002517,USD,217022.07,2024-12-04,VIGENTE
2026-04,CR-002516,AV-2024-002517,USD,215382.73,2024-11-04,VIGENTE
2026-03,CR-002517,AV-2024-002518,CRC,471317939.41,2024-10-20,VIGENTE
2026-04,CR-002517,AV-2024-002518,CRC,467703678.67,2024-10-23,VIGENTE
2026-03,CR-002519,AV-2025-002520,CRC,565422229.1,2025-11-10,VIGENTE
2026-04,CR-002519,AV-2025-002520,CRC,562220570.41,2025-10-31,VIGENTE
2026-03,CR-002520,AV-2024-002521,USD,2628253.67,2024-11-25,VIGENTE
2026-04,CR-002520,AV-2024-002521,USD,2607568.36,2024-11-17,VIGENTE
2026-03,CR-002521,AV-2025-002522,USD,10114418.45,2025-08-04,VIGENTE
2026-04,CR-002521,AV-2025-002522,USD,10055377.83,2025-06-30,VIGENTE
2026-03,CR-002522,AV-2025-002523,USD,226517.66,2025-09-24,VIGENTE
2026-04,CR-002522,AV-2025-002523,USD,223946.88,2025-08-27,VIGENTE
2026-03,CR-002523,AV-2025-002524,CRC,1225869770.29,2025-12-05,VIGENTE
2026-04,CR-002523,AV-2025-002524,CRC,1219618888.99,2025-11-28,VIGENTE
2026-03,CR-002524,AV-2025-002525,USD,285303.87,2025-11-23,VIGENTE
2026-04,CR-002524,AV-2025-002525,USD,283572.05,2025-11-26,VIGENTE
2026-03,CR-002525,AV-2024-002526,CRC,381758820.45,2024-09-17,VIGENTE
2026-04,CR-002525,AV-2024-002526,CRC,377220119.21,2024-10-13,VIGENTE
2026-03,CR-002526,AV-2026-002527,CRC,259414046.61,2026-03-07,VIGENTE
2026-04,CR-002526,AV-2026-002527,CRC,257771442.93,2026-02-27,VIGENTE
2026-03,CR-002527,AV-2025-002528,CRC,3428394448.34,2025-09-13,VIGENTE
2026-04,CR-002527,AV-2025-002528,CRC,0.0,2025-09-06,CANCELADO
2026-03,CR-002528,AV-2025-002529,CRC,488732775.19,2025-03-26,VIGENTE
2026-04,CR-002528,AV-2025-002529,CRC,484472740.57,2025-04-13,VIGENTE
2026-03,CR-002529,AV-2024-002530,CRC,281041481.04,2024-08-15,VIGENTE
2026-04,CR-002529,AV-2024-002530,CRC,279367144.39,2024-09-02,VIGENTE
2026-03,CR-002530,AV-2024-002531,CRC,547804925.24,2024-12-28,VIGENTE
2026-04,CR-002530,AV-2024-002531,CRC,543370564.69,2024-12-31,VIGENTE
2026-03,CR-002531,AV-2025-002532,CRC,2687718772.81,2025-12-23,VIGENTE
2026-04,CR-002531,AV-2025-002532,CRC,2658205781.37,2026-01-01,VIGENTE
2026-03,CR-002532,AV-2025-002533,USD,486179.92,2025-05-19,VIGENTE
2026-04,CR-002532,AV-2025-002533,USD,480816.23,2025-06-25,VIGENTE
2026-03,CR-002533,AV-2024-002534,USD,5542950.45,2024-12-12,VIGENTE
2026-04,CR-002533,AV-2024-002534,USD,5504653.42,2025-01-18,VIGENTE
2026-03,CR-002535,AV-2025-002536,CRC,173365497.98,2025-11-17,VIGENTE
2026-04,CR-002535,AV-2025-002536,CRC,0.0,2025-11-10,CANCELADO
2026-03,CR-002536,AV-2024-002537,CRC,5431190927.68,2024-07-02,VIGENTE
2026-04,CR-002536,AV-2024-002537,CRC,5401781181.24,2024-07-11,VIGENTE
2026-03,CR-002537,AV-2025-002538,CRC,798470122.59,2025-12-19,VIGENTE
2026-04,CR-002537,AV-2025-002538,CRC,795188517.72,2026-01-23,VIGENTE
2026-03,CR-002538,AV-2025-002539,CRC,240830006.11,2025-10-30,VIGENTE
2026-04,CR-002538,AV-2025-002539,CRC,239619050.49,2025-11-10,VIGENTE
2026-03,CR-002539,AV-2025-002540,CRC,38758766.26,2025-05-05,VIGENTE
2026-04,CR-002539,AV-2025-002540,CRC,38419686.88,2025-05-11,VIGENTE
2026-03,CR-002542,AV-2025-002543,CRC,419958861.63,2026-01-25,VIGENTE
2026-04,CR-002542,AV-2025-002543,CRC,418432468.5,2026-01-04,VIGENTE
2026-03,CR-002543,AV-2025-002544,CRC,44776656.47,2026-02-19,VIGENTE
2026-04,CR-002543,AV-2025-002544,CRC,44612344.81,2026-01-16,VIGENTE
2026-03,CR-002544,AV-2025-002545,CRC,73635457.12,2025-11-14,VIGENTE
2026-04,CR-002544,AV-2025-002545,CRC,73168600.69,2025-10-09,VIGENTE
2026-03,CR-002545,AV-2026-002546,CRC,128531974.59,2026-04-02,VIGENTE
2026-04,CR-002545,AV-2026-002546,CRC,127214951.08,2026-03-30,VIGENTE
2026-03,CR-002547,AV-2025-002548,USD,3659891.37,2025-03-29,VIGENTE
2026-04,CR-002547,AV-2025-002548,USD,3618015.91,2025-04-12,VIGENTE
2026-03,CR-002548,AV-2025-002549,CRC,123140702.45,2026-01-27,VIGENTE
2026-04,CR-002548,AV-2025-002549,CRC,122739751.43,2026-01-08,VIGENTE
2026-03,CR-002550,AV-2026-002551,CRC,63214795.2,2026-03-16,VIGENTE
2026-04,CR-002550,AV-2026-002551,CRC,62798434.17,2026-01-31,VIGENTE
2026-03,CR-002553,AV-2025-002554,CRC,82347005.16,2025-08-14,VIGENTE
2026-04,CR-002553,AV-2025-002554,CRC,81502199.99,2025-07-28,VIGENTE
2026-03,CR-002554,AV-2024-002555,CRC,175432472.33,2024-05-31,VIGENTE
2026-04,CR-002554,AV-2024-002555,CRC,0.0,2024-07-04,CANCELADO
2026-03,CR-002555,AV-2025-002556,CRC,233406208.08,2025-08-11,VIGENTE
2026-04,CR-002555,AV-2025-002556,CRC,232119739.74,2025-06-23,VIGENTE
2026-03,CR-002556,AV-2025-002557,CRC,10565868.25,2025-07-17,VIGENTE
2026-04,CR-002556,AV-2025-002557,CRC,10476871.42,2025-05-28,VIGENTE
2026-03,CR-002557,AV-2025-002558,USD,574032.01,2025-07-29,VIGENTE
2026-04,CR-002557,AV-2025-002558,USD,568444.16,2025-09-08,VIGENTE
2026-03,CR-002558,AV-2025-002559,USD,7830617.58,2025-12-21,VIGENTE
2026-04,CR-002558,AV-2025-002559,USD,7742518.98,2026-01-26,VIGENTE
2026-03,CR-002559,AV-2025-002560,USD,355165.69,2025-02-02,VIGENTE
2026-04,CR-002559,AV-2025-002560,USD,352228.18,2025-02-03,VIGENTE
2026-03,CR-002560,AV-2025-002561,CRC,98432878.79,2025-04-24,VIGENTE
2026-04,CR-002560,AV-2025-002561,CRC,97403916.13,2025-05-07,VIGENTE
2026-03,CR-002562,AV-2025-002563,CRC,162884865.77,2025-06-15,VIGENTE
2026-04,CR-002562,AV-2025-002563,CRC,161004674.27,2025-04-29,VIGENTE
2026-03,CR-002564,AV-2025-002565,USD,458914.49,2025-07-21,VIGENTE
2026-04,CR-002564,AV-2025-002565,USD,454949.64,2025-08-03,VIGENTE
2026-03,CR-002565,AV-2026-002566,CRC,621937284.06,2026-02-12,VIGENTE
2026-04,CR-002565,AV-2026-002566,CRC,620011551.84,2026-02-21,VIGENTE
2026-03,CR-002566,AV-2025-002567,USD,99341.27,2025-11-27,VIGENTE
2026-04,CR-002566,AV-2025-002567,USD,98288.78,2025-11-20,VIGENTE
2026-03,CR-002567,AV-2024-002568,USD,521734.45,2024-08-02,VIGENTE
2026-04,CR-002567,AV-2024-002568,USD,516565.62,2024-09-20,VIGENTE
2026-03,CR-002568,AV-2025-002569,CRC,1747827996.42,2025-03-12,VIGENTE
2026-04,CR-002568,AV-2025-002569,CRC,1738604224.27,2025-04-08,VIGENTE
2026-03,CR-002569,AV-2024-002570,USD,388748.33,2024-10-16,VIGENTE
2026-04,CR-002569,AV-2024-002570,USD,385798.05,2024-09-11,VIGENTE
2026-03,CR-002570,AV-2025-002571,USD,57898567.57,2025-04-03,VIGENTE
2026-04,CR-002570,AV-2025-002571,USD,57310237.1,2025-04-06,VIGENTE
2026-03,CR-002571,AV-2024-002572,CRC,246910195.35,2024-12-01,VIGENTE
2026-04,CR-002571,AV-2024-002572,CRC,244871589.73,2024-11-23,VIGENTE
2026-03,CR-002572,AV-2025-002573,CRC,93718539.23,2025-04-13,VIGENTE
2026-04,CR-002572,AV-2025-002573,CRC,93237521.83,2025-05-04,VIGENTE
2026-03,CR-002573,AV-2025-002574,USD,433431.52,2025-06-02,VIGENTE
2026-04,CR-002573,AV-2025-002574,USD,429731.22,2025-05-27,VIGENTE
2026-03,CR-002575,AV-2025-002576,CRC,113503884.73,2025-02-26,VIGENTE
2026-04,CR-002575,AV-2025-002576,CRC,112435050.06,2025-01-28,VIGENTE
2026-03,CR-002576,AV-2024-002577,CRC,1642782289.79,2024-05-16,VIGENTE
2026-04,CR-002576,AV-2024-002577,CRC,1624119518.85,2024-05-25,VIGENTE
2026-03,CR-002577,AV-2025-002578,CRC,621089217.39,2025-11-05,VIGENTE
2026-04,CR-002577,AV-2025-002578,CRC,614337490.0,2025-12-05,VIGENTE
2026-03,CR-002578,AV-2025-002579,CRC,6747889538.21,2025-02-22,VIGENTE
2026-04,CR-002578,AV-2025-002579,CRC,6694623723.08,2025-03-18,VIGENTE
2026-03,CR-002579,AV-2024-002580,CRC,60555848.93,2025-01-08,VIGENTE
2026-04,CR-002579,AV-2024-002580,CRC,60019519.41,2025-02-02,VIGENTE
2026-03,CR-002581,AV-2026-002582,CRC,2197391737.07,2026-03-08,VIGENTE
2026-04,CR-002581,AV-2026-002582,CRC,2189686272.76,2026-03-20,VIGENTE
2026-03,CR-002582,AV-2025-002583,USD,156294.19,2025-12-10,VIGENTE
2026-04,CR-002582,AV-2025-002583,USD,155541.99,2025-11-19,VIGENTE
2026-03,CR-002583,AV-2025-002584,CRC,448893745.03,2025-12-14,VIGENTE
2026-04,CR-002583,AV-2025-002584,CRC,444038695.6,2025-12-28,VIGENTE
2026-03,CR-002584,AV-2025-002585,CRC,6126813186.12,2025-07-22,VIGENTE
2026-04,CR-002584,AV-2025-002585,CRC,6065112263.84,2025-07-06,VIGENTE
2026-03,CR-002585,AV-2024-002586,CRC,149866591.64,2024-09-12,VIGENTE
2026-04,CR-002585,AV-2024-002586,CRC,148922819.99,2024-10-07,VIGENTE
2026-03,CR-002587,AV-2025-002588,CRC,170539319.19,2025-02-28,VIGENTE
2026-04,CR-002587,AV-2025-002588,CRC,169125392.38,2025-01-25,VIGENTE
2026-03,CR-002588,AV-2025-002589,CRC,166566642.17,2025-03-18,VIGENTE
2026-04,CR-002588,AV-2025-002589,CRC,164714649.69,2025-04-05,VIGENTE
2026-03,CR-002589,AV-2025-002590,USD,337978.6,2025-04-01,VIGENTE
2026-04,CR-002589,AV-2025-002590,USD,334508.94,2025-03-31,VIGENTE
2026-03,CR-002590,AV-2025-002591,CRC,169238967.84,2025-11-30,VIGENTE
2026-04,CR-002590,AV-2025-002591,CRC,168181618.8,2025-11-10,VIGENTE
2026-03,CR-002593,AV-2025-002594,USD,181373.59,2025-04-12,VIGENTE
2026-04,CR-002593,AV-2025-002594,USD,180315.89,2025-03-21,VIGENTE
2026-03,CR-002594,AV-2025-002595,CRC,423547213.78,2025-11-12,VIGENTE
2026-04,CR-002594,AV-2025-002595,CRC,420343100.25,2025-11-23,VIGENTE
2026-03,CR-002595,AV-2025-002596,CRC,219351118.09,2025-11-15,VIGENTE
2026-04,CR-002595,AV-2025-002596,CRC,218066864.48,2025-11-09,VIGENTE
2026-03,CR-002596,AV-2025-002597,USD,88119.78,2025-07-06,VIGENTE
2026-04,CR-002596,AV-2025-002597,USD,87188.74,2025-06-04,VIGENTE
2026-03,CR-002597,AV-2024-002598,CRC,601759551.69,2024-08-15,VIGENTE
2026-04,CR-002597,AV-2024-002598,CRC,597512530.9,2024-08-22,VIGENTE
2026-03,CR-002598,AV-2025-002599,CRC,298362491.78,2025-04-22,VIGENTE
2026-04,CR-002598,AV-2025-002599,CRC,295764014.67,2025-06-07,VIGENTE
2026-03,CR-002599,AV-2026-002600,CRC,18715275.41,2026-02-20,VIGENTE
2026-04,CR-002599,AV-2026-002600,CRC,18642717.17,2026-02-08,VIGENTE
2026-03,CR-002600,AV-2024-002601,CRC,4506676796.47,2024-11-18,VIGENTE
2026-04,CR-002600,AV-2024-002601,CRC,0.0,2024-11-25,CANCELADO
2026-03,CR-002602,AV-2024-002603,CRC,2211926089.93,2024-10-22,VIGENTE
2026-04,CR-002602,AV-2024-002603,CRC,2203206985.95,2024-10-03,VIGENTE
2026-03,CR-002603,AV-2025-002604,CRC,86792351.79,2025-06-07,VIGENTE
2026-04,CR-002603,AV-2025-002604,CRC,85914733.61,2025-07-10,VIGENTE
2026-03,CR-002604,AV-2026-002605,CRC,4620132541.17,2026-02-13,VIGENTE
2026-04,CR-002604,AV-2026-002605,CRC,4577292766.2,2026-01-22,VIGENTE
2026-03,CR-002605,AV-2025-002606,USD,185421.13,2025-07-10,VIGENTE
2026-04,CR-002605,AV-2025-002606,USD,184503.22,2025-06-11,VIGENTE
2026-03,CR-002606,AV-2024-002607,CRC,469307406.41,2024-08-06,VIGENTE
2026-04,CR-002606,AV-2024-002607,CRC,465552327.71,2024-09-04,VIGENTE
2026-03,CR-002608,AV-2025-002609,CRC,120804119.06,2025-05-29,VIGENTE
2026-04,CR-002608,AV-2025-002609,CRC,0.0,2025-05-14,CANCELADO
2026-03,CR-002609,AV-2025-002610,CRC,447456841.58,2025-03-09,VIGENTE
2026-04,CR-002609,AV-2025-002610,CRC,443512468.28,2025-04-18,VIGENTE
2026-03,CR-002611,AV-2025-002612,CRC,345030291.8,2025-11-22,VIGENTE
2026-04,CR-002611,AV-2025-002612,CRC,341437754.44,2025-11-28,VIGENTE
2026-03,CR-002612,AV-2025-002613,CRC,273160694.86,2026-01-11,VIGENTE
2026-04,CR-002612,AV-2025-002613,CRC,271217350.29,2026-01-05,VIGENTE
2026-03,CR-002613,AV-2025-002614,USD,120490.15,2025-05-27,VIGENTE
2026-04,CR-002613,AV-2025-002614,USD,119923.76,2025-05-11,VIGENTE
2026-03,CR-002614,AV-2025-002615,CRC,89332461.04,2025-02-23,VIGENTE
2026-04,CR-002614,AV-2025-002615,CRC,88630137.34,2025-02-27,VIGENTE
2026-03,CR-002615,AV-2026-002616,CRC,440451607.39,2026-02-02,VIGENTE
2026-04,CR-002615,AV-2026-002616,CRC,436836290.19,2026-01-30,VIGENTE
2026-03,CR-002617,AV-2025-002618,CRC,242410765.44,2025-10-26,VIGENTE
2026-04,CR-002617,AV-2025-002618,CRC,240232251.63,2025-10-29,VIGENTE
2026-03,CR-002618,AV-2024-002619,USD,290077.58,2024-10-12,VIGENTE
2026-04,CR-002618,AV-2024-002619,USD,288089.69,2024-10-19,VIGENTE
2026-03,CR-002619,AV-2024-002620,CRC,385136695.59,2024-06-13,VIGENTE
2026-04,CR-002619,AV-2024-002620,CRC,383280005.73,2024-05-05,VIGENTE
2026-03,CR-002620,AV-2025-002621,USD,6081833.74,2025-12-20,VIGENTE
2026-04,CR-002620,AV-2025-002621,USD,6020636.37,2026-01-01,VIGENTE
2026-03,CR-002621,AV-2024-002622,CRC,2004126169.16,2024-12-12,VIGENTE
2026-04,CR-002621,AV-2024-002622,CRC,1993594414.47,2024-12-06,VIGENTE
2026-03,CR-002622,AV-2024-002623,CRC,95914009.14,2024-09-25,VIGENTE
2026-04,CR-002622,AV-2024-002623,CRC,95204041.24,2024-09-01,VIGENTE
2026-03,CR-002624,AV-2024-002625,USD,293738.96,2024-11-27,VIGENTE
2026-04,CR-002624,AV-2024-002625,USD,290364.66,2024-11-23,VIGENTE
2026-03,CR-002625,AV-2026-002626,CRC,385435164.33,2026-03-24,VIGENTE
2026-04,CR-002625,AV-2026-002626,CRC,382762085.5,2026-03-26,VIGENTE
2026-03,CR-002626,AV-2024-002627,USD,2072480.87,2024-12-20,VIGENTE
2026-04,CR-002626,AV-2024-002627,USD,2061904.48,2025-01-06,VIGENTE
2026-03,CR-002627,AV-2024-002628,CRC,355750549.34,2025-01-03,VIGENTE
2026-04,CR-002627,AV-2024-002628,CRC,353448593.9,2024-12-30,VIGENTE
2026-03,CR-002629,AV-2024-002630,USD,205481.46,2025-01-24,VIGENTE
2026-04,CR-002629,AV-2024-002630,USD,203849.11,2025-02-15,VIGENTE
2026-03,CR-002630,AV-2025-002631,USD,187348.0,2025-11-20,VIGENTE
2026-04,CR-002630,AV-2025-002631,USD,185691.84,2025-12-10,VIGENTE
2026-03,CR-002632,AV-2025-002633,CRC,402812231.4,2025-07-10,VIGENTE
2026-04,CR-002632,AV-2025-002633,CRC,399520611.54,2025-07-06,VIGENTE
2026-03,CR-002633,AV-2024-002634,USD,166450.3,2025-02-17,VIGENTE
2026-04,CR-002633,AV-2024-002634,USD,164853.93,2025-01-03,VIGENTE
2026-03,CR-002635,AV-2025-002636,CRC,304444353.73,2025-07-27,VIGENTE
2026-04,CR-002635,AV-2025-002636,CRC,302367778.8,2025-06-30,VIGENTE
2026-03,CR-002636,AV-2025-002637,USD,271874.84,2025-11-15,VIGENTE
2026-04,CR-002636,AV-2025-002637,USD,270389.83,2025-12-11,VIGENTE
2026-03,CR-002637,AV-2024-002638,CRC,1191811133.17,2024-10-19,VIGENTE
2026-04,CR-002637,AV-2024-002638,CRC,1180215052.5,2024-10-30,VIGENTE
2026-03,CR-002639,AV-2024-002640,CRC,95048449.51,2025-01-21,VIGENTE
2026-04,CR-002639,AV-2024-002640,CRC,94123639.14,2025-01-24,VIGENTE
2026-03,CR-002640,AV-2025-002641,USD,198523.99,2025-07-09,VIGENTE
2026-04,CR-002640,AV-2025-002641,USD,196459.84,2025-06-20,VIGENTE
2026-03,CR-002641,AV-2025-002642,CRC,582132782.75,2025-10-13,VIGENTE
2026-04,CR-002641,AV-2025-002642,CRC,577732420.21,2025-11-13,VIGENTE
2026-03,CR-002642,AV-2024-002643,CRC,1106255640.94,2024-08-22,VIGENTE
2026-04,CR-002642,AV-2024-002643,CRC,1095713570.09,2024-08-22,VIGENTE
2026-03,CR-002643,AV-2025-002644,USD,63738.2,2025-05-11,VIGENTE
2026-04,CR-002643,AV-2025-002644,USD,63140.11,2025-04-13,VIGENTE
2026-03,CR-002644,AV-2025-002645,CRC,7661358559.51,2026-02-20,VIGENTE
2026-04,CR-002644,AV-2025-002645,CRC,7613788607.09,2026-01-23,VIGENTE
2026-03,CR-002645,AV-2025-002646,USD,216862.83,2025-11-26,VIGENTE
2026-04,CR-002645,AV-2025-002646,USD,215639.98,2025-11-27,VIGENTE
2026-03,CR-002647,AV-2025-002648,CRC,164347191.09,2026-01-22,VIGENTE
2026-04,CR-002647,AV-2025-002648,CRC,0.0,2026-02-13,CANCELADO
2026-03,CR-002648,AV-2025-002649,CRC,283157953.99,2025-07-29,VIGENTE
2026-04,CR-002648,AV-2025-002649,CRC,280414953.25,2025-08-03,VIGENTE
2026-03,CR-002649,AV-2025-002650,USD,730660.99,2026-02-07,VIGENTE
2026-04,CR-002649,AV-2025-002650,USD,723450.86,2026-01-28,VIGENTE
2026-03,CR-002650,AV-2024-002651,CRC,63660659.58,2024-12-28,VIGENTE
2026-04,CR-002650,AV-2024-002651,CRC,63467993.92,2025-01-07,VIGENTE
2026-03,CR-002653,AV-2025-002654,USD,1110673.21,2025-09-23,VIGENTE
2026-04,CR-002653,AV-2025-002654,USD,1101269.96,2025-09-04,VIGENTE
2026-03,CR-002654,AV-2025-002655,USD,337165.55,2026-01-20,VIGENTE
2026-04,CR-002654,AV-2025-002655,USD,334763.17,2026-01-18,VIGENTE
2026-03,CR-002655,AV-2025-002656,USD,450206.3,2025-06-16,VIGENTE
2026-04,CR-002655,AV-2025-002656,USD,448171.14,2025-06-03,VIGENTE
2026-03,CR-002656,AV-2025-002657,USD,306341.81,2025-07-09,VIGENTE
2026-04,CR-002656,AV-2025-002657,USD,303399.51,2025-06-20,VIGENTE
2026-03,CR-002657,AV-2025-002658,USD,3065761.35,2025-10-14,VIGENTE
2026-04,CR-002657,AV-2025-002658,USD,3042827.47,2025-10-02,VIGENTE
2026-03,CR-002658,AV-2026-002659,USD,2231307.82,2026-03-02,VIGENTE
2026-04,CR-002658,AV-2026-002659,USD,2207783.64,2026-04-08,VIGENTE
2026-03,CR-002659,AV-2025-002660,USD,153159.63,2025-10-13,VIGENTE
2026-04,CR-002659,AV-2025-002660,USD,0.0,2025-10-23,CANCELADO
2026-03,CR-002660,AV-2025-002661,USD,202898.49,2025-10-07,VIGENTE
2026-04,CR-002660,AV-2025-002661,USD,0.0,2025-08-31,CANCELADO
2026-03,CR-002662,AV-2025-002663,CRC,31641546.33,2025-06-15,VIGENTE
2026-04,CR-002662,AV-2025-002663,CRC,31462005.28,2025-05-25,VIGENTE
2026-03,CR-002663,AV-2025-002664,CRC,324541047.85,2025-07-03,VIGENTE
2026-04,CR-002663,AV-2025-002664,CRC,323153266.57,2025-05-24,VIGENTE
2026-03,CR-002664,AV-2025-002665,USD,253599.34,2025-09-10,VIGENTE
2026-04,CR-002664,AV-2025-002665,USD,252541.0,2025-09-07,VIGENTE
2026-03,CR-002665,AV-2025-002666,USD,318226.24,2025-06-12,VIGENTE
2026-04,CR-002665,AV-2025-002666,USD,316043.23,2025-05-17,VIGENTE
2026-03,CR-002667,AV-2025-002668,USD,484874.71,2025-08-16,VIGENTE
2026-04,CR-002667,AV-2025-002668,USD,482327.95,2025-09-01,VIGENTE
2026-03,CR-002668,AV-2025-002669,CRC,213938338.55,2025-08-06,VIGENTE
2026-04,CR-002668,AV-2025-002669,CRC,0.0,2025-07-22,CANCELADO
2026-03,CR-002670,AV-2025-002671,USD,321750.31,2025-06-13,VIGENTE
2026-04,CR-002670,AV-2025-002671,USD,318665.03,2025-06-16,VIGENTE
2026-03,CR-002672,AV-2026-002673,CRC,444103041.12,2026-04-04,VIGENTE
2026-04,CR-002672,AV-2026-002673,CRC,441822375.18,2026-03-11,VIGENTE
2026-03,CR-002673,AV-2025-002674,USD,665457.94,2025-02-12,VIGENTE
2026-04,CR-002673,AV-2025-002674,USD,659597.73,2025-03-15,VIGENTE
2026-03,CR-002674,AV-2025-002675,CRC,172206076.64,2025-12-27,VIGENTE
2026-04,CR-002674,AV-2025-002675,CRC,170545359.17,2026-02-15,VIGENTE
2026-03,CR-002676,AV-2025-002677,CRC,281818080.07,2025-08-12,VIGENTE
2026-04,CR-002676,AV-2025-002677,CRC,278727209.31,2025-09-06,VIGENTE
2026-03,CR-002677,AV-2024-002678,USD,3789264.91,2024-09-02,VIGENTE
2026-04,CR-002677,AV-2024-002678,USD,3764766.13,2024-08-21,VIGENTE
2026-03,CR-002678,AV-2025-002679,CRC,352036359.94,2025-04-30,VIGENTE
2026-04,CR-002678,AV-2025-002679,CRC,350816885.71,2025-04-13,VIGENTE
2026-03,CR-002679,AV-2025-002680,USD,83150.74,2025-12-18,VIGENTE
2026-04,CR-002679,AV-2025-002680,USD,82527.2,2025-11-15,VIGENTE
2026-03,CR-002684,AV-2025-002685,CRC,273927401.33,2026-02-06,VIGENTE
2026-04,CR-002684,AV-2025-002685,CRC,0.0,2026-01-15,CANCELADO
2026-03,CR-002685,AV-2025-002686,USD,7285456.94,2025-05-06,VIGENTE
2026-04,CR-002685,AV-2025-002686,USD,7212055.28,2025-06-15,VIGENTE
2026-03,CR-002686,AV-2025-002687,USD,4158652.28,2025-12-03,VIGENTE
2026-04,CR-002686,AV-2025-002687,USD,4138032.24,2025-12-17,VIGENTE
2026-03,CR-002687,AV-2025-002688,CRC,2847152039.44,2025-12-06,VIGENTE
2026-04,CR-002687,AV-2025-002688,CRC,2832537249.49,2025-11-18,VIGENTE
2026-03,CR-002688,AV-2024-002689,CRC,6159290607.89,2024-10-24,VIGENTE
2026-04,CR-002688,AV-2024-002689,CRC,6116264079.58,2024-09-24,VIGENTE
2026-03,CR-002689,AV-2025-002690,CRC,5681587632.23,2025-07-25,VIGENTE
2026-04,CR-002689,AV-2025-002690,CRC,0.0,2025-08-04,CANCELADO
2026-03,CR-002690,AV-2025-002691,CRC,541951165.4,2025-02-25,VIGENTE
2026-04,CR-002690,AV-2025-002691,CRC,535865779.79,2025-04-18,VIGENTE
2026-03,CR-002691,AV-2025-002692,CRC,364104739.66,2025-04-01,VIGENTE
2026-04,CR-002691,AV-2025-002692,CRC,361158973.48,2025-03-13,VIGENTE
2026-03,CR-002692,AV-2025-002693,CRC,118859020.84,2025-10-09,VIGENTE
2026-04,CR-002692,AV-2025-002693,CRC,117631310.53,2025-09-01,VIGENTE
2026-03,CR-002693,AV-2025-002694,CRC,143929500.57,2026-01-21,VIGENTE
2026-04,CR-002693,AV-2025-002694,CRC,142868092.6,2025-12-05,VIGENTE
2026-03,CR-002694,AV-2025-002695,CRC,3338961312.66,2025-07-03,VIGENTE
2026-04,CR-002694,AV-2025-002695,CRC,3311510760.94,2025-06-28,VIGENTE
2026-03,CR-002695,AV-2024-002696,CRC,300138737.04,2024-08-14,VIGENTE
2026-04,CR-002695,AV-2024-002696,CRC,297556432.3,2024-08-27,VIGENTE
2026-03,CR-002696,AV-2025-002697,USD,7607407.93,2025-07-14,VIGENTE
2026-04,CR-002696,AV-2025-002697,USD,7534481.33,2025-06-10,VIGENTE
2026-03,CR-002697,AV-2024-002698,CRC,292768462.31,2024-09-30,VIGENTE
2026-04,CR-002697,AV-2024-002698,CRC,0.0,2024-10-15,CANCELADO
2026-03,CR-002698,AV-2025-002699,CRC,3038265153.56,2025-11-15,VIGENTE
2026-04,CR-002698,AV-2025-002699,CRC,3021199396.64,2025-10-30,VIGENTE
2026-03,CR-002699,AV-2026-002700,CRC,1736404012.33,2026-04-20,VIGENTE
2026-04,CR-002699,AV-2026-002700,CRC,1724259901.08,2026-04-21,VIGENTE
2026-03,CR-002700,AV-2025-002701,CRC,204610685.56,2025-03-20,VIGENTE
2026-04,CR-002700,AV-2025-002701,CRC,203120475.41,2025-02-20,VIGENTE
2026-03,CR-002701,AV-2025-002702,CRC,217916678.88,2025-12-05,VIGENTE
2026-04,CR-002701,AV-2025-002702,CRC,215697513.25,2026-01-17,VIGENTE
2026-03,CR-002703,AV-2026-002704,CRC,1129207863.27,2026-04-02,VIGENTE
2026-04,CR-002703,AV-2026-002704,CRC,1124934879.03,2026-02-27,VIGENTE
2026-03,CR-002704,AV-2025-002705,CRC,47723459.0,2025-11-09,VIGENTE
2026-04,CR-002704,AV-2025-002705,CRC,47493776.5,2025-11-12,VIGENTE
2026-03,CR-002705,AV-2025-002706,USD,267762.04,2025-11-27,VIGENTE
2026-04,CR-002705,AV-2025-002706,USD,265474.75,2025-11-14,VIGENTE
2026-03,CR-002706,AV-2024-002707,CRC,157785236.83,2024-05-28,VIGENTE
2026-04,CR-002706,AV-2024-002707,CRC,156777973.64,2024-05-31,VIGENTE
2026-03,CR-002708,AV-2026-002709,USD,245933.44,2026-02-14,VIGENTE
2026-04,CR-002708,AV-2026-002709,USD,244283.0,2026-01-29,VIGENTE
2026-03,CR-002709,AV-2025-002710,CRC,83882097.87,2025-12-16,VIGENTE
2026-04,CR-002709,AV-2025-002710,CRC,83586690.54,2026-01-03,VIGENTE
2026-03,CR-002710,AV-2024-002711,USD,51867.81,2024-09-28,VIGENTE
2026-04,CR-002710,AV-2024-002711,USD,51313.17,2024-10-09,VIGENTE
2026-03,CR-002712,AV-2025-002713,USD,1696980.25,2025-04-14,VIGENTE
2026-04,CR-002712,AV-2025-002713,USD,1691540.84,2025-04-04,VIGENTE
2026-03,CR-002714,AV-2026-002715,USD,124924.58,2026-03-06,VIGENTE
2026-04,CR-002714,AV-2026-002715,USD,123936.44,2026-01-30,VIGENTE
2026-03,CR-002715,AV-2024-002716,USD,444523.82,2025-01-13,VIGENTE
2026-04,CR-002715,AV-2024-002716,USD,440296.13,2025-01-28,VIGENTE
2026-03,CR-002716,AV-2024-002717,USD,634330.44,2024-08-21,VIGENTE
2026-04,CR-002716,AV-2024-002717,USD,631880.89,2024-07-29,VIGENTE
2026-03,CR-002717,AV-2025-002718,CRC,126168950.26,2025-09-21,VIGENTE
2026-04,CR-002717,AV-2025-002718,CRC,124790275.2,2025-09-16,VIGENTE
2026-03,CR-002718,AV-2025-002719,CRC,63014359.86,2025-12-12,VIGENTE
2026-04,CR-002718,AV-2025-002719,CRC,62609158.46,2025-12-18,VIGENTE
2026-03,CR-002719,AV-2026-002720,CRC,344598782.0,2026-03-18,VIGENTE
2026-04,CR-002719,AV-2026-002720,CRC,341822608.25,2026-03-26,VIGENTE
2026-03,CR-002720,AV-2025-002721,CRC,135349710.52,2025-09-07,VIGENTE
2026-04,CR-002720,AV-2025-002721,CRC,134506362.77,2025-10-17,VIGENTE
2026-03,CR-002721,AV-2025-002722,USD,190284.27,2025-10-24,VIGENTE
2026-04,CR-002721,AV-2025-002722,USD,188016.49,2025-11-01,VIGENTE
2026-03,CR-002722,AV-2025-002723,CRC,5336122385.21,2025-12-13,VIGENTE
2026-04,CR-002722,AV-2025-002723,CRC,5314207332.8,2026-01-05,VIGENTE
2026-03,CR-002723,AV-2025-002724,USD,2205125.24,2025-12-23,VIGENTE
2026-04,CR-002723,AV-2025-002724,USD,2186587.78,2025-12-28,VIGENTE
2026-03,CR-002725,AV-2025-002726,USD,4179762.04,2025-12-19,VIGENTE
2026-04,CR-002725,AV-2025-002726,USD,4140370.41,2026-01-10,VIGENTE
2026-03,CR-002726,AV-2025-002727,USD,4256948.43,2025-02-06,VIGENTE
2026-04,CR-002726,AV-2025-002727,USD,4241310.92,2025-02-27,VIGENTE
2026-03,CR-002728,AV-2025-002729,CRC,126561641.04,2026-01-27,VIGENTE
2026-04,CR-002728,AV-2025-002729,CRC,125957923.22,2026-01-11,VIGENTE
2026-03,CR-002729,AV-2025-002730,USD,218029.41,2026-02-04,VIGENTE
2026-04,CR-002729,AV-2025-002730,USD,216502.33,2026-01-06,VIGENTE
2026-03,CR-002730,AV-2025-002731,USD,5806195.71,2025-07-20,VIGENTE
2026-04,CR-002730,AV-2025-002731,USD,5741033.55,2025-07-27,VIGENTE
2026-03,CR-002731,AV-2024-002732,USD,1704795.44,2024-10-17,VIGENTE
2026-04,CR-002731,AV-2024-002732,USD,1697971.05,2024-10-19,VIGENTE
2026-03,CR-002732,AV-2025-002733,CRC,308652952.36,2025-02-17,VIGENTE
2026-04,CR-002732,AV-2025-002733,CRC,307318823.54,2025-02-04,VIGENTE
2026-03,CR-002734,AV-2024-002735,CRC,1938666062.41,2025-01-05,VIGENTE
2026-04,CR-002734,AV-2024-002735,CRC,1927270770.42,2025-01-27,VIGENTE
2026-03,CR-002735,AV-2024-002736,CRC,206740528.91,2024-06-13,VIGENTE
2026-04,CR-002735,AV-2024-002736,CRC,205048047.86,2024-07-06,VIGENTE
2026-03,CR-002736,AV-2025-002737,CRC,397377173.64,2025-06-20,VIGENTE
2026-04,CR-002736,AV-2025-002737,CRC,393544278.67,2025-07-16,VIGENTE
2026-03,CR-002737,AV-2025-002738,USD,406023.13,2026-02-01,VIGENTE
2026-04,CR-002737,AV-2025-002738,USD,401206.94,2026-01-04,VIGENTE
2026-03,CR-002739,AV-2024-002740,CRC,318931788.88,2024-08-15,VIGENTE
2026-04,CR-002739,AV-2024-002740,CRC,317253664.34,2024-09-06,VIGENTE
2026-03,CR-002740,AV-2025-002741,USD,303479.13,2025-05-28,VIGENTE
2026-04,CR-002740,AV-2025-002741,USD,302058.55,2025-06-22,VIGENTE
2026-03,CR-002741,AV-2025-002742,CRC,240486790.07,2025-02-12,VIGENTE
2026-04,CR-002741,AV-2025-002742,CRC,238665959.41,2025-02-10,VIGENTE
2026-03,CR-002742,AV-2025-002743,CRC,467124736.24,2025-07-07,VIGENTE
2026-04,CR-002742,AV-2025-002743,CRC,464660351.66,2025-07-25,VIGENTE
2026-03,CR-002743,AV-2025-002744,USD,330670.81,2026-01-09,VIGENTE
2026-04,CR-002743,AV-2025-002744,USD,329326.85,2026-01-09,VIGENTE
2026-03,CR-002744,AV-2024-002745,CRC,4473302060.66,2024-09-23,VIGENTE
2026-04,CR-002744,AV-2024-002745,CRC,4457491795.16,2024-09-11,VIGENTE
2026-03,CR-002745,AV-2026-002746,CRC,330377813.78,2026-02-13,VIGENTE
2026-04,CR-002745,AV-2026-002746,CRC,328924759.26,2026-03-07,VIGENTE
2026-03,CR-002746,AV-2024-002747,CRC,318097695.02,2024-12-27,VIGENTE
2026-04,CR-002746,AV-2024-002747,CRC,316911279.47,2025-02-04,VIGENTE
2026-03,CR-002748,AV-2025-002749,USD,160311.43,2025-04-25,VIGENTE
2026-04,CR-002748,AV-2025-002749,USD,158993.75,2025-03-16,VIGENTE
2026-03,CR-002749,AV-2025-002750,CRC,136491715.62,2026-02-07,VIGENTE
2026-04,CR-002749,AV-2025-002750,CRC,135940691.43,2025-12-30,VIGENTE
2026-03,CR-002750,AV-2025-002751,USD,139256.36,2025-11-11,VIGENTE
2026-04,CR-002750,AV-2025-002751,USD,138382.62,2025-11-16,VIGENTE
2026-03,CR-002751,AV-2025-002752,CRC,773211320.13,2025-12-01,VIGENTE
2026-04,CR-002751,AV-2025-002752,CRC,764379229.52,2025-12-06,VIGENTE
2026-03,CR-002752,AV-2026-002753,CRC,431809681.21,2026-02-07,VIGENTE
2026-04,CR-002752,AV-2026-002753,CRC,427600684.51,2026-01-22,VIGENTE
2026-03,CR-002753,AV-2025-002754,USD,477516.35,2025-11-20,VIGENTE
2026-04,CR-002753,AV-2025-002754,USD,472867.79,2025-11-15,VIGENTE
2026-03,CR-002755,AV-2025-002756,CRC,3053530666.16,2025-09-30,VIGENTE
2026-04,CR-002755,AV-2025-002756,CRC,3035749854.72,2025-11-09,VIGENTE
2026-03,CR-002758,AV-2025-002759,CRC,325453535.05,2025-05-06,VIGENTE
2026-04,CR-002758,AV-2025-002759,CRC,323496466.05,2025-05-31,VIGENTE
2026-03,CR-002759,AV-2025-002760,CRC,170855415.39,2025-05-18,VIGENTE
2026-04,CR-002759,AV-2025-002760,CRC,169475392.0,2025-04-21,VIGENTE
2026-03,CR-002760,AV-2024-002761,CRC,208735816.86,2024-07-22,VIGENTE
2026-04,CR-002760,AV-2024-002761,CRC,207359667.05,2024-08-05,VIGENTE
2026-03,CR-002762,AV-2025-002763,CRC,363532331.25,2025-12-12,VIGENTE
2026-04,CR-002762,AV-2025-002763,CRC,360803782.65,2025-12-11,VIGENTE
2026-03,CR-002763,AV-2025-002764,CRC,435015119.41,2026-01-13,VIGENTE
2026-04,CR-002763,AV-2025-002764,CRC,430813381.24,2026-01-07,VIGENTE
2026-03,CR-002764,AV-2025-002765,CRC,405174981.14,2025-05-26,VIGENTE
2026-04,CR-002764,AV-2025-002765,CRC,402236193.03,2025-05-03,VIGENTE
2026-03,CR-002765,AV-2025-002766,USD,98892.9,2025-07-28,VIGENTE
2026-04,CR-002765,AV-2025-002766,USD,97786.8,2025-08-01,VIGENTE
2026-03,CR-002766,AV-2024-002767,CRC,473030193.05,2025-02-17,VIGENTE
2026-04,CR-002766,AV-2024-002767,CRC,0.0,2025-01-06,CANCELADO
2026-03,CR-002767,AV-2026-002768,CRC,1513574210.67,2026-02-22,VIGENTE
2026-04,CR-002767,AV-2026-002768,CRC,1498885592.24,2026-03-16,VIGENTE
2026-03,CR-002768,AV-2025-002769,USD,5138569.42,2026-02-19,VIGENTE
2026-04,CR-002768,AV-2025-002769,USD,5082300.34,2026-01-10,VIGENTE
2026-03,CR-002769,AV-2025-002770,USD,105864.92,2025-06-29,VIGENTE
2026-04,CR-002769,AV-2025-002770,USD,105078.1,2025-08-03,VIGENTE
2026-03,CR-002770,AV-2024-002771,USD,272412.67,2024-11-19,VIGENTE
2026-04,CR-002770,AV-2024-002771,USD,271135.04,2024-11-21,VIGENTE
2026-03,CR-002771,AV-2025-002772,CRC,181198577.83,2025-04-19,VIGENTE
2026-04,CR-002771,AV-2025-002772,CRC,179561336.92,2025-04-05,VIGENTE
2026-03,CR-002772,AV-2025-002773,USD,2280395.65,2025-05-02,VIGENTE
2026-04,CR-002772,AV-2025-002773,USD,0.0,2025-03-31,CANCELADO
2026-03,CR-002773,AV-2025-002774,CRC,1244725207.55,2025-06-25,VIGENTE
2026-04,CR-002773,AV-2025-002774,CRC,1239618302.67,2025-06-01,VIGENTE
2026-03,CR-002774,AV-2025-002775,CRC,1327487304.48,2025-12-28,VIGENTE
2026-04,CR-002774,AV-2025-002775,CRC,1315628428.06,2025-12-25,VIGENTE
2026-03,CR-002775,AV-2025-002776,USD,131363.33,2025-12-16,VIGENTE
2026-04,CR-002775,AV-2025-002776,USD,130349.46,2025-12-30,VIGENTE
2026-03,CR-002776,AV-2024-002777,CRC,1228501195.99,2024-07-28,VIGENTE
2026-04,CR-002776,AV-2024-002777,CRC,1217336685.44,2024-06-19,VIGENTE
2026-03,CR-002777,AV-2024-002778,CRC,221604388.47,2024-07-10,VIGENTE
2026-04,CR-002777,AV-2024-002778,CRC,218991972.61,2024-06-04,VIGENTE
2026-03,CR-002778,AV-2024-002779,CRC,213334224.68,2024-06-22,VIGENTE
2026-04,CR-002778,AV-2024-002779,CRC,211277883.18,2024-06-23,VIGENTE
2026-03,CR-002779,AV-2025-002780,CRC,125794642.08,2025-05-17,VIGENTE
2026-04,CR-002779,AV-2025-002780,CRC,0.0,2025-06-29,CANCELADO
2026-03,CR-002780,AV-2026-002781,USD,605508.93,2026-02-08,VIGENTE
2026-04,CR-002780,AV-2026-002781,USD,602284.55,2026-03-09,VIGENTE
2026-03,CR-002781,AV-2025-002782,CRC,30392773.62,2025-04-24,VIGENTE
2026-04,CR-002781,AV-2025-002782,CRC,30290240.48,2025-05-02,VIGENTE
2026-03,CR-002783,AV-2025-002784,CRC,47844539.64,2025-05-03,VIGENTE
2026-04,CR-002783,AV-2025-002784,CRC,47638835.73,2025-04-20,VIGENTE
2026-03,CR-002784,AV-2026-002785,CRC,96916554.42,2026-04-03,VIGENTE
2026-04,CR-002784,AV-2026-002785,CRC,95858766.9,2026-03-15,VIGENTE
2026-03,CR-002785,AV-2025-002786,USD,254419.62,2025-03-05,VIGENTE
2026-04,CR-002785,AV-2025-002786,USD,0.0,2025-03-07,CANCELADO
2026-03,CR-002787,AV-2025-002788,CRC,512591671.72,2025-10-24,VIGENTE
2026-04,CR-002787,AV-2025-002788,CRC,510922957.92,2025-10-28,VIGENTE
2026-03,CR-002788,AV-2025-002789,USD,244864.43,2025-07-15,VIGENTE
2026-04,CR-002788,AV-2025-002789,USD,242645.74,2025-06-27,VIGENTE
2026-03,CR-002789,AV-2025-002790,CRC,41632876.13,2025-11-30,VIGENTE
2026-04,CR-002789,AV-2025-002790,CRC,41284501.63,2025-12-08,VIGENTE
2026-03,CR-002790,AV-2025-002791,USD,11195816.24,2025-10-08,VIGENTE
2026-04,CR-002790,AV-2025-002791,USD,11084953.03,2025-09-08,VIGENTE
2026-03,CR-002791,AV-2024-002792,USD,179388.79,2024-12-27,VIGENTE
2026-04,CR-002791,AV-2024-002792,USD,177589.04,2024-12-03,VIGENTE
2026-03,CR-002792,AV-2026-002793,CRC,375967945.88,2026-02-14,VIGENTE
2026-04,CR-002792,AV-2026-002793,CRC,373505323.68,2026-01-24,VIGENTE
2026-03,CR-002793,AV-2025-002794,CRC,1374371209.16,2025-04-29,VIGENTE
2026-04,CR-002793,AV-2025-002794,CRC,1368376624.86,2025-04-17,VIGENTE
2026-03,CR-002795,AV-2025-002796,CRC,202551230.84,2025-05-17,VIGENTE
2026-04,CR-002795,AV-2025-002796,CRC,200921312.9,2025-05-27,VIGENTE
2026-03,CR-002796,AV-2025-002797,CRC,268950830.81,2025-11-29,VIGENTE
2026-04,CR-002796,AV-2025-002797,CRC,267197781.86,2025-12-16,VIGENTE
2026-03,CR-002797,AV-2025-002798,USD,526249.23,2025-11-15,VIGENTE
2026-04,CR-002797,AV-2025-002798,USD,521969.92,2025-10-25,VIGENTE
2026-03,CR-002798,AV-2025-002799,CRC,41147006.65,2025-03-23,VIGENTE
2026-04,CR-002798,AV-2025-002799,CRC,40873697.96,2025-03-18,VIGENTE
2026-03,CR-002799,AV-2025-002800,USD,352496.12,2025-02-16,VIGENTE
2026-04,CR-002799,AV-2025-002800,USD,0.0,2025-02-14,CANCELADO
2026-03,CR-002800,AV-2025-002801,CRC,632493969.65,2025-06-04,VIGENTE
2026-04,CR-002800,AV-2025-002801,CRC,626640426.75,2025-07-09,VIGENTE
2026-03,CR-002802,AV-2024-002803,CRC,302261079.7,2024-12-16,VIGENTE
2026-04,CR-002802,AV-2024-002803,CRC,298717332.24,2024-12-04,VIGENTE
2026-03,CR-002803,AV-2025-002804,CRC,2938474958.34,2025-08-15,VIGENTE
2026-04,CR-002803,AV-2025-002804,CRC,2904728550.69,2025-07-30,VIGENTE
2026-03,CR-002804,AV-2025-002805,CRC,47709573.42,2025-05-10,VIGENTE
2026-04,CR-002804,AV-2025-002805,CRC,47525812.29,2025-06-03,VIGENTE
2026-03,CR-002805,AV-2025-002806,USD,10635553.69,2025-12-05,VIGENTE
2026-04,CR-002805,AV-2025-002806,USD,10508161.2,2025-12-11,VIGENTE
2026-03,CR-002806,AV-2026-002807,USD,151345.62,2026-04-07,VIGENTE
2026-04,CR-002806,AV-2026-002807,USD,149980.46,2026-03-26,VIGENTE
2026-03,CR-002807,AV-2024-002808,CRC,100048418.9,2024-09-29,VIGENTE
2026-04,CR-002807,AV-2024-002808,CRC,99406967.99,2024-09-28,VIGENTE
2026-03,CR-002809,AV-2024-002810,CRC,6618969814.3,2024-06-12,VIGENTE
2026-04,CR-002809,AV-2024-002810,CRC,6567296789.9,2024-05-25,VIGENTE
2026-03,CR-002810,AV-2025-002811,CRC,4246171949.43,2025-04-08,VIGENTE
2026-04,CR-002810,AV-2025-002811,CRC,4230278925.49,2025-04-03,VIGENTE
2026-03,CR-002811,AV-2025-002812,CRC,263859729.47,2025-12-11,VIGENTE
2026-04,CR-002811,AV-2025-002812,CRC,262004298.93,2025-12-09,VIGENTE
2026-03,CR-002813,AV-2024-002814,CRC,306236968.83,2024-11-24,VIGENTE
2026-04,CR-002813,AV-2024-002814,CRC,0.0,2024-11-09,CANCELADO
2026-03,CR-002814,AV-2024-002815,CRC,1400136853.64,2024-07-16,VIGENTE
2026-04,CR-002814,AV-2024-002815,CRC,1390158825.92,2024-08-19,VIGENTE
2026-03,CR-002815,AV-2024-002816,CRC,111693961.37,2024-09-12,VIGENTE
2026-04,CR-002815,AV-2024-002816,CRC,110548602.98,2024-09-09,VIGENTE
2026-03,CR-002816,AV-2025-002817,USD,286407.56,2025-09-02,VIGENTE
2026-04,CR-002816,AV-2025-002817,USD,283675.75,2025-08-13,VIGENTE
2026-03,CR-002817,AV-2025-002818,CRC,4108322450.37,2025-12-28,VIGENTE
2026-04,CR-002817,AV-2025-002818,CRC,4081021617.08,2026-01-12,VIGENTE
2026-03,CR-002819,AV-2025-002820,USD,134269.08,2025-12-10,VIGENTE
2026-04,CR-002819,AV-2025-002820,USD,133762.27,2025-11-13,VIGENTE
2026-03,CR-002820,AV-2025-002821,CRC,288459226.93,2025-07-20,VIGENTE
2026-04,CR-002820,AV-2025-002821,CRC,285062594.36,2025-06-29,VIGENTE
2026-03,CR-002823,AV-2024-002824,USD,2060708.69,2024-12-29,VIGENTE
2026-04,CR-002823,AV-2024-002824,USD,2040015.43,2024-11-23,VIGENTE
2026-03,CR-002824,AV-2025-002825,CRC,487720929.55,2025-07-25,VIGENTE
2026-04,CR-002824,AV-2025-002825,CRC,482155284.71,2025-08-04,VIGENTE
2026-03,CR-002825,AV-2026-002826,USD,78561.04,2026-03-12,VIGENTE
2026-04,CR-002825,AV-2026-002826,USD,0.0,2026-02-17,CANCELADO
2026-03,CR-002827,AV-2024-002828,CRC,250050617.09,2024-11-26,VIGENTE
2026-04,CR-002827,AV-2024-002828,CRC,247660201.53,2024-11-30,VIGENTE
2026-03,CR-002828,AV-2024-002829,USD,1242004.5,2024-12-27,VIGENTE
2026-04,CR-002828,AV-2024-002829,USD,1235499.41,2024-12-26,VIGENTE
2026-03,CR-002830,AV-2025-002831,USD,149782.15,2025-10-19,VIGENTE
2026-04,CR-002830,AV-2025-002831,USD,148344.82,2025-11-18,VIGENTE
2026-03,CR-002831,AV-2025-002832,CRC,313270343.54,2025-12-22,VIGENTE
2026-04,CR-002831,AV-2025-002832,CRC,310812207.26,2025-11-24,VIGENTE
2026-03,CR-002832,AV-2025-002833,CRC,873441533.69,2025-12-28,VIGENTE
2026-04,CR-002832,AV-2025-002833,CRC,869400993.21,2025-12-12,VIGENTE
2026-03,CR-002833,AV-2025-002834,CRC,109409211.87,2025-12-25,VIGENTE
2026-04,CR-002833,AV-2025-002834,CRC,108634779.86,2025-12-12,VIGENTE
2026-03,CR-002834,AV-2025-002835,USD,132780.64,2025-07-18,VIGENTE
2026-04,CR-002834,AV-2025-002835,USD,131364.49,2025-08-06,VIGENTE
2026-03,CR-002835,AV-2025-002836,USD,426547.94,2025-09-29,VIGENTE
2026-04,CR-002835,AV-2025-002836,USD,422938.86,2025-09-29,VIGENTE
2026-03,CR-002837,AV-2025-002838,USD,225768.63,2025-05-09,VIGENTE
2026-04,CR-002837,AV-2025-002838,USD,223257.66,2025-06-01,VIGENTE
2026-03,CR-002838,AV-2024-002839,CRC,55128722.83,2025-01-12,VIGENTE
2026-04,CR-002838,AV-2024-002839,CRC,54490947.36,2024-12-15,VIGENTE
2026-03,CR-002839,AV-2026-002840,CRC,98640822.95,2026-03-18,VIGENTE
2026-04,CR-002839,AV-2026-002840,CRC,97821196.33,2026-03-06,VIGENTE
2026-03,CR-002840,AV-2026-002841,USD,129450.85,2026-02-05,VIGENTE
2026-04,CR-002840,AV-2026-002841,USD,128176.68,2026-01-23,VIGENTE
2026-03,CR-002841,AV-2026-002842,CRC,190555100.45,2026-04-18,VIGENTE
2026-04,CR-002841,AV-2026-002842,CRC,189015067.63,2026-04-18,VIGENTE
2026-03,CR-002842,AV-2024-002843,CRC,362786593.92,2024-07-18,VIGENTE
2026-04,CR-002842,AV-2024-002843,CRC,361128795.67,2024-07-17,VIGENTE
2026-03,CR-002843,AV-2025-002844,USD,1119233.95,2025-10-30,VIGENTE
2026-04,CR-002843,AV-2025-002844,USD,1107869.74,2025-11-21,VIGENTE
2026-03,CR-002844,AV-2025-002845,CRC,156264380.79,2025-07-28,VIGENTE
2026-04,CR-002844,AV-2025-002845,CRC,154474239.99,2025-08-25,VIGENTE
2026-03,CR-002845,AV-2024-002846,CRC,26908753.09,2024-05-25,VIGENTE
2026-04,CR-002845,AV-2024-002846,CRC,26715973.23,2024-06-25,VIGENTE
2026-03,CR-002846,AV-2025-002847,USD,369550.37,2025-10-31,VIGENTE
2026-04,CR-002846,AV-2025-002847,USD,367902.39,2025-10-31,VIGENTE
2026-03,CR-002850,AV-2025-002851,USD,129528.47,2025-04-09,VIGENTE
2026-04,CR-002850,AV-2025-002851,USD,128088.66,2025-05-18,VIGENTE
2026-03,CR-002852,AV-2024-002853,CRC,5665441794.08,2024-08-26,VIGENTE
2026-04,CR-002852,AV-2024-002853,CRC,5638300607.96,2024-08-20,VIGENTE
2026-03,CR-002854,AV-2024-002855,USD,169845.71,2024-12-31,VIGENTE
2026-04,CR-002854,AV-2024-002855,USD,167885.64,2024-12-10,VIGENTE
2026-03,CR-002855,AV-2025-002856,CRC,276822563.21,2025-11-17,VIGENTE
2026-04,CR-002855,AV-2025-002856,CRC,0.0,2025-12-15,CANCELADO
2026-03,CR-002856,AV-2026-002857,CRC,15257403631.88,2026-03-23,VIGENTE
2026-04,CR-002856,AV-2026-002857,CRC,15190238685.24,2026-03-31,VIGENTE
2026-03,CR-002857,AV-2024-002858,CRC,323117579.11,2024-10-21,VIGENTE
2026-04,CR-002857,AV-2024-002858,CRC,320519657.27,2024-11-01,VIGENTE
2026-03,CR-002858,AV-2026-002859,CRC,509279451.6,2026-03-14,VIGENTE
2026-04,CR-002858,AV-2026-002859,CRC,506064115.25,2026-03-10,VIGENTE
2026-03,CR-002860,AV-2025-002861,CRC,259100653.44,2025-04-23,VIGENTE
2026-04,CR-002860,AV-2025-002861,CRC,256761702.87,2025-03-31,VIGENTE
2026-03,CR-002861,AV-2025-002862,CRC,36782439.92,2025-04-15,VIGENTE
2026-04,CR-002861,AV-2025-002862,CRC,36615363.09,2025-04-01,VIGENTE
2026-03,CR-002862,AV-2025-002863,CRC,589353037.8,2025-04-19,VIGENTE
2026-04,CR-002862,AV-2025-002863,CRC,583608023.68,2025-04-28,VIGENTE
2026-03,CR-002863,AV-2024-002864,USD,123432.17,2024-08-21,VIGENTE
2026-04,CR-002863,AV-2024-002864,USD,122932.7,2024-07-26,VIGENTE
2026-03,CR-002864,AV-2025-002865,CRC,66836772.22,2025-08-26,VIGENTE
2026-04,CR-002864,AV-2025-002865,CRC,66205519.44,2025-08-23,VIGENTE
2026-03,CR-002866,AV-2025-002867,CRC,252598861.72,2025-04-12,VIGENTE
2026-04,CR-002866,AV-2025-002867,CRC,250955832.71,2025-04-10,VIGENTE
2026-03,CR-002867,AV-2024-002868,CRC,24453206.38,2025-01-02,VIGENTE
2026-04,CR-002867,AV-2024-002868,CRC,24253008.71,2025-02-16,VIGENTE
2026-03,CR-002868,AV-2025-002869,CRC,152593541.6,2025-05-30,VIGENTE
2026-04,CR-002868,AV-2025-002869,CRC,151879179.57,2025-06-10,VIGENTE
2026-03,CR-002869,AV-2025-002870,USD,7362771.42,2025-02-08,VIGENTE
2026-04,CR-002869,AV-2025-002870,USD,7289346.01,2025-02-22,VIGENTE
2026-03,CR-002870,AV-2025-002871,CRC,361366643.68,2025-03-26,VIGENTE
2026-04,CR-002870,AV-2025-002871,CRC,358943261.47,2025-05-02,VIGENTE
2026-03,CR-002871,AV-2025-002872,CRC,183709951.04,2025-11-11,VIGENTE
2026-04,CR-002871,AV-2025-002872,CRC,182492850.76,2025-12-01,VIGENTE
2026-03,CR-002872,AV-2025-002873,CRC,1185806465.94,2025-10-27,VIGENTE
2026-04,CR-002872,AV-2025-002873,CRC,1180899619.77,2025-11-29,VIGENTE
2026-03,CR-002873,AV-2024-002874,CRC,422521069.29,2024-06-17,VIGENTE
2026-04,CR-002873,AV-2024-002874,CRC,419445990.43,2024-06-18,VIGENTE
2026-03,CR-002875,AV-2025-002876,USD,337794.4,2025-04-24,VIGENTE
2026-04,CR-002875,AV-2025-002876,USD,334707.49,2025-05-18,VIGENTE
2026-03,CR-002876,AV-2025-002877,USD,511037.03,2025-10-04,VIGENTE
2026-04,CR-002876,AV-2025-002877,USD,507745.2,2025-10-08,VIGENTE
2026-03,CR-002878,AV-2025-002879,USD,233915.98,2025-10-20,VIGENTE
2026-04,CR-002878,AV-2025-002879,USD,231525.48,2025-09-28,VIGENTE
2026-03,CR-002879,AV-2025-002880,USD,365477.29,2025-12-21,VIGENTE
2026-04,CR-002879,AV-2025-002880,USD,361493.67,2026-01-03,VIGENTE
2026-03,CR-002881,AV-2025-002882,USD,8211790.43,2026-02-07,VIGENTE
2026-04,CR-002881,AV-2025-002882,USD,8137940.09,2025-12-26,VIGENTE
2026-03,CR-002882,AV-2025-002883,USD,115892.35,2025-02-27,VIGENTE
2026-04,CR-002882,AV-2025-002883,USD,115149.72,2025-03-17,VIGENTE
2026-03,CR-002883,AV-2025-002884,USD,224772.83,2025-11-04,VIGENTE
2026-04,CR-002883,AV-2025-002884,USD,223068.18,2025-11-01,VIGENTE
2026-03,CR-002884,AV-2025-002885,CRC,159345892.84,2025-03-21,VIGENTE
2026-04,CR-002884,AV-2025-002885,CRC,158673495.03,2025-03-19,VIGENTE
2026-03,CR-002885,AV-2025-002886,USD,121277.18,2025-11-22,VIGENTE
2026-04,CR-002885,AV-2025-002886,USD,120519.47,2025-11-27,VIGENTE
2026-03,CR-002886,AV-2025-002887,CRC,813419126.47,2025-10-22,VIGENTE
2026-04,CR-002886,AV-2025-002887,CRC,805873381.07,2025-11-04,VIGENTE
2026-03,CR-002887,AV-2025-002888,CRC,47556486.59,2025-07-10,VIGENTE
2026-04,CR-002887,AV-2025-002888,CRC,0.0,2025-06-13,CANCELADO
2026-03,CR-002888,AV-2026-002889,USD,115386.82,2026-02-13,VIGENTE
2026-04,CR-002888,AV-2026-002889,USD,114202.51,2026-03-04,VIGENTE
2026-03,CR-002889,AV-2025-002890,CRC,1296865448.38,2025-10-30,VIGENTE
2026-04,CR-002889,AV-2025-002890,CRC,1281805135.46,2025-10-15,VIGENTE
2026-03,CR-002890,AV-2024-002891,CRC,2892940357.95,2024-11-05,VIGENTE
2026-04,CR-002890,AV-2024-002891,CRC,2882658386.41,2024-11-04,VIGENTE
2026-03,CR-002892,AV-2025-002893,USD,591534.16,2025-07-08,VIGENTE
2026-04,CR-002892,AV-2025-002893,USD,589599.27,2025-06-26,VIGENTE
2026-03,CR-002893,AV-2025-002894,CRC,86173672.19,2025-02-20,VIGENTE
2026-04,CR-002893,AV-2025-002894,CRC,85365287.05,2025-02-18,VIGENTE
2026-03,CR-002894,AV-2025-002895,CRC,339049210.22,2025-08-19,VIGENTE
2026-04,CR-002894,AV-2025-002895,CRC,335456574.0,2025-09-09,VIGENTE
2026-03,CR-002895,AV-2025-002896,CRC,712101893.45,2025-07-05,VIGENTE
2026-04,CR-002895,AV-2025-002896,CRC,703797597.73,2025-06-12,VIGENTE
2026-03,CR-002896,AV-2025-002897,CRC,398903479.36,2025-08-03,VIGENTE
2026-04,CR-002896,AV-2025-002897,CRC,397290048.46,2025-08-21,VIGENTE
2026-03,CR-002897,AV-2025-002898,CRC,6700594112.2,2025-03-14,VIGENTE
2026-04,CR-002897,AV-2025-002898,CRC,6679927629.96,2025-01-27,VIGENTE
2026-03,CR-002898,AV-2025-002899,CRC,71073832.88,2025-05-18,VIGENTE
2026-04,CR-002898,AV-2025-002899,CRC,70315766.84,2025-05-23,VIGENTE
2026-03,CR-002900,AV-2025-002901,CRC,257233609.33,2025-08-07,VIGENTE
2026-04,CR-002900,AV-2025-002901,CRC,254483417.19,2025-08-11,VIGENTE
2026-03,CR-002901,AV-2024-002902,USD,243074.01,2024-12-29,VIGENTE
2026-04,CR-002901,AV-2024-002902,USD,240207.46,2024-12-27,VIGENTE
2026-03,CR-002902,AV-2024-002903,USD,135722.03,2024-10-27,VIGENTE
2026-04,CR-002902,AV-2024-002903,USD,134783.12,2024-11-17,VIGENTE
2026-03,CR-002903,AV-2025-002904,CRC,588224068.51,2025-06-29,VIGENTE
2026-04,CR-002903,AV-2025-002904,CRC,585768943.67,2025-06-21,VIGENTE
2026-03,CR-002904,AV-2025-002905,USD,1014473.95,2025-04-25,VIGENTE
2026-04,CR-002904,AV-2025-002905,USD,1008917.37,2025-03-21,VIGENTE
2026-03,CR-002905,AV-2025-002906,USD,335685.89,2025-11-01,VIGENTE
2026-04,CR-002905,AV-2025-002906,USD,333851.93,2025-11-19,VIGENTE
2026-03,CR-002906,AV-2025-002907,CRC,139906653.54,2025-10-22,VIGENTE
2026-04,CR-002906,AV-2025-002907,CRC,138418644.06,2025-09-23,VIGENTE
2026-03,CR-002907,AV-2025-002908,CRC,574448792.24,2025-03-14,VIGENTE
2026-04,CR-002907,AV-2025-002908,CRC,569871552.74,2025-03-18,VIGENTE
2026-03,CR-002908,AV-2024-002909,CRC,146071254.75,2024-08-25,VIGENTE
2026-04,CR-002908,AV-2024-002909,CRC,145620388.59,2024-09-01,VIGENTE
2026-03,CR-002909,AV-2026-002910,CRC,536661808.87,2026-03-01,VIGENTE
2026-04,CR-002909,AV-2026-002910,CRC,533325156.33,2026-02-05,VIGENTE
2026-03,CR-002910,AV-2025-002911,USD,145296.08,2025-10-21,VIGENTE
2026-04,CR-002910,AV-2025-002911,USD,143555.07,2025-10-22,VIGENTE
2026-03,CR-002911,AV-2024-002912,CRC,388011410.82,2024-06-10,VIGENTE
2026-04,CR-002911,AV-2024-002912,CRC,383960810.35,2024-05-12,VIGENTE
2026-03,CR-002913,AV-2025-002914,CRC,39175805.59,2025-06-27,VIGENTE
2026-04,CR-002913,AV-2025-002914,CRC,38975586.17,2025-07-16,VIGENTE
2026-03,CR-002914,AV-2026-002915,CRC,405045185.08,2026-03-26,VIGENTE
2026-04,CR-002914,AV-2026-002915,CRC,401786670.33,2026-04-05,VIGENTE
2026-03,CR-002915,AV-2025-002916,CRC,29327841.03,2025-02-15,VIGENTE
2026-04,CR-002915,AV-2025-002916,CRC,28986375.58,2025-01-26,VIGENTE
2026-03,CR-002916,AV-2025-002917,USD,628174.53,2025-10-12,VIGENTE
2026-04,CR-002916,AV-2025-002917,USD,625135.11,2025-10-15,VIGENTE
2026-03,CR-002918,AV-2024-002919,USD,212820.61,2024-12-03,VIGENTE
2026-04,CR-002918,AV-2024-002919,USD,212088.82,2024-12-03,VIGENTE
2026-03,CR-002919,AV-2026-002920,CRC,240123171.35,2026-04-02,VIGENTE
2026-04,CR-002919,AV-2026-002920,CRC,238779216.28,2026-04-18,VIGENTE
2026-03,CR-002920,AV-2025-002921,CRC,1587387034.24,2026-01-15,VIGENTE
2026-04,CR-002920,AV-2025-002921,CRC,1571674068.98,2026-01-24,VIGENTE
2026-03,CR-002922,AV-2024-002923,USD,261848.67,2024-07-27,VIGENTE
2026-04,CR-002922,AV-2024-002923,USD,260764.42,2024-07-27,VIGENTE
2026-03,CR-002923,AV-2025-002924,USD,104610.42,2025-10-16,VIGENTE
2026-04,CR-002923,AV-2025-002924,USD,104163.89,2025-10-19,VIGENTE
2026-03,CR-002924,AV-2025-002925,USD,2891916.27,2025-08-15,VIGENTE
2026-04,CR-002924,AV-2025-002925,USD,2862792.22,2025-08-23,VIGENTE
2026-03,CR-002925,AV-2025-002926,CRC,1633666116.45,2025-11-19,VIGENTE
2026-04,CR-002925,AV-2025-002926,CRC,1618297247.99,2025-10-02,VIGENTE
2026-03,CR-002928,AV-2024-002929,USD,5958531.16,2024-07-25,VIGENTE
2026-04,CR-002928,AV-2024-002929,USD,5932074.05,2024-07-20,VIGENTE
2026-03,CR-002929,AV-2025-002930,USD,118210.97,2025-02-18,VIGENTE
2026-04,CR-002929,AV-2025-002930,USD,117045.62,2025-02-09,VIGENTE
2026-03,CR-002930,AV-2025-002931,USD,362690.52,2025-05-22,VIGENTE
2026-04,CR-002930,AV-2025-002931,USD,360240.25,2025-06-27,VIGENTE
2026-03,CR-002932,AV-2025-002933,USD,495295.61,2025-04-10,VIGENTE
2026-04,CR-002932,AV-2025-002933,USD,492623.17,2025-04-03,VIGENTE
2026-03,CR-002935,AV-2025-002936,USD,135448.3,2026-02-15,VIGENTE
2026-04,CR-002935,AV-2025-002936,USD,134362.87,2026-01-07,VIGENTE
2026-03,CR-002936,AV-2024-002937,CRC,306744482.01,2024-12-12,VIGENTE
2026-04,CR-002936,AV-2024-002937,CRC,305170926.77,2025-01-04,VIGENTE
2026-03,CR-002937,AV-2025-002938,USD,5265380.79,2026-02-05,VIGENTE
2026-04,CR-002937,AV-2025-002938,USD,5241322.44,2026-01-07,VIGENTE
2026-03,CR-002939,AV-2024-002940,USD,6679679.9,2025-01-05,VIGENTE
2026-04,CR-002939,AV-2024-002940,USD,6643348.04,2025-01-19,VIGENTE
2026-03,CR-002940,AV-2025-002941,CRC,175223761.07,2025-05-03,VIGENTE
2026-04,CR-002940,AV-2025-002941,CRC,174111844.68,2025-05-13,VIGENTE
2026-03,CR-002941,AV-2025-002942,CRC,467129116.58,2025-12-27,VIGENTE
2026-04,CR-002941,AV-2025-002942,CRC,465366820.56,2025-11-27,VIGENTE
2026-03,CR-002942,AV-2025-002943,CRC,222575151.82,2025-06-19,VIGENTE
2026-04,CR-002942,AV-2025-002943,CRC,220114972.0,2025-06-06,VIGENTE
2026-03,CR-002943,AV-2025-002944,USD,10639712.74,2026-01-02,VIGENTE
2026-04,CR-002943,AV-2025-002944,USD,0.0,2026-01-15,CANCELADO
2026-03,CR-002944,AV-2024-002945,CRC,187444990.97,2024-09-23,VIGENTE
2026-04,CR-002944,AV-2024-002945,CRC,186626652.72,2024-10-05,VIGENTE
2026-03,CR-002945,AV-2025-002946,CRC,66240160.44,2025-01-28,VIGENTE
2026-04,CR-002945,AV-2025-002946,CRC,65958906.29,2025-03-12,VIGENTE
2026-03,CR-002946,AV-2024-002947,USD,70660.22,2024-09-17,VIGENTE
2026-04,CR-002946,AV-2024-002947,USD,70005.59,2024-09-08,VIGENTE
2026-03,CR-002947,AV-2025-002948,CRC,1577341215.57,2026-01-24,VIGENTE
2026-04,CR-002947,AV-2025-002948,CRC,1570451433.38,2025-12-22,VIGENTE
2026-03,CR-002948,AV-2025-002949,CRC,160094184.15,2025-05-15,VIGENTE
2026-04,CR-002948,AV-2025-002949,CRC,159306587.33,2025-05-16,VIGENTE
2026-03,CR-002949,AV-2025-002950,CRC,109317179.83,2025-09-04,VIGENTE
2026-04,CR-002949,AV-2025-002950,CRC,108302565.1,2025-09-23,VIGENTE
2026-03,CR-002950,AV-2025-002951,USD,193637.35,2025-10-22,VIGENTE
2026-04,CR-002950,AV-2025-002951,USD,191347.84,2025-10-02,VIGENTE
2026-03,CR-002951,AV-2025-002952,USD,203860.48,2026-01-16,VIGENTE
2026-04,CR-002951,AV-2025-002952,USD,201771.84,2026-01-18,VIGENTE
2026-03,CR-002952,AV-2025-002953,CRC,115327960.5,2025-07-30,VIGENTE
2026-04,CR-002952,AV-2025-002953,CRC,114156843.93,2025-08-28,VIGENTE
2026-03,CR-002953,AV-2025-002954,USD,3856454.63,2026-01-11,VIGENTE
2026-04,CR-002953,AV-2025-002954,USD,3844726.34,2026-02-17,VIGENTE
2026-03,CR-002954,AV-2025-002955,CRC,1139209904.83,2025-05-19,VIGENTE
2026-04,CR-002954,AV-2025-002955,CRC,1129347708.79,2025-05-30,VIGENTE
2026-03,CR-002955,AV-2024-002956,CRC,1019082110.08,2025-01-19,VIGENTE
2026-04,CR-002955,AV-2024-002956,CRC,1011968668.57,2025-01-17,VIGENTE
2026-03,CR-002956,AV-2024-002957,CRC,53422161.99,2024-12-28,VIGENTE
2026-04,CR-002956,AV-2024-002957,CRC,53256276.05,2024-12-06,VIGENTE
2026-03,CR-002957,AV-2025-002958,USD,93536.02,2025-06-08,VIGENTE
2026-04,CR-002957,AV-2025-002958,USD,92607.68,2025-06-15,VIGENTE
2026-03,CR-002958,AV-2025-002959,USD,814216.16,2025-03-04,VIGENTE
2026-04,CR-002958,AV-2025-002959,USD,810918.46,2025-02-28,VIGENTE
2026-03,CR-002959,AV-2026-002960,CRC,897884307.06,2026-02-01,VIGENTE
2026-04,CR-002959,AV-2026-002960,CRC,894605066.73,2026-01-15,VIGENTE
2026-03,CR-002960,AV-2025-002961,CRC,133692886.07,2025-07-26,VIGENTE
2026-04,CR-002960,AV-2025-002961,CRC,132467192.41,2025-08-16,VIGENTE
2026-03,CR-002962,AV-2024-002963,CRC,86372567.59,2024-08-25,VIGENTE
2026-04,CR-002962,AV-2024-002963,CRC,86085619.53,2024-08-09,VIGENTE
2026-03,CR-002964,AV-2025-002965,CRC,133653151.34,2026-01-05,VIGENTE
2026-04,CR-002964,AV-2025-002965,CRC,132320955.44,2026-01-16,VIGENTE
2026-03,CR-002965,AV-2025-002966,CRC,182499295.92,2025-03-20,VIGENTE
2026-04,CR-002965,AV-2025-002966,CRC,180746516.28,2025-03-20,VIGENTE
2026-03,CR-002966,AV-2025-002967,USD,240570.33,2025-09-24,VIGENTE
2026-04,CR-002966,AV-2025-002967,USD,238150.99,2025-08-24,VIGENTE
2026-03,CR-002967,AV-2025-002968,USD,194355.11,2025-12-30,VIGENTE
2026-04,CR-002967,AV-2025-002968,USD,193096.85,2026-02-13,VIGENTE
2026-03,CR-002969,AV-2026-002970,CRC,254038580.4,2026-03-07,VIGENTE
2026-04,CR-002969,AV-2026-002970,CRC,252242246.52,2026-02-01,VIGENTE
2026-03,CR-002970,AV-2025-002971,CRC,231492901.1,2025-05-29,VIGENTE
2026-04,CR-002970,AV-2025-002971,CRC,228988496.52,2025-05-24,VIGENTE
2026-03,CR-002971,AV-2024-002972,CRC,429172534.56,2025-01-27,VIGENTE
2026-04,CR-002971,AV-2024-002972,CRC,425533418.02,2025-01-22,VIGENTE
2026-03,CR-002972,AV-2024-002973,CRC,106287203.86,2024-07-04,VIGENTE
2026-04,CR-002972,AV-2024-002973,CRC,105465079.78,2024-05-29,VIGENTE
2026-03,CR-002973,AV-2025-002974,CRC,246214903.01,2025-03-31,VIGENTE
2026-04,CR-002973,AV-2025-002974,CRC,243982872.04,2025-02-17,VIGENTE
2026-03,CR-002974,AV-2024-002975,USD,73102.06,2025-01-08,VIGENTE
2026-04,CR-002974,AV-2024-002975,USD,72815.73,2025-01-29,VIGENTE
2026-03,CR-002975,AV-2025-002976,CRC,109840868.79,2025-10-16,VIGENTE
2026-04,CR-002975,AV-2025-002976,CRC,108996585.78,2025-11-29,VIGENTE
2026-03,CR-002976,AV-2025-002977,CRC,507736234.36,2025-03-11,VIGENTE
2026-04,CR-002976,AV-2025-002977,CRC,501906531.65,2025-02-18,VIGENTE
2026-03,CR-002977,AV-2026-002978,USD,210525.23,2026-03-25,VIGENTE
2026-04,CR-002977,AV-2026-002978,USD,208367.25,2026-04-07,VIGENTE
2026-03,CR-002978,AV-2024-002979,CRC,458564769.13,2024-09-28,VIGENTE
2026-04,CR-002978,AV-2024-002979,CRC,455494345.85,2024-10-10,VIGENTE
2026-03,CR-002981,AV-2025-002982,CRC,190965602.32,2025-08-27,VIGENTE
2026-04,CR-002981,AV-2025-002982,CRC,189644865.19,2025-08-19,VIGENTE
2026-03,CR-002982,AV-2026-002983,USD,473791.85,2026-03-09,VIGENTE
2026-04,CR-002982,AV-2026-002983,USD,468260.41,2026-03-12,VIGENTE
2026-03,CR-002983,AV-2025-002984,CRC,287332150.79,2025-09-08,VIGENTE
2026-04,CR-002983,AV-2025-002984,CRC,0.0,2025-10-04,CANCELADO
2026-03,CR-002984,AV-2025-002985,CRC,423859176.73,2025-11-14,VIGENTE
2026-04,CR-002984,AV-2025-002985,CRC,419643867.78,2025-11-10,VIGENTE
2026-03,CR-002985,AV-2024-002986,CRC,347076178.84,2024-09-17,VIGENTE
2026-04,CR-002985,AV-2024-002986,CRC,344804680.51,2024-10-09,VIGENTE
2026-03,CR-002986,AV-2025-002987,CRC,206792924.27,2025-07-03,VIGENTE
2026-04,CR-002986,AV-2025-002987,CRC,204474375.67,2025-06-12,VIGENTE
2026-03,CR-002988,AV-2025-002989,CRC,352042891.68,2025-02-20,VIGENTE
2026-04,CR-002988,AV-2025-002989,CRC,350873910.0,2025-03-16,VIGENTE
2026-03,CR-002990,AV-2024-002991,USD,171895.05,2024-08-01,VIGENTE
2026-04,CR-002990,AV-2024-002991,USD,170710.64,2024-07-03,VIGENTE
2026-03,CR-002992,AV-2025-002993,CRC,1359304698.18,2025-03-11,VIGENTE
2026-04,CR-002992,AV-2025-002993,CRC,1352218252.2,2025-02-28,VIGENTE
2026-03,CR-002993,AV-2025-002994,USD,155477.76,2025-12-15,VIGENTE
2026-04,CR-002993,AV-2025-002994,USD,154167.92,2025-12-11,VIGENTE
2026-03,CR-002994,AV-2024-002995,CRC,1405605439.82,2024-11-22,VIGENTE
2026-04,CR-002994,AV-2024-002995,CRC,1398649458.3,2024-10-26,VIGENTE
2026-03,CR-002995,AV-2025-002996,USD,205299.52,2025-08-15,VIGENTE
2026-04,CR-002995,AV-2025-002996,USD,204546.52,2025-08-19,VIGENTE
2026-03,CR-002996,AV-2024-002997,USD,75814.19,2025-01-02,VIGENTE
2026-04,CR-002996,AV-2024-002997,USD,0.0,2025-01-06,CANCELADO
2026-03,CR-002997,AV-2026-002998,CRC,3731067472.06,2026-04-04,VIGENTE
2026-04,CR-002997,AV-2026-002998,CRC,3695185693.21,2026-04-15,VIGENTE
2026-03,CR-002998,AV-2026-002999,CRC,77676960.38,2026-02-14,VIGENTE
2026-04,CR-002998,AV-2026-002999,CRC,77194853.41,2026-03-03,VIGENTE
2026-03,CR-002999,AV-2025-003000,CRC,140052552.46,2025-07-09,VIGENTE
2026-04,CR-002999,AV-2025-003000,CRC,138556262.8,2025-07-05,VIGENTE
2026-03,CR-003000,AV-2024-003001,CRC,624854088.49,2024-12-10,VIGENTE
2026-04,CR-003000,AV-2024-003001,CRC,618756262.61,2024-12-25,VIGENTE
2026-03,CR-003001,AV-2024-003002,CRC,10503017140.4,2024-11-18,VIGENTE
2026-04,CR-003001,AV-2024-003002,CRC,10418971039.93,2025-01-04,VIGENTE
2026-03,CR-003002,AV-2024-003003,USD,480707.4,2024-10-07,VIGENTE
2026-04,CR-003002,AV-2024-003003,USD,479007.06,2024-09-27,VIGENTE
2026-03,CR-003003,AV-2025-003004,CRC,1015660277.49,2025-12-15,VIGENTE
2026-04,CR-003003,AV-2025-003004,CRC,1006981464.58,2025-12-04,VIGENTE
2026-03,CR-003004,AV-2025-003005,USD,188310.71,2025-04-18,VIGENTE
2026-04,CR-003004,AV-2025-003005,USD,186771.05,2025-05-20,VIGENTE
2026-03,CR-003005,AV-2025-003006,CRC,78456226.03,2025-11-07,VIGENTE
2026-04,CR-003005,AV-2025-003006,CRC,77773413.19,2025-11-16,VIGENTE
2026-03,CR-003007,AV-2026-003008,CRC,445669272.76,2026-03-25,VIGENTE
2026-04,CR-003007,AV-2026-003008,CRC,441111691.35,2026-03-20,VIGENTE
2026-03,CR-003008,AV-2025-003009,CRC,1286466935.25,2025-07-08,VIGENTE
2026-04,CR-003008,AV-2025-003009,CRC,1279478432.26,2025-07-10,VIGENTE
2026-03,CR-003009,AV-2025-003010,CRC,274777946.48,2025-05-15,VIGENTE
2026-04,CR-003009,AV-2025-003010,CRC,271489877.2,2025-04-09,VIGENTE
2026-03,CR-003010,AV-2024-003011,USD,435073.92,2025-01-27,VIGENTE
2026-04,CR-003010,AV-2024-003011,USD,430304.19,2025-02-03,VIGENTE
2026-03,CR-003011,AV-2025-003012,CRC,79273126.83,2025-10-25,VIGENTE
2026-04,CR-003011,AV-2025-003012,CRC,78843813.37,2025-12-12,VIGENTE
2026-03,CR-003013,AV-2025-003014,USD,290297.89,2026-01-12,VIGENTE
2026-04,CR-003013,AV-2025-003014,USD,287434.35,2026-02-11,VIGENTE
2026-03,CR-003014,AV-2026-003015,USD,265564.22,2026-02-10,VIGENTE
2026-04,CR-003014,AV-2026-003015,USD,264696.72,2026-02-08,VIGENTE
2026-03,CR-003015,AV-2025-003016,USD,82168.4,2025-06-12,VIGENTE
2026-04,CR-003015,AV-2025-003016,USD,81538.03,2025-06-06,VIGENTE
2026-03,CR-003017,AV-2025-003018,USD,1563466.35,2025-11-13,VIGENTE
2026-04,CR-003017,AV-2025-003018,USD,1557379.18,2025-11-06,VIGENTE
2026-03,CR-003020,AV-2025-003021,USD,436604.36,2025-09-05,VIGENTE
2026-04,CR-003020,AV-2025-003021,USD,434296.46,2025-09-23,VIGENTE
2026-03,CR-003021,AV-2025-003022,USD,1164952.23,2025-10-15,VIGENTE
2026-04,CR-003021,AV-2025-003022,USD,1161091.47,2025-10-19,VIGENTE
2026-03,CR-003022,AV-2025-003023,CRC,4510016216.76,2025-11-30,VIGENTE
2026-04,CR-003022,AV-2025-003023,CRC,4491556792.86,2025-12-31,VIGENTE
2026-03,CR-003023,AV-2026-003024,USD,295057.02,2026-03-08,VIGENTE
2026-04,CR-003023,AV-2026-003024,USD,293742.81,2026-02-26,VIGENTE
2026-03,CR-003024,AV-2025-003025,USD,232413.97,2025-03-22,VIGENTE
2026-04,CR-003024,AV-2025-003025,USD,229959.42,2025-04-08,VIGENTE
2026-03,CR-003025,AV-2025-003026,USD,223729.37,2025-03-27,VIGENTE
2026-04,CR-003025,AV-2025-003026,USD,0.0,2025-05-01,CANCELADO
2026-03,CR-003027,AV-2026-003028,USD,6618989.72,2026-03-30,VIGENTE
2026-04,CR-003027,AV-2026-003028,USD,6554886.15,2026-03-25,VIGENTE
2026-03,CR-003028,AV-2026-003029,USD,351754.83,2026-02-07,VIGENTE
2026-04,CR-003028,AV-2026-003029,USD,348812.11,2026-03-21,VIGENTE
2026-03,CR-003029,AV-2026-003030,CRC,182615964.21,2026-04-13,VIGENTE
2026-04,CR-003029,AV-2026-003030,CRC,180668338.95,2026-03-14,VIGENTE
2026-03,CR-003031,AV-2025-003032,USD,105053.58,2025-11-14,VIGENTE
2026-04,CR-003031,AV-2025-003032,USD,104357.94,2025-10-28,VIGENTE
2026-03,CR-003032,AV-2026-003033,CRC,378368405.66,2026-02-11,VIGENTE
2026-04,CR-003032,AV-2026-003033,CRC,0.0,2026-02-02,CANCELADO
2026-03,CR-003033,AV-2026-003034,USD,1025857.99,2026-03-31,VIGENTE
2026-04,CR-003033,AV-2026-003034,USD,1015964.65,2026-03-24,VIGENTE
2026-03,CR-003034,AV-2025-003035,USD,109535.59,2025-03-17,VIGENTE
2026-04,CR-003034,AV-2025-003035,USD,108488.55,2025-02-25,VIGENTE
2026-03,CR-003036,AV-2024-003037,CRC,384934642.06,2024-12-11,VIGENTE
2026-04,CR-003036,AV-2024-003037,CRC,381354538.5,2024-12-20,VIGENTE
2026-03,CR-003037,AV-2024-003038,USD,2341218.3,2024-09-01,VIGENTE
2026-04,CR-003037,AV-2024-003038,USD,2330048.12,2024-09-09,VIGENTE
2026-03,CR-003038,AV-2025-003039,CRC,6542412816.57,2025-08-03,VIGENTE
2026-04,CR-003038,AV-2025-003039,CRC,6476800385.72,2025-08-13,VIGENTE
2026-03,CR-003039,AV-2025-003040,CRC,97321379.32,2025-05-17,VIGENTE
2026-04,CR-003039,AV-2025-003040,CRC,96905854.37,2025-06-24,VIGENTE
2026-03,CR-003040,AV-2024-003041,USD,365466.68,2024-12-31,VIGENTE
2026-04,CR-003040,AV-2024-003041,USD,362844.03,2025-01-28,VIGENTE
2026-03,CR-003041,AV-2025-003042,USD,196127.98,2026-01-16,VIGENTE
2026-04,CR-003041,AV-2025-003042,USD,194720.25,2026-01-10,VIGENTE
2026-03,CR-003043,AV-2025-003044,CRC,235763766.51,2025-04-23,VIGENTE
2026-04,CR-003043,AV-2025-003044,CRC,233328337.69,2025-04-10,VIGENTE
2026-03,CR-003044,AV-2026-003045,CRC,3147113482.28,2026-03-27,VIGENTE
2026-04,CR-003044,AV-2026-003045,CRC,3119836182.09,2026-03-14,VIGENTE
2026-03,CR-003045,AV-2025-003046,USD,158153.81,2025-07-23,VIGENTE
2026-04,CR-003045,AV-2025-003046,USD,156548.85,2025-07-31,VIGENTE
2026-03,CR-003046,AV-2025-003047,CRC,826774802.77,2025-07-20,VIGENTE
2026-04,CR-003046,AV-2025-003047,CRC,820553728.3,2025-07-02,VIGENTE
2026-03,CR-003047,AV-2025-003048,CRC,107902350.17,2026-01-28,VIGENTE
2026-04,CR-003047,AV-2025-003048,CRC,107226959.2,2026-02-11,VIGENTE
2026-03,CR-003048,AV-2024-003049,CRC,464634376.57,2024-11-25,VIGENTE
2026-04,CR-003048,AV-2024-003049,CRC,459090373.17,2024-10-26,VIGENTE
2026-03,CR-003049,AV-2024-003050,USD,3401838.92,2025-01-28,VIGENTE
2026-04,CR-003049,AV-2024-003050,USD,3390876.91,2024-12-20,VIGENTE
2026-03,CR-003050,AV-2025-003051,CRC,398282546.62,2025-09-11,VIGENTE
2026-04,CR-003050,AV-2025-003051,CRC,395045607.64,2025-09-12,VIGENTE
2026-03,CR-003051,AV-2024-003052,USD,370339.93,2024-12-22,VIGENTE
2026-04,CR-003051,AV-2024-003052,USD,367054.01,2025-01-06,VIGENTE
2026-03,CR-003052,AV-2025-003053,USD,288504.19,2025-04-26,VIGENTE
2026-04,CR-003052,AV-2025-003053,USD,287220.6,2025-05-15,VIGENTE
2026-03,CR-003053,AV-2026-003054,CRC,2289038602.24,2026-04-06,VIGENTE
2026-04,CR-003053,AV-2026-003054,CRC,2277330818.37,2026-03-01,VIGENTE
2026-03,CR-003054,AV-2025-003055,USD,228440.1,2025-06-13,VIGENTE
2026-04,CR-003054,AV-2025-003055,USD,227618.66,2025-07-09,VIGENTE
2026-03,CR-003055,AV-2024-003056,CRC,162310664.71,2024-07-14,VIGENTE
2026-04,CR-003055,AV-2024-003056,CRC,161667841.24,2024-06-12,VIGENTE
2026-03,CR-003056,AV-2025-003057,USD,144045.08,2025-08-06,VIGENTE
2026-04,CR-003056,AV-2025-003057,USD,143244.44,2025-08-29,VIGENTE
2026-03,CR-003057,AV-2025-003058,CRC,1462315953.16,2025-10-28,VIGENTE
2026-04,CR-003057,AV-2025-003058,CRC,1445503265.0,2025-10-01,VIGENTE
2026-03,CR-003058,AV-2024-003059,USD,98170.33,2024-09-09,VIGENTE
2026-04,CR-003058,AV-2024-003059,USD,97213.23,2024-09-26,VIGENTE
2026-03,CR-003060,AV-2024-003061,CRC,68372395.17,2024-11-02,VIGENTE
2026-04,CR-003060,AV-2024-003061,CRC,67830788.88,2024-12-09,VIGENTE
2026-03,CR-003061,AV-2025-003062,CRC,4101227357.49,2026-01-10,VIGENTE
2026-04,CR-003061,AV-2025-003062,CRC,4060272488.91,2026-01-14,VIGENTE
2026-03,CR-003062,AV-2026-003063,USD,1747060.1,2026-01-20,VIGENTE
2026-04,CR-003062,AV-2026-003063,USD,1732362.32,2026-02-01,VIGENTE
2026-03,CR-003063,AV-2024-003064,CRC,419347948.57,2025-01-07,VIGENTE
2026-04,CR-003063,AV-2024-003064,CRC,414615088.9,2025-01-12,VIGENTE
2026-03,CR-003064,AV-2024-003065,CRC,23631579.89,2025-01-01,VIGENTE
2026-04,CR-003064,AV-2024-003065,CRC,23474226.67,2025-02-04,VIGENTE
2026-03,CR-003065,AV-2025-003066,CRC,116179589.81,2025-08-16,VIGENTE
2026-04,CR-003065,AV-2025-003066,CRC,115094387.02,2025-08-15,VIGENTE
2026-03,CR-003067,AV-2024-003068,USD,905061.33,2024-12-19,VIGENTE
2026-04,CR-003067,AV-2024-003068,USD,896246.44,2024-12-09,VIGENTE
2026-03,CR-003069,AV-2025-003070,CRC,363697599.35,2026-02-25,VIGENTE
2026-04,CR-003069,AV-2025-003070,CRC,360728737.06,2026-02-19,VIGENTE
2026-03,CR-003070,AV-2025-003071,USD,895023.09,2025-10-22,VIGENTE
2026-04,CR-003070,AV-2025-003071,USD,891308.07,2025-10-11,VIGENTE
2026-03,CR-003071,AV-2025-003072,USD,335238.58,2025-11-20,VIGENTE
2026-04,CR-003071,AV-2025-003072,USD,332247.09,2025-12-29,VIGENTE
2026-03,CR-003076,AV-2024-003077,CRC,105690443.21,2024-08-13,VIGENTE
2026-04,CR-003076,AV-2024-003077,CRC,104584184.45,2024-07-17,VIGENTE
2026-03,CR-003077,AV-2026-003078,CRC,740098909.19,2026-03-16,VIGENTE
2026-04,CR-003077,AV-2026-003078,CRC,736669337.08,2026-03-09,VIGENTE
2026-03,CR-003078,AV-2024-003079,CRC,861345960.35,2024-12-18,VIGENTE
2026-04,CR-003078,AV-2024-003079,CRC,851353587.48,2024-11-10,VIGENTE
2026-03,CR-003079,AV-2025-003080,CRC,290920485.85,2025-07-06,VIGENTE
2026-04,CR-003079,AV-2025-003080,CRC,287876752.56,2025-07-01,VIGENTE
2026-03,CR-003080,AV-2025-003081,CRC,204913315.74,2025-07-21,VIGENTE
2026-04,CR-003080,AV-2025-003081,CRC,203439694.85,2025-07-06,VIGENTE
2026-03,CR-003081,AV-2025-003082,USD,2480144.42,2025-03-17,VIGENTE
2026-04,CR-003081,AV-2025-003082,USD,2454126.67,2025-03-18,VIGENTE
2026-03,CR-003087,AV-2025-003088,CRC,254839302.92,2025-08-12,VIGENTE
2026-04,CR-003087,AV-2025-003088,CRC,252359814.82,2025-08-24,VIGENTE
2026-03,CR-003088,AV-2024-003089,USD,4162086.62,2024-06-03,VIGENTE
2026-04,CR-003088,AV-2024-003089,USD,4112522.24,2024-05-15,VIGENTE
2026-03,CR-003089,AV-2024-003090,USD,834110.04,2024-11-20,VIGENTE
2026-04,CR-003089,AV-2024-003090,USD,825378.1,2024-12-04,VIGENTE
2026-03,CR-003090,AV-2025-003091,USD,4341237.21,2025-10-24,VIGENTE
2026-04,CR-003090,AV-2025-003091,USD,4326414.09,2025-11-14,VIGENTE
2026-03,CR-003091,AV-2024-003092,USD,5212025.9,2024-09-15,VIGENTE
2026-04,CR-003091,AV-2024-003092,USD,5171806.99,2024-09-28,VIGENTE
2026-03,CR-003093,AV-2025-003094,USD,193989.43,2025-08-10,VIGENTE
2026-04,CR-003093,AV-2025-003094,USD,192828.6,2025-09-01,VIGENTE
2026-03,CR-003094,AV-2024-003095,CRC,636192164.02,2024-12-11,VIGENTE
2026-04,CR-003094,AV-2024-003095,CRC,632074716.21,2024-11-20,VIGENTE
2026-03,CR-003097,AV-2025-003098,CRC,110460816.52,2025-11-25,VIGENTE
2026-04,CR-003097,AV-2025-003098,CRC,109351539.86,2025-11-26,VIGENTE
2026-03,CR-003098,AV-2025-003099,CRC,251611940.93,2025-05-30,VIGENTE
2026-04,CR-003098,AV-2025-003099,CRC,249232744.0,2025-05-17,VIGENTE
2026-03,CR-003099,AV-2025-003100,CRC,537797414.4,2025-08-04,VIGENTE
2026-04,CR-003099,AV-2025-003100,CRC,533121846.54,2025-08-23,VIGENTE
2026-03,CR-003101,AV-2025-003102,CRC,21262595.13,2025-09-28,VIGENTE
2026-04,CR-003101,AV-2025-003102,CRC,0.0,2025-09-24,CANCELADO
2026-03,CR-003103,AV-2025-003104,CRC,1396170002.37,2025-07-19,VIGENTE
2026-04,CR-003103,AV-2025-003104,CRC,1386383285.05,2025-06-15,VIGENTE
2026-03,CR-003104,AV-2025-003105,USD,94362.28,2025-10-20,VIGENTE
2026-04,CR-003104,AV-2025-003105,USD,93456.72,2025-11-15,VIGENTE
2026-03,CR-003105,AV-2025-003106,CRC,185338889.74,2025-12-12,VIGENTE
2026-04,CR-003105,AV-2025-003106,CRC,184613123.25,2025-11-01,VIGENTE
2026-03,CR-003106,AV-2025-003107,CRC,655634081.84,2025-12-27,VIGENTE
2026-04,CR-003106,AV-2025-003107,CRC,651253896.4,2026-01-03,VIGENTE
2026-03,CR-003109,AV-2025-003110,CRC,51332834.72,2025-02-28,VIGENTE
2026-04,CR-003109,AV-2025-003110,CRC,50852000.99,2025-03-08,VIGENTE
2026-03,CR-003110,AV-2024-003111,CRC,37004931.1,2024-11-30,VIGENTE
2026-04,CR-003110,AV-2024-003111,CRC,36829680.52,2024-11-03,VIGENTE
2026-03,CR-003111,AV-2025-003112,USD,185995.49,2025-09-10,VIGENTE
2026-04,CR-003111,AV-2025-003112,USD,185235.21,2025-09-14,VIGENTE
2026-03,CR-003112,AV-2024-003113,CRC,149503081.33,2024-12-03,VIGENTE
2026-04,CR-003112,AV-2024-003113,CRC,148699801.98,2024-11-06,VIGENTE
2026-03,CR-003114,AV-2026-003115,CRC,1566537097.97,2026-04-03,VIGENTE
2026-04,CR-003114,AV-2026-003115,CRC,1556450580.11,2026-03-04,VIGENTE
2026-03,CR-003115,AV-2025-003116,USD,416419.52,2025-05-26,VIGENTE
2026-04,CR-003115,AV-2025-003116,USD,412304.07,2025-06-04,VIGENTE
2026-03,CR-003116,AV-2025-003117,CRC,207345768.76,2025-04-28,VIGENTE
2026-04,CR-003116,AV-2025-003117,CRC,205036845.97,2025-04-11,VIGENTE
2026-03,CR-003117,AV-2024-003118,CRC,237658748.82,2025-01-24,VIGENTE
2026-04,CR-003117,AV-2024-003118,CRC,236157938.44,2025-01-09,VIGENTE
2026-03,CR-003118,AV-2025-003119,USD,10085143.49,2025-07-24,VIGENTE
2026-04,CR-003118,AV-2025-003119,USD,9972364.45,2025-06-19,VIGENTE
2026-03,CR-003119,AV-2025-003120,USD,404679.1,2025-10-02,VIGENTE
2026-04,CR-003119,AV-2025-003120,USD,399946.31,2025-09-07,VIGENTE
2026-03,CR-003120,AV-2024-003121,CRC,249651085.42,2024-12-30,VIGENTE
2026-04,CR-003120,AV-2024-003121,CRC,248669269.67,2024-12-28,VIGENTE
2026-03,CR-003121,AV-2025-003122,USD,490332.63,2026-02-09,VIGENTE
2026-04,CR-003121,AV-2025-003122,USD,487617.0,2026-02-07,VIGENTE
2026-03,CR-003122,AV-2025-003123,CRC,36741366.54,2025-07-28,VIGENTE
2026-04,CR-003122,AV-2025-003123,CRC,36342018.34,2025-07-04,VIGENTE
2026-03,CR-003123,AV-2025-003124,USD,391136.89,2025-11-06,VIGENTE
2026-04,CR-003123,AV-2025-003124,USD,388737.09,2025-12-17,VIGENTE
2026-03,CR-003124,AV-2024-003125,USD,175780.77,2024-12-02,VIGENTE
2026-04,CR-003124,AV-2024-003125,USD,174036.85,2024-10-09,VIGENTE
2026-03,CR-003125,AV-2025-003126,CRC,221255329.29,2025-01-19,VIGENTE
2026-04,CR-003125,AV-2025-003126,CRC,218822945.46,2025-01-29,VIGENTE
2026-03,CR-003126,AV-2025-003127,USD,302816.15,2025-08-15,VIGENTE
2026-04,CR-003126,AV-2025-003127,USD,300445.15,2025-07-08,VIGENTE
2026-03,CR-003128,AV-2025-003129,CRC,128050244.77,2025-03-06,VIGENTE
2026-04,CR-003128,AV-2025-003129,CRC,127370326.61,2025-04-18,VIGENTE
2026-03,CR-003129,AV-2025-003130,USD,197469.16,2025-07-19,VIGENTE
2026-04,CR-003129,AV-2025-003130,USD,195374.65,2025-08-21,VIGENTE
2026-03,CR-003130,AV-2024-003131,USD,197712.2,2025-01-18,VIGENTE
2026-04,CR-003130,AV-2024-003131,USD,196433.41,2024-12-03,VIGENTE
2026-03,CR-003133,AV-2025-003134,CRC,3786793507.1,2025-09-08,VIGENTE
2026-04,CR-003133,AV-2025-003134,CRC,3761762476.35,2025-08-17,VIGENTE
2026-03,CR-003134,AV-2025-003135,CRC,98550724.81,2025-09-02,VIGENTE
2026-04,CR-003134,AV-2025-003135,CRC,97443680.78,2025-09-22,VIGENTE
2026-03,CR-003137,AV-2025-003138,CRC,3325271224.44,2025-09-21,VIGENTE
2026-04,CR-003137,AV-2025-003138,CRC,3304594918.15,2025-09-16,VIGENTE
2026-03,CR-003138,AV-2026-003139,CRC,251240463.62,2026-04-14,VIGENTE
2026-04,CR-003138,AV-2026-003139,CRC,249018454.34,2026-04-18,VIGENTE
2026-03,CR-003140,AV-2024-003141,CRC,400319647.31,2024-08-12,VIGENTE
2026-04,CR-003140,AV-2024-003141,CRC,398930528.88,2024-08-18,VIGENTE
2026-03,CR-003141,AV-2024-003142,CRC,250437285.64,2024-12-06,VIGENTE
2026-04,CR-003141,AV-2024-003142,CRC,248790972.4,2024-11-02,VIGENTE
2026-03,CR-003142,AV-2025-003143,CRC,169800946.54,2025-08-07,VIGENTE
2026-04,CR-003142,AV-2025-003143,CRC,168117141.13,2025-07-31,VIGENTE
2026-03,CR-003143,AV-2025-003144,CRC,606059936.84,2025-07-30,VIGENTE
2026-04,CR-003143,AV-2025-003144,CRC,599145175.65,2025-07-29,VIGENTE
2026-03,CR-003144,AV-2024-003145,USD,120019.65,2024-11-07,VIGENTE
2026-04,CR-003144,AV-2024-003145,USD,119586.25,2024-10-16,VIGENTE
2026-03,CR-003145,AV-2025-003146,USD,516173.82,2025-08-25,VIGENTE
2026-04,CR-003145,AV-2025-003146,USD,512220.86,2025-09-14,VIGENTE
2026-03,CR-003146,AV-2025-003147,CRC,158304966.39,2025-12-04,VIGENTE
2026-04,CR-003146,AV-2025-003147,CRC,157509607.13,2026-01-22,VIGENTE
2026-03,CR-003147,AV-2024-003148,USD,226640.17,2024-08-27,VIGENTE
2026-04,CR-003147,AV-2024-003148,USD,225895.22,2024-08-14,VIGENTE
2026-03,CR-003148,AV-2025-003149,CRC,247012275.02,2026-01-29,VIGENTE
2026-04,CR-003148,AV-2025-003149,CRC,245047177.57,2026-01-12,VIGENTE
2026-03,CR-003149,AV-2025-003150,CRC,151040604.61,2025-03-13,VIGENTE
2026-04,CR-003149,AV-2025-003150,CRC,149305601.9,2025-03-26,VIGENTE
2026-03,CR-003150,AV-2024-003151,CRC,118186220.68,2024-11-20,VIGENTE
2026-04,CR-003150,AV-2024-003151,CRC,117680999.39,2024-12-19,VIGENTE
2026-03,CR-003151,AV-2024-003152,USD,907388.47,2025-01-09,VIGENTE
2026-04,CR-003151,AV-2024-003152,USD,897354.09,2024-12-22,VIGENTE
2026-03,CR-003153,AV-2025-003154,CRC,225506032.95,2025-06-26,VIGENTE
2026-04,CR-003153,AV-2025-003154,CRC,224595784.69,2025-07-13,VIGENTE
2026-03,CR-003156,AV-2025-003157,CRC,1061271621.76,2025-11-05,VIGENTE
2026-04,CR-003156,AV-2025-003157,CRC,1048586654.01,2025-11-23,VIGENTE
2026-03,CR-003160,AV-2025-003161,USD,129977.04,2025-05-05,VIGENTE
2026-04,CR-003160,AV-2025-003161,USD,129427.25,2025-04-16,VIGENTE
2026-03,CR-003161,AV-2024-003162,CRC,30288519489.5,2025-01-05,VIGENTE
2026-04,CR-003161,AV-2024-003162,CRC,30037514843.77,2024-12-05,VIGENTE
2026-03,CR-003162,AV-2025-003163,CRC,147814160.38,2025-04-17,VIGENTE
2026-04,CR-003162,AV-2025-003163,CRC,146052724.09,2025-04-27,VIGENTE
2026-03,CR-003163,AV-2026-003164,CRC,674975302.14,2026-03-22,VIGENTE
2026-04,CR-003163,AV-2026-003164,CRC,669860723.56,2026-03-03,VIGENTE
2026-03,CR-003164,AV-2025-003165,CRC,218694823.44,2025-10-05,VIGENTE
2026-04,CR-003164,AV-2025-003165,CRC,217063399.08,2025-09-10,VIGENTE
2026-03,CR-003166,AV-2025-003167,CRC,2006979254.01,2026-02-26,VIGENTE
2026-04,CR-003166,AV-2025-003167,CRC,2000183626.01,2026-02-26,VIGENTE
2026-03,CR-003167,AV-2025-003168,USD,14833013.63,2025-04-06,VIGENTE
2026-04,CR-003167,AV-2025-003168,USD,14716547.74,2025-05-19,VIGENTE
2026-03,CR-003168,AV-2025-003169,CRC,200624669.75,2025-05-18,VIGENTE
2026-04,CR-003168,AV-2025-003169,CRC,199213096.16,2025-06-26,VIGENTE
2026-03,CR-003170,AV-2024-003171,CRC,249590648.42,2024-08-16,VIGENTE
2026-04,CR-003170,AV-2024-003171,CRC,248640548.26,2024-08-22,VIGENTE
2026-03,CR-003171,AV-2025-003172,CRC,177249790.28,2025-11-12,VIGENTE
2026-04,CR-003171,AV-2025-003172,CRC,175723017.88,2025-11-14,VIGENTE
2026-03,CR-003172,AV-2026-003173,CRC,140285647.5,2026-03-13,VIGENTE
2026-04,CR-003172,AV-2026-003173,CRC,138646574.4,2026-02-20,VIGENTE
2026-03,CR-003173,AV-2025-003174,USD,732284.16,2025-10-26,VIGENTE
2026-04,CR-003173,AV-2025-003174,USD,726297.65,2025-10-28,VIGENTE
2026-03,CR-003174,AV-2026-003175,CRC,3600883891.76,2026-02-13,VIGENTE
2026-04,CR-003174,AV-2026-003175,CRC,3557885658.05,2026-03-31,VIGENTE
2026-03,CR-003176,AV-2025-003177,CRC,4274242560.05,2025-11-11,VIGENTE
2026-04,CR-003176,AV-2025-003177,CRC,4256887743.97,2025-12-10,VIGENTE
2026-03,CR-003177,AV-2025-003178,CRC,2297678480.66,2026-01-05,VIGENTE
2026-04,CR-003177,AV-2025-003178,CRC,0.0,2025-12-13,CANCELADO
2026-03,CR-003178,AV-2025-003179,CRC,774851747.96,2025-10-10,VIGENTE
2026-04,CR-003178,AV-2025-003179,CRC,771697953.37,2025-10-10,VIGENTE
2026-03,CR-003179,AV-2025-003180,USD,414452.48,2025-11-22,VIGENTE
2026-04,CR-003179,AV-2025-003180,USD,410156.03,2025-11-12,VIGENTE
2026-03,CR-003180,AV-2024-003181,USD,303512.64,2025-01-04,VIGENTE
2026-04,CR-003180,AV-2024-003181,USD,302190.58,2024-11-25,VIGENTE
2026-03,CR-003181,AV-2025-003182,CRC,153281582.52,2025-09-29,VIGENTE
2026-04,CR-003181,AV-2025-003182,CRC,151962413.83,2025-09-09,VIGENTE
2026-03,CR-003182,AV-2025-003183,CRC,63437465.37,2025-08-01,VIGENTE
2026-04,CR-003182,AV-2025-003183,CRC,63075522.06,2025-08-16,VIGENTE
2026-03,CR-003184,AV-2025-003185,USD,82533.23,2025-03-07,VIGENTE
2026-04,CR-003184,AV-2025-003185,USD,81747.01,2025-03-10,VIGENTE
2026-03,CR-003185,AV-2024-003186,CRC,3325607778.36,2024-09-23,VIGENTE
2026-04,CR-003185,AV-2024-003186,CRC,3304421995.84,2024-09-05,VIGENTE
2026-03,CR-003186,AV-2026-003187,CRC,1891841934.09,2026-01-24,VIGENTE
2026-04,CR-003186,AV-2026-003187,CRC,1878357604.97,2026-01-21,VIGENTE
2026-03,CR-003187,AV-2024-003188,CRC,44299746.3,2024-12-06,VIGENTE
2026-04,CR-003187,AV-2024-003188,CRC,44137449.86,2024-11-16,VIGENTE
2026-03,CR-003189,AV-2025-003190,USD,119705.25,2025-03-27,VIGENTE
2026-04,CR-003189,AV-2025-003190,USD,119153.47,2025-02-18,VIGENTE
2026-03,CR-003190,AV-2025-003191,USD,95827.2,2026-01-08,VIGENTE
2026-04,CR-003190,AV-2025-003191,USD,94855.34,2025-12-25,VIGENTE
2026-03,CR-003192,AV-2025-003193,CRC,506556995.04,2025-07-03,VIGENTE
2026-04,CR-003192,AV-2025-003193,CRC,503949143.81,2025-07-06,VIGENTE
2026-03,CR-003193,AV-2025-003194,CRC,144801522.73,2026-01-20,VIGENTE
2026-04,CR-003193,AV-2025-003194,CRC,143333682.56,2026-01-19,VIGENTE
2026-03,CR-003194,AV-2025-003195,CRC,12451633.97,2025-03-13,VIGENTE
2026-04,CR-003194,AV-2025-003195,CRC,12320963.85,2025-03-18,VIGENTE
2026-03,CR-003195,AV-2025-003196,CRC,1266902745.63,2025-07-02,VIGENTE
2026-04,CR-003195,AV-2025-003196,CRC,1257448942.06,2025-07-09,VIGENTE
2026-03,CR-003197,AV-2024-003198,USD,242495.0,2025-01-17,VIGENTE
2026-04,CR-003197,AV-2024-003198,USD,239832.63,2025-01-21,VIGENTE
2026-03,CR-003198,AV-2025-003199,CRC,434629086.33,2025-05-17,VIGENTE
2026-04,CR-003198,AV-2025-003199,CRC,433265145.21,2025-05-03,VIGENTE
2026-03,CR-003199,AV-2025-003200,CRC,2285700516.2,2025-06-18,VIGENTE
2026-04,CR-003199,AV-2025-003200,CRC,2275691337.97,2025-07-24,VIGENTE
2026-03,CR-003201,AV-2024-003202,USD,105891.96,2024-06-06,VIGENTE
2026-04,CR-003201,AV-2024-003202,USD,105127.48,2024-07-20,VIGENTE
2026-03,CR-003203,AV-2024-003204,USD,237387.04,2024-09-22,VIGENTE
2026-04,CR-003203,AV-2024-003204,USD,235152.76,2024-09-23,VIGENTE
2026-03,CR-003204,AV-2025-003205,CRC,111656936.21,2025-08-25,VIGENTE
2026-04,CR-003204,AV-2025-003205,CRC,110950402.39,2025-07-28,VIGENTE
2026-03,CR-003205,AV-2025-003206,CRC,133721600.62,2026-01-11,VIGENTE
2026-04,CR-003205,AV-2025-003206,CRC,132330135.75,2026-01-26,VIGENTE
2026-03,CR-003206,AV-2025-003207,CRC,132011276.04,2025-12-19,VIGENTE
2026-04,CR-003206,AV-2025-003207,CRC,130463977.62,2025-12-07,VIGENTE
2026-03,CR-003207,AV-2025-003208,USD,473174.17,2025-10-26,VIGENTE
2026-04,CR-003207,AV-2025-003208,USD,468888.61,2025-09-08,VIGENTE
2026-03,CR-003209,AV-2024-003210,CRC,376361774.07,2024-11-19,VIGENTE
2026-04,CR-003209,AV-2024-003210,CRC,372805523.9,2024-12-14,VIGENTE
2026-03,CR-003213,AV-2026-003214,USD,316513.77,2026-02-27,VIGENTE
2026-04,CR-003213,AV-2026-003214,USD,315540.52,2026-02-21,VIGENTE
2026-03,CR-003214,AV-2025-003215,USD,293798.3,2025-09-01,VIGENTE
2026-04,CR-003214,AV-2025-003215,USD,292717.02,2025-08-31,VIGENTE
2026-03,CR-003215,AV-2025-003216,CRC,444179123.59,2025-07-25,VIGENTE
2026-04,CR-003215,AV-2025-003216,CRC,440480237.03,2025-07-23,VIGENTE
2026-03,CR-003216,AV-2025-003217,CRC,53321922.52,2025-05-11,VIGENTE
2026-04,CR-003216,AV-2025-003217,CRC,52924373.98,2025-03-31,VIGENTE
2026-03,CR-003217,AV-2026-003218,CRC,234011558.94,2026-02-17,VIGENTE
2026-04,CR-003217,AV-2026-003218,CRC,231524001.78,2026-02-04,VIGENTE
2026-03,CR-003219,AV-2025-003220,CRC,118075054.17,2025-11-25,VIGENTE
2026-04,CR-003219,AV-2025-003220,CRC,0.0,2025-10-03,CANCELADO
2026-03,CR-003221,AV-2026-003222,USD,546986.21,2026-02-24,VIGENTE
2026-04,CR-003221,AV-2026-003222,USD,0.0,2026-02-26,CANCELADO
2026-03,CR-003223,AV-2025-003224,CRC,197299412.77,2025-12-15,VIGENTE
2026-04,CR-003223,AV-2025-003224,CRC,196343783.84,2025-12-10,VIGENTE
2026-03,CR-003224,AV-2025-003225,CRC,256820396.57,2025-02-27,VIGENTE
2026-04,CR-003224,AV-2025-003225,CRC,254412109.07,2025-02-23,VIGENTE
2026-03,CR-003225,AV-2025-003226,USD,340478.19,2025-12-21,VIGENTE
2026-04,CR-003225,AV-2025-003226,USD,339376.0,2025-12-25,VIGENTE
2026-03,CR-003226,AV-2025-003227,CRC,373966940.2,2026-01-03,VIGENTE
2026-04,CR-003226,AV-2025-003227,CRC,369967653.08,2026-01-28,VIGENTE
2026-03,CR-003227,AV-2025-003228,CRC,689082458.74,2025-04-12,VIGENTE
2026-04,CR-003227,AV-2025-003228,CRC,684514268.94,2025-04-05,VIGENTE
2026-03,CR-003229,AV-2025-003230,USD,73088.33,2025-03-09,VIGENTE
2026-04,CR-003229,AV-2025-003230,USD,72281.08,2025-03-28,VIGENTE
2026-03,CR-003230,AV-2025-003231,USD,44902.53,2025-12-31,VIGENTE
2026-04,CR-003230,AV-2025-003231,USD,44398.72,2025-12-10,VIGENTE
2026-03,CR-003231,AV-2025-003232,USD,68919.29,2025-12-04,VIGENTE
2026-04,CR-003231,AV-2025-003232,USD,68449.38,2025-12-31,VIGENTE
2026-03,CR-003232,AV-2025-003233,USD,267372.0,2025-12-25,VIGENTE
2026-04,CR-003232,AV-2025-003233,USD,265759.06,2025-12-01,VIGENTE
2026-03,CR-003233,AV-2025-003234,CRC,23832137.35,2025-09-20,VIGENTE
2026-04,CR-003233,AV-2025-003234,CRC,23734882.21,2025-09-19,VIGENTE
2026-03,CR-003234,AV-2024-003235,CRC,417549328.1,2024-09-28,VIGENTE
2026-04,CR-003234,AV-2024-003235,CRC,413050819.91,2024-08-23,VIGENTE
2026-03,CR-003236,AV-2025-003237,USD,29744632.11,2025-10-17,VIGENTE
2026-04,CR-003236,AV-2025-003237,USD,29582270.84,2025-11-30,VIGENTE
2026-03,CR-003239,AV-2025-003240,CRC,219071858.46,2025-09-15,VIGENTE
2026-04,CR-003239,AV-2025-003240,CRC,0.0,2025-08-15,CANCELADO
2026-03,CR-003240,AV-2024-003241,CRC,380572486.59,2024-10-21,VIGENTE
2026-04,CR-003240,AV-2024-003241,CRC,378782723.82,2024-12-06,VIGENTE
2026-03,CR-003241,AV-2026-003242,CRC,5505151.25,2026-03-22,VIGENTE
2026-04,CR-003241,AV-2026-003242,CRC,5483218.85,2026-03-05,VIGENTE
2026-03,CR-003242,AV-2025-003243,USD,177703.69,2025-03-13,VIGENTE
2026-04,CR-003242,AV-2025-003243,USD,176164.81,2025-03-17,VIGENTE
2026-03,CR-003243,AV-2025-003244,USD,472095.5,2025-04-05,VIGENTE
2026-04,CR-003243,AV-2025-003244,USD,467518.72,2025-03-05,VIGENTE
2026-03,CR-003249,AV-2025-003250,CRC,406490708.78,2025-06-19,VIGENTE
2026-04,CR-003249,AV-2025-003250,CRC,403568863.45,2025-07-06,VIGENTE
2026-03,CR-003250,AV-2025-003251,USD,169649.72,2025-12-07,VIGENTE
2026-04,CR-003250,AV-2025-003251,USD,168898.37,2025-12-06,VIGENTE
2026-03,CR-003251,AV-2025-003252,USD,270785.34,2025-09-17,VIGENTE
2026-04,CR-003251,AV-2025-003252,USD,268792.29,2025-09-25,VIGENTE
2026-03,CR-003252,AV-2025-003253,USD,149289.33,2025-09-28,VIGENTE
2026-04,CR-003252,AV-2025-003253,USD,148336.65,2025-10-05,VIGENTE
2026-03,CR-003253,AV-2026-003254,CRC,165499020.99,2026-04-12,VIGENTE
2026-04,CR-003253,AV-2026-003254,CRC,163930794.42,2026-04-12,VIGENTE
2026-03,CR-003254,AV-2025-003255,CRC,330328975.55,2025-12-20,VIGENTE
2026-04,CR-003254,AV-2025-003255,CRC,326486567.64,2025-11-11,VIGENTE
2026-03,CR-003256,AV-2025-003257,USD,5415196.89,2025-11-30,VIGENTE
2026-04,CR-003256,AV-2025-003257,USD,5366612.86,2025-11-06,VIGENTE
2026-03,CR-003257,AV-2024-003258,USD,908417.48,2025-02-21,VIGENTE
2026-04,CR-003257,AV-2024-003258,USD,898462.18,2025-02-22,VIGENTE
2026-03,CR-003258,AV-2024-003259,USD,1226927.53,2024-12-23,VIGENTE
2026-04,CR-003258,AV-2024-003259,USD,1214945.12,2024-12-26,VIGENTE
2026-03,CR-003260,AV-2024-003261,CRC,222513087.58,2025-01-04,VIGENTE
2026-04,CR-003260,AV-2024-003261,CRC,220735022.08,2025-02-02,VIGENTE
2026-03,CR-003261,AV-2025-003262,USD,48698.39,2025-08-08,VIGENTE
2026-04,CR-003261,AV-2025-003262,USD,48414.19,2025-09-13,VIGENTE
2026-03,CR-003262,AV-2025-003263,USD,112264.05,2025-06-01,VIGENTE
2026-04,CR-003262,AV-2025-003263,USD,111482.29,2025-06-27,VIGENTE
2026-03,CR-003263,AV-2024-003264,USD,217916.55,2025-01-22,VIGENTE
2026-04,CR-003263,AV-2024-003264,USD,216976.13,2025-03-02,VIGENTE
2026-03,CR-003264,AV-2025-003265,USD,213170.61,2025-10-05,VIGENTE
2026-04,CR-003264,AV-2025-003265,USD,210702.57,2025-09-27,VIGENTE
2026-03,CR-003265,AV-2025-003266,USD,165633.4,2025-03-03,VIGENTE
2026-04,CR-003265,AV-2025-003266,USD,164495.18,2025-02-27,VIGENTE
2026-03,CR-003266,AV-2024-003267,USD,2968551.83,2024-07-12,VIGENTE
2026-04,CR-003266,AV-2024-003267,USD,2959303.9,2024-08-21,VIGENTE
2026-03,CR-003267,AV-2025-003268,USD,2977922.12,2025-10-20,VIGENTE
2026-04,CR-003267,AV-2025-003268,USD,2966790.57,2025-10-12,VIGENTE
2026-03,CR-003268,AV-2024-003269,CRC,1694182525.43,2024-08-03,VIGENTE
2026-04,CR-003268,AV-2024-003269,CRC,1688006760.97,2024-08-18,VIGENTE
2026-03,CR-003269,AV-2025-003270,CRC,414742058.53,2025-06-07,VIGENTE
2026-04,CR-003269,AV-2025-003270,CRC,410628539.95,2025-04-22,VIGENTE
2026-03,CR-003270,AV-2025-003271,CRC,92263063.64,2025-04-04,VIGENTE
2026-04,CR-003270,AV-2025-003271,CRC,91189896.47,2025-04-07,VIGENTE
2026-03,CR-003271,AV-2025-003272,USD,187551.15,2025-04-03,VIGENTE
2026-04,CR-003271,AV-2025-003272,USD,186162.76,2025-04-27,VIGENTE
2026-03,CR-003273,AV-2025-003274,CRC,282278475.14,2026-02-17,VIGENTE
2026-04,CR-003273,AV-2025-003274,CRC,279027376.42,2026-01-08,VIGENTE
2026-03,CR-003274,AV-2024-003275,USD,189156.24,2024-10-05,VIGENTE
2026-04,CR-003274,AV-2024-003275,USD,188287.87,2024-10-28,VIGENTE
2026-03,CR-003275,AV-2024-003276,CRC,71171141.28,2024-07-15,VIGENTE
2026-04,CR-003275,AV-2024-003276,CRC,70377295.72,2024-07-25,VIGENTE
2026-03,CR-003276,AV-2025-003277,CRC,204646338.01,2025-04-15,VIGENTE
2026-04,CR-003276,AV-2025-003277,CRC,202242407.52,2025-04-12,VIGENTE
2026-03,CR-003277,AV-2025-003278,CRC,557227135.82,2026-01-08,VIGENTE
2026-04,CR-003277,AV-2025-003278,CRC,0.0,2026-01-13,CANCELADO
2026-03,CR-003278,AV-2026-003279,USD,300437.32,2026-03-12,VIGENTE
2026-04,CR-003278,AV-2026-003279,USD,298807.22,2026-03-05,VIGENTE
2026-03,CR-003279,AV-2025-003280,USD,192305.47,2025-06-26,VIGENTE
2026-04,CR-003279,AV-2025-003280,USD,190990.31,2025-07-01,VIGENTE
2026-03,CR-003280,AV-2025-003281,CRC,21704874.68,2025-07-28,VIGENTE
2026-04,CR-003280,AV-2025-003281,CRC,21593525.34,2025-08-27,VIGENTE
2026-03,CR-003281,AV-2024-003282,CRC,75899858.82,2024-10-09,VIGENTE
2026-04,CR-003281,AV-2024-003282,CRC,75615891.44,2024-09-20,VIGENTE
2026-03,CR-003282,AV-2025-003283,CRC,69660285.15,2026-01-12,VIGENTE
2026-04,CR-003282,AV-2025-003283,CRC,68943034.36,2026-01-01,VIGENTE
2026-03,CR-003283,AV-2025-003284,CRC,396440443.33,2026-02-12,VIGENTE
2026-04,CR-003283,AV-2025-003284,CRC,392729124.01,2026-01-27,VIGENTE
2026-03,CR-003284,AV-2025-003285,USD,2335307.95,2026-01-23,VIGENTE
2026-04,CR-003284,AV-2025-003285,USD,2310099.25,2026-01-15,VIGENTE
2026-03,CR-003285,AV-2026-003286,CRC,515587498.34,2026-02-19,VIGENTE
2026-04,CR-003285,AV-2026-003286,CRC,510449881.2,2026-01-24,VIGENTE
2026-03,CR-003286,AV-2025-003287,USD,1038823.65,2025-07-27,VIGENTE
2026-04,CR-003286,AV-2025-003287,USD,1031758.74,2025-06-15,VIGENTE
2026-03,CR-003287,AV-2025-003288,CRC,288783215.74,2025-11-18,VIGENTE
2026-04,CR-003287,AV-2025-003288,CRC,286559620.89,2025-11-18,VIGENTE
2026-03,CR-003288,AV-2025-003289,CRC,197292357.72,2025-07-07,VIGENTE
2026-04,CR-003288,AV-2025-003289,CRC,196120396.88,2025-06-26,VIGENTE
2026-03,CR-003290,AV-2024-003291,CRC,83464731.61,2024-12-22,VIGENTE
2026-04,CR-003290,AV-2024-003291,CRC,83034871.49,2024-12-09,VIGENTE
2026-03,CR-003291,AV-2025-003292,USD,410752.91,2025-11-04,VIGENTE
2026-04,CR-003291,AV-2025-003292,USD,408712.55,2025-11-11,VIGENTE
2026-03,CR-003292,AV-2025-003293,CRC,36590176.46,2025-10-03,VIGENTE
2026-04,CR-003292,AV-2025-003293,CRC,36443596.34,2025-09-13,VIGENTE
2026-03,CR-003293,AV-2026-003294,USD,1955443.52,2026-02-18,VIGENTE
2026-04,CR-003293,AV-2026-003294,USD,1933917.85,2026-03-16,VIGENTE
2026-03,CR-003294,AV-2025-003295,CRC,476787537.36,2025-03-28,VIGENTE
2026-04,CR-003294,AV-2025-003295,CRC,473586482.7,2025-02-24,VIGENTE
2026-03,CR-003295,AV-2024-003296,USD,2585878.0,2024-12-17,VIGENTE
2026-04,CR-003295,AV-2024-003296,USD,0.0,2024-12-28,CANCELADO
2026-03,CR-003296,AV-2025-003297,USD,127005.68,2025-03-10,VIGENTE
2026-04,CR-003296,AV-2025-003297,USD,125861.06,2025-01-17,VIGENTE
2026-03,CR-003298,AV-2025-003299,CRC,195722272.96,2025-04-17,VIGENTE
2026-04,CR-003298,AV-2025-003299,CRC,194852431.85,2025-04-01,VIGENTE
2026-03,CR-003299,AV-2025-003300,CRC,279996298.06,2026-01-02,VIGENTE
2026-04,CR-003299,AV-2025-003300,CRC,276637905.81,2026-01-05,VIGENTE
2026-03,CR-003301,AV-2025-003302,USD,238616.81,2025-03-13,VIGENTE
2026-04,CR-003301,AV-2025-003302,USD,235924.53,2025-03-22,VIGENTE
2026-03,CR-003302,AV-2024-003303,CRC,65745895.06,2024-11-16,VIGENTE
2026-04,CR-003302,AV-2024-003303,CRC,65039905.57,2024-11-04,VIGENTE
2026-03,CR-003303,AV-2026-003304,USD,1079382.32,2026-02-04,VIGENTE
2026-04,CR-003303,AV-2026-003304,USD,1070173.07,2026-02-12,VIGENTE
2026-03,CR-003305,AV-2025-003306,CRC,1097283696.69,2025-06-30,VIGENTE
2026-04,CR-003305,AV-2025-003306,CRC,1093460502.09,2025-07-26,VIGENTE
2026-03,CR-003307,AV-2026-003308,CRC,359432257.97,2026-03-30,VIGENTE
2026-04,CR-003307,AV-2026-003308,CRC,356623719.3,2026-03-25,VIGENTE
2026-03,CR-003308,AV-2025-003309,CRC,366524457.4,2025-05-04,VIGENTE
2026-04,CR-003308,AV-2025-003309,CRC,363118662.49,2025-04-23,VIGENTE
2026-03,CR-003309,AV-2025-003310,CRC,293183085.14,2025-09-30,VIGENTE
2026-04,CR-003309,AV-2025-003310,CRC,291469712.78,2025-10-27,VIGENTE
2026-03,CR-003310,AV-2025-003311,CRC,14329664250.73,2025-06-25,VIGENTE
2026-04,CR-003310,AV-2025-003311,CRC,14211940822.71,2025-06-11,VIGENTE
2026-03,CR-003311,AV-2024-003312,CRC,299047135.72,2025-01-17,VIGENTE
2026-04,CR-003311,AV-2024-003312,CRC,297008748.4,2025-01-28,VIGENTE
2026-03,CR-003312,AV-2024-003313,CRC,329117094.13,2024-12-25,VIGENTE
2026-04,CR-003312,AV-2024-003313,CRC,325248918.02,2024-12-24,VIGENTE
2026-03,CR-003315,AV-2025-003316,CRC,586536272.53,2026-01-15,VIGENTE
2026-04,CR-003315,AV-2025-003316,CRC,583253907.22,2026-01-02,VIGENTE
2026-03,CR-003316,AV-2025-003317,CRC,1027080939.13,2026-01-24,VIGENTE
2026-04,CR-003316,AV-2025-003317,CRC,1015766483.44,2026-03-02,VIGENTE
2026-03,CR-003317,AV-2026-003318,USD,86892.02,2026-03-19,VIGENTE
2026-04,CR-003317,AV-2026-003318,USD,86198.41,2026-03-28,VIGENTE
2026-03,CR-003318,AV-2024-003319,USD,195172.72,2024-09-21,VIGENTE
2026-04,CR-003318,AV-2024-003319,USD,192976.79,2024-09-10,VIGENTE
2026-03,CR-003319,AV-2025-003320,CRC,107521942.89,2025-02-11,VIGENTE
2026-04,CR-003319,AV-2025-003320,CRC,107086898.16,2025-03-03,VIGENTE
2026-03,CR-003320,AV-2026-003321,CRC,121477883.51,2026-04-19,VIGENTE
2026-04,CR-003320,AV-2026-003321,CRC,120885097.31,2026-03-18,VIGENTE
2026-03,CR-003321,AV-2026-003322,USD,3294376.41,2026-02-07,VIGENTE
2026-04,CR-003321,AV-2026-003322,USD,3282235.64,2026-03-09,VIGENTE
2026-03,CR-003322,AV-2025-003323,CRC,96864409.93,2025-10-31,VIGENTE
2026-04,CR-003322,AV-2025-003323,CRC,96549656.08,2025-12-15,VIGENTE
2026-03,CR-003324,AV-2025-003325,CRC,172872536.88,2025-06-30,VIGENTE
2026-04,CR-003324,AV-2025-003325,CRC,171997432.28,2025-07-04,VIGENTE
2026-03,CR-003325,AV-2025-003326,CRC,154910784.18,2025-10-30,VIGENTE
2026-04,CR-003325,AV-2025-003326,CRC,153566638.27,2025-11-02,VIGENTE
2026-03,CR-003326,AV-2025-003327,USD,279034.71,2025-08-30,VIGENTE
2026-04,CR-003326,AV-2025-003327,USD,275907.17,2025-08-21,VIGENTE
2026-03,CR-003327,AV-2025-003328,USD,438523.47,2025-02-17,VIGENTE
2026-04,CR-003327,AV-2025-003328,USD,435797.71,2025-04-03,VIGENTE
2026-03,CR-003329,AV-2025-003330,CRC,542413755.3,2025-07-25,VIGENTE
2026-04,CR-003329,AV-2025-003330,CRC,537392172.18,2025-08-16,VIGENTE
2026-03,CR-003331,AV-2025-003332,CRC,335954722.32,2026-01-05,VIGENTE
2026-04,CR-003331,AV-2025-003332,CRC,332289438.84,2026-01-05,VIGENTE
2026-03,CR-003332,AV-2025-003333,CRC,336840391.66,2026-02-15,VIGENTE
2026-04,CR-003332,AV-2025-003333,CRC,333029416.96,2026-01-28,VIGENTE
2026-03,CR-003333,AV-2024-003334,USD,210947.05,2024-07-12,VIGENTE
2026-04,CR-003333,AV-2024-003334,USD,208913.86,2024-08-03,VIGENTE
2026-03,CR-003334,AV-2025-003335,USD,228103.95,2025-04-25,VIGENTE
2026-04,CR-003334,AV-2025-003335,USD,226560.21,2025-05-13,VIGENTE
2026-03,CR-003335,AV-2026-003336,CRC,295584708.77,2026-02-27,VIGENTE
2026-04,CR-003335,AV-2026-003336,CRC,292859523.02,2026-04-17,VIGENTE
2026-03,CR-003336,AV-2025-003337,CRC,526383618.8,2025-10-17,VIGENTE
2026-04,CR-003336,AV-2025-003337,CRC,520100391.86,2025-10-28,VIGENTE
2026-03,CR-003337,AV-2025-003338,USD,792346.17,2025-02-16,VIGENTE
2026-04,CR-003337,AV-2025-003338,USD,783561.16,2025-03-05,VIGENTE
2026-03,CR-003338,AV-2025-003339,CRC,46980609.99,2025-09-18,VIGENTE
2026-04,CR-003338,AV-2025-003339,CRC,46737552.87,2025-10-20,VIGENTE
2026-03,CR-003339,AV-2024-003340,CRC,12750482179.45,2024-08-15,VIGENTE
2026-04,CR-003339,AV-2024-003340,CRC,12705864959.6,2024-09-16,VIGENTE
2026-03,CR-003340,AV-2025-003341,CRC,1963699585.85,2025-11-12,VIGENTE
2026-04,CR-003340,AV-2025-003341,CRC,1952385321.6,2025-12-04,VIGENTE
2026-03,CR-003341,AV-2026-003342,CRC,1069802186.62,2026-04-15,VIGENTE
2026-04,CR-003341,AV-2026-003342,CRC,1061854355.2,2026-04-08,VIGENTE
2026-03,CR-003343,AV-2025-003344,USD,565561.74,2025-06-28,VIGENTE
2026-04,CR-003343,AV-2025-003344,USD,0.0,2025-07-13,CANCELADO
2026-03,CR-003344,AV-2025-003345,USD,182803.82,2025-09-28,VIGENTE
2026-04,CR-003344,AV-2025-003345,USD,181964.19,2025-09-16,VIGENTE
2026-03,CR-003345,AV-2026-003346,USD,4078233.82,2026-02-04,VIGENTE
2026-04,CR-003345,AV-2026-003346,USD,0.0,2026-02-28,CANCELADO
2026-03,CR-003346,AV-2025-003347,USD,254619.39,2026-01-05,VIGENTE
2026-04,CR-003346,AV-2025-003347,USD,252584.49,2026-01-16,VIGENTE
2026-03,CR-003347,AV-2025-003348,CRC,679338825.22,2025-11-15,VIGENTE
2026-04,CR-003347,AV-2025-003348,CRC,672629580.82,2025-10-31,VIGENTE
2026-03,CR-003348,AV-2025-003349,CRC,163284359.92,2025-07-20,VIGENTE
2026-04,CR-003348,AV-2025-003349,CRC,162122222.4,2025-07-20,VIGENTE
2026-03,CR-003349,AV-2025-003350,CRC,5540450669.81,2026-01-24,VIGENTE
2026-04,CR-003349,AV-2025-003350,CRC,5519274286.35,2026-01-19,VIGENTE
2026-03,CR-003352,AV-2025-003353,USD,253891.84,2025-10-22,VIGENTE
2026-04,CR-003352,AV-2025-003353,USD,251036.93,2025-10-28,VIGENTE
2026-03,CR-003353,AV-2025-003354,USD,2986984.96,2025-09-07,VIGENTE
2026-04,CR-003353,AV-2025-003354,USD,2953387.11,2025-08-06,VIGENTE
2026-03,CR-003355,AV-2025-003356,CRC,703618166.64,2025-07-08,VIGENTE
2026-04,CR-003355,AV-2025-003356,CRC,700198589.59,2025-06-12,VIGENTE
2026-03,CR-003356,AV-2026-003357,CRC,97083215.82,2026-02-26,VIGENTE
2026-04,CR-003356,AV-2026-003357,CRC,96386535.69,2026-03-08,VIGENTE
2026-03,CR-003357,AV-2025-003358,CRC,191996737.75,2025-11-23,VIGENTE
2026-04,CR-003357,AV-2025-003358,CRC,190494834.65,2025-12-16,VIGENTE
2026-03,CR-003358,AV-2026-003359,USD,338599.5,2026-04-29,VIGENTE
2026-04,CR-003358,AV-2026-003359,USD,336549.86,2026-04-16,VIGENTE
2026-03,CR-003359,AV-2026-003360,USD,441024.49,2026-03-29,VIGENTE
2026-04,CR-003359,AV-2026-003360,USD,435989.24,2026-02-23,VIGENTE
2026-03,CR-003360,AV-2025-003361,CRC,592825079.93,2026-01-14,VIGENTE
2026-04,CR-003360,AV-2025-003361,CRC,590328512.8,2026-01-30,VIGENTE
2026-03,CR-003361,AV-2025-003362,CRC,11372164379.78,2025-04-02,VIGENTE
2026-04,CR-003361,AV-2025-003362,CRC,11332677090.78,2025-03-30,VIGENTE
2026-03,CR-003362,AV-2025-003363,CRC,136823780.72,2025-10-04,VIGENTE
2026-04,CR-003362,AV-2025-003363,CRC,135822397.75,2025-10-27,VIGENTE
2026-03,CR-003363,AV-2024-003364,USD,77987.64,2025-01-12,VIGENTE
2026-04,CR-003363,AV-2024-003364,USD,0.0,2025-01-07,CANCELADO
2026-03,CR-003364,AV-2025-003365,CRC,698029130.27,2025-03-06,VIGENTE
2026-04,CR-003364,AV-2025-003365,CRC,693656344.03,2025-03-18,VIGENTE
2026-03,CR-003365,AV-2026-003366,CRC,102947760.12,2026-02-12,VIGENTE
2026-04,CR-003365,AV-2026-003366,CRC,102288313.56,2026-03-20,VIGENTE
2026-03,CR-003366,AV-2025-003367,CRC,133108103.36,2026-01-09,VIGENTE
2026-04,CR-003366,AV-2025-003367,CRC,132679753.96,2026-01-14,VIGENTE
2026-03,CR-003367,AV-2024-003368,CRC,88131640.25,2024-10-09,VIGENTE
2026-04,CR-003367,AV-2024-003368,CRC,87628427.77,2024-09-09,VIGENTE
2026-03,CR-003368,AV-2024-003369,USD,1447010.27,2024-10-22,VIGENTE
2026-04,CR-003368,AV-2024-003369,USD,1436228.06,2024-11-30,VIGENTE
2026-03,CR-003369,AV-2025-003370,USD,7097545.5,2025-10-25,VIGENTE
2026-04,CR-003369,AV-2025-003370,USD,7027370.32,2025-12-02,VIGENTE
2026-03,CR-003370,AV-2026-003371,USD,81868.85,2026-02-18,VIGENTE
2026-04,CR-003370,AV-2026-003371,USD,81127.59,2026-02-03,VIGENTE
2026-03,CR-003371,AV-2024-003372,CRC,313405432.25,2025-01-09,VIGENTE
2026-04,CR-003371,AV-2024-003372,CRC,312272486.1,2025-02-09,VIGENTE
2026-03,CR-003373,AV-2026-003374,USD,421090.28,2026-02-25,VIGENTE
2026-04,CR-003373,AV-2026-003374,USD,419115.79,2026-03-08,VIGENTE
2026-03,CR-003374,AV-2026-003375,CRC,194563520.81,2026-03-09,VIGENTE
2026-04,CR-003374,AV-2026-003375,CRC,193963332.12,2026-03-21,VIGENTE
2026-03,CR-003376,AV-2025-003377,CRC,242883681.19,2025-09-04,VIGENTE
2026-04,CR-003376,AV-2025-003377,CRC,241132669.58,2025-08-05,VIGENTE
2026-03,CR-003377,AV-2025-003378,USD,8273761.36,2025-12-01,VIGENTE
2026-04,CR-003377,AV-2025-003378,USD,8229534.83,2025-11-18,VIGENTE
2026-03,CR-003378,AV-2025-003379,CRC,434804706.08,2026-02-02,VIGENTE
2026-04,CR-003378,AV-2025-003379,CRC,433349366.52,2025-12-26,VIGENTE
2026-03,CR-003379,AV-2025-003380,CRC,36850144.25,2025-07-17,VIGENTE
2026-04,CR-003379,AV-2025-003380,CRC,36474321.9,2025-06-08,VIGENTE
2026-03,CR-003380,AV-2025-003381,CRC,155922479.06,2025-05-07,VIGENTE
2026-04,CR-003380,AV-2025-003381,CRC,154431054.17,2025-05-12,VIGENTE
2026-03,CR-003381,AV-2026-003382,USD,332175.25,2026-04-26,VIGENTE
2026-04,CR-003381,AV-2026-003382,USD,328998.98,2026-04-12,VIGENTE
2026-03,CR-003382,AV-2024-003383,CRC,87082352.12,2024-12-14,VIGENTE
2026-04,CR-003382,AV-2024-003383,CRC,86302547.76,2024-11-14,VIGENTE
2026-03,CR-003383,AV-2025-003384,CRC,7114148258.3,2025-09-01,VIGENTE
2026-04,CR-003383,AV-2025-003384,CRC,7045185157.02,2025-09-05,VIGENTE
2026-03,CR-003384,AV-2026-003385,USD,128441.31,2026-03-09,VIGENTE
2026-04,CR-003384,AV-2026-003385,USD,127643.97,2026-03-10,VIGENTE
2026-03,CR-003385,AV-2025-003386,CRC,567049466.18,2025-10-24,VIGENTE
2026-04,CR-003385,AV-2025-003386,CRC,560901806.38,2025-10-31,VIGENTE
2026-03,CR-003386,AV-2025-003387,USD,173609.12,2025-07-23,VIGENTE
2026-04,CR-003386,AV-2025-003387,USD,173032.43,2025-06-27,VIGENTE
2026-03,CR-003389,AV-2025-003390,USD,1564831.84,2025-11-04,VIGENTE
2026-04,CR-003389,AV-2025-003390,USD,0.0,2025-11-10,CANCELADO
2026-03,CR-003391,AV-2025-003392,CRC,44268742.45,2025-11-27,VIGENTE
2026-04,CR-003391,AV-2025-003392,CRC,44118346.69,2025-12-05,VIGENTE
2026-03,CR-003393,AV-2026-003394,CRC,1090866521.77,2026-02-08,VIGENTE
2026-04,CR-003393,AV-2026-003394,CRC,1078588697.14,2026-02-17,VIGENTE
2026-03,CR-003394,AV-2025-003395,USD,182207.42,2025-12-31,VIGENTE
2026-04,CR-003394,AV-2025-003395,USD,181578.14,2026-01-18,VIGENTE
2026-03,CR-003395,AV-2026-003396,CRC,144279546.08,2026-03-09,VIGENTE
2026-04,CR-003395,AV-2026-003396,CRC,143219387.16,2026-03-31,VIGENTE
2026-03,CR-003396,AV-2025-003397,USD,182645.56,2025-10-14,VIGENTE
2026-04,CR-003396,AV-2025-003397,USD,180854.95,2025-10-23,VIGENTE
2026-03,CR-003397,AV-2024-003398,CRC,369360149.53,2024-09-12,VIGENTE
2026-04,CR-003397,AV-2024-003398,CRC,367197020.44,2024-10-31,VIGENTE
2026-03,CR-003398,AV-2025-003399,USD,401960.52,2025-03-16,VIGENTE
2026-04,CR-003398,AV-2025-003399,USD,397253.55,2025-02-07,VIGENTE
2026-03,CR-003399,AV-2024-003400,CRC,7898643130.33,2024-07-24,VIGENTE
2026-04,CR-003399,AV-2024-003400,CRC,7848155230.52,2024-08-15,VIGENTE
2026-03,CR-003400,AV-2025-003401,CRC,2642284499.1,2025-07-07,VIGENTE
2026-04,CR-003400,AV-2025-003401,CRC,2630961077.1,2025-07-19,VIGENTE
2026-03,CR-003401,AV-2025-003402,CRC,3396664901.61,2025-11-16,VIGENTE
2026-04,CR-003401,AV-2025-003402,CRC,3364744880.38,2025-09-25,VIGENTE
2026-03,CR-003402,AV-2025-003403,CRC,1892495961.9,2025-08-25,VIGENTE
2026-04,CR-003402,AV-2025-003403,CRC,1882093184.91,2025-09-14,VIGENTE
2026-03,CR-003403,AV-2026-003404,CRC,140990767.16,2026-04-10,VIGENTE
2026-04,CR-003403,AV-2026-003404,CRC,140162032.86,2026-02-27,VIGENTE
2026-03,CR-003405,AV-2025-003406,USD,165116.54,2025-12-05,VIGENTE
2026-04,CR-003405,AV-2025-003406,USD,0.0,2025-11-29,CANCELADO
2026-03,CR-003406,AV-2025-003407,CRC,260735643.68,2025-09-18,VIGENTE
2026-04,CR-003406,AV-2025-003407,CRC,258288456.35,2025-09-04,VIGENTE
2026-03,CR-003407,AV-2026-003408,USD,13367484.63,2026-03-08,VIGENTE
2026-04,CR-003407,AV-2026-003408,USD,13213198.66,2026-03-15,VIGENTE
2026-03,CR-003410,AV-2024-003411,USD,1480760.92,2024-09-06,VIGENTE
2026-04,CR-003410,AV-2024-003411,USD,1467526.64,2024-08-31,VIGENTE
2026-03,CR-003411,AV-2025-003412,CRC,145533961.05,2025-02-09,VIGENTE
2026-04,CR-003411,AV-2025-003412,CRC,143946289.52,2025-03-18,VIGENTE
2026-03,CR-003412,AV-2025-003413,USD,454227.79,2025-10-25,VIGENTE
2026-04,CR-003412,AV-2025-003413,USD,449832.27,2025-10-30,VIGENTE
2026-03,CR-003415,AV-2024-003416,CRC,415848471.67,2025-01-27,VIGENTE
2026-04,CR-003415,AV-2024-003416,CRC,0.0,2025-02-20,CANCELADO
2026-03,CR-003416,AV-2024-003417,USD,4188435.6,2025-01-01,VIGENTE
2026-04,CR-003416,AV-2024-003417,USD,4163346.1,2024-12-06,VIGENTE
2026-03,CR-003417,AV-2025-003418,CRC,386047977.92,2025-05-01,VIGENTE
2026-04,CR-003417,AV-2025-003418,CRC,383885259.69,2025-05-17,VIGENTE
2026-03,CR-003418,AV-2025-003419,CRC,253884992.96,2025-10-01,VIGENTE
2026-04,CR-003418,AV-2025-003419,CRC,251899587.46,2025-09-21,VIGENTE
2026-03,CR-003419,AV-2025-003420,USD,547905.95,2025-01-25,VIGENTE
2026-04,CR-003419,AV-2025-003420,USD,544991.38,2025-02-13,VIGENTE
2026-03,CR-003420,AV-2024-003421,CRC,220293678.47,2024-12-11,VIGENTE
2026-04,CR-003420,AV-2024-003421,CRC,219107312.37,2024-10-28,VIGENTE
2026-03,CR-003421,AV-2025-003422,CRC,120557151.97,2025-06-12,VIGENTE
2026-04,CR-003421,AV-2025-003422,CRC,120151131.36,2025-05-26,VIGENTE
2026-03,CR-003422,AV-2025-003423,CRC,960992956.58,2025-09-20,VIGENTE
2026-04,CR-003422,AV-2025-003423,CRC,957982117.0,2025-10-25,VIGENTE
2026-03,CR-003423,AV-2025-003424,CRC,420919129.29,2025-07-16,VIGENTE
2026-04,CR-003423,AV-2025-003424,CRC,418794012.35,2025-08-05,VIGENTE
2026-03,CR-003424,AV-2025-003425,USD,184638.48,2026-01-10,VIGENTE
2026-04,CR-003424,AV-2025-003425,USD,182685.5,2025-12-25,VIGENTE
2026-03,CR-003425,AV-2026-003426,CRC,117689487.09,2026-04-06,VIGENTE
2026-04,CR-003425,AV-2026-003426,CRC,116403934.46,2026-05-02,VIGENTE
2026-03,CR-003426,AV-2025-003427,CRC,90711388.59,2026-01-03,VIGENTE
2026-04,CR-003426,AV-2025-003427,CRC,89783193.23,2026-01-29,VIGENTE
2026-03,CR-003427,AV-2024-003428,CRC,522408245.98,2024-10-31,VIGENTE
2026-04,CR-003427,AV-2024-003428,CRC,517776091.48,2024-12-02,VIGENTE
2026-03,CR-003429,AV-2024-003430,CRC,58876205.53,2024-12-28,VIGENTE
2026-04,CR-003429,AV-2024-003430,CRC,58295665.19,2025-02-07,VIGENTE
2026-03,CR-003430,AV-2024-003431,CRC,165726646.24,2024-10-09,VIGENTE
2026-04,CR-003430,AV-2024-003431,CRC,163784683.23,2024-09-23,VIGENTE
2026-03,CR-003431,AV-2025-003432,USD,23800471.05,2025-02-01,VIGENTE
2026-04,CR-003431,AV-2025-003432,USD,0.0,2025-02-14,CANCELADO
2026-03,CR-003432,AV-2025-003433,USD,89961.36,2025-10-31,VIGENTE
2026-04,CR-003432,AV-2025-003433,USD,0.0,2025-09-30,CANCELADO
2026-03,CR-003433,AV-2025-003434,USD,157026.96,2025-03-07,VIGENTE
2026-04,CR-003433,AV-2025-003434,USD,155884.22,2025-04-05,VIGENTE
2026-03,CR-003434,AV-2024-003435,USD,128445.38,2025-02-04,VIGENTE
2026-04,CR-003434,AV-2024-003435,USD,127393.27,2025-01-15,VIGENTE
2026-03,CR-003435,AV-2025-003436,CRC,870335422.23,2025-09-11,VIGENTE
2026-04,CR-003435,AV-2025-003436,CRC,0.0,2025-09-18,CANCELADO
2026-03,CR-003436,AV-2024-003437,USD,228966.72,2024-09-27,VIGENTE
2026-04,CR-003436,AV-2024-003437,USD,226395.76,2024-09-13,VIGENTE
2026-03,CR-003437,AV-2025-003438,USD,243607.97,2026-01-19,VIGENTE
2026-04,CR-003437,AV-2025-003438,USD,241100.04,2025-12-20,VIGENTE
2026-03,CR-003438,AV-2025-003439,CRC,361491411.56,2025-07-28,VIGENTE
2026-04,CR-003438,AV-2025-003439,CRC,357649807.77,2025-08-11,VIGENTE
2026-03,CR-003439,AV-2026-003440,CRC,165381655.49,2026-02-27,VIGENTE
2026-04,CR-003439,AV-2026-003440,CRC,0.0,2026-01-25,CANCELADO
2026-03,CR-003440,AV-2026-003441,USD,79933.75,2026-04-16,VIGENTE
2026-04,CR-003440,AV-2026-003441,USD,79004.97,2026-03-04,VIGENTE
2026-03,CR-003443,AV-2025-003444,USD,65305.51,2025-04-28,VIGENTE
2026-04,CR-003443,AV-2025-003444,USD,65088.45,2025-05-21,VIGENTE
2026-03,CR-003444,AV-2024-003445,USD,157053.03,2024-09-09,VIGENTE
2026-04,CR-003444,AV-2024-003445,USD,0.0,2024-09-08,CANCELADO
2026-03,CR-003445,AV-2024-003446,USD,58161.97,2024-08-29,VIGENTE
2026-04,CR-003445,AV-2024-003446,USD,57862.43,2024-09-28,VIGENTE
2026-03,CR-003446,AV-2025-003447,CRC,354446537.39,2025-03-23,VIGENTE
2026-04,CR-003446,AV-2025-003447,CRC,350242732.03,2025-03-08,VIGENTE
2026-03,CR-003447,AV-2024-003448,USD,429171.96,2024-09-14,VIGENTE
2026-04,CR-003447,AV-2024-003448,USD,427109.45,2024-08-23,VIGENTE
2026-03,CR-003449,AV-2025-003450,USD,221741.97,2026-01-28,VIGENTE
2026-04,CR-003449,AV-2025-003450,USD,220964.1,2026-01-22,VIGENTE
2026-03,CR-003451,AV-2025-003452,CRC,1084424833.52,2026-01-22,VIGENTE
2026-04,CR-003451,AV-2025-003452,CRC,1072815727.29,2026-02-03,VIGENTE
2026-03,CR-003452,AV-2025-003453,CRC,60729927.57,2025-10-17,VIGENTE
2026-04,CR-003452,AV-2025-003453,CRC,60429295.28,2025-11-29,VIGENTE
2026-03,CR-003453,AV-2025-003454,USD,309376.43,2026-02-09,VIGENTE
2026-04,CR-003453,AV-2025-003454,USD,307494.09,2026-01-27,VIGENTE
2026-03,CR-003454,AV-2025-003455,CRC,228077836.83,2025-04-05,VIGENTE
2026-04,CR-003454,AV-2025-003455,CRC,0.0,2025-03-20,CANCELADO
2026-03,CR-003455,AV-2024-003456,USD,184290.42,2024-10-12,VIGENTE
2026-04,CR-003455,AV-2024-003456,USD,183370.15,2024-10-29,VIGENTE
2026-03,CR-003456,AV-2024-003457,CRC,64401873.09,2025-01-02,VIGENTE
2026-04,CR-003456,AV-2024-003457,CRC,64184675.59,2024-12-27,VIGENTE
2026-03,CR-003457,AV-2024-003458,CRC,831476538.29,2025-01-28,VIGENTE
2026-04,CR-003457,AV-2024-003458,CRC,826953876.32,2025-01-14,VIGENTE
2026-03,CR-003458,AV-2025-003459,CRC,270150574.34,2025-08-18,VIGENTE
2026-04,CR-003458,AV-2025-003459,CRC,267928203.9,2025-09-17,VIGENTE
2026-03,CR-003459,AV-2025-003460,USD,340455.36,2025-04-28,VIGENTE
2026-04,CR-003459,AV-2025-003460,USD,338080.89,2025-05-03,VIGENTE
2026-03,CR-003461,AV-2025-003462,USD,11077989.26,2025-07-03,VIGENTE
2026-04,CR-003461,AV-2025-003462,USD,11023192.86,2025-08-15,VIGENTE
2026-03,CR-003462,AV-2024-003463,CRC,72233056.82,2024-12-02,VIGENTE
2026-04,CR-003462,AV-2024-003463,CRC,71736615.82,2024-12-05,VIGENTE
2026-03,CR-003464,AV-2025-003465,USD,92274.27,2025-04-24,VIGENTE
2026-04,CR-003464,AV-2025-003465,USD,91294.17,2025-05-31,VIGENTE
2026-03,CR-003465,AV-2025-003466,USD,276421.2,2025-05-31,VIGENTE
2026-04,CR-003465,AV-2025-003466,USD,274550.97,2025-04-22,VIGENTE
2026-03,CR-003466,AV-2026-003467,CRC,98092689.98,2026-03-13,VIGENTE
2026-04,CR-003466,AV-2026-003467,CRC,97388700.0,2026-03-02,VIGENTE
2026-03,CR-003467,AV-2025-003468,CRC,2310422788.44,2026-01-06,VIGENTE
2026-04,CR-003467,AV-2025-003468,CRC,2291354080.75,2025-11-22,VIGENTE
2026-03,CR-003469,AV-2025-003470,CRC,642003785.92,2025-10-08,VIGENTE
2026-04,CR-003469,AV-2025-003470,CRC,636049599.01,2025-10-09,VIGENTE
2026-03,CR-003471,AV-2025-003472,CRC,269459428.73,2025-07-09,VIGENTE
2026-04,CR-003471,AV-2025-003472,CRC,266469557.22,2025-06-07,VIGENTE
2026-03,CR-003472,AV-2025-003473,CRC,128913365.4,2025-12-08,VIGENTE
2026-04,CR-003472,AV-2025-003473,CRC,0.0,2025-12-09,CANCELADO
2026-03,CR-003473,AV-2025-003474,CRC,409934590.36,2025-02-28,VIGENTE
2026-04,CR-003473,AV-2025-003474,CRC,405169493.92,2025-03-02,VIGENTE
2026-03,CR-003474,AV-2026-003475,USD,107142.86,2026-02-02,VIGENTE
2026-04,CR-003474,AV-2026-003475,USD,106821.07,2026-02-17,VIGENTE
2026-03,CR-003475,AV-2024-003476,CRC,230510763.02,2024-05-29,VIGENTE
2026-04,CR-003475,AV-2024-003476,CRC,229095385.79,2024-06-27,VIGENTE
2026-03,CR-003476,AV-2026-003477,USD,127086.09,2026-03-11,VIGENTE
2026-04,CR-003476,AV-2026-003477,USD,125861.19,2026-03-05,VIGENTE
2026-03,CR-003477,AV-2025-003478,CRC,77405294.84,2026-01-07,VIGENTE
2026-04,CR-003477,AV-2025-003478,CRC,76794386.85,2026-01-22,VIGENTE
2026-03,CR-003478,AV-2025-003479,CRC,59273433.78,2026-01-03,VIGENTE
2026-04,CR-003478,AV-2025-003479,CRC,0.0,2025-12-19,CANCELADO
2026-03,CR-003480,AV-2025-003481,USD,431184.69,2025-10-11,VIGENTE
2026-04,CR-003480,AV-2025-003481,USD,428756.16,2025-10-12,VIGENTE
2026-03,CR-003482,AV-2025-003483,CRC,697776184.77,2025-09-25,VIGENTE
2026-04,CR-003482,AV-2025-003483,CRC,693482231.16,2025-08-28,VIGENTE
2026-03,CR-003483,AV-2025-003484,CRC,108133873.26,2025-12-26,VIGENTE
2026-04,CR-003483,AV-2025-003484,CRC,107653142.85,2026-01-28,VIGENTE
2026-03,CR-003486,AV-2025-003487,CRC,177804839.52,2025-03-13,VIGENTE
2026-04,CR-003486,AV-2025-003487,CRC,176367622.22,2025-02-25,VIGENTE
2026-03,CR-003487,AV-2025-003488,CRC,96966390.55,2025-05-12,VIGENTE
2026-04,CR-003487,AV-2025-003488,CRC,96278687.77,2025-05-20,VIGENTE
2026-03,CR-003488,AV-2025-003489,CRC,47859171.87,2025-02-15,VIGENTE
2026-04,CR-003488,AV-2025-003489,CRC,47411766.56,2025-02-08,VIGENTE
2026-03,CR-003489,AV-2025-003490,USD,440670.69,2025-07-15,VIGENTE
2026-04,CR-003489,AV-2025-003490,USD,436424.21,2025-07-18,VIGENTE
2026-03,CR-003492,AV-2025-003493,CRC,454890515.42,2025-08-04,VIGENTE
2026-04,CR-003492,AV-2025-003493,CRC,450629178.47,2025-09-02,VIGENTE
2026-03,CR-003493,AV-2025-003494,CRC,169264110.91,2025-08-24,VIGENTE
2026-04,CR-003493,AV-2025-003494,CRC,168028786.13,2025-08-31,VIGENTE
2026-03,CR-003494,AV-2026-003495,CRC,624627342.97,2026-02-05,VIGENTE
2026-04,CR-003494,AV-2026-003495,CRC,617223806.29,2026-01-30,VIGENTE
2026-03,CR-003495,AV-2024-003496,CRC,1075880067.87,2024-11-05,VIGENTE
2026-04,CR-003495,AV-2024-003496,CRC,1069363901.03,2024-10-13,VIGENTE
2026-03,CR-003496,AV-2025-003497,CRC,64210618.24,2025-02-21,VIGENTE
2026-04,CR-003496,AV-2025-003497,CRC,63467647.2,2025-02-09,VIGENTE
2026-03,CR-003498,AV-2025-003499,CRC,780964144.99,2025-10-13,VIGENTE
2026-04,CR-003498,AV-2025-003499,CRC,774919125.91,2025-10-27,VIGENTE
2026-03,CR-003499,AV-2026-003500,USD,327873.95,2026-03-23,VIGENTE
2026-04,CR-003499,AV-2026-003500,USD,325749.25,2026-03-10,VIGENTE
2026-03,CR-003500,AV-2024-003501,USD,16789122.55,2024-10-20,VIGENTE
2026-04,CR-003500,AV-2024-003501,USD,16714763.29,2024-11-17,VIGENTE
2026-03,CR-003501,AV-2024-003502,CRC,115609715.6,2024-11-01,VIGENTE
2026-04,CR-003501,AV-2024-003502,CRC,114477577.89,2024-10-04,VIGENTE
2026-03,CR-003502,AV-2024-003503,CRC,1199911671.97,2025-01-13,VIGENTE
2026-04,CR-003502,AV-2024-003503,CRC,1195571683.38,2025-01-17,VIGENTE
2026-03,CR-003503,AV-2026-003504,CRC,471670341.16,2026-02-18,VIGENTE
2026-04,CR-003503,AV-2026-003504,CRC,468948555.74,2026-03-09,VIGENTE
2026-03,CR-003504,AV-2026-003505,CRC,211488614.85,2026-01-19,VIGENTE
2026-04,CR-003504,AV-2026-003505,CRC,210722876.49,2026-03-11,VIGENTE
2026-03,CR-003505,AV-2024-003506,USD,243041.63,2025-01-03,VIGENTE
2026-04,CR-003505,AV-2024-003506,USD,241309.04,2025-01-18,VIGENTE
2026-03,CR-003506,AV-2025-003507,CRC,340071428.92,2025-08-13,VIGENTE
2026-04,CR-003506,AV-2025-003507,CRC,338355909.91,2025-08-18,VIGENTE
2026-03,CR-003507,AV-2025-003508,USD,195464.52,2025-09-11,VIGENTE
2026-04,CR-003507,AV-2025-003508,USD,193576.27,2025-09-24,VIGENTE
2026-03,CR-003508,AV-2024-003509,USD,210172.67,2024-10-28,VIGENTE
2026-04,CR-003508,AV-2024-003509,USD,208522.6,2024-10-25,VIGENTE
2026-03,CR-003509,AV-2025-003510,USD,161186.34,2025-06-06,VIGENTE
2026-04,CR-003509,AV-2025-003510,USD,160094.92,2025-06-17,VIGENTE
2026-03,CR-003510,AV-2025-003511,CRC,243617247.26,2025-12-29,VIGENTE
2026-04,CR-003510,AV-2025-003511,CRC,241486657.77,2025-12-28,VIGENTE
2026-03,CR-003511,AV-2024-003512,USD,364970.97,2025-01-18,VIGENTE
2026-04,CR-003511,AV-2024-003512,USD,363298.88,2025-01-25,VIGENTE
2026-03,CR-003512,AV-2025-003513,CRC,119409144.03,2025-07-21,VIGENTE
2026-04,CR-003512,AV-2025-003513,CRC,118337945.19,2025-06-05,VIGENTE
2026-03,CR-003513,AV-2025-003514,USD,110124.52,2025-08-21,VIGENTE
2026-04,CR-003513,AV-2025-003514,USD,109757.77,2025-09-03,VIGENTE
2026-03,CR-003514,AV-2025-003515,USD,200304.62,2025-02-24,VIGENTE
2026-04,CR-003514,AV-2025-003515,USD,0.0,2025-02-18,CANCELADO
2026-03,CR-003516,AV-2026-003517,CRC,247136436.69,2026-02-18,VIGENTE
2026-04,CR-003516,AV-2026-003517,CRC,246143337.46,2026-03-05,VIGENTE
2026-03,CR-003517,AV-2024-003518,CRC,1131048700.92,2025-01-02,VIGENTE
2026-04,CR-003517,AV-2024-003518,CRC,1118496323.84,2025-01-11,VIGENTE
2026-03,CR-003520,AV-2025-003521,CRC,147670754.85,2025-02-28,VIGENTE
2026-04,CR-003520,AV-2025-003521,CRC,146870338.86,2025-02-17,VIGENTE
2026-03,CR-003521,AV-2025-003522,USD,5688401.58,2025-12-14,VIGENTE
2026-04,CR-003521,AV-2025-003522,USD,0.0,2026-01-15,CANCELADO
2026-03,CR-003522,AV-2025-003523,CRC,333886652.38,2025-09-21,VIGENTE
2026-04,CR-003522,AV-2025-003523,CRC,331600740.7,2025-11-07,VIGENTE
2026-03,CR-003523,AV-2025-003524,USD,66342.64,2025-05-11,VIGENTE
2026-04,CR-003523,AV-2025-003524,USD,65750.69,2025-05-07,VIGENTE
2026-03,CR-003524,AV-2025-003525,USD,3260851.62,2025-12-25,VIGENTE
2026-04,CR-003524,AV-2025-003525,USD,3250432.3,2025-12-28,VIGENTE
2026-03,CR-003525,AV-2025-003526,CRC,2017353643.73,2025-09-04,VIGENTE
2026-04,CR-003525,AV-2025-003526,CRC,2000487564.68,2025-09-18,VIGENTE
2026-03,CR-003527,AV-2025-003528,USD,520225.0,2025-08-28,VIGENTE
2026-04,CR-003527,AV-2025-003528,USD,518003.56,2025-09-01,VIGENTE
2026-03,CR-003528,AV-2025-003529,USD,1144523.39,2025-11-07,VIGENTE
2026-04,CR-003528,AV-2025-003529,USD,1135369.59,2025-09-27,VIGENTE
2026-03,CR-003530,AV-2025-003531,USD,2193012.01,2026-02-23,VIGENTE
2026-04,CR-003530,AV-2025-003531,USD,2172801.03,2026-02-26,VIGENTE
2026-03,CR-003531,AV-2025-003532,CRC,46520511.58,2025-03-28,VIGENTE
2026-04,CR-003531,AV-2025-003532,CRC,46256534.84,2025-03-07,VIGENTE
2026-03,CR-003532,AV-2025-003533,CRC,898348132.22,2025-12-19,VIGENTE
2026-04,CR-003532,AV-2025-003533,CRC,887937971.62,2025-12-15,VIGENTE
2026-03,CR-003533,AV-2025-003534,USD,39606.0,2025-09-10,VIGENTE
2026-04,CR-003533,AV-2025-003534,USD,39305.17,2025-10-14,VIGENTE
2026-03,CR-003534,AV-2026-003535,USD,3434738.31,2026-02-12,VIGENTE
2026-04,CR-003534,AV-2026-003535,USD,3398364.25,2026-02-08,VIGENTE
2026-03,CR-003536,AV-2025-003537,USD,1355651.95,2025-09-23,VIGENTE
2026-04,CR-003536,AV-2025-003537,USD,0.0,2025-10-12,CANCELADO
2026-03,CR-003539,AV-2025-003540,CRC,61810069.7,2025-05-29,VIGENTE
2026-04,CR-003539,AV-2025-003540,CRC,61600803.39,2025-06-18,VIGENTE
2026-03,CR-003540,AV-2025-003541,CRC,719931383.76,2025-12-11,VIGENTE
2026-04,CR-003540,AV-2025-003541,CRC,711339764.32,2025-11-27,VIGENTE
2026-03,CR-003541,AV-2025-003542,USD,3148305.64,2025-07-21,VIGENTE
2026-04,CR-003541,AV-2025-003542,USD,3114100.23,2025-06-29,VIGENTE
2026-03,CR-003542,AV-2026-003543,CRC,184319273.1,2026-04-02,VIGENTE
2026-04,CR-003542,AV-2026-003543,CRC,182675816.62,2026-02-27,VIGENTE
2026-03,CR-003543,AV-2025-003544,USD,1505107.07,2025-03-26,VIGENTE
2026-04,CR-003543,AV-2025-003544,USD,1495245.72,2025-02-04,VIGENTE
2026-03,CR-003544,AV-2025-003545,CRC,226251481.68,2025-03-09,VIGENTE
2026-04,CR-003544,AV-2025-003545,CRC,225338205.77,2025-04-01,VIGENTE
2026-03,CR-003545,AV-2025-003546,USD,55487.75,2025-10-09,VIGENTE
2026-04,CR-003545,AV-2025-003546,USD,55051.7,2025-10-31,VIGENTE
2026-03,CR-003546,AV-2025-003547,CRC,2580390505.65,2025-11-16,VIGENTE
2026-04,CR-003546,AV-2025-003547,CRC,2560482684.91,2025-12-12,VIGENTE
2026-03,CR-003547,AV-2025-003548,CRC,323378523.98,2026-01-12,VIGENTE
2026-04,CR-003547,AV-2025-003548,CRC,321531225.72,2026-01-30,VIGENTE
2026-03,CR-003548,AV-2026-003549,CRC,64681550.88,2026-04-20,VIGENTE
2026-04,CR-003548,AV-2026-003549,CRC,64389114.9,2026-03-15,VIGENTE
2026-03,CR-003549,AV-2025-003550,CRC,127462307.42,2025-02-04,VIGENTE
2026-04,CR-003549,AV-2025-003550,CRC,126183201.55,2025-02-12,VIGENTE
2026-03,CR-003550,AV-2025-003551,CRC,71338489.29,2025-08-26,VIGENTE
2026-04,CR-003550,AV-2025-003551,CRC,71021976.65,2025-09-07,VIGENTE
2026-03,CR-003551,AV-2024-003552,CRC,531493570.44,2024-08-19,VIGENTE
2026-04,CR-003551,AV-2024-003552,CRC,528240106.41,2024-08-29,VIGENTE
2026-03,CR-003553,AV-2025-003554,CRC,364219007.65,2025-08-07,VIGENTE
2026-04,CR-003553,AV-2025-003554,CRC,361392999.87,2025-08-25,VIGENTE
2026-03,CR-003554,AV-2025-003555,USD,310851.77,2025-12-08,VIGENTE
2026-04,CR-003554,AV-2025-003555,USD,309111.81,2025-10-28,VIGENTE
2026-03,CR-003555,AV-2026-003556,CRC,192240638.23,2026-03-21,VIGENTE
2026-04,CR-003555,AV-2026-003556,CRC,191474322.18,2026-04-02,VIGENTE
2026-03,CR-003556,AV-2025-003557,USD,1375482.48,2025-11-27,VIGENTE
2026-04,CR-003556,AV-2025-003557,USD,1371147.75,2025-12-06,VIGENTE
2026-03,CR-003557,AV-2024-003558,USD,515253.27,2024-12-10,VIGENTE
2026-04,CR-003557,AV-2024-003558,USD,512194.27,2024-11-24,VIGENTE
2026-03,CR-003558,AV-2024-003559,CRC,3613216437.3,2025-01-26,VIGENTE
2026-04,CR-003558,AV-2024-003559,CRC,3592101800.44,2025-01-18,VIGENTE
2026-03,CR-003559,AV-2025-003560,CRC,1313419835.63,2025-11-02,VIGENTE
2026-04,CR-003559,AV-2025-003560,CRC,1300201117.02,2025-11-20,VIGENTE
2026-03,CR-003560,AV-2025-003561,CRC,904705669.15,2026-02-27,VIGENTE
2026-04,CR-003560,AV-2025-003561,CRC,897643817.8,2026-01-17,VIGENTE
2026-03,CR-003561,AV-2025-003562,CRC,147795577.87,2025-03-04,VIGENTE
2026-04,CR-003561,AV-2025-003562,CRC,147097469.19,2025-03-08,VIGENTE
2026-03,CR-003562,AV-2025-003563,USD,576265.77,2025-01-14,VIGENTE
2026-04,CR-003562,AV-2025-003563,USD,572778.56,2025-02-01,VIGENTE
2026-03,CR-003563,AV-2025-003564,CRC,62352807.77,2025-12-19,VIGENTE
2026-04,CR-003563,AV-2025-003564,CRC,61783902.8,2025-12-29,VIGENTE
2026-03,CR-003564,AV-2024-003565,USD,241070.98,2024-07-05,VIGENTE
2026-04,CR-003564,AV-2024-003565,USD,238719.58,2024-07-16,VIGENTE
2026-03,CR-003565,AV-2025-003566,CRC,215299520.76,2025-10-17,VIGENTE
2026-04,CR-003565,AV-2025-003566,CRC,213552844.0,2025-09-13,VIGENTE
2026-03,CR-003566,AV-2025-003567,CRC,1080872050.59,2025-05-28,VIGENTE
2026-04,CR-003566,AV-2025-003567,CRC,1068995255.69,2025-04-21,VIGENTE
2026-03,CR-003567,AV-2024-003568,CRC,351655522.9,2025-01-11,VIGENTE
2026-04,CR-003567,AV-2024-003568,CRC,348967094.44,2025-01-18,VIGENTE
2026-03,CR-003568,AV-2025-003569,USD,2592755.18,2025-04-19,VIGENTE
2026-04,CR-003568,AV-2025-003569,USD,2584228.45,2025-04-26,VIGENTE
2026-03,CR-003570,AV-2025-003571,CRC,387235520.03,2025-12-26,VIGENTE
2026-04,CR-003570,AV-2025-003571,CRC,383084919.04,2025-12-27,VIGENTE
2026-03,CR-003571,AV-2024-003572,CRC,268038594.04,2024-07-11,VIGENTE
2026-04,CR-003571,AV-2024-003572,CRC,0.0,2024-08-19,CANCELADO
2026-03,CR-003572,AV-2024-003573,CRC,125633631.81,2024-12-12,VIGENTE
2026-04,CR-003572,AV-2024-003573,CRC,125019222.9,2024-11-25,VIGENTE
2026-03,CR-003574,AV-2025-003575,USD,3316287.12,2026-02-25,VIGENTE
2026-04,CR-003574,AV-2025-003575,USD,3294434.62,2026-02-08,VIGENTE
2026-03,CR-003575,AV-2025-003576,USD,5228147.47,2026-01-11,VIGENTE
2026-04,CR-003575,AV-2025-003576,USD,5194485.29,2025-12-21,VIGENTE
2026-03,CR-003576,AV-2025-003577,CRC,502478628.99,2025-08-25,VIGENTE
2026-04,CR-003576,AV-2025-003577,CRC,498957339.99,2025-07-27,VIGENTE
2026-03,CR-003577,AV-2025-003578,CRC,353688976.79,2025-12-03,VIGENTE
2026-04,CR-003577,AV-2025-003578,CRC,350743069.92,2025-10-31,VIGENTE
2026-03,CR-003578,AV-2024-003579,USD,704052.23,2024-05-29,VIGENTE
2026-04,CR-003578,AV-2024-003579,USD,697669.62,2024-06-14,VIGENTE
2026-03,CR-003579,AV-2026-003580,CRC,1765747961.47,2026-04-21,VIGENTE
2026-04,CR-003579,AV-2026-003580,CRC,1747169525.68,2026-04-06,VIGENTE
2026-03,CR-003582,AV-2025-003583,USD,52675.17,2025-04-11,VIGENTE
2026-04,CR-003582,AV-2025-003583,USD,52516.03,2025-03-16,VIGENTE
2026-03,CR-003583,AV-2026-003584,CRC,94856844.48,2026-02-14,VIGENTE
2026-04,CR-003583,AV-2026-003584,CRC,93768789.26,2026-01-26,VIGENTE
2026-03,CR-003584,AV-2026-003585,CRC,434565037.49,2026-04-24,VIGENTE
2026-04,CR-003584,AV-2026-003585,CRC,430109364.04,2026-04-25,VIGENTE
2026-03,CR-003585,AV-2024-003586,USD,234675.87,2024-05-15,VIGENTE
2026-04,CR-003585,AV-2024-003586,USD,232812.07,2024-06-30,VIGENTE
2026-03,CR-003586,AV-2025-003587,CRC,452472904.17,2025-11-28,VIGENTE
2026-04,CR-003586,AV-2025-003587,CRC,448108640.17,2025-11-15,VIGENTE
2026-03,CR-003587,AV-2025-003588,USD,79907.55,2026-01-27,VIGENTE
2026-04,CR-003587,AV-2025-003588,USD,0.0,2026-01-26,CANCELADO
2026-03,CR-003588,AV-2025-003589,CRC,407695788.23,2025-09-17,VIGENTE
2026-04,CR-003588,AV-2025-003589,CRC,404996716.2,2025-10-14,VIGENTE
2026-03,CR-003590,AV-2025-003591,USD,68395.85,2025-05-22,VIGENTE
2026-04,CR-003590,AV-2025-003591,USD,67958.1,2025-05-26,VIGENTE
2026-03,CR-003591,AV-2024-003592,CRC,136579445.91,2024-07-19,VIGENTE
2026-04,CR-003591,AV-2024-003592,CRC,135516739.43,2024-07-03,VIGENTE
2026-03,CR-003592,AV-2025-003593,USD,7549588.93,2025-11-18,VIGENTE
2026-04,CR-003592,AV-2025-003593,USD,7500118.09,2025-12-01,VIGENTE
2026-03,CR-003593,AV-2025-003594,CRC,244639627.29,2025-10-08,VIGENTE
2026-04,CR-003593,AV-2025-003594,CRC,241940987.81,2025-10-13,VIGENTE
2026-03,CR-003595,AV-2025-003596,CRC,452262297.0,2026-01-26,VIGENTE
2026-04,CR-003595,AV-2025-003596,CRC,448317212.6,2026-02-19,VIGENTE
2026-03,CR-003596,AV-2025-003597,CRC,262522318.88,2025-02-11,VIGENTE
2026-04,CR-003596,AV-2025-003597,CRC,260770290.54,2025-02-25,VIGENTE
2026-03,CR-003597,AV-2025-003598,USD,295805.55,2025-08-11,VIGENTE
2026-04,CR-003597,AV-2025-003598,USD,0.0,2025-08-26,CANCELADO
2026-03,CR-003598,AV-2024-003599,CRC,25259020.86,2024-11-17,VIGENTE
2026-04,CR-003598,AV-2024-003599,CRC,25101268.97,2024-11-15,VIGENTE
2026-03,CR-003600,AV-2025-003601,CRC,222304478.22,2025-03-05,VIGENTE
2026-04,CR-003600,AV-2025-003601,CRC,221418916.44,2025-03-19,VIGENTE
2026-03,CR-003601,AV-2024-003602,CRC,243455833.61,2024-12-22,VIGENTE
2026-04,CR-003601,AV-2024-003602,CRC,240607844.27,2025-01-13,VIGENTE
2026-03,CR-003602,AV-2025-003603,CRC,470170833.84,2025-10-11,VIGENTE
2026-04,CR-003602,AV-2025-003603,CRC,0.0,2025-11-28,CANCELADO
2026-03,CR-003603,AV-2025-003604,USD,7268590.5,2025-11-07,VIGENTE
2026-04,CR-003603,AV-2025-003604,USD,7242827.99,2025-11-15,VIGENTE
2026-03,CR-003604,AV-2025-003605,USD,1712535.55,2025-07-14,VIGENTE
2026-04,CR-003604,AV-2025-003605,USD,1695734.67,2025-06-15,VIGENTE
2026-03,CR-003605,AV-2024-003606,CRC,528363986.96,2024-08-31,VIGENTE
2026-04,CR-003605,AV-2024-003606,CRC,523701295.64,2024-08-21,VIGENTE
2026-03,CR-003608,AV-2025-003609,USD,99209.11,2026-01-14,VIGENTE
2026-04,CR-003608,AV-2025-003609,USD,98603.4,2026-01-12,VIGENTE
2026-03,CR-003609,AV-2025-003610,USD,3009778.25,2025-03-20,VIGENTE
2026-04,CR-003609,AV-2025-003610,USD,2987743.74,2025-04-09,VIGENTE
2026-03,CR-003610,AV-2025-003611,CRC,141761786.1,2025-06-22,VIGENTE
2026-04,CR-003610,AV-2025-003611,CRC,141241365.49,2025-07-13,VIGENTE
2026-03,CR-003612,AV-2025-003613,USD,1496562.55,2025-10-31,VIGENTE
2026-04,CR-003612,AV-2025-003613,USD,1481079.45,2025-11-06,VIGENTE
2026-03,CR-003613,AV-2025-003614,USD,3940126.59,2025-04-18,VIGENTE
2026-04,CR-003613,AV-2025-003614,USD,3896497.85,2025-04-23,VIGENTE
2026-03,CR-003614,AV-2025-003615,CRC,394593613.09,2025-10-27,VIGENTE
2026-04,CR-003614,AV-2025-003615,CRC,390410273.51,2025-10-01,VIGENTE
2026-03,CR-003615,AV-2025-003616,USD,187544.37,2025-11-19,VIGENTE
2026-04,CR-003615,AV-2025-003616,USD,185430.69,2025-12-08,VIGENTE
2026-03,CR-003616,AV-2024-003617,USD,219450.58,2024-11-30,VIGENTE
2026-04,CR-003616,AV-2024-003617,USD,217621.06,2024-11-01,VIGENTE
2026-03,CR-003617,AV-2024-003618,CRC,27166004.09,2024-12-23,VIGENTE
2026-04,CR-003617,AV-2024-003618,CRC,26845030.3,2025-01-17,VIGENTE
2026-03,CR-003618,AV-2025-003619,USD,128113.99,2026-01-02,VIGENTE
2026-04,CR-003618,AV-2025-003619,USD,127282.31,2025-11-22,VIGENTE
2026-03,CR-003619,AV-2025-003620,USD,259096.09,2025-03-30,VIGENTE
2026-04,CR-003619,AV-2025-003620,USD,256554.27,2025-03-01,VIGENTE
2026-03,CR-003620,AV-2024-003621,USD,181643.92,2024-10-16,VIGENTE
2026-04,CR-003620,AV-2024-003621,USD,181037.88,2024-09-22,VIGENTE
2026-03,CR-003621,AV-2025-003622,USD,13638406.34,2025-03-10,VIGENTE
2026-04,CR-003621,AV-2025-003622,USD,13574515.4,2025-04-16,VIGENTE
2026-03,CR-003622,AV-2025-003623,USD,96030.9,2026-01-09,VIGENTE
2026-04,CR-003622,AV-2025-003623,USD,95737.14,2026-02-01,VIGENTE
2026-03,CR-003625,AV-2025-003626,CRC,631449655.86,2025-08-05,VIGENTE
2026-04,CR-003625,AV-2025-003626,CRC,629468341.32,2025-07-30,VIGENTE
2026-03,CR-003626,AV-2025-003627,CRC,124418386.86,2025-12-26,VIGENTE
2026-04,CR-003626,AV-2025-003627,CRC,123121314.6,2025-12-08,VIGENTE
2026-03,CR-003627,AV-2025-003628,CRC,1035286902.96,2025-09-26,VIGENTE
2026-04,CR-003627,AV-2025-003628,CRC,1027248098.11,2025-10-02,VIGENTE
2026-03,CR-003628,AV-2025-003629,USD,14703194.02,2025-11-20,VIGENTE
2026-04,CR-003628,AV-2025-003629,USD,14620862.27,2025-11-21,VIGENTE
2026-03,CR-003629,AV-2025-003630,USD,233680.78,2025-04-24,VIGENTE
2026-04,CR-003629,AV-2025-003630,USD,232007.55,2025-04-24,VIGENTE
2026-03,CR-003630,AV-2025-003631,CRC,273955820.23,2026-01-25,VIGENTE
2026-04,CR-003630,AV-2025-003631,CRC,272696113.82,2026-02-06,VIGENTE
2026-03,CR-003631,AV-2025-003632,CRC,19698557.7,2025-03-12,VIGENTE
2026-04,CR-003631,AV-2025-003632,CRC,19611765.37,2025-04-15,VIGENTE
2026-03,CR-003632,AV-2025-003633,USD,14077187.63,2025-12-24,VIGENTE
2026-04,CR-003632,AV-2025-003633,USD,14034439.65,2026-01-03,VIGENTE
2026-03,CR-003633,AV-2025-003634,CRC,42911246.53,2025-05-12,VIGENTE
2026-04,CR-003633,AV-2025-003634,CRC,42701833.23,2025-05-07,VIGENTE
2026-03,CR-003634,AV-2026-003635,CRC,210827522.39,2026-04-04,VIGENTE
2026-04,CR-003634,AV-2026-003635,CRC,209819796.99,2026-04-02,VIGENTE
2026-03,CR-003635,AV-2024-003636,USD,352915.4,2025-02-27,VIGENTE
2026-04,CR-003635,AV-2024-003636,USD,350344.2,2025-01-21,VIGENTE
2026-03,CR-003636,AV-2025-003637,CRC,240891057.05,2026-02-06,VIGENTE
2026-04,CR-003636,AV-2025-003637,CRC,0.0,2026-02-05,CANCELADO
2026-03,CR-003637,AV-2025-003638,USD,122731.81,2025-05-25,VIGENTE
2026-04,CR-003637,AV-2025-003638,USD,122019.85,2025-05-18,VIGENTE
2026-03,CR-003638,AV-2025-003639,CRC,90459684.18,2025-03-23,VIGENTE
2026-04,CR-003638,AV-2025-003639,CRC,89962347.08,2025-04-25,VIGENTE
2026-03,CR-003639,AV-2026-003640,CRC,601562204.74,2026-03-05,VIGENTE
2026-04,CR-003639,AV-2026-003640,CRC,599493692.63,2026-03-02,VIGENTE
2026-03,CR-003640,AV-2025-003641,CRC,711440810.48,2025-06-30,VIGENTE
2026-04,CR-003640,AV-2025-003641,CRC,705529618.72,2025-07-23,VIGENTE
2026-03,CR-003642,AV-2025-003643,CRC,506738847.09,2025-12-20,VIGENTE
2026-04,CR-003642,AV-2025-003643,CRC,503233884.67,2025-12-14,VIGENTE
2026-03,CR-003643,AV-2024-003644,USD,504734.65,2024-08-28,VIGENTE
2026-04,CR-003643,AV-2024-003644,USD,500859.78,2024-10-02,VIGENTE
2026-03,CR-003644,AV-2024-003645,CRC,479604058.91,2024-11-14,VIGENTE
2026-04,CR-003644,AV-2024-003645,CRC,0.0,2024-11-18,CANCELADO
2026-03,CR-003645,AV-2025-003646,CRC,3214877669.45,2025-07-11,VIGENTE
2026-04,CR-003645,AV-2025-003646,CRC,3201319505.95,2025-06-22,VIGENTE
2026-03,CR-003646,AV-2024-003647,CRC,250949618.28,2024-11-02,VIGENTE
2026-04,CR-003646,AV-2024-003647,CRC,249623653.98,2024-11-22,VIGENTE
2026-03,CR-003647,AV-2025-003648,USD,234868.75,2025-04-22,VIGENTE
2026-04,CR-003647,AV-2025-003648,USD,232624.49,2025-04-14,VIGENTE
2026-03,CR-003648,AV-2024-003649,USD,471920.56,2024-10-25,VIGENTE
2026-04,CR-003648,AV-2024-003649,USD,468670.57,2024-10-24,VIGENTE
2026-03,CR-003650,AV-2025-003651,CRC,92995411.27,2025-08-16,VIGENTE
2026-04,CR-003650,AV-2025-003651,CRC,91981141.0,2025-08-20,VIGENTE
2026-03,CR-003651,AV-2025-003652,CRC,331334722.01,2025-08-02,VIGENTE
2026-04,CR-003651,AV-2025-003652,CRC,328050557.72,2025-07-29,VIGENTE
2026-03,CR-003652,AV-2025-003653,CRC,29444492.18,2025-07-22,VIGENTE
2026-04,CR-003652,AV-2025-003653,CRC,29253963.96,2025-07-26,VIGENTE
2026-03,CR-003654,AV-2025-003655,CRC,30066456.69,2026-01-05,VIGENTE
2026-04,CR-003654,AV-2025-003655,CRC,29749673.81,2026-02-06,VIGENTE
2026-03,CR-003655,AV-2025-003656,USD,485843.36,2025-09-15,VIGENTE
2026-04,CR-003655,AV-2025-003656,USD,0.0,2025-10-01,CANCELADO
2026-03,CR-003656,AV-2025-003657,USD,393349.46,2025-01-28,VIGENTE
2026-04,CR-003656,AV-2025-003657,USD,390466.53,2025-03-15,VIGENTE
2026-03,CR-003657,AV-2026-003658,USD,3929408.47,2026-04-12,VIGENTE
2026-04,CR-003657,AV-2026-003658,USD,3894739.71,2026-04-01,VIGENTE
2026-03,CR-003658,AV-2025-003659,USD,135113.53,2025-12-23,VIGENTE
2026-04,CR-003658,AV-2025-003659,USD,134227.75,2026-01-02,VIGENTE
2026-03,CR-003659,AV-2025-003660,USD,498938.71,2026-01-06,VIGENTE
2026-04,CR-003659,AV-2025-003660,USD,494979.8,2025-12-10,VIGENTE
2026-03,CR-003660,AV-2025-003661,CRC,368366547.33,2025-12-17,VIGENTE
2026-04,CR-003660,AV-2025-003661,CRC,364874821.83,2025-12-24,VIGENTE
2026-03,CR-003661,AV-2025-003662,USD,217679.84,2026-01-09,VIGENTE
2026-04,CR-003661,AV-2025-003662,USD,217021.91,2026-02-19,VIGENTE
2026-03,CR-003662,AV-2024-003663,CRC,113754396.26,2024-11-22,VIGENTE
2026-04,CR-003662,AV-2024-003663,CRC,112660708.23,2024-12-09,VIGENTE
2026-03,CR-003663,AV-2026-003664,CRC,201616551.96,2026-02-28,VIGENTE
2026-04,CR-003663,AV-2026-003664,CRC,200306425.59,2026-03-03,VIGENTE
2026-03,CR-003664,AV-2025-003665,USD,70579.59,2025-03-26,VIGENTE
2026-04,CR-003664,AV-2025-003665,USD,70020.06,2025-02-25,VIGENTE
2026-03,CR-003665,AV-2024-003666,CRC,716497393.45,2025-01-19,VIGENTE
2026-04,CR-003665,AV-2024-003666,CRC,713000233.27,2025-01-05,VIGENTE
2026-03,CR-003666,AV-2025-003667,CRC,177400899.3,2025-12-09,VIGENTE
2026-04,CR-003666,AV-2025-003667,CRC,175708132.47,2025-12-02,VIGENTE
2026-03,CR-003667,AV-2025-003668,CRC,613628334.91,2025-10-27,VIGENTE
2026-04,CR-003667,AV-2025-003668,CRC,610772739.48,2025-09-09,VIGENTE
2026-03,CR-003668,AV-2025-003669,CRC,327042537.37,2025-08-16,VIGENTE
2026-04,CR-003668,AV-2025-003669,CRC,0.0,2025-07-26,CANCELADO
2026-03,CR-003669,AV-2024-003670,CRC,125372998.82,2024-12-21,VIGENTE
2026-04,CR-003669,AV-2024-003670,CRC,124199637.01,2024-12-20,VIGENTE
2026-03,CR-003672,AV-2025-003673,USD,4803075.73,2026-02-11,VIGENTE
2026-04,CR-003672,AV-2025-003673,USD,4755531.16,2026-02-11,VIGENTE
2026-03,CR-003673,AV-2025-003674,CRC,632411785.77,2026-02-06,VIGENTE
2026-04,CR-003673,AV-2025-003674,CRC,626604842.14,2026-01-02,VIGENTE
2026-03,CR-003675,AV-2025-003676,USD,4445721.61,2025-05-23,VIGENTE
2026-04,CR-003675,AV-2025-003676,USD,4421578.35,2025-05-22,VIGENTE
2026-03,CR-003676,AV-2024-003677,CRC,109342781.48,2024-08-16,VIGENTE
2026-04,CR-003676,AV-2024-003677,CRC,108904744.35,2024-08-13,VIGENTE
2026-03,CR-003678,AV-2025-003679,USD,5705834.18,2025-07-02,VIGENTE
2026-04,CR-003678,AV-2025-003679,USD,5685586.26,2025-06-28,VIGENTE
2026-03,CR-003679,AV-2024-003680,CRC,45125153.38,2024-10-07,VIGENTE
2026-04,CR-003679,AV-2024-003680,CRC,44601223.23,2024-10-27,VIGENTE
2026-03,CR-003681,AV-2025-003682,CRC,153565169.29,2025-10-18,VIGENTE
2026-04,CR-003681,AV-2025-003682,CRC,151923088.23,2025-10-04,VIGENTE
2026-03,CR-003682,AV-2025-003683,CRC,311901193.44,2025-10-26,VIGENTE
2026-04,CR-003682,AV-2025-003683,CRC,308862140.73,2025-10-07,VIGENTE
2026-03,CR-003683,AV-2024-003684,CRC,204025493.47,2025-02-19,VIGENTE
2026-04,CR-003683,AV-2024-003684,CRC,202132233.42,2025-01-30,VIGENTE
2026-03,CR-003684,AV-2024-003685,CRC,2487129360.9,2024-11-19,VIGENTE
2026-04,CR-003684,AV-2024-003685,CRC,2474754212.49,2025-01-06,VIGENTE
2026-03,CR-003685,AV-2025-003686,CRC,154106496.43,2025-09-11,VIGENTE
2026-04,CR-003685,AV-2025-003686,CRC,152405625.58,2025-09-14,VIGENTE
2026-03,CR-003686,AV-2025-003687,USD,210138.05,2025-03-28,VIGENTE
2026-04,CR-003686,AV-2025-003687,USD,208001.33,2025-05-01,VIGENTE
2026-03,CR-003687,AV-2026-003688,CRC,11220502596.88,2026-03-13,VIGENTE
2026-04,CR-003687,AV-2026-003688,CRC,11177761286.02,2026-02-13,VIGENTE
2026-03,CR-003688,AV-2025-003689,CRC,173770718.92,2025-02-21,VIGENTE
2026-04,CR-003688,AV-2025-003689,CRC,173053563.75,2025-03-23,VIGENTE
2026-03,CR-003689,AV-2025-003690,CRC,19919460142.25,2025-08-03,VIGENTE
2026-04,CR-003689,AV-2025-003690,CRC,19711819264.74,2025-07-13,VIGENTE
2026-03,CR-003690,AV-2025-003691,CRC,306898844.86,2025-05-13,VIGENTE
2026-04,CR-003690,AV-2025-003691,CRC,305173164.84,2025-06-20,VIGENTE
2026-03,CR-003691,AV-2025-003692,CRC,108391256.91,2026-01-07,VIGENTE
2026-04,CR-003691,AV-2025-003692,CRC,107737554.83,2026-02-24,VIGENTE
2026-03,CR-003692,AV-2025-003693,USD,384569.77,2025-11-02,VIGENTE
2026-04,CR-003692,AV-2025-003693,USD,381622.25,2025-12-10,VIGENTE
2026-03,CR-003693,AV-2025-003694,CRC,555266374.98,2025-11-30,VIGENTE
2026-04,CR-003693,AV-2025-003694,CRC,552538456.55,2025-11-25,VIGENTE
2026-03,CR-003694,AV-2025-003695,CRC,433912357.92,2025-03-31,VIGENTE
2026-04,CR-003694,AV-2025-003695,CRC,432327667.66,2025-04-18,VIGENTE
2026-03,CR-003695,AV-2025-003696,CRC,122923273.74,2025-03-27,VIGENTE
2026-04,CR-003695,AV-2025-003696,CRC,121635645.78,2025-02-21,VIGENTE
2026-03,CR-003697,AV-2026-003698,USD,176168.93,2026-05-03,VIGENTE
2026-04,CR-003697,AV-2026-003698,USD,175186.23,2026-04-20,VIGENTE
2026-03,CR-003698,AV-2025-003699,CRC,349199208.94,2025-12-22,VIGENTE
2026-04,CR-003698,AV-2025-003699,CRC,347158765.46,2026-01-25,VIGENTE
2026-03,CR-003700,AV-2025-003701,CRC,1024441181.08,2026-02-04,VIGENTE
2026-04,CR-003700,AV-2025-003701,CRC,1012923105.0,2026-01-02,VIGENTE
2026-03,CR-003701,AV-2025-003702,USD,137703.2,2025-05-06,VIGENTE
2026-04,CR-003701,AV-2025-003702,USD,136484.45,2025-06-14,VIGENTE
2026-03,CR-003704,AV-2025-003705,CRC,12689932978.81,2025-10-24,VIGENTE
2026-04,CR-003704,AV-2025-003705,CRC,12566809291.34,2025-11-13,VIGENTE
2026-03,CR-003705,AV-2025-003706,CRC,173443881.68,2025-11-23,VIGENTE
2026-04,CR-003705,AV-2025-003706,CRC,172652096.58,2025-12-05,VIGENTE
2026-03,CR-003706,AV-2024-003707,CRC,233401366.45,2024-09-04,VIGENTE
2026-04,CR-003706,AV-2024-003707,CRC,231343855.42,2024-10-14,VIGENTE
2026-03,CR-003707,AV-2025-003708,USD,137747.89,2026-01-16,VIGENTE
2026-04,CR-003707,AV-2025-003708,USD,136602.6,2026-02-16,VIGENTE
2026-03,CR-003708,AV-2025-003709,USD,258189.59,2025-03-22,VIGENTE
2026-04,CR-003708,AV-2025-003709,USD,255800.28,2025-02-23,VIGENTE
2026-03,CR-003709,AV-2025-003710,USD,180370.39,2025-11-12,VIGENTE
2026-04,CR-003709,AV-2025-003710,USD,179413.24,2025-10-29,VIGENTE
2026-03,CR-003710,AV-2025-003711,CRC,696021706.06,2025-03-30,VIGENTE
2026-04,CR-003710,AV-2025-003711,CRC,691030516.85,2025-03-19,VIGENTE
2026-03,CR-003712,AV-2025-003713,USD,79596.29,2026-01-09,VIGENTE
2026-04,CR-003712,AV-2025-003713,USD,78706.53,2025-12-30,VIGENTE
2026-03,CR-003714,AV-2025-003715,CRC,239394060.05,2025-06-05,VIGENTE
2026-04,CR-003714,AV-2025-003715,CRC,238381230.91,2025-07-17,VIGENTE
2026-03,CR-003717,AV-2025-003718,CRC,268199086.23,2025-06-01,VIGENTE
2026-04,CR-003717,AV-2025-003718,CRC,265940769.16,2025-06-02,VIGENTE
2026-03,CR-003718,AV-2025-003719,USD,6830562.9,2026-01-22,VIGENTE
2026-04,CR-003718,AV-2025-003719,USD,6750589.81,2025-12-26,VIGENTE
2026-03,CR-003719,AV-2025-003720,CRC,158362983.2,2025-12-20,VIGENTE
2026-04,CR-003719,AV-2025-003720,CRC,157110981.31,2026-02-04,VIGENTE
2026-03,CR-003720,AV-2025-003721,CRC,235246434.74,2026-01-03,VIGENTE
2026-04,CR-003720,AV-2025-003721,CRC,234473506.8,2026-01-15,VIGENTE
2026-03,CR-003721,AV-2025-003722,USD,192887.76,2026-01-17,VIGENTE
2026-04,CR-003721,AV-2025-003722,USD,191263.56,2025-12-18,VIGENTE
2026-03,CR-003722,AV-2024-003723,USD,8100198.6,2024-09-16,VIGENTE
2026-04,CR-003722,AV-2024-003723,USD,8027963.39,2024-10-16,VIGENTE
2026-03,CR-003723,AV-2024-003724,CRC,242622219.94,2024-10-26,VIGENTE
2026-04,CR-003723,AV-2024-003724,CRC,240509360.76,2024-10-30,VIGENTE
2026-03,CR-003724,AV-2025-003725,CRC,64333880.78,2025-10-23,VIGENTE
2026-04,CR-003724,AV-2025-003725,CRC,64110838.18,2025-10-25,VIGENTE
2026-03,CR-003725,AV-2026-003726,CRC,222324116.82,2026-03-25,VIGENTE
2026-04,CR-003725,AV-2026-003726,CRC,220481671.75,2026-03-15,VIGENTE
2026-03,CR-003727,AV-2025-003728,USD,115900.29,2025-06-17,VIGENTE
2026-04,CR-003727,AV-2025-003728,USD,115194.63,2025-06-10,VIGENTE
2026-03,CR-003728,AV-2024-003729,CRC,189354373.87,2024-08-04,VIGENTE
2026-04,CR-003728,AV-2024-003729,CRC,187681438.66,2024-09-21,VIGENTE
2026-03,CR-003729,AV-2025-003730,CRC,119589886.26,2025-11-03,VIGENTE
2026-04,CR-003729,AV-2025-003730,CRC,118808280.75,2025-11-15,VIGENTE
2026-03,CR-003731,AV-2025-003732,USD,120231.79,2026-01-16,VIGENTE
2026-04,CR-003731,AV-2025-003732,USD,119366.6,2025-12-13,VIGENTE
2026-03,CR-003732,AV-2025-003733,CRC,342783805.57,2025-06-02,VIGENTE
2026-04,CR-003732,AV-2025-003733,CRC,340295325.79,2025-04-16,VIGENTE
2026-03,CR-003733,AV-2024-003734,CRC,560128575.95,2025-02-01,VIGENTE
2026-04,CR-003733,AV-2024-003734,CRC,556308820.86,2025-01-15,VIGENTE
2026-03,CR-003736,AV-2026-003737,USD,773077.32,2026-02-26,VIGENTE
2026-04,CR-003736,AV-2026-003737,USD,770597.13,2026-02-14,VIGENTE
2026-03,CR-003737,AV-2025-003738,CRC,52031833.84,2026-03-02,VIGENTE
2026-04,CR-003737,AV-2025-003738,CRC,51417082.41,2026-02-24,VIGENTE
2026-03,CR-003739,AV-2024-003740,USD,6423761.16,2025-01-23,VIGENTE
2026-04,CR-003739,AV-2024-003740,USD,6364163.35,2025-01-10,VIGENTE
2026-03,CR-003740,AV-2025-003741,CRC,791450160.72,2025-11-16,VIGENTE
2026-04,CR-003740,AV-2025-003741,CRC,782779323.88,2025-12-04,VIGENTE
2026-03,CR-003741,AV-2025-003742,CRC,1657103829.85,2026-01-10,VIGENTE
2026-04,CR-003741,AV-2025-003742,CRC,1639849942.03,2026-01-29,VIGENTE
2026-03,CR-003742,AV-2025-003743,USD,234320.39,2025-11-08,VIGENTE
2026-04,CR-003742,AV-2025-003743,USD,232300.26,2025-10-11,VIGENTE
2026-03,CR-003743,AV-2025-003744,CRC,74394651.5,2025-09-26,VIGENTE
2026-04,CR-003743,AV-2025-003744,CRC,73845767.07,2025-11-12,VIGENTE
2026-03,CR-003745,AV-2026-003746,CRC,180799248.88,2026-03-23,VIGENTE
2026-04,CR-003745,AV-2026-003746,CRC,179392181.76,2026-03-29,VIGENTE
2026-03,CR-003747,AV-2025-003748,CRC,361566121.34,2025-03-19,VIGENTE
2026-04,CR-003747,AV-2025-003748,CRC,358478533.64,2025-04-23,VIGENTE
2026-03,CR-003748,AV-2024-003749,USD,1100743.65,2025-01-25,VIGENTE
2026-04,CR-003748,AV-2024-003749,USD,1093182.15,2025-01-05,VIGENTE
2026-03,CR-003749,AV-2025-003750,CRC,104400723.65,2025-08-24,VIGENTE
2026-04,CR-003749,AV-2025-003750,CRC,103647796.24,2025-07-26,VIGENTE
2026-03,CR-003750,AV-2024-003751,USD,41174.66,2024-11-23,VIGENTE
2026-04,CR-003750,AV-2024-003751,USD,40908.58,2024-12-15,VIGENTE
2026-03,CR-003751,AV-2025-003752,USD,158832.53,2025-02-28,VIGENTE
2026-04,CR-003751,AV-2025-003752,USD,158339.99,2025-03-20,VIGENTE
2026-03,CR-003752,AV-2025-003753,CRC,764275096.69,2025-12-07,VIGENTE
2026-04,CR-003752,AV-2025-003753,CRC,0.0,2025-12-03,CANCELADO
2026-03,CR-003753,AV-2024-003754,CRC,58890476.94,2024-12-23,VIGENTE
2026-04,CR-003753,AV-2024-003754,CRC,58443195.15,2025-01-02,VIGENTE
2026-03,CR-003754,AV-2025-003755,CRC,1359826188.8,2025-04-05,VIGENTE
2026-04,CR-003754,AV-2025-003755,CRC,1343941408.56,2025-05-09,VIGENTE
2026-03,CR-003755,AV-2025-003756,CRC,115554083.58,2025-02-08,VIGENTE
2026-04,CR-003755,AV-2025-003756,CRC,114989535.77,2025-01-22,VIGENTE
2026-03,CR-003756,AV-2024-003757,CRC,316864379.01,2024-07-23,VIGENTE
2026-04,CR-003756,AV-2024-003757,CRC,315239157.12,2024-06-17,VIGENTE
2026-03,CR-003757,AV-2024-003758,CRC,148342992.02,2024-09-12,VIGENTE
2026-04,CR-003757,AV-2024-003758,CRC,147637224.99,2024-09-19,VIGENTE
2026-03,CR-003758,AV-2025-003759,USD,1104049.26,2025-06-25,VIGENTE
2026-04,CR-003758,AV-2025-003759,USD,1091357.38,2025-05-30,VIGENTE
2026-03,CR-003759,AV-2026-003760,USD,104364.13,2026-02-14,VIGENTE
2026-04,CR-003759,AV-2026-003760,USD,103658.75,2026-03-06,VIGENTE
2026-03,CR-003760,AV-2025-003761,CRC,435284352.42,2025-09-16,VIGENTE
2026-04,CR-003760,AV-2025-003761,CRC,0.0,2025-09-28,CANCELADO
2026-03,CR-003762,AV-2024-003763,USD,201785.17,2024-08-29,VIGENTE
2026-04,CR-003762,AV-2024-003763,USD,201016.85,2024-08-30,VIGENTE
2026-03,CR-003763,AV-2026-003764,CRC,187956387.36,2026-03-17,VIGENTE
2026-04,CR-003763,AV-2026-003764,CRC,185825184.92,2026-03-28,VIGENTE
2026-03,CR-003764,AV-2025-003765,CRC,172201909.88,2025-04-12,VIGENTE
2026-04,CR-003764,AV-2025-003765,CRC,171170470.2,2025-04-01,VIGENTE
2026-03,CR-003766,AV-2024-003767,CRC,101336153.26,2024-07-22,VIGENTE
2026-04,CR-003766,AV-2024-003767,CRC,100537441.6,2024-06-28,VIGENTE
2026-03,CR-003767,AV-2025-003768,USD,174942.31,2025-10-03,VIGENTE
2026-04,CR-003767,AV-2025-003768,USD,173884.36,2025-11-12,VIGENTE
2026-03,CR-003768,AV-2025-003769,USD,53195.84,2025-03-23,VIGENTE
2026-04,CR-003768,AV-2025-003769,USD,52596.6,2025-02-09,VIGENTE
2026-03,CR-003770,AV-2024-003771,CRC,990294471.57,2024-10-23,VIGENTE
2026-04,CR-003770,AV-2024-003771,CRC,983372970.07,2024-10-25,VIGENTE
2026-03,CR-003772,AV-2025-003773,CRC,439671929.51,2026-01-17,VIGENTE
2026-04,CR-003772,AV-2025-003773,CRC,436102008.07,2026-02-09,VIGENTE
2026-03,CR-003773,AV-2025-003774,USD,115959.86,2025-07-20,VIGENTE
2026-04,CR-003773,AV-2025-003774,USD,114573.63,2025-08-21,VIGENTE
2026-03,CR-003774,AV-2025-003775,USD,240864.28,2025-02-24,VIGENTE
2026-04,CR-003774,AV-2025-003775,USD,238152.77,2025-02-12,VIGENTE
2026-03,CR-003775,AV-2025-003776,CRC,157013905.31,2025-03-15,VIGENTE
2026-04,CR-003775,AV-2025-003776,CRC,156126640.48,2025-04-27,VIGENTE
2026-03,CR-003776,AV-2024-003777,USD,219610.27,2025-01-30,VIGENTE
2026-04,CR-003776,AV-2024-003777,USD,218005.54,2024-12-20,VIGENTE
2026-03,CR-003777,AV-2025-003778,USD,365245.84,2025-04-03,VIGENTE
2026-04,CR-003777,AV-2025-003778,USD,0.0,2025-04-20,CANCELADO
2026-03,CR-003778,AV-2024-003779,CRC,994125259.12,2025-01-06,VIGENTE
2026-04,CR-003778,AV-2024-003779,CRC,986367989.67,2025-02-15,VIGENTE
2026-03,CR-003779,AV-2026-003780,CRC,107600326.53,2026-01-20,VIGENTE
2026-04,CR-003779,AV-2026-003780,CRC,106501986.96,2026-03-10,VIGENTE
2026-03,CR-003780,AV-2026-003781,CRC,238691198.61,2026-03-11,VIGENTE
2026-04,CR-003780,AV-2026-003781,CRC,237938696.87,2026-03-22,VIGENTE
2026-03,CR-003781,AV-2024-003782,CRC,930253692.81,2024-09-23,VIGENTE
2026-04,CR-003781,AV-2024-003782,CRC,922267864.68,2024-09-06,VIGENTE
2026-03,CR-003782,AV-2024-003783,USD,2947038.38,2024-10-26,VIGENTE
2026-04,CR-003782,AV-2024-003783,USD,2928937.99,2024-11-03,VIGENTE
2026-03,CR-003784,AV-2025-003785,CRC,88067899.07,2025-02-12,VIGENTE
2026-04,CR-003784,AV-2025-003785,CRC,87556954.67,2025-02-03,VIGENTE
2026-03,CR-003785,AV-2024-003786,CRC,288024421.1,2024-08-01,VIGENTE
2026-04,CR-003785,AV-2024-003786,CRC,286746201.8,2024-07-30,VIGENTE
2026-03,CR-003786,AV-2026-003787,CRC,229853004.33,2026-02-16,VIGENTE
2026-04,CR-003786,AV-2026-003787,CRC,228917839.86,2026-02-05,VIGENTE
2026-03,CR-003787,AV-2024-003788,CRC,191593968.21,2024-12-05,VIGENTE
2026-04,CR-003787,AV-2024-003788,CRC,190149577.32,2024-11-04,VIGENTE
2026-03,CR-003788,AV-2024-003789,CRC,185794757.65,2025-02-05,VIGENTE
2026-04,CR-003788,AV-2024-003789,CRC,184004106.07,2025-01-20,VIGENTE
2026-03,CR-003789,AV-2024-003790,USD,147246.18,2024-11-09,VIGENTE
2026-04,CR-003789,AV-2024-003790,USD,146695.34,2024-10-20,VIGENTE
2026-03,CR-003791,AV-2026-003792,USD,4215479.29,2026-03-04,VIGENTE
2026-04,CR-003791,AV-2026-003792,USD,4187519.84,2026-02-01,VIGENTE
2026-03,CR-003792,AV-2026-003793,CRC,386920675.59,2026-03-02,VIGENTE
2026-04,CR-003792,AV-2026-003793,CRC,383070356.38,2026-02-26,VIGENTE
2026-03,CR-003794,AV-2025-003795,CRC,955979682.9,2025-04-13,VIGENTE
2026-04,CR-003794,AV-2025-003795,CRC,952188315.88,2025-04-19,VIGENTE
2026-03,CR-003797,AV-2025-003798,CRC,201367639.29,2025-12-06,VIGENTE
2026-04,CR-003797,AV-2025-003798,CRC,199594120.56,2025-12-23,VIGENTE
2026-03,CR-003798,AV-2025-003799,USD,367438.64,2025-12-02,VIGENTE
2026-04,CR-003798,AV-2025-003799,USD,364123.68,2025-12-05,VIGENTE
2026-03,CR-003799,AV-2026-003800,CRC,91244650.73,2026-04-24,VIGENTE
2026-04,CR-003799,AV-2026-003800,CRC,90193163.66,2026-04-16,VIGENTE
2026-03,CR-003801,AV-2025-003802,USD,85208.98,2025-12-27,VIGENTE
2026-04,CR-003801,AV-2025-003802,USD,84539.04,2025-12-17,VIGENTE
2026-03,CR-003802,AV-2025-003803,CRC,450511190.38,2025-08-27,VIGENTE
2026-04,CR-003802,AV-2025-003803,CRC,449088135.83,2025-09-12,VIGENTE
2026-03,CR-003803,AV-2025-003804,USD,105403.14,2025-04-11,VIGENTE
2026-04,CR-003803,AV-2025-003804,USD,104974.97,2025-04-05,VIGENTE
2026-03,CR-003804,AV-2025-003805,CRC,233505318.24,2025-12-17,VIGENTE
2026-04,CR-003804,AV-2025-003805,CRC,232742068.91,2025-12-04,VIGENTE
2026-03,CR-003805,AV-2025-003806,CRC,58076749.76,2025-09-12,VIGENTE
2026-04,CR-003805,AV-2025-003806,CRC,57774135.07,2025-09-29,VIGENTE
2026-03,CR-003806,AV-2024-003807,CRC,205981165.99,2024-10-17,VIGENTE
2026-04,CR-003806,AV-2024-003807,CRC,205316837.93,2024-09-29,VIGENTE
2026-03,CR-003807,AV-2025-003808,CRC,19727740109.79,2025-10-10,VIGENTE
2026-04,CR-003807,AV-2025-003808,CRC,19590026697.54,2025-09-26,VIGENTE
2026-03,CR-003808,AV-2025-003809,CRC,568764587.07,2025-03-17,VIGENTE
2026-04,CR-003808,AV-2025-003809,CRC,562775968.28,2025-03-08,VIGENTE
2026-03,CR-003809,AV-2025-003810,CRC,214248931.4,2025-10-30,VIGENTE
2026-04,CR-003809,AV-2025-003810,CRC,212308387.66,2025-11-20,VIGENTE
2026-03,CR-003810,AV-2024-003811,CRC,126025036.57,2024-10-30,VIGENTE
2026-04,CR-003810,AV-2024-003811,CRC,125400634.75,2024-11-14,VIGENTE
2026-03,CR-003811,AV-2025-003812,CRC,70248630.69,2025-08-11,VIGENTE
2026-04,CR-003811,AV-2025-003812,CRC,69506664.96,2025-09-05,VIGENTE
2026-03,CR-003812,AV-2025-003813,CRC,44386408.24,2025-10-03,VIGENTE
2026-04,CR-003812,AV-2025-003813,CRC,44181148.76,2025-09-17,VIGENTE
2026-03,CR-003813,AV-2024-003814,USD,74651.93,2024-11-15,VIGENTE
2026-04,CR-003813,AV-2024-003814,USD,74104.4,2024-10-10,VIGENTE
2026-03,CR-003815,AV-2025-003816,CRC,217072505.46,2025-03-06,VIGENTE
2026-04,CR-003815,AV-2025-003816,CRC,215715046.99,2025-02-03,VIGENTE
2026-03,CR-003816,AV-2025-003817,USD,328078.87,2026-01-01,VIGENTE
2026-04,CR-003816,AV-2025-003817,USD,325339.73,2025-12-26,VIGENTE
2026-03,CR-003817,AV-2025-003818,USD,302213.59,2025-05-03,VIGENTE
2026-04,CR-003817,AV-2025-003818,USD,300276.12,2025-04-24,VIGENTE
2026-03,CR-003818,AV-2025-003819,CRC,232679434.75,2026-01-12,VIGENTE
2026-04,CR-003818,AV-2025-003819,CRC,230221389.36,2026-01-18,VIGENTE
2026-03,CR-003819,AV-2025-003820,CRC,89522097.82,2026-02-14,VIGENTE
2026-04,CR-003819,AV-2025-003820,CRC,89043848.58,2026-02-16,VIGENTE
2026-03,CR-003820,AV-2025-003821,USD,79886.3,2025-10-01,VIGENTE
2026-04,CR-003820,AV-2025-003821,USD,79566.21,2025-10-22,VIGENTE
2026-03,CR-003821,AV-2025-003822,CRC,700144054.64,2025-05-16,VIGENTE
2026-04,CR-003821,AV-2025-003822,CRC,695997851.35,2025-06-22,VIGENTE
2026-03,CR-003822,AV-2025-003823,CRC,2077728070.28,2025-06-05,VIGENTE
2026-04,CR-003822,AV-2025-003823,CRC,2062837144.27,2025-05-13,VIGENTE
2026-03,CR-003823,AV-2025-003824,USD,169000.69,2025-11-29,VIGENTE
2026-04,CR-003823,AV-2025-003824,USD,167413.89,2025-10-17,VIGENTE
2026-03,CR-003824,AV-2025-003825,USD,446141.19,2025-05-19,VIGENTE
2026-04,CR-003824,AV-2025-003825,USD,443388.4,2025-04-18,VIGENTE
2026-03,CR-003825,AV-2025-003826,CRC,109359215.54,2025-12-12,VIGENTE
2026-04,CR-003825,AV-2025-003826,CRC,108315895.16,2025-12-18,VIGENTE
2026-03,CR-003826,AV-2024-003827,USD,143453.32,2025-02-14,VIGENTE
2026-04,CR-003826,AV-2024-003827,USD,142783.42,2025-02-01,VIGENTE
2026-03,CR-003827,AV-2025-003828,CRC,463623311.53,2025-04-19,VIGENTE
2026-04,CR-003827,AV-2025-003828,CRC,458990001.75,2025-03-27,VIGENTE
2026-03,CR-003828,AV-2025-003829,CRC,1085294595.42,2025-10-03,VIGENTE
2026-04,CR-003828,AV-2025-003829,CRC,1079574907.8,2025-09-15,VIGENTE
2026-03,CR-003829,AV-2025-003830,CRC,6006946979.39,2025-06-01,VIGENTE
2026-04,CR-003829,AV-2025-003830,CRC,5945913975.35,2025-05-09,VIGENTE
2026-03,CR-003830,AV-2025-003831,CRC,59387678.18,2025-11-24,VIGENTE
2026-04,CR-003830,AV-2025-003831,CRC,58749271.31,2025-12-04,VIGENTE
2026-03,CR-003831,AV-2026-003832,CRC,232185057.82,2026-02-14,VIGENTE
2026-04,CR-003831,AV-2026-003832,CRC,230183986.46,2026-03-09,VIGENTE
2026-03,CR-003833,AV-2025-003834,USD,4195052.89,2025-03-30,VIGENTE
2026-04,CR-003833,AV-2025-003834,USD,4173028.81,2025-03-20,VIGENTE
2026-03,CR-003834,AV-2025-003835,USD,139844.18,2025-10-30,VIGENTE
2026-04,CR-003834,AV-2025-003835,USD,138529.48,2025-11-20,VIGENTE
2026-03,CR-003835,AV-2024-003836,CRC,411514472.47,2024-10-01,VIGENTE
2026-04,CR-003835,AV-2024-003836,CRC,409705205.19,2024-10-04,VIGENTE
2026-03,CR-003836,AV-2024-003837,USD,1339057.87,2025-01-06,VIGENTE
2026-04,CR-003836,AV-2024-003837,USD,1334726.37,2025-02-01,VIGENTE
2026-03,CR-003837,AV-2025-003838,USD,91938.17,2025-12-20,VIGENTE
2026-04,CR-003837,AV-2025-003838,USD,91038.59,2025-12-11,VIGENTE
2026-03,CR-003842,AV-2025-003843,CRC,773374498.95,2025-03-17,VIGENTE
2026-04,CR-003842,AV-2025-003843,CRC,766287646.05,2025-04-30,VIGENTE
2026-03,CR-003843,AV-2025-003844,USD,3515720.99,2025-09-15,VIGENTE
2026-04,CR-003843,AV-2025-003844,USD,3477498.49,2025-10-12,VIGENTE
2026-03,CR-003844,AV-2026-003845,CRC,795244629.0,2026-04-04,VIGENTE
2026-04,CR-003844,AV-2026-003845,CRC,792418373.6,2026-05-05,VIGENTE
2026-03,CR-003845,AV-2024-003846,CRC,5019405462.81,2025-01-27,VIGENTE
2026-04,CR-003845,AV-2024-003846,CRC,5002942684.24,2025-02-05,VIGENTE
2026-03,CR-003847,AV-2024-003848,USD,433918.85,2024-09-25,VIGENTE
2026-04,CR-003847,AV-2024-003848,USD,430054.96,2024-10-15,VIGENTE
2026-03,CR-003848,AV-2025-003849,USD,136020.27,2025-07-07,VIGENTE
2026-04,CR-003848,AV-2025-003849,USD,134420.7,2025-06-26,VIGENTE
2026-03,CR-003849,AV-2025-003850,CRC,1793882148.83,2025-12-18,VIGENTE
2026-04,CR-003849,AV-2025-003850,CRC,1782536043.5,2025-11-21,VIGENTE
2026-03,CR-003853,AV-2025-003854,USD,9190442.06,2025-10-17,VIGENTE
2026-04,CR-003853,AV-2025-003854,USD,9126525.99,2025-11-14,VIGENTE
2026-03,CR-003854,AV-2026-003855,USD,146184.58,2026-03-01,VIGENTE
2026-04,CR-003854,AV-2026-003855,USD,145033.77,2026-04-02,VIGENTE
2026-03,CR-003855,AV-2025-003856,CRC,123326909.01,2025-07-26,VIGENTE
2026-04,CR-003855,AV-2025-003856,CRC,122941819.59,2025-07-26,VIGENTE
2026-03,CR-003856,AV-2024-003857,CRC,159019475.24,2024-09-27,VIGENTE
2026-04,CR-003856,AV-2024-003857,CRC,158096078.36,2024-11-11,VIGENTE
2026-03,CR-003857,AV-2024-003858,USD,837755.56,2024-09-10,VIGENTE
2026-04,CR-003857,AV-2024-003858,USD,833372.31,2024-08-13,VIGENTE
2026-03,CR-003858,AV-2025-003859,CRC,1013840908.31,2026-01-09,VIGENTE
2026-04,CR-003858,AV-2025-003859,CRC,1006887936.16,2026-01-14,VIGENTE
2026-03,CR-003859,AV-2025-003860,CRC,1855169465.73,2025-09-22,VIGENTE
2026-04,CR-003859,AV-2025-003860,CRC,1837568028.14,2025-09-05,VIGENTE
2026-03,CR-003860,AV-2025-003861,CRC,1275752992.64,2025-10-01,VIGENTE
2026-04,CR-003860,AV-2025-003861,CRC,1268228430.09,2025-09-18,VIGENTE
2026-03,CR-003861,AV-2025-003862,USD,32335.11,2025-05-07,VIGENTE
2026-04,CR-003861,AV-2025-003862,USD,32159.55,2025-03-28,VIGENTE
2026-03,CR-003862,AV-2025-003863,USD,74708.57,2025-11-18,VIGENTE
2026-04,CR-003862,AV-2025-003863,USD,74165.77,2025-11-17,VIGENTE
2026-03,CR-003863,AV-2025-003864,CRC,476524347.06,2025-11-19,VIGENTE
2026-04,CR-003863,AV-2025-003864,CRC,470989710.43,2025-11-13,VIGENTE
2026-03,CR-003864,AV-2025-003865,CRC,54145130.96,2025-09-06,VIGENTE
2026-04,CR-003864,AV-2025-003865,CRC,53669799.18,2025-09-11,VIGENTE
2026-03,CR-003866,AV-2025-003867,CRC,71014089.03,2025-10-27,VIGENTE
2026-04,CR-003866,AV-2025-003867,CRC,0.0,2025-09-25,CANCELADO
2026-03,CR-003867,AV-2024-003868,CRC,154348577.33,2024-10-28,VIGENTE
2026-04,CR-003867,AV-2024-003868,CRC,0.0,2024-10-27,CANCELADO
2026-03,CR-003869,AV-2024-003870,USD,187523.5,2024-09-07,VIGENTE
2026-04,CR-003869,AV-2024-003870,USD,185413.9,2024-09-04,VIGENTE
2026-03,CR-003870,AV-2025-003871,USD,6596102.33,2025-08-15,VIGENTE
2026-04,CR-003870,AV-2025-003871,USD,6542367.83,2025-08-13,VIGENTE
2026-03,CR-003872,AV-2025-003873,CRC,189050756.33,2025-05-19,VIGENTE
2026-04,CR-003872,AV-2025-003873,CRC,188195770.16,2025-06-15,VIGENTE
2026-03,CR-003873,AV-2024-003874,CRC,596491178.42,2025-02-02,VIGENTE
2026-04,CR-003873,AV-2024-003874,CRC,593745281.39,2025-01-13,VIGENTE
2026-03,CR-003874,AV-2024-003875,USD,82720.58,2024-07-24,VIGENTE
2026-04,CR-003874,AV-2024-003875,USD,82063.41,2024-07-12,VIGENTE
2026-03,CR-003875,AV-2025-003876,CRC,173040774.75,2025-12-01,VIGENTE
2026-04,CR-003875,AV-2025-003876,CRC,171341836.46,2025-11-19,VIGENTE
2026-03,CR-003876,AV-2025-003877,USD,352029.06,2025-08-25,VIGENTE
2026-04,CR-003876,AV-2025-003877,USD,348160.58,2025-09-20,VIGENTE
2026-03,CR-003877,AV-2025-003878,CRC,85576956.13,2025-08-07,VIGENTE
2026-04,CR-003877,AV-2025-003878,CRC,85225746.29,2025-08-14,VIGENTE
2026-03,CR-003879,AV-2024-003880,CRC,292731170.1,2024-12-17,VIGENTE
2026-04,CR-003879,AV-2024-003880,CRC,290037124.88,2025-01-20,VIGENTE
2026-03,CR-003880,AV-2025-003881,CRC,398864650.82,2025-12-23,VIGENTE
2026-04,CR-003880,AV-2025-003881,CRC,395536664.56,2026-01-03,VIGENTE
2026-03,CR-003881,AV-2025-003882,USD,129895.62,2025-06-25,VIGENTE
2026-04,CR-003881,AV-2025-003882,USD,128616.56,2025-06-07,VIGENTE
2026-03,CR-003884,AV-2025-003885,USD,1253119.17,2025-08-21,VIGENTE
2026-04,CR-003884,AV-2025-003885,USD,1240643.94,2025-10-01,VIGENTE
2026-03,CR-003885,AV-2024-003886,CRC,83031798.23,2024-07-20,VIGENTE
2026-04,CR-003885,AV-2024-003886,CRC,82168548.71,2024-07-10,VIGENTE
2026-03,CR-003886,AV-2025-003887,USD,285423.9,2025-11-26,VIGENTE
2026-04,CR-003886,AV-2025-003887,USD,283287.48,2025-11-21,VIGENTE
2026-03,CR-003888,AV-2025-003889,CRC,64743580.23,2025-07-02,VIGENTE
2026-04,CR-003888,AV-2025-003889,CRC,64204961.0,2025-06-28,VIGENTE
2026-03,CR-003889,AV-2025-003890,CRC,96385955.9,2025-06-01,VIGENTE
2026-04,CR-003889,AV-2025-003890,CRC,95476271.98,2025-05-28,VIGENTE
2026-03,CR-003890,AV-2025-003891,CRC,9809003239.85,2025-09-20,VIGENTE
2026-04,CR-003890,AV-2025-003891,CRC,9713992734.19,2025-09-21,VIGENTE
2026-03,CR-003891,AV-2025-003892,CRC,51413137.15,2026-03-05,VIGENTE
2026-04,CR-003891,AV-2025-003892,CRC,51001991.02,2026-01-13,VIGENTE
2026-03,CR-003892,AV-2024-003893,CRC,97372435.14,2024-08-31,VIGENTE
2026-04,CR-003892,AV-2024-003893,CRC,96449177.21,2024-09-09,VIGENTE
2026-03,CR-003893,AV-2024-003894,CRC,140093615.04,2024-08-27,VIGENTE
2026-04,CR-003893,AV-2024-003894,CRC,138877791.43,2024-09-05,VIGENTE
2026-03,CR-003894,AV-2025-003895,CRC,201286402.91,2025-12-13,VIGENTE
2026-04,CR-003894,AV-2025-003895,CRC,199055841.24,2025-12-29,VIGENTE
2026-03,CR-003895,AV-2025-003896,USD,1331701.81,2025-12-14,VIGENTE
2026-04,CR-003895,AV-2025-003896,USD,1327123.75,2025-11-18,VIGENTE
2026-03,CR-003896,AV-2025-003897,CRC,1000397368.8,2025-10-13,VIGENTE
2026-04,CR-003896,AV-2025-003897,CRC,996748922.35,2025-10-11,VIGENTE
2026-03,CR-003897,AV-2025-003898,CRC,432705976.84,2026-01-01,VIGENTE
2026-04,CR-003897,AV-2025-003898,CRC,428102041.43,2025-12-13,VIGENTE
2026-03,CR-003899,AV-2025-003900,CRC,323371773.7,2025-12-15,VIGENTE
2026-04,CR-003899,AV-2025-003900,CRC,319918067.29,2025-12-27,VIGENTE
2026-03,CR-003900,AV-2025-003901,CRC,193892073.86,2025-11-24,VIGENTE
2026-04,CR-003900,AV-2025-003901,CRC,191922722.75,2025-10-19,VIGENTE
2026-03,CR-003901,AV-2025-003902,CRC,236328800.23,2025-06-28,VIGENTE
2026-04,CR-003901,AV-2025-003902,CRC,235378081.0,2025-08-11,VIGENTE
2026-03,CR-003902,AV-2025-003903,USD,579491.55,2025-11-05,VIGENTE
2026-04,CR-003902,AV-2025-003903,USD,575772.3,2025-10-08,VIGENTE
2026-03,CR-003903,AV-2024-003904,CRC,327302484.12,2025-02-04,VIGENTE
2026-04,CR-003903,AV-2024-003904,CRC,0.0,2025-02-12,CANCELADO
2026-03,CR-003904,AV-2025-003905,CRC,88821520.57,2025-07-23,VIGENTE
2026-04,CR-003904,AV-2025-003905,CRC,88448508.02,2025-07-01,VIGENTE
2026-03,CR-003905,AV-2026-003906,USD,78554.62,2026-02-22,VIGENTE
2026-04,CR-003905,AV-2026-003906,USD,78254.82,2026-03-04,VIGENTE
2026-03,CR-003906,AV-2025-003907,CRC,360356245.96,2025-10-01,VIGENTE
2026-04,CR-003906,AV-2025-003907,CRC,357019901.41,2025-09-26,VIGENTE
2026-03,CR-003907,AV-2025-003908,CRC,599475496.65,2025-12-13,VIGENTE
2026-04,CR-003907,AV-2025-003908,CRC,595911709.09,2026-01-06,VIGENTE
2026-03,CR-003908,AV-2026-003909,USD,220903.86,2026-03-04,VIGENTE
2026-04,CR-003908,AV-2026-003909,USD,219473.95,2026-02-15,VIGENTE
2026-03,CR-003909,AV-2025-003910,CRC,1250955562.39,2025-03-03,VIGENTE
2026-04,CR-003909,AV-2025-003910,CRC,1238929652.86,2025-02-11,VIGENTE
2026-03,CR-003910,AV-2025-003911,CRC,510163372.35,2025-01-29,VIGENTE
2026-04,CR-003910,AV-2025-003911,CRC,505516978.58,2025-02-07,VIGENTE
2026-03,CR-003911,AV-2024-003912,CRC,4620435927.65,2024-07-09,VIGENTE
2026-04,CR-003911,AV-2024-003912,CRC,4578249666.16,2024-07-19,VIGENTE
2026-03,CR-003912,AV-2026-003913,CRC,2145967548.51,2026-02-26,VIGENTE
2026-04,CR-003912,AV-2026-003913,CRC,2130172427.82,2026-02-15,VIGENTE
2026-03,CR-003913,AV-2025-003914,USD,238985.57,2025-05-06,VIGENTE
2026-04,CR-003913,AV-2025-003914,USD,236311.0,2025-04-18,VIGENTE
2026-03,CR-003915,AV-2024-003916,USD,55298.29,2025-02-17,VIGENTE
2026-04,CR-003915,AV-2024-003916,USD,54780.55,2025-02-07,VIGENTE
2026-03,CR-003916,AV-2024-003917,USD,406995.66,2024-09-22,VIGENTE
2026-04,CR-003916,AV-2024-003917,USD,405675.02,2024-09-29,VIGENTE
2026-03,CR-003919,AV-2025-003920,USD,220851.31,2025-09-13,VIGENTE
2026-04,CR-003919,AV-2025-003920,USD,219439.53,2025-09-21,VIGENTE
2026-03,CR-003920,AV-2025-003921,CRC,271407679.6,2025-10-17,VIGENTE
2026-04,CR-003920,AV-2025-003921,CRC,269738817.79,2025-11-24,VIGENTE
2026-03,CR-003921,AV-2024-003922,CRC,469669805.04,2025-02-11,VIGENTE
2026-04,CR-003921,AV-2024-003922,CRC,464345530.83,2025-03-01,VIGENTE
2026-03,CR-003922,AV-2025-003923,CRC,125514723.82,2025-11-19,VIGENTE
2026-04,CR-003922,AV-2025-003923,CRC,124147547.59,2025-12-14,VIGENTE
2026-03,CR-003923,AV-2025-003924,USD,140732.98,2025-12-24,VIGENTE
2026-04,CR-003923,AV-2025-003924,USD,139699.64,2026-01-09,VIGENTE
2026-03,CR-003924,AV-2024-003925,CRC,275384799.69,2025-01-07,VIGENTE
2026-04,CR-003924,AV-2024-003925,CRC,272391736.98,2025-02-07,VIGENTE
2026-03,CR-003926,AV-2025-003927,CRC,242630963.0,2025-10-24,VIGENTE
2026-04,CR-003926,AV-2025-003927,CRC,240760680.49,2025-11-11,VIGENTE
2026-03,CR-003927,AV-2024-003928,USD,129061.74,2024-10-24,VIGENTE
2026-04,CR-003927,AV-2024-003928,USD,128193.53,2024-10-12,VIGENTE
2026-03,CR-003928,AV-2024-003929,USD,186047.55,2024-10-23,VIGENTE
2026-04,CR-003928,AV-2024-003929,USD,184037.38,2024-10-24,VIGENTE
2026-03,CR-003929,AV-2025-003930,USD,135255.38,2025-06-29,VIGENTE
2026-04,CR-003929,AV-2025-003930,USD,133656.53,2025-07-31,VIGENTE
2026-03,CR-003930,AV-2025-003931,CRC,84963756.82,2025-04-23,VIGENTE
2026-04,CR-003930,AV-2025-003931,CRC,0.0,2025-05-09,CANCELADO
2026-03,CR-003934,AV-2025-003935,USD,252344.45,2025-12-13,VIGENTE
2026-04,CR-003934,AV-2025-003935,USD,251510.33,2025-12-08,VIGENTE
2026-03,CR-003935,AV-2024-003936,CRC,705195434.38,2025-01-11,VIGENTE
2026-04,CR-003935,AV-2024-003936,CRC,699491240.45,2024-12-24,VIGENTE
2026-03,CR-003936,AV-2026-003937,USD,140845.99,2026-03-17,VIGENTE
2026-04,CR-003936,AV-2026-003937,USD,139188.35,2026-03-07,VIGENTE
2026-03,CR-003937,AV-2025-003938,CRC,81866505.64,2025-11-09,VIGENTE
2026-04,CR-003937,AV-2025-003938,CRC,80905204.66,2025-12-30,VIGENTE
2026-03,CR-003938,AV-2025-003939,USD,259782.17,2025-06-18,VIGENTE
2026-04,CR-003938,AV-2025-003939,USD,257330.79,2025-07-19,VIGENTE
2026-03,CR-003940,AV-2024-003941,CRC,123920435.12,2024-06-12,VIGENTE
2026-04,CR-003940,AV-2024-003941,CRC,123451163.36,2024-06-23,VIGENTE
2026-03,CR-003941,AV-2025-003942,CRC,1291683974.96,2025-09-24,VIGENTE
2026-04,CR-003941,AV-2025-003942,CRC,1285316513.27,2025-11-07,VIGENTE
2026-03,CR-003942,AV-2025-003943,CRC,106946256.86,2025-07-10,VIGENTE
2026-04,CR-003942,AV-2025-003943,CRC,105680243.45,2025-06-06,VIGENTE
2026-03,CR-003943,AV-2025-003944,USD,310578.92,2025-08-16,VIGENTE
2026-04,CR-003943,AV-2025-003944,USD,307505.74,2025-08-25,VIGENTE
2026-03,CR-003944,AV-2025-003945,USD,133233.6,2025-10-27,VIGENTE
2026-04,CR-003944,AV-2025-003945,USD,132200.34,2025-10-28,VIGENTE
2026-03,CR-003945,AV-2025-003946,CRC,213515817.11,2025-06-17,VIGENTE
2026-04,CR-003945,AV-2025-003946,CRC,212779938.25,2025-07-14,VIGENTE
2026-03,CR-003946,AV-2024-003947,USD,11411216.34,2024-12-05,VIGENTE
2026-04,CR-003946,AV-2024-003947,USD,11342746.19,2024-12-04,VIGENTE
2026-03,CR-003947,AV-2024-003948,CRC,290427117.53,2024-10-13,VIGENTE
2026-04,CR-003947,AV-2024-003948,CRC,289261159.18,2024-10-27,VIGENTE
2026-03,CR-003948,AV-2024-003949,CRC,54451705.28,2024-12-15,VIGENTE
2026-04,CR-003948,AV-2024-003949,CRC,54241684.81,2025-01-15,VIGENTE
2026-03,CR-003949,AV-2025-003950,USD,554822.14,2025-05-18,VIGENTE
2026-04,CR-003949,AV-2025-003950,USD,551973.81,2025-04-26,VIGENTE
2026-03,CR-003950,AV-2024-003951,CRC,2203106668.75,2024-11-11,VIGENTE
2026-04,CR-003950,AV-2024-003951,CRC,2181791849.43,2024-11-20,VIGENTE
2026-03,CR-003951,AV-2025-003952,USD,550139.09,2025-01-31,VIGENTE
2026-04,CR-003951,AV-2025-003952,USD,544610.84,2025-03-08,VIGENTE
2026-03,CR-003952,AV-2026-003953,USD,296249.01,2026-04-04,VIGENTE
2026-04,CR-003952,AV-2026-003953,USD,293162.47,2026-05-01,VIGENTE
2026-03,CR-003953,AV-2026-003954,USD,3364495.47,2026-03-07,VIGENTE
2026-04,CR-003953,AV-2026-003954,USD,3343467.98,2026-03-25,VIGENTE
2026-03,CR-003954,AV-2024-003955,USD,380150.37,2025-01-05,VIGENTE
2026-04,CR-003954,AV-2024-003955,USD,376634.91,2024-12-16,VIGENTE
2026-03,CR-003955,AV-2024-003956,CRC,36421918.14,2025-01-19,VIGENTE
2026-04,CR-003955,AV-2024-003956,CRC,36282661.73,2025-01-17,VIGENTE
2026-03,CR-003956,AV-2025-003957,USD,86222.77,2025-08-03,VIGENTE
2026-04,CR-003956,AV-2025-003957,USD,0.0,2025-08-16,CANCELADO
2026-03,CR-003957,AV-2025-003958,CRC,361102934.02,2025-10-15,VIGENTE
2026-04,CR-003957,AV-2025-003958,CRC,357667178.02,2025-11-27,VIGENTE
2026-03,CR-003958,AV-2025-003959,CRC,82037235.91,2025-05-26,VIGENTE
2026-04,CR-003958,AV-2025-003959,CRC,81672605.9,2025-06-01,VIGENTE
2026-03,CR-003959,AV-2025-003960,USD,201574.91,2025-11-13,VIGENTE
2026-04,CR-003959,AV-2025-003960,USD,199850.68,2025-11-13,VIGENTE
2026-03,CR-003960,AV-2024-003961,CRC,19901564496.8,2025-01-18,VIGENTE
2026-04,CR-003960,AV-2024-003961,CRC,19696766760.71,2024-12-21,VIGENTE
2026-03,CR-003962,AV-2025-003963,CRC,418001945.45,2025-02-10,VIGENTE
2026-04,CR-003962,AV-2025-003963,CRC,415161371.13,2025-03-03,VIGENTE
2026-03,CR-003963,AV-2026-003964,CRC,206074259.92,2026-03-12,VIGENTE
2026-04,CR-003963,AV-2026-003964,CRC,205374090.63,2026-04-16,VIGENTE
2026-03,CR-003964,AV-2026-003965,CRC,29118550.08,2026-03-08,VIGENTE
2026-04,CR-003964,AV-2026-003965,CRC,28821994.92,2026-03-07,VIGENTE
2026-03,CR-003965,AV-2025-003966,USD,4568530.5,2026-01-11,VIGENTE
2026-04,CR-003965,AV-2025-003966,USD,4520882.64,2026-01-08,VIGENTE
2026-03,CR-003966,AV-2025-003967,USD,181339.48,2026-01-01,VIGENTE
2026-04,CR-003966,AV-2025-003967,USD,180449.27,2025-12-19,VIGENTE
2026-03,CR-003967,AV-2024-003968,CRC,323103266.4,2024-07-24,VIGENTE
2026-04,CR-003967,AV-2024-003968,CRC,321462552.99,2024-06-22,VIGENTE
2026-03,CR-003968,AV-2025-003969,CRC,630895940.29,2025-10-05,VIGENTE
2026-04,CR-003968,AV-2025-003969,CRC,628053377.55,2025-10-08,VIGENTE
2026-03,CR-003969,AV-2025-003970,CRC,84426913.77,2025-12-04,VIGENTE
2026-04,CR-003969,AV-2025-003970,CRC,83450276.06,2026-01-26,VIGENTE
2026-03,CR-003970,AV-2025-003971,CRC,229446329.66,2025-09-14,VIGENTE
2026-04,CR-003970,AV-2025-003971,CRC,228741881.39,2025-09-04,VIGENTE
2026-03,CR-003971,AV-2025-003972,CRC,348607755.02,2025-07-27,VIGENTE
2026-04,CR-003971,AV-2025-003972,CRC,346728061.66,2025-08-28,VIGENTE
2026-03,CR-003973,AV-2024-003974,CRC,1920176803.29,2024-12-28,VIGENTE
2026-04,CR-003973,AV-2024-003974,CRC,1907613305.04,2025-01-13,VIGENTE
2026-03,CR-003974,AV-2024-003975,CRC,245489783.1,2024-09-14,VIGENTE
2026-04,CR-003974,AV-2024-003975,CRC,242898000.88,2024-10-04,VIGENTE
2026-03,CR-003975,AV-2026-003976,CRC,2193424209.27,2026-03-20,VIGENTE
2026-04,CR-003975,AV-2026-003976,CRC,0.0,2026-04-23,CANCELADO
2026-03,CR-003976,AV-2024-003977,USD,1208791.57,2024-12-12,VIGENTE
2026-04,CR-003976,AV-2024-003977,USD,1196409.83,2024-12-07,VIGENTE
2026-03,CR-003977,AV-2025-003978,CRC,148239729.14,2025-12-22,VIGENTE
2026-04,CR-003977,AV-2025-003978,CRC,146549602.61,2025-12-22,VIGENTE
2026-03,CR-003979,AV-2025-003980,USD,490615.2,2025-11-20,VIGENTE
2026-04,CR-003979,AV-2025-003980,USD,484985.08,2025-11-26,VIGENTE
2026-03,CR-003981,AV-2024-003982,CRC,135804288.46,2024-10-11,VIGENTE
2026-04,CR-003981,AV-2024-003982,CRC,134376031.52,2024-09-10,VIGENTE
2026-03,CR-003983,AV-2025-003984,USD,2381450.86,2025-03-17,VIGENTE
2026-04,CR-003983,AV-2025-003984,USD,2361821.41,2025-04-08,VIGENTE
2026-03,CR-003984,AV-2024-003985,CRC,105199189.65,2024-11-16,VIGENTE
2026-04,CR-003984,AV-2024-003985,CRC,104270205.75,2024-12-19,VIGENTE
2026-03,CR-003985,AV-2025-003986,CRC,1227997073.74,2025-11-15,VIGENTE
2026-04,CR-003985,AV-2025-003986,CRC,1214930980.71,2025-10-12,VIGENTE
2026-03,CR-003986,AV-2026-003987,CRC,224110115.52,2026-03-26,VIGENTE
2026-04,CR-003986,AV-2026-003987,CRC,222768899.51,2026-03-12,VIGENTE
2026-03,CR-003987,AV-2025-003988,CRC,511921368.2,2025-11-03,VIGENTE
2026-04,CR-003987,AV-2025-003988,CRC,507248707.15,2025-10-23,VIGENTE
2026-03,CR-003989,AV-2025-003990,CRC,308083826.03,2025-12-07,VIGENTE
2026-04,CR-003989,AV-2025-003990,CRC,306578348.34,2025-12-20,VIGENTE
2026-03,CR-003990,AV-2025-003991,CRC,250685557.9,2025-05-02,VIGENTE
2026-04,CR-003990,AV-2025-003991,CRC,249432563.36,2025-06-19,VIGENTE
2026-03,CR-003991,AV-2025-003992,USD,3750203.23,2025-09-08,VIGENTE
2026-04,CR-003991,AV-2025-003992,USD,3732442.82,2025-08-28,VIGENTE
2026-03,CR-003992,AV-2025-003993,CRC,239747541.74,2025-03-31,VIGENTE
2026-04,CR-003992,AV-2025-003993,CRC,237423434.19,2025-03-03,VIGENTE
2026-03,CR-003993,AV-2025-003994,CRC,190395146.64,2025-08-19,VIGENTE
2026-04,CR-003993,AV-2025-003994,CRC,189055814.67,2025-08-07,VIGENTE
2026-03,CR-003995,AV-2025-003996,USD,1164741.15,2025-09-19,VIGENTE
2026-04,CR-003995,AV-2025-003996,USD,1159954.94,2025-09-20,VIGENTE
2026-03,CR-003997,AV-2024-003998,CRC,407551390.85,2024-07-09,VIGENTE
2026-04,CR-003997,AV-2024-003998,CRC,403095989.4,2024-07-30,VIGENTE
2026-03,CR-003998,AV-2025-003999,CRC,520116191.29,2025-12-03,VIGENTE
2026-04,CR-003998,AV-2025-003999,CRC,516473496.68,2025-12-07,VIGENTE
2026-03,CR-003999,AV-2026-004000,USD,4828074.46,2026-02-26,VIGENTE
2026-04,CR-003999,AV-2026-004000,USD,4778895.0,2026-03-04,VIGENTE
2026-04,CR-004096,AV-2026-004097,USD,403254.47,2026-05-03,VIGENTE
2026-04,CR-004098,AV-2026-004099,USD,1998555.33,2026-06-09,VIGENTE
2026-04,CR-004100,AV-2026-004101,USD,534251.58,2026-04-29,VIGENTE
2026-04,CR-004102,AV-2026-004103,CRC,396229548.16,2026-06-04,VIGENTE
2026-04,CR-004104,AV-2026-004105,CRC,343227951.98,2026-05-12,VIGENTE
2026-04,CR-004105,AV-2026-004106,CRC,1917689257.65,2026-05-20,VIGENTE
2026-04,CR-004108,AV-2026-004109,CRC,84774985.51,2026-06-13,VIGENTE
2026-04,CR-004109,AV-2026-004110,USD,415364.88,2026-04-27,VIGENTE
2026-04,CR-004111,AV-2026-004112,USD,108662.1,2026-05-19,VIGENTE
2026-04,CR-004113,AV-2026-004114,CRC,230211764.03,2026-05-24,VIGENTE
2026-04,CR-004115,AV-2026-004116,CRC,1668554250.55,2026-04-19,VIGENTE
2026-04,CR-004116,AV-2026-004117,CRC,247972988.31,2026-04-02,VIGENTE
2026-04,CR-004117,AV-2026-004118,USD,80423.17,2026-05-21,VIGENTE
2026-04,CR-004118,AV-2026-004119,CRC,62285081.88,2026-05-04,VIGENTE
2026-04,CR-004119,AV-2026-004120,CRC,232421174.29,2026-04-06,VIGENTE
2026-04,CR-004122,AV-2026-004123,USD,292772.37,2026-05-18,VIGENTE
2026-04,CR-004123,AV-2026-004124,USD,474568.3,2026-04-16,VIGENTE
2026-04,CR-004124,AV-2026-004125,USD,198679.56,2026-05-15,VIGENTE
2026-04,CR-004125,AV-2026-004126,CRC,145406529.84,2026-04-10,VIGENTE
2026-04,CR-004127,AV-2026-004128,CRC,420201182.99,2026-06-13,VIGENTE
2026-04,CR-004128,AV-2026-004129,USD,12781377.21,2026-05-01,VIGENTE
2026-04,CR-004129,AV-2026-004130,CRC,59330493.7,2024-03-13,VIGENTE
2026-04,CR-004130,AV-2026-004131,CRC,99777837.3,2026-06-02,VIGENTE
2026-04,CR-004131,AV-2026-004132,USD,207747.64,2026-04-08,VIGENTE
2026-04,CR-004132,AV-2026-004133,CRC,460887180.77,2026-05-18,VIGENTE
2026-04,CR-004133,AV-2026-004134,USD,330911.08,2026-04-10,VIGENTE
2026-04,CR-004134,AV-2026-004135,CRC,2229794427.99,2026-04-19,VIGENTE
2026-04,CR-004137,AV-2026-004138,CRC,2330393845.68,2026-04-23,VIGENTE
2026-04,CR-004138,AV-2026-004139,CRC,64015737.71,2026-06-13,VIGENTE
2026-04,CR-004139,AV-2026-004140,CRC,242910312.55,2026-05-19,VIGENTE
2026-04,CR-004140,AV-2026-004141,CRC,62601758.7,2026-06-02,VIGENTE
2026-04,CR-004142,AV-2026-004143,CRC,896234722.83,2026-03-28,VIGENTE
2026-04,CR-004143,AV-2026-004144,CRC,171078254.62,2026-05-01,VIGENTE
2026-04,CR-004144,AV-2026-004145,CRC,903362730.06,2026-05-09,VIGENTE
2026-04,CR-004145,AV-2026-004146,CRC,446395919.37,2026-05-02,VIGENTE
2026-04,CR-004146,AV-2026-004147,CRC,176990410.85,2026-05-20,VIGENTE
2026-04,CR-004147,AV-2026-004148,USD,505050.23,2026-05-21,VIGENTE
2026-04,CR-004148,AV-2026-004149,USD,67412.0,2023-11-11,VIGENTE
2026-04,CR-004149,AV-2026-004150,CRC,1613464951.85,2026-04-09,VIGENTE
2026-04,CR-004150,AV-2026-004151,CRC,489303668.49,2026-04-02,VIGENTE
2026-04,CR-004151,AV-2026-004152,CRC,3950958044.12,2026-06-08,VIGENTE
2026-04,CR-004152,AV-2026-004153,CRC,240847686.06,2026-04-16,VIGENTE
2026-04,CR-004153,AV-2026-004154,USD,307197.38,2026-04-29,VIGENTE
2026-04,CR-004154,AV-2026-004155,USD,4683671.63,2026-05-25,VIGENTE
2026-04,CR-004155,AV-2026-004156,USD,81498.32,2026-05-11,VIGENTE
2026-04,CR-004156,AV-2026-004157,USD,762822.06,2022-04-15,VIGENTE
2026-04,CR-004157,AV-2026-004158,CRC,26806177.83,2026-04-22,VIGENTE
2026-04,CR-004158,AV-2026-004159,USD,58123.03,2026-05-14,VIGENTE
2026-04,CR-004160,AV-2026-004161,CRC,359477871.82,2026-04-28,VIGENTE
2026-04,CR-004162,AV-2026-004163,CRC,578157615.27,2026-05-30,VIGENTE
2026-04,CR-004163,AV-2026-004164,CRC,258293504.67,2026-05-07,VIGENTE
2026-04,CR-004164,AV-2026-004165,USD,111138.3,2026-04-25,VIGENTE
2026-04,CR-004168,AV-2026-004169,CRC,5352688000.5,2026-05-09,VIGENTE
2026-04,CR-004170,AV-2026-004171,CRC,41164947.33,2026-04-29,VIGENTE
2026-04,CR-004171,AV-2026-004172,CRC,1467777168.77,2026-04-24,VIGENTE
2026-04,CR-004172,AV-2026-004173,USD,84214.04,2026-05-14,VIGENTE
2026-04,CR-004173,AV-2026-004174,CRC,313434847.27,2026-05-03,VIGENTE
2026-04,CR-004174,AV-2026-004175,CRC,37561665042.24,2026-05-02,VIGENTE
2026-04,CR-004176,AV-2026-004177,USD,230153.33,2023-02-09,VIGENTE
2026-04,CR-004177,AV-2026-004178,CRC,1725210708.68,2026-04-25,VIGENTE
2026-04,CR-004178,AV-2026-004179,CRC,2510461977.39,2026-04-25,VIGENTE
2026-04,CR-004180,AV-2026-004181,CRC,348285036.85,2026-05-02,VIGENTE
2026-04,CR-004181,AV-2026-004182,USD,465476.65,2026-04-10,VIGENTE
2026-04,CR-004182,AV-2026-004183,CRC,1771878332.24,2026-05-17,VIGENTE
2026-04,CR-004183,AV-2026-004184,CRC,89575091.2,2026-05-17,VIGENTE
2026-04,CR-004184,AV-2026-004185,USD,3209230.96,2026-04-05,VIGENTE
2026-04,CR-004185,AV-2026-004186,USD,379178.1,2026-04-30,VIGENTE
2026-04,CR-004186,AV-2026-004187,USD,7356280.1,2026-05-06,VIGENTE
2026-04,CR-004187,AV-2026-004188,CRC,821121270.19,2026-04-12,VIGENTE
2026-04,CR-004188,AV-2026-004189,CRC,525707535.74,2026-05-26,VIGENTE
2026-04,CR-004190,AV-2026-004191,USD,3717274.66,2026-05-22,VIGENTE
2026-04,CR-004192,AV-2026-004193,CRC,304069909.22,2026-05-16,VIGENTE
2026-04,CR-004193,AV-2026-004194,CRC,58143043.53,2026-06-11,VIGENTE
2026-04,CR-004195,AV-2026-004196,USD,373577.15,2026-04-25,VIGENTE
2026-04,CR-004196,AV-2026-004197,USD,6950863.62,2026-04-14,VIGENTE
2026-04,CR-004199,AV-2026-004200,CRC,307176075.21,2021-06-25,VIGENTE
2026-04,CR-004000,AV-2026-004001,USD,88292.0,2026-04-19,VIGENTE
2026-04,CR-004003,AV-2026-004004,USD,299798.87,2026-04-17,VIGENTE
2026-04,CR-004004,AV-2026-004005,CRC,1624672772.17,2026-05-28,VIGENTE
2026-04,CR-004005,AV-2026-004006,USD,331508.61,2026-05-19,VIGENTE
2026-04,CR-004007,AV-2026-004008,CRC,6772844.61,2026-04-24,VIGENTE
2026-04,CR-004008,AV-2026-004009,USD,8340148.84,2026-04-07,VIGENTE
2026-04,CR-004009,AV-2026-004010,CRC,314328666.04,2023-01-02,VIGENTE
2026-04,CR-004010,AV-2026-004011,USD,71088.86,2026-03-24,VIGENTE
2026-04,CR-004011,AV-2026-004012,CRC,100047846.69,2024-04-28,VIGENTE
2026-04,CR-004012,AV-2026-004013,CRC,659412599.35,2026-03-23,VIGENTE
2026-04,CR-004013,AV-2026-004014,USD,1170734.31,2026-04-06,VIGENTE
2026-04,CR-004014,AV-2026-004015,USD,123272.43,2026-05-04,VIGENTE
2026-04,CR-004015,AV-2026-004016,CRC,342907455.56,2026-05-29,VIGENTE
2026-04,CR-004016,AV-2026-004017,USD,743489.3,2026-04-23,VIGENTE
2026-04,CR-004018,AV-2026-004019,USD,84062.67,2026-05-01,VIGENTE
2026-04,CR-004021,AV-2026-004022,CRC,10326092778.13,2026-04-06,VIGENTE
2026-04,CR-004022,AV-2026-004023,CRC,189606336.65,2026-04-25,VIGENTE
2026-04,CR-004024,AV-2026-004025,CRC,130394965.99,2026-05-16,VIGENTE
2026-04,CR-004026,AV-2026-004027,CRC,1419186159.72,2026-05-07,VIGENTE
2026-04,CR-004027,AV-2026-004028,CRC,23313537746.41,2026-06-10,VIGENTE
2026-04,CR-004028,AV-2026-004029,CRC,476255891.81,2026-05-19,VIGENTE
2026-04,CR-004029,AV-2026-004030,USD,2927099.63,2026-05-25,VIGENTE
2026-04,CR-004030,AV-2026-004031,CRC,453006274.0,2026-04-16,VIGENTE
2026-04,CR-004031,AV-2026-004032,CRC,29616435.22,2026-05-25,VIGENTE
2026-04,CR-004032,AV-2026-004033,CRC,528520920.09,2026-06-02,VIGENTE
2026-04,CR-004033,AV-2026-004034,USD,6733918.51,2026-06-08,VIGENTE
2026-04,CR-004034,AV-2026-004035,CRC,87446888.57,2026-05-23,VIGENTE
2026-04,CR-004035,AV-2026-004036,CRC,147687389.7,2026-03-28,VIGENTE
2026-04,CR-004036,AV-2026-004037,USD,5408804.44,2026-05-07,VIGENTE
2026-04,CR-004038,AV-2026-004039,USD,544331.92,2022-07-19,VIGENTE
2026-04,CR-004040,AV-2026-004041,CRC,389619892.67,2026-04-14,VIGENTE
2026-04,CR-004041,AV-2026-004042,USD,370903.76,2026-04-09,VIGENTE
2026-04,CR-004042,AV-2026-004043,CRC,447813859.56,2026-05-19,VIGENTE
2026-04,CR-004044,AV-2026-004045,CRC,157924281.42,2026-05-09,VIGENTE
2026-04,CR-004045,AV-2026-004046,CRC,1015509239.58,2026-05-31,VIGENTE
2026-04,CR-004046,AV-2026-004047,CRC,251582803.69,2026-05-08,VIGENTE
2026-04,CR-004047,AV-2026-004048,CRC,221363430.96,2022-09-16,VIGENTE
2026-04,CR-004048,AV-2026-004049,USD,121915.12,2026-05-04,VIGENTE
2026-04,CR-004049,AV-2026-004050,USD,298795.11,2026-06-05,VIGENTE
2026-04,CR-004051,AV-2026-004052,CRC,646969973.5,2026-04-15,VIGENTE
2026-04,CR-004052,AV-2026-004053,CRC,2439004143.93,2026-05-20,VIGENTE
2026-04,CR-004053,AV-2026-004054,CRC,731910462.21,2026-04-29,VIGENTE
2026-04,CR-004054,AV-2026-004055,CRC,1151363160.34,2026-04-03,VIGENTE
2026-04,CR-004057,AV-2026-004058,USD,7010685.29,2026-03-26,VIGENTE
2026-04,CR-004058,AV-2026-004059,USD,558231.85,2026-05-14,VIGENTE
2026-04,CR-004059,AV-2026-004060,USD,1650845.33,2026-06-09,VIGENTE
2026-04,CR-004060,AV-2026-004061,CRC,73441933.5,2026-06-01,VIGENTE
2026-04,CR-004061,AV-2026-004062,USD,904285.81,2026-05-25,VIGENTE
2026-04,CR-004062,AV-2026-004063,CRC,337880395.32,2026-05-14,VIGENTE
2026-04,CR-004063,AV-2026-004064,USD,128941.43,2026-04-01,VIGENTE
2026-04,CR-004064,AV-2026-004065,CRC,508411794.17,2026-04-17,VIGENTE
2026-04,CR-004065,AV-2026-004066,CRC,144087144.33,2026-04-21,VIGENTE
2026-04,CR-004066,AV-2026-004067,CRC,113073403.99,2026-04-28,VIGENTE
2026-04,CR-004067,AV-2026-004068,CRC,400848631.41,2026-06-07,VIGENTE
2026-04,CR-004068,AV-2026-004069,CRC,180763228.46,2026-04-29,VIGENTE
2026-04,CR-004070,AV-2026-004071,CRC,122337550.64,2026-04-28,VIGENTE
2026-04,CR-004071,AV-2026-004072,USD,7899356.95,2026-05-27,VIGENTE
2026-04,CR-004072,AV-2026-004073,USD,104717.81,2026-04-28,VIGENTE
2026-04,CR-004073,AV-2026-004074,CRC,866358260.89,2026-05-16,VIGENTE
2026-04,CR-004074,AV-2026-004075,CRC,124007301.32,2026-05-12,VIGENTE
2026-04,CR-004075,AV-2026-004076,USD,109190.04,2026-05-18,VIGENTE
2026-04,CR-004076,AV-2026-004077,USD,254344.24,2026-04-19,VIGENTE
2026-04,CR-004078,AV-2026-004079,CRC,172763853.31,2026-04-19,VIGENTE
2026-04,CR-004079,AV-2026-004080,CRC,26537814.24,2026-05-10,VIGENTE
2026-04,CR-004080,AV-2026-004081,CRC,62951370.96,2026-05-10,VIGENTE
2026-04,CR-004081,AV-2026-004082,CRC,105907959.07,2026-05-06,VIGENTE
2026-04,CR-004082,AV-2026-004083,USD,1426466.7,2026-05-18,VIGENTE
2026-04,CR-004083,AV-2026-004084,USD,3225736.57,2026-06-23,VIGENTE
2026-04,CR-004084,AV-2026-004085,CRC,26109779.61,2026-04-28,VIGENTE
2026-04,CR-004085,AV-2026-004086,CRC,86490806.28,2026-05-10,VIGENTE
2026-04,CR-004087,AV-2026-004088,USD,297375.22,2026-06-09,VIGENTE
2026-04,CR-004088,AV-2026-004089,CRC,205334583.81,2024-01-04,VIGENTE
2026-04,CR-004091,AV-2026-004092,USD,623348.11,2026-06-15,VIGENTE
2026-04,CR-004092,AV-2026-004093,CRC,561094369.09,2026-05-15,VIGENTE
2026-04,CR-004093,AV-2026-004094,CRC,74713236.55,2026-04-08,VIGENTE
2026-04,CR-004094,AV-2026-004095,USD,135566.9,2026-06-02,VIGENTE
